id,drcog_id,latitude,longitude,crashtime,time,crashtype,numbkilled,numbinjurd,drcoglocat,rdconditin,lightngcon,roadcntgrd,weatherco,location,roaddescrp,schoolzone,constrzone,splimit,bikeinv,pedinv,sctrinv,motoinv,svrty,rdsystem,ttlvehcls,hcf
,2023-00641,39.71120246,-104.9971447,1/10/2023 11:45,11:45:00,12,0,0, SANTA FE DR & W ALAMEDA AVE,1,1,0,0,1,1,0,0,30,0,0,0,0,0,2,8,2
,2023-00642,39.72551657,-105.0131329,1/11/2023 17:29,17:29:00,15,0,0,I-25 & W 6TH AVE,2,3,0,0,1,4,0,0,55,0,0,0,0,0,1,2,11
,2023-00644,39.73854944,-104.9752988,1/10/2023 23:13,23:13:00,6,0,0, OGDEN ST & E 14TH AVE,1,3,0,0,1,4,0,0,25,0,0,0,0,0,4,3,16
,2023-00645,39.70486628,-104.9991812,1/11/2023 13:15,13:15:00,10,0,1,W EXPOSITION AVE & S JASON ST,1,1,0,0,1,1,0,0,25,0,0,0,0,2,4,2,3
,2023-00646,39.77711203,-104.8827892,1/9/2023 13:54,13:54:00,15,0,0,I-70 & N CENTRAL PARK BLVD (APPROX),1,1,0,0,1,4,0,1,55,0,0,0,0,0,1,2,10
,2023-00652,39.69675846,-105.0250715,1/10/2023 19:31,19:31:00,3,0,0, FEDERAL BLVD & W MISSISSIPPI AVE,1,3,0,0,1,3,0,0,40,0,0,0,0,0,2,2,13
,2023-00653,39.683109,-104.9405183,1/10/2023 6:15,6:15:00,15,0,0,I-25 & S COLORADO BLVD,1,3,0,0,1,4,0,0,60,0,0,0,0,0,1,4,11
,2023-00656,39.72550138,-105.013365,1/11/2023 5:51,5:51:00,15,0,0,W 6TH AVE EB OFF RAMP & I-25 SB ON RAMP MERGE PT,1,4,0,0,1,8,0,0,65,0,0,0,0,0,1,2,11
,2023-00657,39.67841606,-104.9451099,1/10/2023 14:00,14:00:00,10,0,0,E EVANS AVE & S MONROE ST,1,1,0,0,1,1,0,0,25,0,0,0,0,0,4,2,1
,2023-00658,39.75482788,-105.02052,1/6/2023 15:09,15:09:00,3,0,0,W 26TH AVE & N CLAY ST,11,1,0,0,1,1,0,0,25,0,0,0,0,0,4,2,13
,2023-00661,39.68486728,-104.9034428,1/10/2023 15:45,15:45:00,12,0,0, QUEBEC ST & E CHERRY CREEK S DR,1,1,0,0,1,1,0,0,30,0,0,0,0,0,4,2,1
,2023-00662,39.73044582,-104.9848831,1/10/2023 21:14,21:14:00,4,0,0,E 9TH AVE & N SHERMAN ST,1,3,0,0,1,1,0,0,30,0,0,0,0,0,4,1,13
,2023-00665,39.72267024,-104.9826989,1/11/2023 17:06,17:06:00,12,0,0,E SPEER BLVD & N LOGAN ST,1,3,0,0,1,3,0,0,30,0,0,0,0,1,4,2,13
,2023-00673,39.6530656,-104.918228,1/10/2023 8:45,8:45:00,15,0,0,I-25 & E HAMPDEN AVE,1,1,0,0,1,4,0,0,65,0,0,0,0,0,1,2,3
,2023-00674,39.67845802,-104.9180928,1/11/2023 8:29,8:29:00,12,0,0,E EVANS AVE & S JASMINE ST,11,1,0,0,1,4,0,0,35,0,0,0,0,0,4,2,16
,2023-00675,39.7400194,-104.9811134,1/10/2023 19:57,19:57:00,8,0,2,E COLFAX AVE & N PENNSYLVANIA ST,1,3,0,0,6,1,0,0,30,0,1,0,0,2,2,2,11
,2023-00680,39.67848671,-104.9985144,1/11/2023 10:06,10:06:00,3,0,1, PLATTE RIVER DR & W EVANS AVE,1,1,0,0,1,1,0,0,30,0,0,0,0,2,4,2,3
,2023-00683,39.65302513,-104.9127701,1/9/2023 6:45,6:45:00,11,0,1,E HAMPDEN AVE & S MONACO ST,1,2,0,0,1,4,0,0,0,0,1,0,0,3,2,1,16
,2023-00686,39.73846057,-104.9968842,1/11/2023 8:54,8:54:00,3,0,0,W 14TH AVE & N SPEER BLVD,11,1,0,0,1,1,0,0,30,0,0,0,0,0,4,2,16
,2023-00690,39.73386652,-104.9935034,1/3/2023 18:30,18:30:00,11,0,2,W 11TH AVE & N SPEER BLVD,4,3,0,0,1,3,0,0,0,0,1,0,0,3,4,1,16
,2023-00693,39.79831419,-104.884446,1/9/2023 18:36,18:36:00,1,0,0, CENTRAL PARK BLVD & E 56TH AVE,1,3,0,0,1,3,0,0,45,0,0,0,0,0,4,2,16
,2023-00697,39.73998338,-104.9587926,1/11/2023 14:30,14:30:00,15,0,0, JOSEPHINE ST & E COLFAX AVE,7,1,0,0,1,4,0,0,35,0,0,0,0,0,2,2,11
,2023-00704,39.77714097,-104.8829719,1/10/2023 21:58,21:58:00,12,0,0,I-70 & MM 280.2,1,3,0,0,1,4,0,1,55,0,0,0,0,0,1,4,3
,2023-00705,39.75474242,-105.0532448,1/10/2023 10:15,10:15:00,15,0,0, SHERIDAN BLVD & W 26TH AVE,1,1,0,0,1,4,0,0,35,0,0,0,0,0,2,2,16
,2023-00707,39.79098857,-104.9398868,1/10/2023 17:31,17:31:00,1,0,2, COLORADO BLVD & E 52ND AVE,1,3,0,0,1,1,0,0,45,0,0,0,0,1,2,2,16
,2023-00727,39.7384788,-105.0532128,1/12/2023 8:24,8:24:00,15,0,0, SHERIDAN BLVD & W 14TH AVE,1,1,0,0,1,1,0,0,40,0,0,0,0,0,2,2,16
,2023-00732,39.7293305,-105.0255604,1/12/2023 7:20,7:20:00,15,0,0,W 6TH AVE & N FEDERAL BLVD,1,1,0,0,1,4,0,0,60,0,0,0,0,0,2,2,11
,2023-00734,39.66755521,-104.9407895,1/12/2023 7:09,7:09:00,3,0,0, COLORADO BLVD & E YALE AVE,1,1,0,0,1,1,0,0,40,0,0,0,0,0,2,2,16
,2023-00735,39.69862049,-105.0506759,1/12/2023 8:46,8:46:00,12,0,0,MORRISON RD & S YATES ST,1,1,0,0,1,1,0,0,30,0,0,0,0,0,4,2,3
,2023-00736,39.71474549,-104.9826941,1/11/2023 21:20,21:20:00,1,0,0, LOGAN ST & E BAYAUD AVE,1,3,0,0,1,1,0,0,30,0,0,0,0,0,4,2,3
,2023-00737,39.67128793,-104.9875841,1/11/2023 9:45,9:45:00,6,0,0,W HARVARD AVE & S BROADWAY ST,1,1,0,0,1,1,0,0,25,0,0,0,0,0,4,2,3
,2023-00738,39.77703651,-104.8800414,1/11/2023 18:10,18:10:00,12,0,0,I-70 & I-270 WB OFF RAMP GORE PT,11,3,0,0,1,4,0,0,55,0,0,0,0,0,1,2,7
,2023-00741,39.78111858,-104.7423353,1/12/2023 7:20,7:20:00,15,0,1, MALAYA ST & E GREEN VALLEY RANCH BLVD,1,1,0,0,1,1,0,0,25,0,0,0,0,2,4,2,16
,2023-00742,39.70571985,-104.9851403,1/11/2023 17:15,17:15:00,3,0,0, SHERMAN ST & E CENTER AVE,4,2,0,0,1,1,0,0,25,0,0,0,0,0,4,2,3
,2023-00743,39.73998115,-104.9647699,1/11/2023 8:45,8:45:00,12,0,0, HIGH ST & E COLFAX AVE,9,1,0,0,1,1,0,0,25,0,0,0,0,0,2,2,3
,2023-00744,39.67846339,-104.9316281,1/11/2023 11:00,11:00:00,12,0,0,E EVANS AVE & S DAHLIA ST,11,1,0,0,1,1,0,0,30,0,0,0,0,0,4,3,1
,2023-00747,39.69000201,-104.9734178,1/11/2023 7:56,7:56:00,12,0,1,I-25 NB OFF RAMP & S DOWNING ST,11,1,0,2,1,8,0,0,25,0,0,0,0,1,1,2,16
,2023-00749,39.75739444,-105.0105187,1/13/2023 14:43,14:43:00,6,0,0, CENTRAL ST & 15TH ST,1,1,0,0,1,4,0,0,25,0,0,0,0,0,4,2,13
,2023-00750,39.73385867,-104.9935094,1/12/2023 19:57,19:57:00,3,0,0, SPEER BLVD & W 11TH AVE,1,4,0,0,1,3,0,0,35,0,0,0,0,0,4,2,3
,2023-00751,39.73688369,-104.9811085,1/13/2023 19:55,19:55:00,12,0,0,E 13TH AVE & N PENNSYLVANIA ST,14,5,3,7,1,1,0,0,35,0,0,0,0,0,4,2,16
,2023-00753,39.78354682,-105.0532495,1/12/2023 8:22,8:22:00,15,0,1,I-70 & N SHERIDAN BLVD,1,1,0,0,1,4,0,0,55,0,0,0,0,1,1,2,16
,2023-00754,39.69000201,-104.9734178,1/12/2023 9:05,9:05:00,12,0,0,I-25 & S DOWNING ST,1,1,0,0,1,4,0,0,60,0,0,0,0,0,1,2,3
,2023-00756,39.72906192,-104.9777266,1/12/2023 16:10,16:10:00,15,0,0,E 8TH AVE & N CLARKSON ST,1,1,0,0,1,4,0,0,35,0,0,0,0,0,4,2,11
,2023-00757,39.72327354,-104.8797538,1/12/2023 7:30,7:30:00,6,0,0, ALTON WAY & E 5TH AVE,4,2,0,0,1,4,0,0,30,0,0,0,0,0,4,2,16
,2023-00758,39.73024425,-104.9861365,1/12/2023 9:12,9:12:00,15,0,1, LINCOLN ST & E 9TH AVE,1,1,1,0,1,4,0,0,35,0,0,0,1,1,4,2,8
,2023-00759,39.76738114,-104.9025448,1/11/2023 16:45,16:45:00,3,0,0,E 36TH AVE & N QUEBEC ST,1,3,0,0,1,1,0,0,30,0,0,0,0,0,4,2,13
,2023-00760,39.69293304,-104.9405488,1/12/2023 12:41,12:41:00,15,0,0, COLORADO BLVD & E LOUISIANA AVE,1,1,0,0,1,1,0,0,35,0,0,0,0,0,2,3,10
,2023-00761,39.72932215,-105.0150429,1/11/2023 22:42,22:42:00,5,0,1,I-25 & W 8TH AVE,1,3,0,0,3,8,0,0,15,0,0,0,0,2,1,1,14
,2023-00762,39.78380205,-104.9480213,1/12/2023 6:50,6:50:00,1,0,0, VASQUEZ BLVD & E 48TH AVE,1,2,0,0,1,1,0,0,40,0,0,0,0,0,2,2,14
,2023-00763,39.76185083,-104.9268597,1/12/2023 8:08,8:08:00,12,0,0,E MLK BLVD & N FORREST ST,1,1,0,0,1,4,0,0,35,0,0,0,0,1,4,2,1
,2023-00766,39.74693611,-104.9610129,1/13/2023 7:49,7:49:00,6,0,0,E 20TH AVE & N GAYLORD ST,4,1,0,0,1,3,0,0,25,0,0,0,0,0,4,2,16
,2023-00767,39.72046535,-104.9791278,1/12/2023 12:30,12:30:00,3,0,0, WASHINGTON ST & E SPEER BLVD,11,1,0,0,1,1,0,0,30,0,0,0,0,1,4,2,13
,2023-00768,39.6531196,-104.9406125,1/12/2023 22:38,22:38:00,5,0,1, COLORADO BLVD & E DARTMOUTH AVE,4,3,0,0,3,4,0,0,40,0,0,0,0,2,2,1,16
,2023-00769,39.68757121,-104.9828106,1/12/2023 10:10,10:10:00,3,0,0,E IOWA AVE & S LOGAN ST,1,1,0,0,1,1,0,0,30,0,0,0,0,1,4,2,11
,2023-00770,39.74623808,-104.9960181,1/13/2023 7:40,7:40:00,15,0,0,15TH ST & CURTIS ST,1,1,0,0,1,1,0,0,20,0,0,0,0,0,4,2,16
,2023-00771,39.68932372,-104.9383686,1/11/2023 15:45,15:45:00,12,0,0,E FLORIDA AVE & S ASH ST,1,1,0,0,1,1,0,0,,0,0,0,0,0,4,2,16
,2023-00772,39.75631195,-105.0154909,1/12/2023 7:28,7:28:00,15,0,1, SPEER BLVD & ZUNI ST,1,1,1,0,1,3,0,0,,0,0,0,0,2,4,4,10
,2023-00773,39.73841364,-104.969543,1/12/2023 17:30,17:30:00,3,0,0,E 14TH AVE & N HUMBOLDT ST,1,1,0,0,1,1,0,0,35,0,0,0,0,0,4,2,11
,2023-00774,39.76564687,-104.9331669,1/12/2023 20:57,20:57:00,11,0,1,E 35TH AVE & N DEXTER ST,1,4,0,0,1,1,0,0,25,0,1,0,0,2,4,1,11
,2023-00775,39.73204061,-104.9860579,1/11/2023 13:15,13:15:00,15,0,0,E 10TH AVE & N LINCOLN ST,4,1,1,0,1,3,0,0,25,0,0,0,0,0,4,2,1
,2023-00777,39.72551241,-104.9862605,1/12/2023 8:21,8:21:00,15,0,0, LINCOLN ST & E SPEER BLVD,1,1,0,0,1,4,0,0,35,0,0,0,0,0,4,2,8
,2023-00780,39.6914346,-104.912899,1/13/2023 14:40,14:40:00,3,0,0,E CHERRY CREEK  DR & S MONACO ST,1,1,0,0,1,1,0,0,30,0,0,0,0,0,4,2,11
,2023-00781,39.73298688,-105.0246199,1/13/2023 9:34,9:34:00,6,0,0,W 10TH AVE & N FEDERAL BLVD,1,1,0,0,1,4,0,0,25,0,0,0,0,0,4,2,16
,2023-00787,39.68291492,-104.9405317,1/12/2023 9:58,9:58:00,15,0,0,I-25 & S COLORADO BLVD,1,1,0,0,1,4,0,0,60,0,0,0,0,0,1,2,2
,2023-00790,39.75632686,-105.0155453,1/12/2023 8:05,8:05:00,12,0,0, SPEER BLVD & N ZUNI ST,1,1,0,0,1,4,0,0,35,0,0,0,0,0,4,2,3
,2023-00792,39.76508965,-104.877537,1/11/2023 15:54,15:54:00,6,0,0,E 35TH AVE & N BOSTON ST,4,2,0,0,1,4,0,0,25,0,0,0,0,0,4,2,10
,2023-00794,39.73503941,-104.9586094,1/12/2023 18:30,18:30:00,12,0,0, JOSEPHINE ST & E 12TH AVE,1,3,0,0,1,4,0,0,30,0,0,0,0,0,4,2,16
,2023-00795,39.78374628,-104.9666923,1/7/2023 18:30,18:30:00,3,0,0, BRIGHTON BLVD & E 48TH AVE,1,3,0,7,1,1,0,0,25,0,0,0,0,0,4,2,16
,2023-00797,39.70482118,-104.9164446,1/12/2023 7:14,7:14:00,12,0,2,LEETSDALE DR & E EXPOSITION AVE,1,2,0,0,1,4,0,0,35,0,0,0,0,1,2,2,16
,2023-00798,39.78920822,-104.9852171,1/12/2023 13:18,13:18:00,3,0,0, SHERMAN ST & E 51ST AVE,1,1,0,0,1,1,0,0,,0,0,0,0,0,4,2,16
,2023-00800,39.7057866,-104.9407892,1/13/2023 8:15,8:15:00,12,0,0, COLORADO BLVD & E CHERRY CREEK S DR,1,1,0,0,1,3,0,0,35,0,0,0,0,0,2,2,3
,2023-00801,39.78036715,-104.9410883,1/12/2023 9:22,9:22:00,12,0,0,I-70 WB OFF RAMP & N COLORADO BLVD,1,1,1,0,1,8,0,0,25,0,0,0,0,0,1,2,13
,2023-00802,39.76050009,-104.9002239,1/12/2023 11:21,11:21:00,1,0,0,E MLK BLVD & N ROSLYN ST,4,1,0,0,1,1,0,0,35,0,0,0,0,0,4,2,16
,2023-00803,39.67864851,-105.011018,1/12/2023 20:50,20:50:00,10,0,0,W EVANS AVE & S TEJON ST,1,3,0,7,1,1,0,0,35,0,0,0,0,0,4,2,13
,2023-00807,39.72026141,-105.0250543,1/13/2023 7:27,7:27:00,1,0,0, FEDERAL BLVD & W 2ND AVE,1,1,0,0,1,1,0,0,35,0,0,0,0,0,2,2,16
,2023-00809,39.7218517,-105.0090877,1/12/2023 15:49,15:49:00,12,0,0,I-25 & W 6TH AVE FWY OFF RAMP GORE PT ,1,1,0,0,1,4,0,0,45,0,0,0,0,0,1,2,13
,2023-00811,39.66481916,-104.923637,1/12/2023 9:55,9:55:00,12,0,0,I-25 & E YALE AVE,1,1,0,0,1,4,0,0,65,0,0,0,0,0,1,2,16
,2023-00812,39.68522528,-104.9631289,1/12/2023 11:20,11:20:00,12,0,0,I-25 & N UNIVERSITY BLVD,1,1,1,0,1,4,0,0,60,0,0,0,0,0,1,2,16
,2023-00820,39.7801822,-104.9597723,1/11/2023 15:15,15:15:00,12,0,0,I-70 & N BRIGHTON BLVD,11,1,0,0,1,4,0,0,55,0,0,0,0,0,1,2,16
,2023-00822,39.76801124,-104.9948157,1/12/2023 9:55,9:55:00,15,0,0,I-25 & PARK AVE W,1,1,2,0,1,4,0,0,55,0,0,0,0,0,1,2,16
,2023-00835,39.74724281,-105.0252243,1/13/2023 16:34,16:34:00,12,0,0, FEDERAL BLVD & W 20TH AVE,1,2,0,0,1,4,0,0,35,0,0,0,0,0,2,2,7
,2023-00836,39.79833709,-104.850019,1/13/2023 16:01,16:01:00,12,0,0,E 56TH AVE & N OSWEGO ST,1,1,0,0,1,1,0,0,35,0,0,0,0,0,4,3,11
,2023-00837,39.76180229,-104.9405205,1/13/2023 13:19,13:19:00,10,0,0,E MLK JR BLVD & N COLORADO BLVD,1,1,0,0,1,1,0,0,40,0,0,0,0,0,2,2,16
,2023-00838,39.72098735,-104.9407879,1/12/2023 17:30,17:30:00,12,0,1, COLORADO BLVD & E 3RD AVE,10,3,0,0,1,3,0,0,35,0,0,0,0,2,2,2,13
,2023-00839,39.69102224,-104.9593448,1/13/2023 11:25,11:25:00,12,0,0, UNIVERSITY BLVD & E ARKANSAS AVE,1,1,0,0,1,3,0,0,35,0,0,0,0,0,4,3,14
,2023-00844,39.67131388,-104.8699369,1/13/2023 16:20,16:20:00,12,0,0,E VASSAR DR & E HARVARD AVE,1,2,0,0,1,1,0,0,25,0,0,0,0,0,4,2,13
,2023-00846,39.76606758,-104.9948524,1/13/2023 16:36,16:36:00,12,0,0,PARK AVE W & N GLOBEVILLE RD,1,2,0,0,1,8,0,0,35,0,0,0,0,0,4,2,16
,2023-00848,39.74856392,-104.9796633,1/13/2023 11:35,11:35:00,1,0,0,PARK AVE W & CLEVELAND PL,1,1,0,0,1,1,0,0,35,0,0,0,0,0,4,2,11
,2023-00850,39.77995742,-104.9497575,1/12/2023 14:26,14:26:00,15,0,0,I-70 & N STEELE ST,1,1,0,0,1,4,0,0,55,0,0,0,0,0,1,2,16
,2023-00854,39.76567335,-104.9948629,1/12/2023 22:46,22:46:00,3,0,2,PARK AVE W & N GLOBEVILLE RD,1,3,0,0,1,1,0,0,35,0,0,0,0,2,4,2,16
,2023-00855,39.67697418,-105.0156911,1/13/2023 15:47,15:47:00,10,0,1, ZUNI ST & W WARREN AVE,1,1,0,0,1,4,0,0,,0,0,0,0,1,4,2,16
,2023-00856,39.66906162,-104.9035191,1/13/2023 9:46,9:46:00,5,0,0, QUEBEC ST & E YALE AVE,1,1,0,0,3,4,0,0,35,0,0,0,0,0,4,1,14
,2023-00857,39.66494848,-104.9239788,1/12/2023 9:52,9:52:00,12,0,1,I-25 & E YALE AVE,1,1,0,0,1,4,0,0,65,0,0,0,0,2,1,4,16
,2023-00860,39.71434449,-104.9246227,1/13/2023 7:56,7:56:00,6,0,1, GRAPE ST & E BAYAUD AVE,4,1,0,0,1,4,0,0,25,0,0,0,0,2,4,2,7
,2023-00862,39.76765285,-104.9957831,1/12/2023 9:56,9:56:00,15,0,1,I-25 & PARK AVE W,1,1,0,0,1,4,0,0,55,0,0,0,0,1,1,3,1
,2023-00865,39.63324485,-104.9063391,1/12/2023 10:45,10:45:00,15,0,0,I-225 WB OFF RAMP & I-25 SPLIT MERGE PT,1,1,0,0,1,8,0,0,55,0,0,0,0,0,1,2,16
,2023-00866,39.78003707,-104.9406761,1/13/2023 10:46,10:46:00,15,0,0, COLORADO BLVD & I-70 WB RAMPS,1,1,0,0,1,1,0,0,40,0,0,0,0,0,2,2,8
,2023-00867,39.76204386,-105.0092675,1/13/2023 7:45,7:45:00,3,0,0,W 32ND AVE & 18TH ST,2,2,1,0,1,2,0,0,30,0,0,0,0,0,4,2,11
,2023-00868,39.74323372,-104.9663895,1/13/2023 13:30,13:30:00,6,0,0,E 17TH AVE & N WILLIAMS ST,1,1,0,0,1,4,0,0,35,0,0,0,0,0,4,3,3
,2023-00870,39.61547496,-105.0911373,1/12/2023 18:45,18:45:00,1,0,2, WADSWORTH BLVD & W CRESTLINE AVE,1,3,0,0,1,2,0,0,45,0,0,0,0,3,2,2,11
,2023-00871,39.67849491,-104.9675698,1/12/2023 21:31,21:31:00,3,0,0, GILPIN ST & E EVANS AVE,1,3,0,0,1,1,0,0,35,0,0,0,0,0,4,2,14
,2023-00872,39.75774271,-104.9985667,1/12/2023 18:19,18:19:00,15,0,0,20TH ST & CHESTNUT PL,1,3,0,0,1,3,0,0,35,0,0,0,0,0,4,3,14
,2023-00873,39.76836326,-104.9940431,1/11/2023 16:38,16:38:00,15,0,0,I-25 & PARK AVE W,11,2,0,0,1,4,0,0,55,0,0,0,0,0,1,2,13
,2023-00874,39.78422126,-105.0251926,1/12/2023 8:38,8:38:00,12,0,0,I-70 & N FEDERAL BLVD,1,1,1,0,1,4,0,0,55,0,0,0,0,0,1,2,3
,2023-00875,39.78355428,-104.7721149,1/10/2023 13:45,13:45:00,12,0,0, TOWER RD & E GREEN VALLEY RANCH BLVD,1,1,1,0,1,4,0,0,35,0,0,0,0,0,4,2,16
,2023-00878,39.78006506,-104.7721359,1/10/2023 12:50,12:50:00,12,0,0,E 46TH AVE & N TOWER RD,9,1,0,0,1,3,0,0,20,0,0,0,0,0,4,2,16
,2023-00879,39.78334008,-105.009088,1/11/2023 12:52,12:52:00,15,0,0,I-70 & N PECOS ST,11,1,1,0,1,4,0,0,55,0,0,0,0,0,1,2,16
,2023-00880,39.78011678,-104.9593179,1/13/2023 12:00,12:00:00,12,0,0,I-70 & N YORK ST,1,1,0,0,1,4,0,0,55,0,0,0,0,0,1,2,16
,2023-00882,39.69237745,-104.9943508,1/14/2023 10:12,10:12:00,8,0,0, SANTA FE DR & S PLATTE RIVER DR E,1,1,0,0,1,4,0,0,45,0,0,0,0,0,2,3,8
,2023-00884,39.7957074,-104.735192,1/14/2023 7:42,7:42:00,6,0,0, PERTH CT & E 54TH PL,1,1,0,0,1,4,0,0,25,0,0,0,0,0,4,2,16
,2023-00893,39.7861142,-104.7944271,1/13/2023 14:51,14:51:00,15,0,0, AIRPORT WY & E 49TH AVE,1,1,1,0,1,4,0,0,30,0,0,0,0,0,4,2,11
,2023-00894,39.78507113,-104.7353352,1/1/2023 18:50,18:50:00,6,0,0, PERTH CT & E 50TH AVE,4,3,0,0,1,4,0,0,25,0,0,0,0,0,4,2,13
,2023-00895,39.73367984,-104.9987031,1/9/2023 8:24,8:24:00,12,0,0,W 11TH AVE & N SANTA FE DR,4,1,0,0,1,4,0,0,25,0,0,0,0,0,4,2,13
,2023-00896,39.74053729,-104.9885341,1/13/2023 22:45,22:45:00,5,0,1,W COLFAX AVE & 15TH ST,1,3,0,0,6,4,0,0,30,0,0,0,0,2,2,1,16
,2023-00897,39.77930511,-104.9031102,1/13/2023 18:30,18:30:00,12,0,2,I-70 & N NORTHFIELD QUEBEC ST OFF RAMP,1,3,0,0,1,8,0,0,30,0,0,0,0,2,4,2,3
,2023-00898,39.76564506,-105.0041164,1/14/2023 13:37,13:37:00,3,0,0,W 35TH AVE & N NAVAJO ST,1,1,0,0,1,1,0,0,30,0,0,0,0,0,4,2,13
,2023-00899,39.71120439,-104.9983795,1/14/2023 15:17,15:17:00,12,0,0,W ALAMEDA AVE & S KALAMATH ST,1,1,0,0,1,1,0,0,35,0,0,0,0,0,4,2,11
,2023-00900,39.76911591,-104.9952965,1/14/2023 0:19,0:19:00,12,0,1,W 38TH AVE & N FOX ST,1,4,0,0,1,1,0,0,35,0,0,0,0,1,4,2,14
,2023-00901,39.7419239,-104.9407883,1/1/2023 2:36,2:36:00,15,0,0, COLORADO BLVD & E 16TH AVE,11,3,0,0,1,1,0,0,,0,0,0,0,0,2,2,16
,2023-00907,39.74398653,-105.0481769,1/14/2023 18:11,18:11:00,14,0,0,W 17TH AVE & N VRAIN ST,1,3,0,0,6,4,0,0,25,0,0,0,0,0,4,2,14
,2023-00912,39.74464076,-104.996318,1/9/2023 21:00,21:00:00,15,0,0,14TH ST & CHAMPA ST,1,3,0,0,1,3,0,0,25,0,0,0,0,0,4,2,11
,2023-00913,39.73997861,-104.9619805,1/13/2023 23:54,23:54:00,6,0,1,E COLFAX AVE & N VINE ST,1,3,0,0,1,4,0,0,30,0,0,0,0,2,2,2,14
,2023-00922,39.78362627,-104.7775502,1/13/2023 19:12,19:12:00,15,0,0,E GREEN VALLEY RANCH BLVD & N WALDEN ST,1,3,0,0,1,1,0,0,40,0,0,0,0,0,4,2,13
,2023-00923,39.78375545,-104.8097974,1/14/2023 11:20,11:20:00,1,0,2,E GREEN VALLEY RANCH BLVD & N CHAMBERS RD,1,1,0,0,1,1,0,0,45,0,0,0,0,2,4,2,13
,2023-00924,39.80009653,-104.7721165,1/1/2023 18:03,18:03:00,12,0,0, TOWER RD & E 57TH AVE,4,3,0,0,1,1,0,0,40,0,0,0,0,0,4,2,13
,2023-00928,39.74014841,-104.9483132,1/13/2023 12:45,12:45:00,6,0,0,E COLFAX AVE & N ADAMS ST,2,3,0,0,3,3,0,0,30,0,0,0,0,0,2,3,7
,2023-00934,39.66757596,-104.9257609,1/13/2023 22:27,22:27:00,15,0,0,I-25 & E YALE AVE,1,3,0,0,1,4,0,0,65,0,0,0,0,0,1,2,7
,2023-00948,39.69864812,-104.9036933,1/10/2023 8:30,8:30:00,3,0,0, PARKER RD & S QUEBEC ST,1,1,1,0,1,1,0,0,35,0,0,0,0,0,2,3,1
,2023-00957,39.77621483,-104.9788992,1/13/2023 23:19,23:19:00,12,0,0, WASHINGTON ST & RINGSBY CT,1,3,0,0,1,1,0,0,25,0,0,0,0,0,4,2,3
,2023-00958,39.81291693,-104.7626058,1/13/2023 18:31,18:31:00,3,0,0, DUNKIRK ST & E 64TH AVE,1,4,0,0,1,1,0,0,40,0,0,0,0,1,4,2,13
,2023-00961,39.74480396,-105.0357702,1/13/2023 16:09,16:09:00,6,0,0,MEADE ST & W 18TH AVE,1,1,0,0,1,4,0,0,25,0,0,0,0,0,4,2,14
,2023-01014,39.77438312,-104.7511708,1/12/2023 16:36,16:36:00,3,0,0,E 42ND AVE & N IRELAND ST,1,1,0,0,1,2,0,0,,0,0,0,0,0,4,2,16
,2023-01015,39.78949351,-104.7757961,1/5/2023 7:59,7:59:00,3,0,0,E 51ST AVE & N YAMPA ST,9,1,0,0,1,3,1,0,25,0,0,0,0,0,4,2,13
,2023-01016,39.71119359,-104.996943,1/6/2023 21:33,21:33:00,12,0,0,W ALAMEDA AVE & S SANTA FE DR,1,3,0,0,1,3,0,0,35,0,0,0,0,0,4,2,1
,2023-01023,39.74044257,-105.0139735,1/15/2023 15:41,15:41:00,15,0,0,I-25 & W COLFAX AVE,1,1,0,0,1,4,0,0,55,0,0,0,0,0,1,2,2
,2023-01024,39.74303047,-104.9724169,1/15/2023 2:26,2:26:00,12,0,0,PARK AVE & E 17TH AVE,1,3,0,0,1,4,0,0,,0,0,0,0,0,4,2,16
,2023-01028,39.71158144,-104.947056,1/11/2023 19:36,19:36:00,12,0,0,E CHERRY CREEK  DR & E ALAMEDA AVE,11,3,0,0,1,3,0,0,30,0,0,0,0,0,4,2,1
,2023-01032,39.72771686,-104.9975691,1/5/2023 15:26,15:26:00,6,0,0, INCA ST & W 7TH AVE,4,1,0,0,1,4,0,0,25,0,0,0,0,0,4,3,16
,2023-01034,39.75508993,-104.9881167,1/1/2023 1:20,1:20:00,12,0,0,PARK AVE W & LAWRENCE ST,5,3,3,2,1,3,0,0,,0,0,0,0,0,4,2,16
,2023-01038,39.79824346,-104.8472974,1/10/2023 21:07,21:07:00,12,0,0,E 56TH AVE & N PEORIA ST,1,3,0,0,1,3,0,0,40,0,0,0,0,0,4,3,16
,2023-01039,39.76094051,-105.0043135,1/15/2023 2:31,2:31:00,15,0,0,I-25 ON RAMP FROM 20TH ST & I-25 ENT GORE PT,1,3,1,0,2,8,0,0,35,0,0,0,0,0,4,2,1
,2023-01040,39.76206219,-105.0144043,1/13/2023 12:03,12:03:00,6,0,0, WYANDOT ST & W 32ND AVE,1,1,0,0,1,4,0,0,25,0,0,0,0,0,4,2,16
,2023-01041,39.63224185,-105.0297046,1/14/2023 8:50,8:50:00,5,0,0, IRVING ST & W UNION AVE,4,1,0,0,3,4,0,0,25,0,0,0,0,0,4,1,7