id,drcog_id,latitude,longitude,crashtime,time,crashtype,numbkilled,numbinjurd,drcoglocat,rdconditin,lightngcon,roadcntgrd,weatherco,location,roaddescrp,schoolzone,constrzone,splimit,bikeinv,pedinv,sctrinv,motoinv,svrty,rdsystem,ttlvehcls,hcf
,2023-01043,39.72454532,-105.039444,1/14/2023 23:20,23:20:00,3,0,0,W 5TH AVE & N PERRY ST,1,3,0,0,1,1,0,0,30,0,0,0,0,0,4,2,13
,2023-01046,39.77366865,-104.9763497,1/14/2023 19:39,19:39:00,10,0,0,38TH ST & DELGANY ST,1,3,0,0,1,1,0,0,35,0,0,0,0,0,4,2,3
,2023-01047,39.84928942,-104.6726895,1/14/2023 22:40,22:40:00,5,0,0,8400 PENA BLVD,1,3,0,0,6,4,0,0,35,0,0,0,0,0,4,1,13
,2023-01049,39.74398077,-105.0532145,1/15/2023 17:49,17:49:00,3,0,1,W 17TH AVE & N SHERIDAN BLVD,1,3,0,0,1,1,0,0,25,0,0,0,0,2,2,2,11
,2023-01053,39.74472939,-104.9810799,1/2/2023 8:53,8:53:00,6,0,0,PENNSYLVANIA ST & E 18TH AVE,9,1,0,2,1,4,0,0,,0,0,0,0,0,4,2,16
,2023-01054,39.75774271,-104.9985667,1/14/2023 22:29,22:29:00,12,0,0,20TH ST & CHESTNUT PL,1,3,0,0,1,1,0,0,25,0,0,0,0,0,4,2,13
,2023-01055,39.711267,-104.9364016,1/15/2023 5:50,5:50:00,5,0,1, LEETSDALE DR & E ALAMEDA AVE,1,3,1,0,3,1,0,0,35,0,0,0,0,1,2,1,1
,2023-01111,39.79839239,-104.7721287,1/15/2023 23:16,23:16:00,1,0,0,E 56TH AVE & N TOWER RD,1,3,0,0,1,1,0,0,45,0,0,0,0,0,4,2,1
,2023-01114,39.79106638,-105.0527334,1/9/2023 18:00,18:00:00,11,0,1,W 52ND AVE & HWY 95,11,4,0,0,1,4,0,0,,0,1,0,0,1,4,1,16
,2023-01120,39.67915108,-105.053268,1/14/2023 20:49,20:49:00,1,0,0, SHERIDAN BLVD & W EVANS AVE,1,3,0,0,1,1,0,0,,0,0,0,0,0,2,2,16
,2023-01127,39.71301409,-104.989975,1/16/2023 10:49,10:49:00,3,0,0,W CEDAR AVE & S BANNOCK ST,1,1,0,0,1,1,0,0,25,0,0,0,0,0,4,2,16
,2023-01128,39.71660323,-104.9826328,1/16/2023 17:30,17:30:00,6,0,0,LOGAN ST & E ELLSWORTH AVE,1,3,0,0,1,4,0,0,,0,0,0,0,0,4,3,16
,2023-01133,39.74022478,-104.8846586,1/16/2023 20:10,20:10:00,3,0,0,E COLFAX AVE & N YOSEMITE ST,1,3,0,0,1,1,0,0,35,0,0,0,0,0,2,2,14
,2023-01145,39.69840618,-104.9593288,1/16/2023 17:53,17:53:00,1,0,1, UNIVERSITY BLVD & E TENNESSEE AVE,1,3,0,0,1,1,0,0,25,0,0,0,0,1,4,2,11
,2023-01147,39.71301118,-105.0250142,1/16/2023 17:38,17:38:00,12,0,0, FEDERAL BLVD & W CEDAR AVE,1,3,2,0,1,4,0,0,,0,0,0,0,0,2,2,16
,2023-01155,39.70936761,-105.0109563,1/5/2023 16:20,16:20:00,6,0,0,W DAKOTA AVE & S TEJON ST,4,1,0,0,1,3,0,0,25,0,0,0,0,0,4,2,16
,2023-01187,39.78422126,-105.0251926,1/14/2023 19:36,19:36:00,12,0,0,I-70 & N FEDERAL BLVD EB OFF RAMP GORE,1,3,0,0,1,4,0,0,,0,0,0,0,0,1,3,16
,2023-01194,39.74035705,-105.0139401,1/16/2023 17:28,17:28:00,15,0,0,I-25 & W COLFAX AVE,1,3,0,0,1,4,0,0,55,0,0,0,0,0,1,2,13
,2023-01195,39.83268815,-104.9744145,1/16/2023 3:19,3:19:00,5,0,0,E 75TH AVE,1,3,0,0,3,4,0,0,65,0,0,0,0,0,4,1,2
,2023-01196,39.82989064,-104.7799945,1/16/2023 5:30,5:30:00,6,0,0,PENA BLVD & TOWER RD,1,3,0,0,3,4,0,0,65,0,0,0,0,0,4,2,14
,2023-01198,39.70395737,-105.0250878,1/15/2023 19:13,19:13:00,12,0,0, FEDERAL BLVD & W EXPOSITION AVE,1,3,0,0,1,4,0,0,,0,0,0,0,0,2,3,16
,2023-01214,39.71658568,-105.0001815,1/16/2023 19:37,19:37:00,15,0,0,KALAMATH ST & W ELLSWORTH AVE,1,3,0,0,1,4,0,0,35,0,0,0,0,0,4,2,16
,2023-01215,39.740342,-105.0334563,1/12/2023 1:56,1:56:00,5,0,0,W COLFAX AVE & N KING ST,4,3,3,0,2,1,0,0,35,0,0,0,0,0,2,1,16
,2023-01218,39.73367995,-104.9965048,1/12/2023 18:27,18:27:00,11,0,1,W 11TH AVE & N GALAPAGO ST,1,3,0,0,1,1,0,0,25,0,1,0,0,2,4,1,13
,2023-01219,39.798388,-104.7867382,1/16/2023 22:02,22:02:00,12,0,0,E 56TH AVE & PENA BLVD,1,3,0,0,1,3,0,0,35,0,0,0,0,0,4,2,3
,2023-01221,39.75647342,-104.9405326,1/14/2023 12:25,12:25:00,1,0,1, COLORADO BLVD & E 28TH AVE,1,1,0,0,1,1,0,0,35,0,0,0,0,1,2,2,11
,2023-01223,39.66772211,-105.0406825,1/15/2023 9:55,9:55:00,3,0,0, QUITMAN ST & W YALE AVE,1,1,0,0,1,1,0,0,25,0,0,0,0,1,4,2,3
,2023-01224,39.71072599,-104.9980807,1/5/2023 17:00,17:00:00,15,0,0, KALAMATH ST & W ALAMEDA AVE,2,2,0,0,1,4,0,0,,0,0,0,0,0,4,2,16
,2023-01226,39.75528669,-104.8903973,1/11/2023 18:21,18:21:00,5,0,0,2735  CENTRAL PARK BLVD & E 28TH AVE,1,3,0,0,6,4,0,0,35,0,0,0,0,1,4,1,16
,2023-01230,39.7111843,-105.0015765,1/17/2023 11:42,11:42:00,15,0,0,W ALAMEDA AVE & S LIPAN ST,1,1,0,0,1,1,0,0,40,0,0,0,0,0,2,2,16
,2023-01231,39.73675949,-104.9429014,1/16/2023 14:00,14:00:00,10,0,0,E 13TH AVE & N JACKSON ST,1,1,0,0,1,1,0,0,25,0,0,0,0,0,4,2,16
,2023-01234,39.68753334,-104.9687275,1/13/2023 12:10,12:10:00,5,0,0,I-25 & S FRANKLIN ST,1,1,0,0,1,4,0,0,,0,0,0,0,0,1,2,16
,2023-01236,39.74016169,-104.954177,1/16/2023 12:05,12:05:00,12,0,0,E COLFAX AVE & N DETROIT ST,1,1,0,0,1,1,0,0,30,0,0,0,0,0,2,2,16
,2023-01238,39.68227088,-105.0262136,1/14/2023 10:50,10:50:00,3,0,1, GROVE ST & W JEWELL AVE,1,1,3,0,1,1,0,0,30,0,1,0,0,3,4,2,16
,2023-01239,39.78002925,-104.9405153,1/17/2023 6:00,6:00:00,15,0,0,I-70 & N COLORADO BLVD,1,3,1,0,1,8,0,0,35,0,0,0,0,0,1,2,16
,2023-01241,39.68931263,-104.940546,1/9/2023 16:39,16:39:00,12,0,0, COLORADO BLVD & E FLORIDA AVE,1,1,0,0,1,3,0,0,,0,0,0,0,0,2,2,16
,2023-01243,39.74166971,-104.9861164,1/17/2023 13:10,13:10:00,12,0,0, LINCOLN ST & E 16TH AVE,1,1,0,0,1,3,0,0,35,0,0,0,0,0,4,2,16
,2023-01244,39.73845229,-104.9941024,1/14/2023 8:20,8:20:00,10,0,0,W 14TH AVE & N ELATI ST,1,1,0,0,1,1,0,0,30,0,0,0,0,0,4,2,13
,2023-01247,39.78051986,-104.9667795,1/16/2023 13:18,13:18:00,15,0,0, BRIGHTON BLVD & I-70 WB RAMPS,1,1,0,0,1,1,0,0,,0,0,0,0,0,2,2,16
,2023-01248,39.72253636,-104.9874857,1/17/2023 17:06,17:06:00,3,0,0,W 4TH AVE & N BROADWAY ST,1,2,0,0,1,1,0,0,25,0,0,0,0,0,4,2,13
,2023-01249,39.77053672,-104.9405008,1/17/2023 15:10,15:10:00,15,0,0,3900  COLORADO BLVD,1,1,0,0,3,4,0,0,,0,0,0,0,0,2,2,16
,2023-01250,39.75473061,-104.9034149,1/17/2023 17:18,17:18:00,1,0,0,E 26TH AVE & N QUEBEC ST,1,2,3,0,1,1,0,0,35,0,0,0,0,0,4,2,16
,2023-01252,39.77419313,-104.847045,1/16/2023 11:00,11:00:00,12,0,0,I-70 & N PEORIA ST,1,1,0,0,1,8,0,0,55,0,0,0,0,0,1,2,11
,2023-01253,39.71118308,-104.9988839,1/17/2023 10:27,10:27:00,12,0,0,I-25 & W ALAMEDA AVE,1,1,1,0,1,4,0,0,55,0,0,0,0,0,1,2,13
,2023-01254,39.6976986,-104.8952798,1/16/2023 14:30,14:30:00,16,0,0,7995 E MISSISSIPPI AVE,1,1,0,0,5,7,0,0,,0,0,0,0,0,3,2,3
,2023-01257,39.77969975,-105.0532625,1/17/2023 14:18,14:18:00,12,0,0, SHERIDAN BLVD & W 46TH AVE,1,1,0,0,1,4,0,0,35,0,0,0,0,0,2,2,1
,2023-01261,39.66930544,-104.9406208,1/17/2023 14:14,14:14:00,3,0,1, COLORADO BLVD & E YALE AVE,1,1,0,0,1,2,0,0,35,0,0,0,0,1,2,2,13
,2023-01262,39.80524801,-104.8684615,1/16/2023 13:42,13:42:00,3,0,0,E 59TH DR & N GALENA ST,1,1,0,0,1,1,0,0,20,0,0,0,0,0,4,2,3
,2023-01264,39.68936207,-104.9223514,1/17/2023 9:00,9:00:00,12,0,0,E FLORIDA AVE & S HOLLY ST,1,1,0,0,1,1,0,0,30,0,0,0,0,0,4,2,3
,2023-01265,39.75482134,-105.0178189,1/17/2023 9:10,9:10:00,6,0,0,W 26TH AVE & N ALCOTT ST,1,1,1,0,1,3,0,0,25,0,0,0,0,0,4,2,13
,2023-01266,39.7569042,-104.9857193,1/16/2023 17:40,17:40:00,12,0,0,25TH ST & LAWRENCE ST,1,3,0,0,1,4,0,0,25,0,0,0,0,0,4,2,11
,2023-01267,39.78364122,-104.7913802,1/17/2023 7:00,7:00:00,12,0,0,PENA BLVD NB OFF RAMP SLIP & E GREEN VALLEY RANCH BLVD,1,1,0,0,1,3,0,0,25,0,0,0,0,0,4,2,16
,2023-01273,39.76735496,-104.8981037,1/17/2023 16:19,16:19:00,3,0,0,E 36TH AVE & N SYRACUSE ST,1,1,0,0,1,2,0,0,30,0,0,0,0,0,4,2,14
,2023-01275,39.74589529,-104.9810803,1/17/2023 9:22,9:22:00,15,0,0, PENNSYLVANIA ST & E 19TH AVE,1,1,0,0,1,4,0,0,25,0,0,0,0,0,4,2,16
,2023-01279,39.79838728,-104.786657,1/16/2023 14:20,14:20:00,12,0,0,E 56TH AVE & PENA BLVD,1,1,0,0,1,4,0,0,40,0,0,0,0,1,4,4,13
,2023-01280,39.71937838,-104.9874979,1/16/2023 13:45,13:45:00,15,0,0, BROADWAY ST & E 2ND AVE,1,1,0,0,1,1,0,0,30,0,0,0,0,0,4,2,3
,2023-01282,39.77798381,-104.7721473,1/14/2023 23:07,23:07:00,1,0,0, TOWER RD & E 45TH AVE,1,3,0,0,1,3,0,0,40,0,0,0,0,0,4,2,7
,2023-01283,39.74696953,-104.992108,1/10/2023 9:19,9:19:00,11,0,1,17TH ST & STOUT ST,1,1,0,0,1,4,0,0,0,0,1,0,0,1,4,1,16
,2023-01285,39.78017709,-104.9534465,1/17/2023 15:01,15:01:00,12,0,0,I-70 & N FILLMORE ST,1,1,0,0,1,4,0,0,55,0,0,0,0,0,1,2,16
,2023-01287,39.78009399,-104.9895613,1/17/2023 12:34,12:34:00,15,0,0,I-70 & I-25,1,1,0,0,1,4,0,0,45,0,0,0,0,0,1,2,13
,2023-01288,39.66115592,-104.9129765,1/16/2023 6:29,6:29:00,1,0,0, MONACO ST & S CARTER CR,1,2,0,0,1,1,0,0,35,0,0,0,0,0,4,2,10
,2023-01290,39.71832013,-104.981436,1/17/2023 13:30,13:30:00,3,0,0, PENNSYLVANIA ST & E 1ST AVE,1,1,0,0,1,1,0,0,25,0,0,0,0,0,4,2,3
,2023-01292,39.74524587,-104.9938467,1/14/2023 11:45,11:45:00,6,0,0,STOUT ST & 15TH ST,1,1,0,0,1,4,0,0,,0,0,0,0,0,4,2,16
,2023-01294,39.77358838,-104.9781018,1/15/2023 12:50,12:50:00,15,0,2,CHESTNUT PL & 38TH ST,1,1,0,0,1,4,0,0,30,0,0,0,0,1,4,2,13
,2023-01298,39.74898338,-104.9801863,1/13/2023 12:20,12:20:00,3,0,0,PARK AVE W & COURT PL,1,1,0,0,1,1,0,0,25,0,0,0,0,0,4,2,11
,2023-01299,39.70893417,-104.9307747,1/16/2023 13:06,13:06:00,15,0,0,LEETSDALE DR & S DAHLIA ST,1,1,0,0,6,3,0,0,45,0,0,0,0,0,2,2,16
,2023-01300,39.74015703,-104.9521069,1/16/2023 12:25,12:25:00,15,0,0,E COLFAX AVE & N ST PAUL ST,1,1,0,0,1,4,0,0,35,0,0,0,0,0,2,2,11
,2023-01301,39.76737104,-104.9008187,1/13/2023 15:22,15:22:00,3,0,0,E 36TH AVE & N ROSLYN ST,1,1,0,0,1,1,0,0,35,0,0,0,0,0,4,2,9
,2023-01302,39.71114543,-105.0203692,1/16/2023 10:45,10:45:00,15,0,0,W ALAMEDA AVE & S CLAY ST,1,1,0,0,1,1,0,0,30,0,0,0,0,0,2,2,3
,2023-01304,39.76801966,-104.9948158,1/17/2023 14:55,14:55:00,12,0,0,PARK AVE W & I-25,1,1,1,0,1,4,0,0,45,0,0,0,0,0,4,2,13
,2023-01307,39.71125779,-105.0324667,1/17/2023 9:20,9:20:00,15,0,0,W ALAMEDA AVE & S KNOX CT,1,1,0,0,1,1,0,0,40,0,0,0,0,0,2,2,16
,2023-01308,39.73841483,-104.9752965,1/16/2023 12:45,12:45:00,3,0,0, OGDEN ST & E 14TH AVE,1,1,0,0,1,1,0,0,35,0,0,0,0,0,4,2,8
,2023-01311,39.7093243,-104.9863924,1/12/2023 18:16,18:16:00,3,0,0, LINCOLN ST & E DAKOTA AVE,1,3,0,0,1,1,0,0,30,0,0,0,0,0,4,2,13
,2023-01313,39.69859196,-104.9862431,1/17/2023 14:50,14:50:00,6,0,0, LINCOLN ST & E TENNESSEE AVE,1,1,0,0,1,1,0,0,,0,0,0,0,0,4,2,16
,2023-01314,39.70797179,-105.0460574,1/17/2023 8:25,8:25:00,1,0,0, UTICA ST & W VIRGINIA AVE,1,1,1,0,1,4,0,0,25,0,0,0,0,0,4,2,3
,2023-01316,39.67841244,-104.9618639,1/17/2023 7:24,7:24:00,12,0,0,E EVANS AVE & S RACE ST,1,1,0,0,1,3,0,0,30,0,0,0,0,1,4,3,3
,2023-01317,39.7377993,-104.9953037,1/12/2023 8:30,8:30:00,6,0,0,FOX ST & W 14TH AVE,1,1,0,0,1,4,0,0,25,0,0,0,0,0,4,2,16
,2023-01318,39.67845631,-104.908213,1/17/2023 6:16,6:16:00,1,0,0,E EVANS AVE & S ONEIDA ST,1,2,1,0,1,1,0,0,35,0,0,0,0,0,4,2,11
,2023-01321,39.68757002,-104.9734241,1/16/2023 13:00,13:00:00,6,0,0, DOWNING ST & E IOWA AVE,1,1,0,0,1,1,0,0,,0,0,0,0,0,4,2,16
,2023-01322,39.71091949,-104.9269805,1/11/2023 22:20,22:20:00,6,0,0, FOREST ST & E ALAMEDA AVE,4,3,1,0,1,4,0,0,25,0,0,0,0,0,4,3,16
,2023-01325,39.78402136,-104.9666928,1/12/2023 16:13,16:13:00,11,0,2, BRIGHTON BLVD & E 48TH AVE,1,2,0,0,1,2,0,0,,0,1,0,0,3,4,1,11
,2023-01326,39.67864636,-105.0243288,1/11/2023 17:38,17:38:00,1,0,1,W EVANS AVE & S FEDERAL BLVD,1,1,0,0,1,2,0,0,30,0,0,0,0,1,4,2,13
,2023-01327,39.79417758,-104.748352,1/11/2023 11:00,11:00:00,6,0,0,20586 E 55TH AVE & E LACKLAND PL,5,1,0,0,1,4,0,0,25,0,0,0,0,0,4,2,16
,2023-01330,39.74203805,-105.0463353,1/16/2023 16:00,16:00:00,6,0,0,VRAIN ST & W 16TH AVE,1,4,0,0,1,4,0,0,20,0,0,0,0,0,4,3,1
,2023-01331,39.73411984,-104.9574492,1/16/2023 14:53,14:53:00,6,0,0, COLUMBINE ST & E 11TH AVE,1,1,0,0,1,2,0,0,25,0,0,0,0,0,4,2,3
,2023-01332,39.72908023,-104.9718136,1/15/2023 16:24,16:24:00,10,0,0,E 8TH AVE & N MARION ST,1,1,0,0,1,3,0,0,30,0,0,0,0,0,4,2,1
,2023-01333,39.67360774,-105.0489559,1/15/2023 22:30,22:30:00,6,0,0, XAVIER ST & W HARVARD AVE,1,4,1,0,1,4,0,0,20,0,0,0,0,0,4,2,1
,2023-01336,39.70732747,-104.9415064,1/16/2023 9:11,9:11:00,5,0,0,E CHERRY CREEK  DR & S COLORADO BVD,1,1,0,0,6,4,0,0,30,0,0,0,0,0,4,1,10
,2023-01337,39.77943781,-104.9790629,1/17/2023 8:55,8:55:00,12,0,0,I-70 & N WASHINGTON ST,1,1,1,0,1,4,0,0,55,0,0,0,0,0,1,2,16
,2023-01339,39.72563795,-104.9862612,1/16/2023 15:30,15:30:00,3,0,0, LINCOLN ST & E SPEER BLVD,1,1,0,0,1,1,0,0,30,0,0,0,0,0,4,2,3
,2023-01341,39.74558721,-104.9951434,1/15/2023 16:38,16:38:00,10,0,0,15TH ST & CHAMPA ST,1,3,0,0,1,1,0,0,30,0,0,0,0,0,4,2,1
,2023-01342,39.63867109,-104.8926942,1/16/2023 12:00,12:00:00,3,0,0,E QUINCY AVE & S TAMARAC DR,1,1,0,0,1,1,0,0,25,0,0,0,0,0,4,2,3
,2023-01343,39.73254288,-104.9798413,1/16/2023 8:13,8:13:00,6,0,0,PEARL ST & E 10TH AVE,1,1,0,0,1,4,0,0,,0,0,0,0,0,4,2,16
,2023-01344,39.74001336,-104.9696945,1/17/2023 19:00,19:00:00,6,0,0,E COLFAX AVE & N HUMBOLDT ST,1,3,0,0,1,4,0,0,35,0,0,0,0,0,2,2,13
,2023-01346,39.77946722,-104.9877083,1/17/2023 12:06,12:06:00,12,0,1,I-70 EB ON RAMP & I-25 NB RAMP SLIP,1,1,1,0,1,8,0,0,55,0,0,0,0,1,1,2,16
,2023-01347,39.72974036,-104.9740883,1/13/2023 8:26,8:26:00,6,0,0,800  CORONA ST,1,1,1,1,1,4,0,0,25,0,0,0,0,0,4,2,16
,2023-01348,39.74015967,-104.9532786,1/13/2023 13:48,13:48:00,6,0,0,E COLFAX AVE & N FILLMORE ST,1,1,0,0,1,4,0,0,30,0,0,0,0,0,2,3,16
,2023-01349,39.76444632,-104.9405009,1/15/2023 13:45,13:45:00,3,0,0, COLORADO BLVD & E BRUCE RANDOLPH AVE,1,1,0,0,1,1,0,0,40,0,0,0,0,0,2,2,3
,2023-01350,39.68069498,-104.9364489,1/16/2023 9:34,9:34:00,5,0,0, FRONTAGE RD & S BIRCH ST,1,1,0,0,2,4,0,0,25,0,0,0,0,0,4,1,3
,2023-01351,39.67842291,-104.9675702,1/15/2023 10:00,10:00:00,12,0,0, GILPIN ST & E EVANS AVE,1,1,0,0,1,4,0,0,25,0,0,0,0,0,4,2,11
,2023-01352,39.72488133,-105.0134875,1/12/2023 7:05,7:05:00,12,0,1,W 6TH AVE FWY & NB,1,1,1,1,1,8,0,0,55,0,0,0,0,1,1,3,16
,2023-01353,39.69311023,-105.0297219,1/16/2023 6:00,6:00:00,3,0,0, IRVING ST & W LOUISIANA AVE,1,4,0,0,1,1,0,0,25,0,0,0,0,0,4,2,11
,2023-01354,39.65288815,-104.9181439,1/16/2023 22:32,22:32:00,5,0,0,I-25 & E HAMPDEN AVE,1,3,3,0,3,8,0,0,65,0,0,0,0,0,1,1,2
,2023-01356,39.73663202,-104.9861286,1/16/2023 13:52,13:52:00,15,0,0, LINCOLN ST & E 13TH AVE,1,1,0,0,1,4,0,0,30,0,0,0,0,0,4,2,13
,2023-01357,39.72414611,-104.9874817,1/17/2023 14:00,14:00:00,12,0,0, BROADWAY ST & E 5TH AVE,1,1,0,0,1,1,0,0,30,0,0,0,0,0,4,2,3
,2023-01358,39.78375855,-105.0345717,1/15/2023 11:31,11:31:00,10,0,0,W 48TH AVE & N LOWELL BLVD,1,1,0,0,1,1,0,0,30,0,0,0,0,0,4,2,3
,2023-01362,39.72550138,-105.013365,1/16/2023 6:55,6:55:00,12,0,0,I-25 SB ON RAMP & NB,1,1,1,0,1,8,0,0,,0,0,0,0,0,1,2,3
,2023-01407,39.70387288,-104.9593594,1/9/2023 16:00,16:00:00,12,0,0, UNIVERSITY BLVD & E EXPOSITION AVE,1,1,0,0,1,1,0,0,35,0,0,0,0,0,4,2,16
,2023-01409,39.7696165,-105.0299656,1/10/2023 12:13,12:13:00,6,0,0, IRVING ST & W 38TH AVE,1,1,0,0,1,4,0,0,25,0,0,0,0,0,4,2,16
,2023-01418,39.7747468,-105.0532428,1/4/2023 7:47,7:47:00,12,0,0,SHERIDAN BLVD & W 43RD AVE,1,1,0,0,1,4,0,0,35,0,0,0,0,0,2,2,3
,2023-01550,39.77274936,-104.968694,1/18/2023 8:50,8:50:00,6,0,0,WALNUT ST & E 40TH AVE,4,1,0,2,1,4,0,0,30,0,0,0,0,0,4,2,1
,2023-01551,39.83392235,-104.7684233,1/18/2023 4:51,4:51:00,5,0,0,PENA BLVD & N TOWER RD,9,3,0,2,3,4,0,0,65,0,0,0,0,0,4,1,1
,2023-01554,39.83808082,-104.7095842,1/17/2023 21:35,21:35:00,15,0,0,E 78TH AVE & N CALAWBA CT,9,3,3,2,1,1,0,0,45,0,0,0,0,0,4,2,14
,2023-01566,39.73836501,-104.9517054,1/18/2023 16:26,16:26:00,10,0,0,E 14TH AVE & N MILWAUKEE ST,7,3,0,2,1,1,0,0,35,0,0,0,0,0,4,2,8
,2023-01572,39.73999165,-104.9647816,1/1/2023 2:15,2:15:00,15,0,0,E COLFAX AVE & N HIGH ST,14,3,0,7,1,4,0,0,,0,0,0,0,0,2,2,16
,2023-01573,39.75840169,-104.9081011,1/18/2023 15:51,15:51:00,6,0,0,E 29TH AVE & N ONEIDA ST,4,1,0,2,1,4,0,0,30,0,0,0,0,0,4,2,13
,2023-01575,39.75132203,-104.9807951,1/16/2023 4:45,4:45:00,5,0,0,24TH ST & GLENARM PL,1,3,0,0,2,1,0,0,35,0,0,0,0,0,4,1,1
,2023-01576,39.74898338,-104.9801863,1/8/2023 18:10,18:10:00,3,0,0,PARK AVE W & COURT PL,1,1,0,0,1,1,0,0,,0,0,0,0,0,4,2,16
,2023-01577,39.67966744,-104.9367029,1/8/2023 1:10,1:10:00,5,0,1,E COLORADO CENTER DR & S BIRCH ST,4,3,0,0,2,4,0,0,15,0,0,0,0,1,4,1,1
,2023-01580,39.7552043,-105.0129182,1/1/2023 7:27,7:27:00,15,0,0,I-25 & N SPEER BLVD (APPROX),1,1,0,1,1,4,0,0,55,0,0,0,0,0,1,2,16
,2023-01581,39.74002758,-105.0028323,1/9/2023 7:10,7:10:00,12,0,0,W COLFAX AVE & MARIPOSA ST,1,1,0,0,1,3,0,0,,0,0,0,0,0,2,2,16
,2023-01589,39.74490957,-104.9942478,1/1/2023 1:48,1:48:00,3,0,2,15TH ST & STOUT ST,8,3,0,0,1,1,0,0,25,0,0,0,0,3,4,2,6
,2023-01591,39.74317321,-105.025211,1/8/2023 17:56,17:56:00,16,0,0,1648  FEDERAL BLVD,1,3,0,0,5,2,0,0,,0,0,0,0,0,2,2,16
,2023-01592,39.7190558,-105.0518708,1/18/2023 8:52,8:52:00,12,0,0,W PARK PL & S YATES ST,9,1,0,0,1,4,0,0,25,0,0,0,0,0,4,2,11
,2023-01593,39.71482887,-105.0086096,1/16/2023 15:18,15:18:00,3,0,0,W BAYAUD AVE & S RARITAN ST,1,1,0,0,1,1,0,0,25,0,0,0,0,0,4,2,14
,2023-01594,39.70958165,-105.046082,1/5/2023 18:26,18:26:00,8,0,0, UTICA ST & W DAKOTA AVE,4,3,1,0,6,4,0,0,25,0,0,0,0,0,4,2,16
,2023-01595,39.76583282,-104.9406441,1/8/2023 14:34,14:34:00,12,0,0, COLORADO BLVD & E 35TH AVE,1,1,0,0,1,4,0,0,,0,0,0,0,0,2,3,16
,2023-01597,39.77400657,-104.8470449,1/17/2023 22:45,22:45:00,5,0,1,I-70 & N PEORIA ST,4,3,0,2,2,4,0,0,55,0,0,0,0,1,1,2,14
,2023-01598,39.76731068,-104.890457,1/13/2023 15:20,15:20:00,10,0,0, CENTRAL PARK BLVD & E 36TH AVE,1,1,0,0,1,1,0,0,40,0,0,0,0,1,4,3,14
,2023-01599,39.75260245,-105.019168,1/15/2023 2:45,2:45:00,6,0,0,BRYANT ST & W 24TH AVE,1,4,1,0,1,4,0,0,25,0,0,0,0,0,4,2,1
,2023-01608,39.78673783,-104.865776,1/18/2023 18:47,18:47:00,8,0,0, HAVANA ST & E 49TH AVE,9,3,0,2,1,1,0,0,40,0,0,0,0,1,4,2,13
,2023-01615,39.75114134,-105.0166502,1/17/2023 11:27,11:27:00,15,0,0,I-25 & W 23RD AVE,2,1,0,0,1,8,0,0,55,0,0,0,0,0,1,2,16
,2023-01616,39.77657174,-105.0473763,1/11/2023 21:13,21:13:00,5,0,0,W 44TH AVE & N WINONA CT,11,3,0,0,2,3,0,0,25,0,0,0,0,1,4,1,10
,2023-01619,39.75021755,-105.0047702,1/16/2023 14:49,14:49:00,1,0,0, SPEER BLVD & WEWATTA ST,1,1,1,0,1,1,0,0,30,0,0,0,0,0,4,2,8
,2023-01620,39.66340715,-105.0347343,1/18/2023 13:52,13:52:00,5,0,1, LOWELL BLVD & W AMHERST AVE,8,1,1,0,2,3,0,0,30,0,0,0,0,2,4,1,10
,2023-01621,39.6809263,-104.9925026,1/18/2023 16:26,16:26:00,5,0,0, SANTA FE DR & W EVANS AVE,9,1,0,2,6,4,0,0,55,0,0,0,0,0,2,2,13
,2023-01622,39.79104981,-105.0064161,1/2/2023 3:18,3:18:00,5,0,0, PECOS ST & W 52ND AVE,4,3,0,2,2,4,0,0,30,0,0,0,0,0,4,1,16
,2023-01626,39.77648781,-105.0532505,1/17/2023 14:35,14:35:00,12,0,0, SHERIDAN BLVD & W 44TH AVE,1,1,0,0,1,4,0,0,35,0,0,0,0,0,2,2,13
,2023-01628,39.76449366,-104.9671838,1/14/2023 16:55,16:55:00,3,0,0, GILPIN ST & E BRUCE RANDOLPH AVE,7,2,0,0,1,1,0,0,30,0,0,0,0,0,4,2,14
,2023-01629,39.76736514,-104.8996648,1/17/2023 21:56,21:56:00,12,0,0,E 36TH AVE & N SYRACUSE ST,9,3,0,2,1,1,0,0,25,0,0,0,0,0,4,2,7
,2023-01630,39.77150076,-104.9405048,1/17/2023 15:10,15:10:00,15,0,0, COLORADO BLVD & E 40TH AVE,1,1,0,0,1,4,0,0,35,0,0,0,0,0,2,2,16
,2023-01632,39.73515199,-104.9792673,1/6/2023 12:45,12:45:00,6,0,0,E 12TH AVE & N WASHINGTON ST,4,1,0,0,1,4,0,0,25,0,0,0,0,0,4,2,10
,2023-01633,39.75213831,-104.9866743,1/18/2023 15:00,15:00:00,12,0,0,CHAMPA ST & 22ND ST,9,1,0,2,1,1,0,0,25,0,0,0,0,0,4,2,3
,2023-01634,39.67475815,-104.870816,1/17/2023 22:20,22:20:00,12,0,1,E ILIFF AVE & S PARKER RD,9,3,0,2,1,4,0,0,45,0,0,0,0,2,4,2,13
,2023-01635,39.7635965,-105.001723,1/10/2023 15:50,15:50:00,12,0,0,I-25 NB ON RAMP & 20TH ST,1,1,1,0,1,8,0,0,55,0,0,0,0,0,1,2,1