id,drcog_id,latitude,longitude,crashtime,time,crashtype,numbkilled,numbinjurd,drcoglocat,rdconditin,lightngcon,roadcntgrd,weatherco,location,roaddescrp,schoolzone,constrzone,splimit,bikeinv,pedinv,sctrinv,motoinv,svrty,rdsystem,ttlvehcls,hcf
,2023-01640,39.74000885,-104.9876798,1/11/2023 0:54,0:54:00,5,0,0,W COLFAX AVE & BROADWAY,1,3,3,0,3,4,0,0,30,0,0,0,0,0,2,1,16
,2023-01641,39.72535722,-105.0130613,1/18/2023 18:48,18:48:00,12,0,1,I-25 & E 6TH AVE,4,4,0,2,1,4,0,0,65,0,0,0,0,2,1,2,13
,2023-01653,39.69330399,-104.9827751,1/17/2023 16:46,16:46:00,6,0,1, LOGAN ST & E LOUISIANA AVE,1,2,0,0,1,4,0,0,25,0,0,0,0,1,2,3,16
,2023-01656,39.67846299,-104.9149503,1/17/2023 8:13,8:13:00,1,0,1,E EVANS AVE & S LEYDEN ST,1,1,1,0,1,2,0,0,35,0,0,0,0,2,4,2,11
,2023-01658,39.76094051,-105.0043135,1/17/2023 12:34,12:34:00,12,0,1,I-25 & 20TH ST,1,1,1,0,1,4,0,0,55,0,0,0,0,1,1,3,1
,2023-01659,39.75331817,-104.9834002,1/18/2023 13:50,13:50:00,15,0,0,STOUT ST & 24TH ST,9,1,0,2,1,1,0,0,25,0,0,0,0,0,4,3,3
,2023-01660,39.73685341,-104.9835875,1/17/2023 21:58,21:58:00,12,0,1,300 E  13TH AVE,8,3,0,2,1,4,0,0,30,0,0,0,0,2,4,2,14
,2023-01661,39.75825386,-105.0275998,1/12/2023 21:50,21:50:00,6,0,0,HAZEL CT & W 29TH AVE,9,3,0,0,1,4,0,0,35,0,0,0,0,0,4,2,13
,2023-01663,39.66763164,-104.9128858,1/11/2023 6:04,6:04:00,3,0,0,E YALE AVE & S MONACO ST,1,3,0,0,1,1,0,0,35,0,0,0,0,0,4,2,16
,2023-01666,39.71325506,-104.9994024,1/18/2023 12:34,12:34:00,3,0,0,W CEDAR AVE & S KALAMATH ST,8,1,0,2,1,1,0,0,30,0,0,0,0,0,4,2,3
,2023-01699,39.63429196,-104.9070943,1/19/2023 7:19,7:19:00,15,0,0,I-25 & I-225 ON RAMP GORE PT,4,1,0,0,1,4,0,0,65,0,0,0,0,0,1,2,10
,2023-01702,39.71118308,-104.9988839,1/19/2023 16:10,16:10:00,12,0,0,I-25 & W ALAMEDA AVE,1,1,1,0,1,4,0,0,55,0,0,0,0,0,1,2,13
,2023-01707,39.62410845,-104.8945381,1/6/2023 3:40,3:40:00,5,0,0,E BELLEVIEW AVE & S ULSTER ST,1,3,1,0,2,4,0,0,35,0,0,0,0,0,4,1,16
,2023-01708,39.71129136,-104.903494,1/19/2023 7:14,7:14:00,1,0,0, QUEBEC ST & E ALAMEDA AVE,7,1,0,0,1,1,0,0,35,0,0,0,0,0,4,2,16
,2023-01711,39.71120721,-104.9991331,1/17/2023 16:55,16:55:00,15,0,2,I-25 & W ALAMEDA AVE,1,2,0,0,1,4,0,0,55,0,0,0,0,1,1,2,16
,2023-01713,39.6967006,-105.0003026,1/19/2023 7:11,7:11:00,1,0,0,W MISSISSIPPI AVE & S KALAMATH ST,4,1,0,0,1,1,0,0,30,0,0,0,0,0,4,2,11
,2023-01714,39.67676482,-104.9037127,1/19/2023 17:56,17:56:00,12,0,0,E EVANS AVE & S QUEBEC ST,9,3,0,0,1,4,0,0,,0,0,0,0,0,4,2,16
,2023-01718,39.65302339,-104.9132001,1/7/2023 16:20,16:20:00,15,0,0,E HAMPDEN AVE & S MONACO ST,1,1,0,0,1,4,0,0,40,0,0,0,0,0,2,2,13
,2023-01719,39.69346904,-105.0097335,1/16/2023 18:00,18:00:00,6,0,0,1293  SENECA WY & W LOUISIANA AVE,1,4,0,0,1,1,0,0,25,0,0,0,0,0,4,3,16
,2023-01722,39.74032516,-105.0404876,1/19/2023 7:43,7:43:00,3,0,0, QUITMAN ST & W COLFAX AVE,4,1,0,0,1,1,0,0,30,0,0,0,0,0,2,2,14
,2023-01723,39.67846596,-104.9293612,1/19/2023 8:33,8:33:00,12,0,0,E EVANS AVE & S DAHLIA ST,9,1,0,0,1,4,0,0,35,0,0,0,0,0,4,2,14
,2023-01727,39.73686511,-104.9916373,1/19/2023 10:32,10:32:00,10,0,0,W 13TH AVE & N CHEROKEE ST,8,1,0,0,1,1,0,0,25,0,0,0,0,0,4,2,16
,2023-01728,39.68498685,-105.0250115,1/12/2023 23:20,23:20:00,15,0,0, FEDERAL BLVD & W COLORADO AVE,1,3,1,0,1,4,0,0,40,0,0,0,0,0,2,2,16
,2023-01729,39.70666042,-104.9965561,1/8/2023 21:24,21:24:00,15,0,0,I-25 & S SANTA FE DR,1,4,1,0,1,4,0,0,55,0,0,0,0,0,1,2,1
,2023-01731,39.71803017,-104.9522055,1/19/2023 18:09,18:09:00,1,0,0, MILWAUKEE ST & E 1ST AVE,5,3,0,2,1,1,0,0,35,0,0,0,0,0,4,2,13
,2023-01733,39.72541634,-105.0258286,1/17/2023 15:57,15:57:00,12,0,0,W 6TH AVE FWY & N FEDERAL BLVD,1,1,0,0,1,4,0,0,55,0,0,0,0,0,2,2,13
,2023-01737,39.78097044,-104.9933247,1/18/2023 19:40,19:40:00,6,0,1,I-70 & I-25,10,4,1,2,1,4,0,0,55,0,0,0,0,2,1,2,16
,2023-01738,39.68982394,-104.9734242,1/19/2023 9:10,9:10:00,12,0,1,I-25 & S DOWNING ST,12,1,0,0,1,4,0,0,60,0,0,0,0,1,1,2,16
,2023-01740,39.79825306,-104.7909071,1/19/2023 10:00,10:00:00,1,0,0,E 56TH AVE & N TOWER RD,11,1,0,0,1,1,0,0,40,0,0,0,0,0,4,2,11
,2023-01741,39.71105512,-104.9361538,1/19/2023 11:31,11:31:00,12,0,0,LEETSDALE DR & E ALAMEDA AVE,11,1,0,0,1,4,0,0,35,0,0,0,0,0,2,2,13
,2023-01746,39.83306527,-104.7069966,1/18/2023 22:50,22:50:00,10,0,0,E 75TH AVE & JACKSON GAP ST,9,3,0,0,1,4,0,0,45,0,0,0,0,0,4,2,16
,2023-01747,39.71467111,-104.9499452,1/19/2023 11:33,11:33:00,3,0,0, STEELE ST & E BAYAUD AVE,7,1,0,0,1,3,0,0,30,0,0,0,0,0,4,2,16
,2023-01749,39.84928942,-104.6726895,1/18/2023 23:40,23:40:00,12,0,0,8400 PENA BLVD,5,3,1,0,1,4,0,0,35,0,0,0,0,0,4,2,13
,2023-01759,39.76115306,-105.004746,1/19/2023 17:02,17:02:00,12,0,0,I-25 & 20TH ST,12,2,0,0,1,4,0,0,55,0,0,0,0,0,1,3,13
,2023-01760,39.74492667,-105.0006857,1/19/2023 18:10,18:10:00,15,0,0, SPEER BLVD & ARAPAHOE ST,1,3,0,0,1,4,0,0,25,0,0,0,0,0,4,3,13
,2023-01761,39.70492776,-105.0297943,1/19/2023 15:55,15:55:00,3,0,0,W GILL PL & S IRVING ST,5,1,1,0,1,1,0,0,25,0,0,0,0,1,4,2,11
,2023-01764,39.76263384,-105.0024602,1/19/2023 15:55,15:55:00,12,0,0,I-25 & 20TH ST,11,1,0,0,1,4,0,0,55,0,0,0,0,0,1,2,16
,2023-01765,39.75013778,-104.9840975,1/20/2023 19:13,19:13:00,3,0,0,22ND ST & WELTON ST,10,3,0,0,1,1,0,0,35,0,0,0,0,0,4,3,14
,2023-01768,39.71119226,-105.000646,1/20/2023 19:48,19:48:00,11,0,0, PLATTE RIVER DR & W ALAMEDA AVE,4,3,0,0,1,5,0,0,25,0,1,0,0,0,2,1,13
,2023-01770,39.70893864,-105.0432006,1/19/2023 15:10,15:10:00,10,0,0, STUART ST & W ALASKA PL,4,1,0,0,1,1,0,0,25,0,0,0,0,0,4,2,13
,2023-01773,39.76094051,-105.0043135,1/20/2023 12:10,12:10:00,12,0,0,I-25 & 20TH ST,1,1,0,0,1,4,0,0,55,0,0,0,0,0,1,2,13
,2023-01775,39.78650376,-104.8203571,1/20/2023 15:11,15:11:00,15,0,0,E 51ST AVE & N DEEPHAVEN CT,2,1,0,0,1,1,0,0,30,0,0,0,0,0,4,2,13
,2023-01779,39.78138517,-104.81688,1/20/2023 9:00,9:00:00,1,0,0,E BOLLING DR & N ENID WY,4,1,0,0,1,1,0,0,25,0,0,0,0,0,4,2,7
,2023-01783,39.71247646,-105.0168152,1/19/2023 14:00,14:00:00,5,0,0, ALCOTT ST & W CEDAR AVE,8,1,1,0,3,4,0,0,25,0,0,0,0,0,4,1,16
,2023-01785,39.73282947,-105.0486782,1/7/2023 14:34,14:34:00,6,0,0, WOLFF ST & W 10TH AVE,1,1,0,0,1,4,0,0,25,0,0,0,0,0,4,2,1
,2023-01786,39.78374628,-104.9666923,1/2/2023 3:45,3:45:00,6,0,0, BRIGHTON BLVD & E 48TH AVE,4,3,0,2,3,4,0,0,35,0,0,0,0,0,4,2,16
,2023-01787,39.69352915,-104.9924869,1/19/2023 13:18,13:18:00,15,0,0, SANTA FE DR & W LOUISIANA AVE,11,1,0,0,1,4,0,0,55,0,0,0,0,0,2,2,16
,2023-01788,39.7255465,-105.0251464,1/19/2023 8:00,8:00:00,3,0,0, FEDERAL BLVD & W 6TH AVE EB RAMPS,9,1,0,0,1,1,0,0,30,0,0,0,0,0,2,2,16
,2023-01790,39.76185282,-104.9223032,1/19/2023 14:40,14:40:00,1,0,1,E MLK BLVD & N HOLLY ST,5,1,0,2,1,1,0,0,35,0,0,0,0,2,4,2,13
,2023-01792,39.77651773,-104.989223,1/17/2023 12:21,12:21:00,15,0,0,I-25 & W 44TH AVE,2,1,0,0,1,4,0,0,,0,0,0,0,0,1,3,16
,2023-01793,39.7853068,-104.9024653,1/18/2023 20:31,20:31:00,5,0,1,I-270 & N NORTHFIELD QUEBEC ST,5,3,0,2,3,4,0,0,55,0,0,0,0,1,2,2,14
,2023-01799,39.76115306,-105.004746,1/20/2023 13:56,13:56:00,12,0,0,I-25 & 20TH ST,1,1,0,0,1,4,0,0,55,0,0,0,0,0,1,2,13
,2023-01802,39.66759317,-104.9148929,1/19/2023 17:33,17:33:00,12,0,0,E YALE AVE & S MONACO ST,1,3,0,0,1,3,0,0,30,0,0,0,0,1,4,3,13
,2023-01807,39.70148495,-104.9109817,1/19/2023 9:06,9:06:00,12,0,0,LEETSDALE DR & S NIAGARA ST,8,1,0,0,1,4,0,0,35,0,0,0,0,0,2,2,16
,2023-01814,39.76805349,-105.0030588,1/19/2023 13:55,13:55:00,6,0,0,W 37TH AVE & N MARIPOSA ST,4,1,1,0,1,4,0,0,25,0,0,0,0,0,4,2,13
,2023-01817,39.68982394,-104.9734242,1/18/2023 7:16,7:16:00,15,0,0,I-25 & S DOWNING ST,9,1,0,2,1,4,0,0,60,0,0,0,0,0,1,3,10
,2023-01818,39.77714097,-104.8829719,1/18/2023 9:15,9:15:00,5,0,0,I-70 & N CENTRAL PARK BLVD,4,1,0,0,3,4,0,0,55,0,0,0,0,0,1,1,16
,2023-01820,39.75235873,-105.0138943,1/19/2023 12:58,12:58:00,12,0,0,WATER ST & 7TH ST,4,1,0,0,1,4,0,0,25,0,0,0,0,0,4,2,13
,2023-01822,39.76120072,-104.9027632,1/19/2023 8:23,8:23:00,3,0,0,E MLK BLVD & N QUEBEC ST,5,1,0,0,1,1,0,0,30,0,0,0,0,0,4,3,11
,2023-01823,39.74198936,-104.9533215,1/19/2023 9:29,9:29:00,12,0,0,E 16TH AVE & N FILLMORE ST,4,1,0,0,1,1,0,0,,0,0,0,0,0,4,2,16
,2023-01826,39.75684205,-104.9733628,1/20/2023 2:00,2:00:00,5,0,0,2750  DOWNING ST & E 28TH AVE,4,3,0,0,2,1,0,0,25,0,0,0,0,0,4,1,16
,2023-01828,39.75040121,-105.0169619,1/20/2023 11:24,11:24:00,12,0,0,I-25 & W 23RD AVE,1,1,0,0,1,4,0,0,55,0,0,0,0,0,1,2,16
,2023-01831,39.77514696,-104.8657431,1/20/2023 11:38,11:38:00,3,0,0,I-70 EB OFF RAMP TO HAVANA ST,7,1,0,0,1,1,0,0,35,0,0,0,0,0,4,2,7
,2023-01832,39.69666189,-104.9929227,1/20/2023 17:46,17:46:00,5,0,0,W MISSISSIPPI AVE & S PLATTE RIVER DR,1,3,0,0,3,4,0,0,30,0,0,0,0,0,4,1,14
,2023-01835,39.74139484,-104.9988346,1/19/2023 0:30,0:30:00,3,0,0, SPEER BLVD & STOUT ST,8,3,0,2,1,1,0,0,35,0,0,0,0,1,4,2,13
,2023-01836,39.64964155,-104.8812534,1/19/2023 16:30,16:30:00,6,0,0, BEELER ST & E KENYON AVE,4,5,0,7,1,3,0,0,,0,0,0,0,0,4,2,16
,2023-01838,39.68927659,-104.9718677,1/20/2023 15:31,15:31:00,12,0,0,I-25 & S DOWNING ST,1,1,0,0,1,4,0,0,60,0,0,0,0,0,1,2,16
,2023-01848,39.78009399,-104.9895613,1/20/2023 16:07,16:07:00,12,0,0,I-25 & I-70,1,1,1,0,1,4,0,0,55,0,0,0,0,0,1,3,13
,2023-01851,39.69937685,-104.9328795,1/19/2023 23:10,23:10:00,6,0,0, DEXTER ST & E KENTUCKY AVE,1,3,0,0,1,4,0,0,,0,0,0,0,0,4,2,11
,2023-01859,39.78703074,-104.8948263,1/20/2023 16:30,16:30:00,3,0,0, TAMARAC ST & E 49TH PL,7,1,0,0,1,1,0,0,25,0,0,0,0,0,4,2,14
,2023-01861,39.72592327,-104.9928264,1/20/2023 14:42,14:42:00,11,0,0, DELAWARE ST & W 6TH AVE,1,1,0,0,1,2,0,0,25,0,1,0,0,0,4,1,3
,2023-01870,39.73827632,-104.9395077,1/20/2023 8:31,8:31:00,10,0,0,E 14TH AVE & N ALBION ST,1,1,0,0,1,1,0,0,30,0,0,0,0,0,4,2,13
,2023-01871,39.63957213,-104.8851173,1/21/2023 13:35,13:35:00,3,0,2, YOSEMITE ST & I-225 SB RAMPS,1,1,0,0,1,1,0,0,45,0,0,0,0,1,4,2,13
,2023-01872,39.73684778,-104.9861411,1/20/2023 19:59,19:59:00,3,0,0,E 13TH AVE & N LINCOLN ST,1,2,1,7,1,1,0,0,35,0,0,0,0,0,4,2,11
,2023-01874,39.69095932,-104.9922762,1/21/2023 0:28,0:28:00,12,0,0, SANTA FE DR & W LOUISIANA AVE,5,3,0,0,1,4,0,0,45,0,0,0,0,0,2,3,16
,2023-01877,39.72563842,-104.987447,1/21/2023 15:33,15:33:00,15,0,0,W 6TH AVE & N BROADWAY ST,1,1,0,0,1,4,0,0,30,0,0,0,0,0,4,2,7
,2023-01878,39.75276885,-104.9996172,1/20/2023 20:14,20:14:00,6,0,0,17TH ST & WYNKOOP ST,4,3,0,0,1,4,0,0,25,0,0,0,0,0,4,2,16
,2023-01888,39.78337955,-105.0349416,1/21/2023 0:11,0:11:00,12,0,0,I-70 & N LOWELL BLVD,1,3,0,0,1,4,0,0,55,0,0,0,0,0,1,3,16
,2023-01889,39.79839239,-104.7721287,1/21/2023 0:28,0:28:00,3,0,0,E 56TH AVE & N TOWER RD,1,3,0,0,1,3,0,0,40,0,0,0,0,0,4,2,16
,2023-01898,39.7954474,-104.884152,1/21/2023 16:38,16:38:00,12,0,0, CENTRAL PARK BLVD & E 54TH AVE,11,3,0,2,1,1,0,0,45,0,0,0,0,0,4,2,10
,2023-01902,39.73382912,-104.9835367,1/21/2023 2:30,2:30:00,6,0,0,E 11TH AVE & N GRANT ST,4,3,0,0,1,3,0,0,30,0,0,0,0,0,4,5,1
,2023-01909,39.74021647,-104.9034685,1/21/2023 1:27,1:27:00,11,0,1,E COLFAX AVE & N QUEBEC ST,4,3,0,0,1,1,0,0,45,0,1,0,0,1,2,1,11
,2023-01910,39.70386156,-104.9145944,1/20/2023 18:25,18:25:00,3,0,0,E EXPOSITION AVE & LEETSDALE DR,1,3,0,0,1,1,0,0,,0,0,0,0,0,2,2,16
,2023-01912,39.64964155,-104.8812534,1/19/2023 16:39,16:39:00,5,0,0, BEELER ST & E KENYON AVE,4,4,0,2,3,4,0,0,30,0,0,0,0,0,4,1,14
,2023-01917,39.69662533,-104.9850821,1/21/2023 18:34,18:34:00,3,0,0,E MISSISSIPPI AVE & S SHERMAN ST,11,3,0,2,1,1,0,0,25,0,0,0,0,0,4,2,13
,2023-01920,39.70689172,-104.8754663,1/21/2023 17:29,17:29:00,14,0,0,E CENTER AVE & S DAYTON ST,9,3,0,2,1,4,0,0,30,0,0,0,0,0,4,2,13
,2023-01922,39.77411578,-104.8827306,1/21/2023 19:01,19:01:00,12,0,0,E 40TH AVE & N CENTRAL PARK BLVD,4,3,0,2,1,12,0,0,35,0,0,0,0,0,4,2,14
,2023-01924,39.74004789,-105.0000727,1/21/2023 11:42,11:42:00,1,0,0, SANTA FE DR & W COLFAX AVE,7,1,3,0,1,1,0,0,30,0,0,0,0,0,2,2,13
,2023-01968,39.84410741,-104.7577396,1/22/2023 16:00,16:00:00,15,0,0,PENA BLVD & E 80TH AVE,1,1,0,0,1,4,0,0,45,0,0,0,0,0,4,2,8
,2023-01969,39.7855485,-104.8931985,1/7/2023 19:35,19:35:00,15,0,0, UINTA ST & E NORTHFIELD BLVD,2,3,0,0,1,1,0,0,,0,0,0,0,0,4,2,16
,2023-01972,39.71656746,-105.0324608,1/21/2023 2:33,2:33:00,3,0,0,W ELLSWORTH AVE & S KNOX CT,4,3,0,0,1,1,0,0,25,0,0,0,0,0,4,2,13
,2023-01976,39.7181875,-104.9593472,1/22/2023 1:30,1:30:00,15,0,1,E 1ST AVE & N UNIVERSITY BLVD,12,3,0,0,1,3,0,0,30,0,0,0,0,2,4,2,14
,2023-01982,39.7618182,-104.9124085,1/22/2023 9:35,9:35:00,8,0,0, MONACO ST & E MLK BLVD,1,1,0,0,1,1,0,0,35,0,0,0,0,0,4,2,10
,2023-01988,39.74003194,-104.9825123,1/9/2023 11:49,11:49:00,6,0,0,E COLFAX AVE & N LOGAN ST,1,1,0,0,1,4,0,0,30,0,0,0,0,0,2,2,16
,2023-01991,39.73839658,-104.9634875,1/19/2023 10:20,10:20:00,3,0,0,E 14TH AVE & N RACE ST,11,1,0,0,1,1,0,0,25,0,0,0,0,0,4,2,16
,2023-01994,39.77714097,-104.8829719,1/5/2023 18:18,18:18:00,12,0,0,I-70 & N CENTRAL PARK BLVD,1,3,0,0,1,4,0,0,,0,0,0,0,0,1,2,16
,2023-01999,39.77717609,-104.8833544,1/20/2023 17:05,17:05:00,12,0,0,I-70 EB OFF RAMP & N CENTRAL PARK BLVD,2,3,0,0,1,8,0,0,,0,0,0,0,0,4,3,16
,2023-02007,39.7665302,-104.998644,1/21/2023 2:09,2:09:00,15,0,1,I-25 & PARK AVE W,1,3,0,0,1,4,0,0,55,0,0,0,0,3,1,2,16
,2023-02010,39.73692055,-104.9776097,1/12/2023 8:34,8:34:00,6,0,0,1221  CLARKSON ST & E 13TH AVE,1,1,0,0,2,4,0,0,25,0,0,0,0,0,4,2,16
,2023-02013,39.72341445,-104.9837944,1/22/2023 2:25,2:25:00,3,0,0, GRANT ST & E SPEER BLVD,12,3,0,0,1,3,0,0,35,0,0,0,0,0,4,2,16
,2023-02014,39.74395018,-105.0252396,1/22/2023 14:33,14:33:00,12,0,0,W 17TH AVE & N FEDERAL BLVD,1,1,0,0,1,1,0,0,10,0,0,0,0,0,4,2,11
,2023-02016,39.73057955,-104.9729506,1/21/2023 19:12,19:12:00,6,0,0, DOWNING ST & E 9TH AVE,5,3,0,0,1,4,0,0,30,0,0,0,0,0,4,3,14
,2023-02024,39.75293211,-104.9804704,1/21/2023 17:26,17:26:00,3,0,0,WELTON ST & 25TH ST,9,3,0,2,1,3,0,0,25,0,0,0,0,0,4,2,14
,2023-02027,39.729105,-104.9590272,1/22/2023 19:14,19:14:00,3,0,0, JOSEPHINE ST & E 8TH AVE,12,3,0,0,1,1,0,0,35,0,0,0,0,0,4,2,14
,2023-02028,39.70311858,-104.9131789,1/21/2023 17:56,17:56:00,12,0,0,LEETSDALE DR & S MONACO ST PKWY,9,3,0,2,1,3,0,0,35,0,0,0,0,0,2,3,16
,2023-02030,39.77960772,-104.771481,1/19/2023 5:30,5:30:00,6,0,0, ANDES ST & E 45TH AVE,7,3,0,0,1,4,0,0,30,0,0,0,0,0,4,2,16
,2023-02032,39.78002593,-104.9891611,1/22/2023 16:22,16:22:00,12,0,0,I-25 & I-70,1,1,0,0,1,4,0,0,55,0,0,0,0,0,1,2,13
,2023-02034,39.74038913,-104.9873872,1/5/2023 16:00,16:00:00,6,0,0,BROADWAY & E COLFAX AVE,1,1,0,0,1,4,0,0,35,0,0,0,0,0,4,2,1
,2023-02035,39.72527464,-105.0252126,1/21/2023 20:38,20:38:00,12,0,1, FEDERAL BLVD & W 6TH AVE EB RAMP,1,3,0,0,1,1,0,0,,0,0,0,0,2,2,2,16
,2023-02094,39.72917717,-104.8867554,1/23/2023 13:48,13:48:00,1,0,2, YOSEMITE ST & N AKRON WY,1,1,0,0,1,1,0,0,35,0,0,0,0,1,4,2,13
,2023-02095,39.74019095,-104.9408054,1/14/2023 5:52,5:52:00,16,0,0,E COLFAX AVE & N COLORADO BLVD,1,2,0,0,5,7,0,0,,0,0,0,0,0,3,2,16
,2023-02096,39.67853239,-104.9781394,1/20/2023 10:20,10:20:00,12,0,0,E EVANS AVE & S CLARKSON ST,11,1,0,0,1,1,0,0,30,0,0,0,0,1,4,2,3
,2023-02106,39.74007177,-104.9408866,1/20/2023 13:45,13:45:00,15,0,0,E COLFAX AVE & N COLORADO BLVD,1,1,0,0,1,4,0,0,,0,0,0,0,0,2,2,16
,2023-02107,39.68212842,-104.9734175,1/19/2023 17:40,17:40:00,12,0,0, DOWNING ST & E JEWELL AVE,4,3,0,2,1,4,0,0,30,0,0,0,0,1,4,3,13
,2023-02109,39.63416168,-104.9067302,1/23/2023 17:37,17:37:00,12,0,0,I-25 & I-225 OFF RAMP GORE PT,1,3,0,0,1,4,0,0,65,0,0,0,0,0,1,2,16
,2023-02110,39.7290718,-104.9744459,1/20/2023 20:16,20:16:00,15,0,0,1029 E  8TH AVE,7,3,0,0,1,4,0,0,15,0,0,0,0,0,4,2,1
,2023-02111,39.66762513,-104.9035209,1/23/2023 8:19,8:19:00,15,0,0,E YALE AVE & S QUEBEC ST,11,1,3,2,1,1,0,0,30,0,0,0,0,0,4,2,16
,2023-02112,39.74483513,-104.9735535,1/21/2023 14:55,14:55:00,15,0,0,E 18TH AVE & N DOWNING ST,1,1,0,0,1,4,0,0,30,0,0,0,0,0,4,2,13
,2023-02113,39.74850677,-104.9844262,1/19/2023 16:25,16:25:00,3,0,0,21ST ST & GLENARM PL,4,1,0,0,1,1,0,0,25,0,0,0,0,0,4,2,13
,2023-02115,39.74003039,-104.9823384,1/20/2023 13:45,13:45:00,3,0,0,E COLFAX AVE & N LOGAN ST,1,1,0,0,1,1,0,0,35,0,0,0,0,0,2,2,11
,2023-02118,39.70673493,-105.0250837,1/22/2023 8:10,8:10:00,12,0,0, FEDERAL BLVD & W CUSTER PL,1,1,0,0,1,2,0,0,40,0,0,0,0,0,2,2,3
,2023-02123,39.69736077,-104.9827234,1/18/2023 6:02,6:02:00,5,0,1,I-25 & S LOGAN ST,5,3,1,2,2,4,0,0,55,0,0,0,0,1,1,2,16
,2023-02126,39.66778539,-105.0530859,1/20/2023 7:30,7:30:00,12,0,0,W YALE AVE & S SHERIDAN BLVD,4,1,0,0,1,3,0,0,30,0,0,0,0,0,4,2,16
,2023-02130,39.756063,-104.9917798,1/21/2023 13:45,13:45:00,12,0,0,22ND ST & BLAKE ST,11,1,0,1,1,4,0,0,30,0,0,0,0,0,4,2,13
,2023-02131,39.73843809,-104.987413,1/21/2023 12:35,12:35:00,10,0,0, BROADWAY ST & E 14TH AVE,11,1,0,0,1,1,0,0,35,0,0,0,0,0,4,2,8
,2023-02132,39.74759862,-105.0180934,1/23/2023 15:09,15:09:00,12,0,0,I-25 & W 17TH AVE,1,1,0,0,1,8,0,0,55,0,0,0,0,0,1,2,1
,2023-02133,39.78007505,-104.8470198,1/23/2023 7:59,7:59:00,12,0,0, PEORIA ST & E 46TH AVE,11,1,0,2,1,2,0,0,35,0,0,0,0,0,4,2,10
,2023-02135,39.65578057,-105.0579868,1/23/2023 8:26,8:26:00,5,0,1,W DARTMOUTH AVE & S GOLDEN WY,11,1,0,0,2,4,0,0,30,0,0,0,0,1,4,1,10
,2023-02137,39.65427283,-104.9046411,1/20/2023 11:13,11:13:00,6,0,0, POPLAR ST & E HAMPDEN AVE,4,1,1,0,1,4,0,0,30,0,0,0,0,0,4,2,16
,2023-02141,39.71111385,-104.9798439,1/22/2023 13:55,13:55:00,12,0,0,E ALAMEDA AVE & S PEARL ST,1,1,0,0,1,4,0,0,30,0,0,0,0,0,4,2,3
,2023-02143,39.73190391,-104.9393972,1/23/2023 14:43,14:43:00,6,0,0,E 10TH AVE & ALBION ST,2,1,1,0,1,4,0,0,15,0,0,0,0,0,4,2,13
,2023-02144,39.78002869,-104.9405039,1/23/2023 9:20,9:20:00,15,0,0,I-70 EB OFF RAMP & N COLORADO BLVD,12,1,1,2,1,8,0,0,35,0,0,0,0,0,1,2,8
,2023-02147,39.76195996,-105.0026756,1/23/2023 12:56,12:56:00,12,0,1,I-25 RAMP FROM 20TH ST & RAMP METERING LIGHT,11,1,1,0,1,8,0,0,55,0,0,0,0,1,1,2,7
,2023-02149,39.74003039,-104.9823384,1/20/2023 15:40,15:40:00,3,0,0,E COLFAX AVE & N LOGAN ST,1,1,0,0,1,1,0,0,35,0,0,0,0,0,2,2,11
,2023-02151,39.77935774,-104.9791696,1/21/2023 10:45,10:45:00,12,0,0,I-70 EB OFF RAMP & N WASHINGTON ST,1,1,0,0,1,8,0,0,25,0,0,0,0,0,4,2,16
,2023-02152,39.77790597,-104.847031,1/21/2023 9:30,9:30:00,12,0,0, PEORIA ST & E 45TH AVE,1,1,0,0,1,4,0,0,30,0,0,0,0,0,4,3,1
,2023-02153,39.7400853,-104.9064579,1/20/2023 14:30,14:30:00,6,0,0,E COLFAX AVE & OLIVE ST,1,1,0,0,1,4,0,0,35,0,0,0,0,0,2,2,13
,2023-02155,39.75627059,-105.0090296,1/22/2023 17:50,17:50:00,8,0,0,15TH ST & PLATTE ST,1,3,0,0,1,4,0,0,30,0,0,0,0,0,4,2,14
,2023-02156,39.74001675,-104.9873901,1/18/2023 16:00,16:00:00,10,0,0, BROADWAY ST & E COLFAX AVE,8,1,0,2,1,1,0,0,35,0,0,0,0,0,2,2,1
,2023-02161,39.75105804,-104.9405996,1/23/2023 18:29,18:29:00,1,0,0, COLORADO BLVD & E 23RD AVE,11,3,0,0,1,1,0,0,35,0,0,0,0,0,2,2,16
,2023-02172,39.72388781,-104.8841545,1/20/2023 7:52,7:52:00,5,0,0,E LOWRY BLVD & N YOSEMITE ST,4,1,0,0,2,6,0,0,30,0,0,0,0,0,4,1,10
,2023-02174,39.68756224,-104.9919398,1/19/2023 18:12,18:12:00,12,0,1, SANTA FE DR & W IOWA AVE,11,4,0,0,1,1,0,0,45,0,0,0,0,1,2,3,7
,2023-02177,39.65651916,-105.0532238,1/20/2023 9:18,9:18:00,3,0,0, SHERIDAN BLVD & W DARTMOUTH AVE,1,1,0,0,1,2,0,0,40,0,0,0,0,0,2,2,11
,2023-02178,39.72570692,-104.9985842,1/22/2023 21:35,21:35:00,3,0,0,W 6TH AVE & N SANTA FE DR,12,3,0,0,1,1,0,0,35,0,0,0,0,0,4,2,3
,2023-02179,39.74300507,-104.972384,1/21/2023 23:41,23:41:00,15,0,0,PARK AVE W & N MARION ST,4,4,0,0,1,3,0,0,30,0,0,0,0,0,4,2,1