id,drcog_id,latitude,longitude,crashtime,time,crashtype,numbkilled,numbinjurd,drcoglocat,rdconditin,lightngcon,roadcntgrd,weatherco,location,roaddescrp,schoolzone,constrzone,splimit,bikeinv,pedinv,sctrinv,motoinv,svrty,rdsystem,ttlvehcls,hcf
,2023-02180,39.74814222,-104.9936299,1/19/2023 9:40,9:40:00,11,0,1,17TH ST & CURTIS ST,9,1,0,0,1,1,0,0,30,0,1,0,0,2,4,1,11
,2023-02181,39.76007024,-104.8686488,1/22/2023 17:26,17:26:00,11,0,0,E MLK BLVD & N GENEVA ST,1,3,0,0,1,1,0,0,35,0,1,0,0,0,4,1,16
,2023-02182,39.77341964,-104.8743166,1/23/2023 19:22,19:22:00,5,0,1,E 40TH AVE & N CENTRAL PARK BLVD,5,3,0,0,1,4,0,0,40,0,0,0,0,1,4,1,10
,2023-02185,39.76605939,-104.9733288,1/19/2023 15:46,15:46:00,3,0,0,35TH ST & N DOWNING ST,2,1,0,0,1,1,0,0,,0,0,0,0,0,4,2,16
,2023-02189,39.79099273,-104.9399003,1/19/2023 14:57,14:57:00,3,0,2,E 52ND AVE & N COLORADO BLVD,1,1,3,0,1,1,0,0,25,0,0,0,0,2,2,2,11
,2023-02210,39.80175452,-104.7691257,1/21/2023 0:19,0:19:00,11,0,1, ARGONNE ST & E 58TH AVE,4,3,0,0,1,4,0,0,0,0,1,0,0,1,4,1,16
,2023-02259,39.64525535,-105.0584803,1/21/2023 22:07,22:07:00,5,0,0,W MANSFIELD AVE & W MARQUETTE DR,4,3,0,2,3,1,0,0,25,0,0,0,0,0,4,1,7
,2023-02266,39.75022379,-105.0047785,1/21/2023 20:40,20:40:00,1,0,0,WEWATTA ST & N SPEER BLVD,4,3,1,0,1,1,0,0,35,0,0,0,0,0,4,2,16
,2023-02268,39.74007904,-104.9034682,1/21/2023 2:20,2:20:00,3,0,1,E COLFAX AVE & N QUEBEC ST,5,3,0,0,1,1,0,0,45,0,0,0,0,2,2,2,16
,2023-02272,39.77657759,-105.0532488,1/20/2023 20:17,20:17:00,3,0,0,W 44TH AVE & SHERIDAN BLVD,1,3,0,0,1,1,0,0,35,0,0,0,0,0,2,2,11
,2023-02315,39.711194,-104.9971408,1/24/2023 11:01,11:01:00,8,0,0, SANTA FE DR & W ALAMEDA AVE,1,1,3,0,1,4,0,0,25,0,0,0,0,0,4,2,3
,2023-02316,39.72728481,-104.9874155,1/24/2023 16:13,16:13:00,10,0,0,BROADWAY & E 7TH AVE,1,1,0,0,1,1,0,0,30,0,0,0,0,1,4,2,8
,2023-02317,39.73648422,-104.935017,1/24/2023 13:30,13:30:00,10,0,0,E 13TH AVE & N CLERMONT ST,1,1,0,0,1,1,0,0,30,0,0,0,0,0,4,2,8
,2023-02318,39.75751923,-104.9864086,1/24/2023 19:42,19:42:00,15,0,0,25TH ST & LARIMER ST,1,2,0,0,1,4,0,0,30,0,0,0,0,0,4,2,16
,2023-02320,39.70569345,-104.8659727,1/24/2023 16:33,16:33:00,1,0,3, HAVANA ST & S GALENA WY,1,3,0,0,1,1,0,0,40,0,0,0,0,1,2,2,13
,2023-02321,39.8380262,-104.7013335,1/23/2023 21:58,21:58:00,15,0,0,E 78TH AVE & N NEWBERN T,11,3,0,0,1,3,0,0,40,0,0,0,0,0,4,2,13
,2023-02322,39.67872092,-105.0156956,1/11/2023 18:07,18:07:00,10,0,0, ZUNI ST & W EVANS AVE,1,3,0,0,1,3,0,0,20,0,0,0,0,0,4,2,13
,2023-02324,39.75839495,-105.0158351,1/23/2023 14:30,14:30:00,3,0,0, ZUNI ST & W 29TH AVE,1,1,1,0,1,1,0,0,30,0,0,0,0,0,4,2,8
,2023-02325,39.67845454,-104.940635,1/23/2023 21:48,21:48:00,3,0,0,E EVANS AVE & S COLORADO BLVD,1,3,0,0,1,1,0,0,35,0,0,0,0,0,2,2,13
,2023-02329,39.75545425,-104.9394294,1/23/2023 9:03,9:03:00,6,0,0, ALBION ST & E 26TH AVE,4,1,0,2,1,4,0,0,25,0,0,0,0,0,4,2,16
,2023-02330,39.7250145,-105.013339,1/24/2023 11:59,11:59:00,5,0,1,I-25 ON RAMP FROM EB W 6TH AVE FWY & I-25 NB,1,1,1,0,3,8,0,0,55,0,0,0,0,2,1,1,1
,2023-02331,39.76538809,-104.902606,1/24/2023 9:54,9:54:00,12,0,0, QUEBEC ST & E 35TH AVE,1,1,0,0,1,1,0,0,35,0,0,0,0,0,4,2,16
,2023-02332,39.67784879,-104.9937188,1/24/2023 7:29,7:29:00,6,0,0, SANTA FE DR & W EVANS AVE,1,1,0,0,1,4,0,0,65,0,0,0,0,0,2,2,16
,2023-02334,39.73827933,-104.9350053,1/23/2023 12:30,12:30:00,3,0,0, CLERMONT ST & E 14TH AVE,1,1,0,0,1,1,0,0,25,0,0,0,0,0,4,2,3
,2023-02337,39.757085,-105.0180309,1/24/2023 6:40,6:40:00,8,0,0, SPEER BLVD & N ZUNI ST,1,2,1,0,1,2,0,0,35,0,0,0,0,0,4,2,11
,2023-02343,39.68491674,-104.959627,1/24/2023 7:32,7:32:00,12,0,0,I-25 & S UNIVERSITY BLVD,1,1,1,0,1,4,0,0,55,0,0,0,0,0,1,3,13
,2023-02344,39.74744049,-104.9031583,1/22/2023 12:00,12:00:00,12,0,0,E MONTVIEW BLVD & N QUEBEC ST,11,1,0,0,1,4,0,0,30,0,0,0,0,1,4,2,3
,2023-02346,39.78363575,-104.7834514,1/24/2023 12:55,12:55:00,5,0,1,E GREEN VALLEY RANCH BLVD & N SALIDA ST,4,1,0,0,3,4,0,0,35,0,0,0,0,2,4,1,7
,2023-02348,39.67827315,-104.9056124,1/24/2023 7:00,7:00:00,14,0,0,E EVANS AVE & S PONTIAC WY,1,1,0,0,6,1,0,0,45,0,0,0,0,0,4,2,13
,2023-02349,39.78181668,-104.8376608,1/5/2023 20:32,20:32:00,5,0,0,E 47TH AVE & N TOPEKA CT,4,3,0,0,3,1,0,0,,0,0,0,0,0,4,1,16
,2023-02350,39.73505083,-104.9775995,1/22/2023 15:20,15:20:00,6,0,0, CLARKSON ST & E 12TH AVE,9,3,0,2,1,4,0,0,,0,0,0,0,0,1,2,16
,2023-02352,39.72551657,-105.0131329,1/24/2023 14:50,14:50:00,5,0,0,W 6TH AVE EB OFF RAMP & I-25 NB,1,1,1,0,3,8,0,0,45,0,0,0,0,0,2,2,16
,2023-02356,39.78370146,-104.8097982,1/23/2023 15:57,15:57:00,1,0,1, CHAMBERS RD & E GATEWAY AVE,12,1,0,0,1,1,0,0,40,0,0,0,0,2,4,2,13
,2023-02358,39.75994009,-104.9659519,1/23/2023 12:08,12:08:00,1,0,0, WILLIAMS ST & E 31ST AVE,4,1,0,0,1,4,0,0,25,0,0,0,0,0,4,2,16
,2023-02360,39.78571977,-104.8830669,1/22/2023 15:30,15:30:00,12,0,0, CENTRAL PARK BLVD & E NORTHFIELD BLVD,11,1,0,0,1,4,0,0,35,0,0,0,0,0,4,2,7
,2023-02362,39.78009783,-104.9497568,1/23/2023 16:13,16:13:00,12,0,0,I-70 & N STEELE ST,1,1,0,0,1,4,0,0,55,0,0,0,0,0,1,2,3
,2023-02363,39.74007214,-104.919317,1/22/2023 16:30,16:30:00,6,0,0,E COLFAX AVE & N JERSEY ST,11,1,0,0,1,4,0,0,35,0,0,0,0,0,2,3,11
,2023-02365,39.74847338,-105.0032721,1/15/2023 18:27,18:27:00,12,0,0,BLAKE ST & N SPEER BLVD,1,1,0,0,1,4,0,0,,0,0,0,0,0,4,2,16
,2023-02368,39.62375894,-104.9017381,1/24/2023 14:37,14:37:00,12,0,0,I-25 SB OFF RAMP & E BELLEVIEW AVE,1,1,1,0,1,8,0,0,45,0,0,0,0,0,1,2,13
,2023-02373,39.83346191,-104.6930049,1/24/2023 12:04,12:04:00,12,0,0,PENA BLVD & N JACKSON GAP ST,1,1,1,0,1,3,0,0,35,0,0,0,0,0,4,2,11
,2023-02378,39.75103111,-104.9405996,1/10/2023 22:14,22:14:00,1,0,2, COLORADO BLVD & E 23RD AVE,1,3,1,0,1,1,0,0,35,0,0,0,0,1,2,2,11
,2023-02379,39.77767775,-104.9618888,1/24/2023 9:27,9:27:00,10,0,0,4360 N VINE ST,1,1,0,0,1,3,0,0,30,0,0,0,0,0,4,2,11
,2023-02380,39.6785707,-104.9222666,1/24/2023 7:45,7:45:00,12,0,0, HOLLY ST & E EVANS AVE,1,1,0,0,1,3,0,0,30,0,0,0,0,0,4,2,11
,2023-02384,39.74890613,-104.9874051,1/23/2023 14:45,14:45:00,12,0,0,CALIFORNIA ST & N BROADWAY ST,1,1,0,0,1,1,0,0,25,0,0,0,0,0,4,2,3
,2023-02387,39.78363784,-104.7904896,1/24/2023 10:00,10:00:00,1,0,3,E GREEN VALLEY RANCH BLVD & PENA BLVD INBOUND,4,1,0,0,1,1,0,0,35,0,0,0,0,2,4,2,13
,2023-02388,39.74639691,-105.0345707,1/10/2023 17:45,17:45:00,6,0,0,W 19TH AVE & N LOWELL BLVD,1,1,0,0,1,1,0,0,25,0,0,0,0,0,4,2,13
,2023-02393,39.7474239,-104.903448,1/22/2023 9:45,9:45:00,12,0,0,E MONTVIEW BLVD,11,1,0,0,1,4,0,0,30,0,0,0,0,0,4,2,3
,2023-02395,39.70734312,-104.9222679,1/24/2023 8:36,8:36:00,12,0,0,LEETSDALE DR & S HOLLY ST,1,1,0,0,1,1,0,0,30,0,0,0,0,0,2,3,14
,2023-02396,39.74003742,-105.0532104,1/22/2023 16:30,16:30:00,12,0,1, SHERIDAN BLVD & W COLFAX AVE,1,2,0,0,1,3,0,0,35,0,0,0,0,1,2,3,13
,2023-02397,39.7130115,-105.0203234,1/23/2023 16:42,16:42:00,3,0,0,W CEDAR AVE & S CLAY ST,1,1,0,0,1,1,0,0,25,0,0,0,0,0,4,2,16
,2023-02399,39.77400657,-104.8470449,1/24/2023 7:55,7:55:00,12,0,0,I-70 EB & N PEORIA ST,1,1,1,0,1,8,0,0,25,0,0,0,0,0,1,2,16
,2023-02400,39.7400681,-105.0028213,1/13/2023 6:00,6:00:00,12,0,0,W COLFAX AVE & N OSAGE ST,1,3,0,1,1,4,0,0,30,0,0,0,0,0,2,2,16
,2023-02402,39.70488014,-105.0042797,1/23/2023 9:17,9:17:00,15,0,0,W GILL PL & S NAVAJO ST,1,1,1,0,1,4,0,0,25,0,0,0,0,0,4,2,11
,2023-02404,39.68215875,-105.0532113,1/24/2023 9:18,9:18:00,15,0,0, SHERIDAN BLVD & W JEWELL AVE,1,1,0,0,1,3,0,0,40,0,0,0,0,0,2,2,16
,2023-02405,39.67495168,-104.9944123,1/23/2023 14:24,14:24:00,15,0,0, SANTA FE DR & W EVANS AVE,1,1,0,0,1,4,0,0,,0,0,0,0,0,2,2,16
,2023-02409,39.73284733,-104.8846976,1/22/2023 13:20,13:20:00,3,0,0,E 11TH AVE & N YOSEMITE ST,1,1,0,0,1,1,0,0,30,0,0,0,0,1,4,2,10
,2023-02415,39.76562841,-104.9188262,1/24/2023 7:19,7:19:00,12,0,0,E 35TH AVE & N JASMINE ST,4,1,0,0,1,1,0,0,25,0,0,0,0,0,4,2,16
,2023-02417,39.70040318,-105.0450853,1/22/2023 23:46,23:46:00,6,0,0,W KENTUCKY AVE & S UTICA ST,4,4,0,0,1,4,0,0,,0,0,0,0,0,4,2,16
,2023-02418,39.74013458,-105.0052347,1/23/2023 7:50,7:50:00,12,0,0,W COLFAX AVE & N OSAGE ST,4,1,0,0,1,1,0,0,35,0,0,0,0,0,2,2,3
,2023-02419,39.70570432,-104.9828034,1/24/2023 9:11,9:11:00,3,0,0,E CENTER AVE & S LOGAN ST,2,1,0,0,1,1,0,0,30,0,0,0,0,0,4,2,11
,2023-02422,39.78009399,-104.9895613,1/23/2023 11:32,11:32:00,12,0,0,I-70 EB OFF RAMP TO SB -25 & I-25,11,1,1,0,1,8,0,0,40,0,0,0,0,0,1,2,3
,2023-02424,39.67845454,-104.940635,1/24/2023 13:50,13:50:00,1,0,0,E EVANS AVE & S COLORADO BLVD,1,1,0,0,1,1,0,0,30,0,0,0,0,0,2,2,3
,2023-02428,39.72550138,-105.013365,1/24/2023 7:34,7:34:00,15,0,0,I-25 SB ON RAMP & W 6TH AVE,1,1,0,0,1,8,0,0,65,0,0,0,0,0,1,2,16
,2023-02433,39.67846555,-104.9297454,1/24/2023 9:38,9:38:00,12,0,0,E EVANS AVE & S DAHLIA ST,1,1,0,0,1,4,0,0,35,0,0,0,0,0,4,2,16
,2023-02462,39.74822385,-104.9830386,1/25/2023 18:06,18:06:00,6,0,0,TREMONT PL & 21ST ST,1,3,0,0,1,4,0,0,,0,0,0,0,0,4,2,16
,2023-02463,39.70393566,-104.9593583,1/10/2023 11:57,11:57:00,12,0,2, UNIVERSITY BLVD & E EXPOSITION AVE,1,1,0,0,1,3,0,0,35,0,0,0,0,1,4,2,13
,2023-02464,39.74010365,-105.0081119,1/25/2023 12:48,12:48:00,12,0,0,W COLFAX AVE & N OSAGE ST,1,1,0,0,1,4,0,0,40,0,0,0,0,0,2,2,13
,2023-02465,39.74162392,-104.9620607,1/25/2023 11:35,11:35:00,6,0,0,E 16TH AVE & N VINE ST,4,1,0,0,1,4,0,0,25,0,0,0,0,1,4,3,13
,2023-02467,39.7602617,-105.0252438,1/25/2023 18:56,18:56:00,1,0,0, FEDERAL BLVD & N SPEER BLVD,1,2,0,0,1,1,0,0,35,0,0,0,0,0,2,2,13
,2023-02472,39.79828541,-104.8158874,1/25/2023 13:30,13:30:00,5,0,1,E 56TH AVE & N ELKHART ST,2,1,0,0,3,4,0,0,40,0,0,0,0,2,4,1,16
,2023-02473,39.71118308,-104.9988839,1/25/2023 10:38,10:38:00,15,0,0,I-25 & W ALAMEDA AVE,7,1,0,2,1,4,0,0,55,0,0,0,0,0,1,3,13
,2023-02474,39.71841788,-104.996347,1/25/2023 17:02,17:02:00,3,0,0,W 1ST AVE & S GALAPAGO ST,1,2,0,0,1,1,0,0,25,0,0,0,0,0,4,2,13
,2023-02475,39.72933857,-105.0251494,1/25/2023 10:18,10:18:00,12,0,1, FEDERAL BLVD & W 6TH AVE,8,1,0,0,1,1,0,0,40,0,0,0,0,1,2,2,3
,2023-02476,39.77935774,-104.9791696,1/25/2023 6:45,6:45:00,12,0,0,I-70 & N WASHINGTON ST,1,1,1,0,1,4,0,0,55,0,0,0,0,0,1,2,16
,2023-02483,39.74047244,-104.8940334,1/10/2023 13:28,13:28:00,6,0,0,1500  ULSTER ST E COLFAX AVE,1,1,0,0,1,4,0,0,,0,0,0,0,0,4,2,16
,2023-02488,39.73864623,-104.9977832,1/24/2023 17:39,17:39:00,15,0,0, SPEER BLVD & W 14TH AVE,1,3,0,0,1,4,0,0,30,0,0,0,0,0,4,2,8
,2023-02493,39.75513066,-105.012718,1/25/2023 17:49,17:49:00,15,0,0,I-25 & W 17TH AVE,1,3,0,0,1,4,0,0,55,0,0,0,0,0,1,2,13
,2023-02494,39.67817961,-104.9734355,1/25/2023 17:29,17:29:00,3,0,0, DOWNING ST & E EVANS AVE,1,3,0,0,1,2,0,0,30,0,0,0,0,0,4,2,13
,2023-02497,39.68472869,-104.9594472,1/25/2023 11:00,11:00:00,15,0,0,I-25 & S UNIVERSITY BLVD,9,1,0,2,1,4,0,0,65,0,0,0,0,0,1,2,1
,2023-02498,39.66274933,-104.9129732,1/25/2023 12:30,12:30:00,1,0,0, MONACO ST & E CORNELL AVE,11,1,0,2,1,1,0,0,30,0,0,0,0,0,4,2,3
,2023-02499,39.67864999,-105.0231759,1/17/2023 18:41,18:41:00,14,0,0,W EVANS AVE & S FEDERAL BLVD,9,3,0,2,1,2,0,0,30,0,0,0,0,0,4,2,13
,2023-02522,39.66762513,-104.9035209,1/25/2023 12:00,12:00:00,12,0,0,E YALE AVE & S QUEBEC ST,11,1,0,0,1,1,0,0,25,0,0,0,0,0,4,2,3
,2023-02524,39.70666042,-104.9965561,1/25/2023 18:15,18:15:00,12,0,0,I-25 & S SANTA FE DR,1,4,3,0,1,4,0,0,55,0,0,0,0,0,1,2,13
,2023-02525,39.7130115,-105.0203234,1/25/2023 19:21,19:21:00,3,0,0,W CEDAR AVE & S CLAY ST,1,4,1,0,1,1,0,0,,0,0,0,0,0,4,2,16
,2023-02526,39.74924606,-105.0027683,1/25/2023 16:35,16:35:00,12,0,0,14TH ST & WEWATTA ST,1,1,0,0,1,4,0,0,35,0,0,0,0,0,4,2,8
,2023-02527,39.67761512,-104.9887987,1/24/2023 8:00,8:00:00,5,0,0, ACOMA ST & W WARREN AVE,4,1,0,0,1,4,0,0,,0,0,0,0,0,4,1,16
,2023-02528,39.78961703,-104.8308729,1/24/2023 8:34,8:34:00,3,0,0,E 51ST AVE & N XANADU ST,4,1,0,0,1,1,0,0,25,0,0,0,0,0,4,2,16
,2023-02530,39.74020903,-104.9163424,1/15/2023 0:15,0:15:00,5,0,0,E COLFAX AVE & N KRAMERIA ST,1,3,0,0,3,1,0,0,35,0,0,0,0,0,2,1,14
,2023-02535,39.7367998,-105.048678,1/25/2023 10:54,10:54:00,14,0,0, WOLFF ST & W 13TH AVE,9,1,0,2,1,4,0,0,25,0,0,0,0,0,4,3,1
,2023-02536,39.68472503,-104.9504675,1/25/2023 9:13,9:13:00,12,0,0,I-25 & S STEELE ST,11,1,0,2,1,4,0,0,60,0,0,0,0,0,1,2,1
,2023-02537,39.72612479,-105.0324814,1/25/2023 7:24,7:24:00,12,0,0,W 6TH AVE & N KNOX CT,1,2,1,0,1,1,0,0,55,0,0,0,0,0,4,2,1
,2023-02540,39.77419313,-104.847045,1/25/2023 11:30,11:30:00,12,0,0,I-70 & N PEORIA ST,11,1,0,0,1,4,0,0,55,0,0,0,0,0,1,2,16
,2023-02541,39.76206171,-105.0532417,1/25/2023 7:46,7:46:00,15,0,0, SHERIDAN BLVD & W 32ND AVE,1,1,0,0,1,1,0,0,35,0,0,0,0,0,2,2,14
,2023-02547,39.76815519,-104.9597576,1/25/2023 7:42,7:42:00,15,0,0,E 37TH AVE & N YORK ST,1,1,0,0,1,1,0,0,30,0,0,0,0,0,4,2,1
,2023-02549,39.66758202,-104.9255832,1/25/2023 8:40,8:40:00,12,0,0,I-25 & E YALE AVE,1,1,0,0,1,4,0,0,65,0,0,0,0,0,1,2,13
,2023-02553,39.68228019,-105.0250196,1/25/2023 8:24,8:24:00,3,0,1, FEDERAL BLVD & W JEWELL AVE,11,1,0,0,1,1,0,0,40,0,0,0,0,2,2,3,3
,2023-02556,39.62835042,-104.9041046,1/25/2023 16:23,16:23:00,12,0,3,I-25 & E UNION AVE,1,1,0,0,1,4,0,0,65,0,0,0,0,1,1,2,3
,2023-02557,39.64666839,-104.9145847,1/25/2023 0:48,0:48:00,15,0,1,I-25 & E HAMPDEN AVE,1,3,0,0,1,4,0,0,65,0,0,0,0,2,1,2,1
,2023-02559,39.71121223,-105.0275522,1/25/2023 18:20,18:20:00,12,0,1,W ALAMEDA AVE & S HAZEL CT,1,1,0,0,1,4,0,0,35,0,0,0,0,1,2,2,13
,2023-02570,39.77279484,-104.8832039,1/25/2023 16:52,16:52:00,5,0,1, CENTRAL PARK BLVD & E 40TH AVE,1,2,0,0,6,4,0,0,30,0,0,0,0,1,4,1,11
,2023-02574,39.6573251,-104.9316774,1/24/2023 8:10,8:10:00,12,0,0, DAHLIA ST & E FLOYD AVE,1,1,0,0,1,2,0,0,30,0,0,0,0,0,4,2,16
,2023-02575,39.77805151,-104.8242659,1/26/2023 9:06,9:06:00,3,0,0,E ANDREWS DR & E 45TH AVE,1,1,0,0,1,1,0,0,25,0,0,0,0,0,4,2,7
,2023-02577,39.72533829,-104.9125691,1/26/2023 12:00,12:00:00,1,0,0, MONACO ST & E 6TH AVE,1,1,0,0,1,1,0,0,30,0,0,0,0,0,4,2,3
,2023-02579,39.7565646,-104.9779282,1/26/2023 12:35,12:35:00,3,0,0,28TH ST & CALIFORNIA ST,1,1,0,0,1,9,0,0,25,0,0,0,0,0,4,2,13
,2023-02585,39.69663722,-104.9817639,1/26/2023 16:07,16:07:00,12,0,3,I-25 & S LOGAN ST,1,1,0,0,1,4,0,0,60,0,0,0,0,1,1,3,16
,2023-02589,39.73684362,-104.9836307,1/26/2023 8:31,8:31:00,3,0,0,E 13TH AVE & N GRANT ST,1,1,0,0,1,1,0,0,,0,0,0,0,0,4,3,16
,2023-02593,39.75402387,-104.9964204,1/25/2023 16:21,16:21:00,3,0,0,19TH ST & WAZEE ST,1,1,0,0,1,1,0,0,25,0,0,0,0,0,4,2,1
,2023-02594,39.6386487,-105.0463403,1/25/2023 14:34,14:34:00,3,0,0,W QUINCY AVE & S UTICA ST,1,1,0,0,1,2,0,0,,0,0,0,0,0,4,2,3
,2023-02595,39.67529692,-105.0250402,1/26/2023 8:07,8:07:00,12,0,0, FEDERAL BLVD & W ILIFF AVE,1,1,0,0,1,3,0,0,40,0,0,0,0,0,2,2,10
,2023-02598,39.7351594,-104.9741236,1/26/2023 9:44,9:44:00,3,0,0,E 12TH AVE & N CORONA ST,4,1,0,0,1,1,0,0,25,0,0,0,0,0,4,2,16
,2023-02604,39.72564683,-104.9862729,1/26/2023 8:03,8:03:00,15,0,0,E 6TH AVE & N LINCOLN ST,1,1,0,0,1,1,0,0,30,0,0,0,0,0,4,2,16
,2023-02605,39.72667731,-104.9874295,1/25/2023 12:43,12:43:00,3,0,0, BROADWAY ST & N SPEER BLVD,11,1,0,0,1,1,0,0,30,0,0,0,0,0,4,2,13
,2023-02607,39.6382851,-104.8948058,1/25/2023 16:20,16:20:00,10,0,0,E QUINCY AVE & S TAMARAC ST,1,2,0,0,1,1,0,0,35,0,0,0,0,0,4,2,13
,2023-02611,39.78312395,-105.006425,1/26/2023 8:05,8:05:00,12,0,0,I-70 & N PECOS ST,1,1,1,0,1,4,0,0,55,0,0,0,0,0,1,2,16
,2023-02615,39.78189502,-104.9800868,1/23/2023 12:55,12:55:00,6,0,0, PEARL ST & N 47TH AVE,9,3,0,0,1,4,0,0,25,0,0,0,0,0,4,2,1
,2023-02619,39.69657744,-104.9405613,1/26/2023 16:40,16:40:00,12,0,0,E MISSISSIPPI AVE & S COLORADO BLVD,1,1,0,0,1,1,0,0,25,0,0,0,0,0,2,2,3
,2023-02629,39.7526877,-104.9946793,1/27/2023 1:33,1:33:00,3,0,0,19TH ST & MARKET ST,1,3,0,0,1,1,0,0,30,0,0,0,0,0,4,2,16
,2023-02630,39.77088704,-104.8091197,1/23/2023 21:50,21:50:00,1,0,0,CHAMBERS RD & I-70 WB RAMPS,1,3,0,0,6,1,0,0,45,0,0,0,0,0,4,2,1
,2023-02636,39.65297583,-104.9187701,1/26/2023 6:20,6:20:00,12,0,0,E HAMPDEN AVE & I-25,1,4,0,0,1,8,0,0,40,0,0,0,0,0,2,3,16
,2023-02637,39.77419313,-104.847045,1/26/2023 10:40,10:40:00,1,0,0, PEORIA ST & I-70 WB RAMPS,1,1,0,0,1,1,0,0,35,0,0,0,0,0,4,2,3
,2023-02645,39.78023184,-105.0341212,1/25/2023 16:02,16:02:00,8,0,1,W 46TH AVE & N LOWELL BLVD,1,1,0,0,1,4,0,0,30,0,0,0,0,2,4,3,10
,2023-02650,39.7785683,-104.9891811,1/25/2023 17:17,17:17:00,12,0,0,I-25 & I-70,11,3,1,0,1,4,0,0,55,0,0,0,0,0,1,2,16
,2023-02651,39.75846365,-105.0222096,1/26/2023 14:51,14:51:00,15,0,0,W 29TH AVE & N DECATUR ST,1,1,0,0,1,4,0,0,30,0,0,0,0,0,4,2,13
,2023-02652,39.683109,-104.9405183,1/27/2023 13:50,13:50:00,12,0,0,I-25 NB OFF RAMP & S COLORADO BLVD,1,1,0,0,1,8,0,0,25,0,0,0,0,0,1,2,13
,2023-02656,39.6530656,-104.918228,1/26/2023 8:22,8:22:00,12,0,0,I-25 & E HAMPDEN AVE,1,1,0,0,1,4,0,0,65,0,0,0,0,0,1,2,16
,2023-02663,39.73344576,-104.9597955,1/26/2023 9:00,9:00:00,10,0,0, YORK ST & E 11 AVE,1,1,0,0,1,1,0,0,25,0,0,0,0,0,4,2,8
,2023-02669,39.71012275,-104.9875839,1/27/2023 14:01,14:01:00,5,0,0, BROADWAY ST & E DAKOTA AVE,1,1,0,0,3,4,0,0,35,0,0,0,0,0,4,1,16
,2023-02670,39.7802005,-104.9891945,1/26/2023 15:53,15:53:00,12,0,0,I-70 WB EXIT RAMP TO NB -25 & I-25,1,1,0,0,1,8,0,0,45,0,0,0,0,0,1,2,13
,2023-02671,39.67844973,-104.9337845,1/27/2023 11:35,11:35:00,12,0,0,I-25 NB OFF RAMP & E EVANS AVE,1,1,2,0,1,8,0,0,25,0,0,0,0,0,1,2,13
,2023-02672,39.79644353,-104.7401294,1/26/2023 3:00,3:00:00,6,0,0,E 55TH PL & NETHERLAND ST,4,4,0,0,1,4,0,0,25,0,0,0,0,0,4,2,16
,2023-02684,39.69822616,-104.9026077,1/27/2023 16:23,16:23:00,15,0,0, PARKER RD & S QUEBEC ST,1,1,0,0,1,4,0,0,45,0,0,0,0,0,2,2,1
,2023-02685,39.71782121,-104.9461786,1/27/2023 11:19,11:19:00,3,0,0,E 1ST AVE & N MADISON ST,1,1,0,0,1,1,0,0,25,0,0,0,0,0,4,2,16
,2023-02686,39.79693022,-104.772132,1/27/2023 19:25,19:25:00,5,0,0, TOWER RD & E 56TH AVE,1,3,0,0,3,4,0,0,40,0,0,0,0,1,4,1,10
,2023-02688,39.73899513,-104.9861684,1/27/2023 15:25,15:25:00,12,0,0, LINCOLN ST & E 14TH AVE,1,1,0,0,1,4,0,0,30,0,0,0,0,1,4,3,12
,2023-02700,39.75951149,-104.8642165,1/27/2023 16:34,16:34:00,1,0,0,E MLK BLVD & N HAVANA ST,1,1,0,0,1,1,0,0,35,0,0,0,0,0,4,2,11
,2023-02701,39.74481527,-104.969676,1/27/2023 18:29,18:29:00,2,0,1, HUMBOLDT ST & E 18TH AVE,1,3,0,0,1,1,0,0,30,1,0,0,0,1,4,1,3
,2023-02702,39.79902025,-104.8685019,1/27/2023 17:26,17:26:00,12,0,0,E 56TH AVE & N GALENA ST,1,3,0,0,1,4,0,0,40,0,0,0,0,1,4,3,13
,2023-02706,39.65488391,-104.9317097,1/26/2023 17:00,17:00:00,3,0,1,E GIRARD AVE & S DAHLIA ST,1,3,0,0,1,1,0,0,25,0,0,0,0,2,4,2,13
,2023-02707,39.74000979,-104.9717977,1/27/2023 8:02,8:02:00,6,0,0,E COLFAX AVE & N MARION ST,1,1,0,0,1,4,0,0,30,0,0,0,0,0,2,2,16
,2023-02711,39.69480782,-104.9874493,1/27/2023 15:50,15:50:00,3,0,0, BROADWAY & E ARIZONA AVE,1,2,0,0,1,1,0,0,25,0,0,0,0,0,4,2,13
,2023-02712,39.70691503,-104.9205535,1/26/2023 15:26,15:26:00,10,0,0,E LEETSDALE DR & S HOLLY ST,1,1,0,0,1,2,0,0,35,0,0,0,0,0,2,2,13
,2023-02713,39.73065661,-105.015287,1/27/2023 14:11,14:11:00,15,0,0,I-25 & W 8TH AVE,1,1,0,0,1,4,0,0,55,0,0,0,0,0,1,2,16
,2023-02714,39.75846531,-105.0252866,1/27/2023 12:50,12:50:00,1,0,1, FEDERAL BLVD & W 29TH AVE,1,1,0,0,1,1,0,0,30,0,0,0,0,1,2,2,13
,2023-02715,39.72412617,-104.9558457,1/27/2023 11:08,11:08:00,10,0,0,E 5TH AVE & N CLAYTON ST,1,1,0,0,1,1,0,0,25,0,0,0,0,0,4,2,16