id,drcog_id,latitude,longitude,crashtime,time,crashtype,numbkilled,numbinjurd,drcoglocat,rdconditin,lightngcon,roadcntgrd,weatherco,location,roaddescrp,schoolzone,constrzone,splimit,bikeinv,pedinv,sctrinv,motoinv,svrty,rdsystem,ttlvehcls,hcf
,2023-02716,39.78804143,-104.8136742,1/27/2023 15:27,15:27:00,15,0,0,E 52ND AVE & N ALTURA ST,2,1,0,0,1,4,0,0,25,0,0,0,0,0,4,2,16
,2023-02717,39.68077625,-104.9927654,1/4/2023 0:20,0:20:00,5,0,0, SANTA FE DR & W JEWELL AVE,5,3,0,0,3,1,0,0,45,0,0,0,0,0,2,1,16
,2023-02719,39.76953284,-105.0342517,1/27/2023 12:40,12:40:00,3,0,0,W 38TH AVE & N LOWELL BLVD,1,1,0,0,1,9,0,0,15,0,0,0,0,0,4,2,13
,2023-02721,39.77958904,-104.8470218,1/27/2023 16:20,16:20:00,1,0,0, PEORIA ST & E 46TH AVE,1,1,0,0,1,1,0,0,40,0,0,0,0,0,4,2,11
,2023-02722,39.65304273,-104.9190212,1/26/2023 16:15,16:15:00,12,0,1,I-25 & E HAMPDEN AVE,1,1,1,0,1,4,0,0,65,0,0,0,0,1,1,2,10
,2023-02723,39.77448682,-104.8470332,1/27/2023 13:00,13:00:00,12,0,0, PEORIA ST & I-70,2,1,0,0,1,3,0,0,35,0,0,0,0,0,1,2,14
,2023-02724,39.61439053,-105.0911483,1/27/2023 10:20,10:20:00,3,0,2, WADSWORTH BLVD & W LONG DR,1,1,0,0,1,1,0,0,40,0,0,0,0,1,2,3,16
,2023-02725,39.66760558,-104.8943002,1/26/2023 14:08,14:08:00,15,0,0,E YALE AVE & S SYRACUSE ST,1,1,0,0,1,1,0,0,30,0,0,0,0,0,4,2,13
,2023-02736,39.6822561,-105.0531962,1/27/2023 21:00,21:00:00,12,0,0, SHERIDAN BLVD & W JEWELL AVE,1,3,1,0,1,3,0,0,45,0,0,0,0,0,2,3,7
,2023-02737,39.76685604,-105.0096394,1/28/2023 2:14,2:14:00,6,0,0,W 36TH AVE & N SHOSHONE ST,1,3,0,0,1,4,0,0,,0,0,0,0,0,4,2,16
,2023-02738,39.77379664,-104.8789237,1/28/2023 7:09,7:09:00,5,0,1,9111 E  40TH AVE,1,1,0,0,3,9,0,0,35,0,0,0,0,2,4,1,1
,2023-02740,39.76533512,-104.9026173,1/27/2023 11:25,11:25:00,12,0,0, QUEBEC ST & E 35TH AVE,11,1,0,0,1,1,0,0,35,0,0,0,0,0,4,2,13
,2023-02756,39.70766809,-105.0250817,1/28/2023 8:07,8:07:00,12,0,1, FEDERAL BLVD & W VIRGINIA AVE,1,1,0,0,1,4,0,0,35,0,0,0,0,1,2,2,1
,2023-02757,39.76450015,-104.9659593,1/28/2023 16:29,16:29:00,3,0,1,E BRUCE RANDOLPH AVE & N WILLIAMS ST,2,2,0,0,1,1,0,0,30,0,0,0,0,2,4,2,11
,2023-02758,39.69677254,-105.0156902,1/28/2023 8:38,8:38:00,1,0,0, ZUNI ST & W MISSISSIPPI AVE,1,1,0,0,1,1,0,0,30,0,0,0,0,0,4,2,13
,2023-02760,39.74862259,-104.9034367,1/27/2023 10:45,10:45:00,1,0,0, QUEBEC ST & E 21ST AVE,1,1,0,0,1,1,0,0,30,0,0,0,0,0,4,2,13
,2023-02761,39.66763502,-104.9110483,1/27/2023 20:38,20:38:00,12,0,0,E YALE AVE & S MONACO ST,1,3,0,0,1,4,0,0,30,0,0,0,0,0,4,2,13
,2023-02765,39.75291578,-104.9405974,1/28/2023 18:26,18:26:00,12,0,0, COLORADO BLVD & E 25TH AVE,1,3,0,0,1,4,0,0,30,0,0,0,0,0,2,3,10
,2023-02781,39.75153583,-104.9955956,1/27/2023 20:26,20:26:00,15,0,0,18TH ST & MARKET ST,1,3,0,0,1,4,0,0,30,0,0,0,0,0,4,2,14
,2023-02786,39.74049052,-105.0142437,1/28/2023 13:27,13:27:00,12,0,1,I-25 & W COLFAX AVE,1,1,0,0,1,4,0,0,55,0,0,0,0,1,1,2,13
,2023-02805,39.76940279,-105.0299578,1/28/2023 20:55,20:55:00,3,0,0,W 38TH AVE & N IRVING ST,4,3,0,2,1,3,0,0,35,0,0,0,0,1,4,2,13
,2023-02820,39.76094051,-105.0043135,1/15/2023 1:50,1:50:00,12,0,2,I-25 & 20TH ST,1,3,0,0,1,4,0,0,55,0,0,0,0,2,1,2,11
,2023-02849,39.71149081,-104.946633,1/29/2023 1:50,1:50:00,5,0,0,E CHERRY CREEK  DR & E BAYAUD AVE,4,3,0,2,6,4,0,0,25,0,0,0,0,0,4,1,16
,2023-02850,39.69135954,-105.0520183,1/28/2023 19:54,19:54:00,6,0,0,W ARKANSAS AVE & S ZENOBIA ST,9,4,0,7,6,4,0,0,,0,0,0,0,0,4,2,16
,2023-02851,39.74257029,-104.9405157,1/25/2023 19:56,19:56:00,6,0,0,E BATAVIA PL & N COLORADO BLVD,1,4,0,0,1,4,0,0,25,0,0,0,0,0,4,2,16
,2023-02852,39.78363758,-104.7904211,1/29/2023 18:45,18:45:00,12,0,0,E GREEN VALLEY RANCH BLVD & PENA BLVD,9,3,0,2,1,1,0,0,35,0,0,0,0,0,4,2,11
,2023-02853,39.67472799,-104.8730675,1/28/2023 12:05,12:05:00,11,0,1,E ILIFF AVE & S DAYTON WY,1,5,3,7,1,4,0,0,0,0,1,0,0,3,4,1,16
,2023-02864,39.76103977,-105.0267302,1/29/2023 15:38,15:38:00,3,0,0, SPEER BLVD & N FEDERAL BLVD,1,1,0,0,1,2,0,0,35,0,0,0,0,0,4,2,11
,2023-02869,39.75865973,-104.9782434,1/29/2023 15:49,15:49:00,15,0,0,CHAMPA ST & 29TH ST,9,1,0,2,1,3,0,0,30,0,0,0,0,0,4,3,1
,2023-02870,39.7245669,-105.0141356,1/29/2023 18:45,18:45:00,5,0,2,I-25 ON RAMP & W 6TH AVE FWY,4,4,1,2,3,8,0,0,55,0,0,0,0,2,4,1,16
,2023-02871,39.72551657,-105.0131329,1/29/2023 5:22,5:22:00,12,0,0,I-25 ON RAMP FROM EB W 6TH AVE,4,4,1,0,1,8,0,0,55,0,0,0,0,0,1,2,14
,2023-02884,39.67847027,-104.965244,1/28/2023 20:06,20:06:00,10,0,0,E EVANS AVE & S HIGH ST,9,3,0,2,1,1,0,0,30,0,0,0,0,1,4,3,16
,2023-02888,39.74008555,-104.9062016,1/29/2023 3:14,3:14:00,6,0,1,7020 E  E COLFAX AVE,4,3,0,2,1,4,0,0,30,0,0,0,0,2,2,5,16
,2023-02889,39.84277209,-104.6771007,1/29/2023 1:00,1:00:00,12,0,0,PENA BLVD & JACKSON GAP RD,5,3,0,2,1,4,0,0,45,0,0,0,0,0,4,2,16
,2023-02891,39.70691803,-104.8840057,1/18/2023 12:30,12:30:00,5,0,0,E ALAMEDA AVE & S CLINTON ST,10,1,0,2,3,4,0,0,35,0,0,0,0,0,4,1,16
,2023-02893,39.70042875,-105.0238558,1/22/2023 13:57,13:57:00,3,0,0, ELIOT ST & W KENTUCKY AVE,1,1,0,0,1,1,0,0,25,0,0,0,0,0,4,2,11
,2023-02899,39.7387036,-104.8850289,1/23/2023 17:11,17:11:00,3,0,0,1445  YOSEMITE ST ALLEY & E 14TH ST,4,3,0,0,1,9,0,0,,0,0,0,0,0,4,2,16
,2023-02904,39.73827814,-104.9406144,1/22/2023 22:58,22:58:00,3,0,1, COLORADO BLVD & E 14TH AVE,1,3,0,0,1,1,0,0,35,0,0,0,0,2,2,2,16
,2023-02905,39.68931263,-104.940546,1/29/2023 15:32,15:32:00,3,0,0, COLORADO BLVD & E FLORIDA AVE,1,1,1,0,1,1,0,0,35,0,0,0,0,0,2,2,1
,2023-02909,39.65305987,-104.884785,1/28/2023 23:00,23:00:00,1,0,0, YOSEMITE ST & E HAMPDEN AVE,4,3,0,2,1,1,0,0,35,0,0,0,0,0,2,2,16
,2023-02911,39.75570521,-104.8515955,1/29/2023 12:49,12:49:00,12,0,1,E MLK JR BLVD & E 26TH AVE,5,1,0,2,1,4,0,0,,0,0,0,0,1,4,5,16
,2023-02915,39.70205318,-104.9135993,1/20/2023 12:30,12:30:00,6,0,0,E OHIO AVE & S LOCUST ST,10,1,0,0,1,4,0,0,25,0,0,0,0,0,4,2,16
,2023-02916,39.67846197,-104.9324537,1/28/2023 10:37,10:37:00,14,0,0,I-25 NB RAMPS & E EVANS AVE,1,1,0,0,6,3,0,0,35,0,0,0,0,0,4,2,14
,2023-02918,39.72577667,-105.0372093,1/29/2023 1:56,1:56:00,14,0,0,W 6TH AVE & N NEWTON ST,7,3,1,2,1,4,0,0,55,0,0,0,0,0,2,2,14
,2023-02920,39.72710949,-104.9590221,1/29/2023 17:02,17:02:00,15,0,0,E 7TH AVE PKWY & N JOSEPHINE ST,12,3,0,2,1,1,0,0,35,0,0,0,0,0,4,2,13
,2023-02921,39.71306561,-104.9422964,1/4/2023 17:00,17:00:00,12,0,0,E CEDAR AVE & S JACKSON ST,9,1,0,0,1,4,0,0,30,0,0,0,0,0,4,2,13
,2023-03000,39.71123814,-105.0251819,1/29/2023 22:59,22:59:00,12,0,1,W ALAMEDA AVE & S FEDERAL BLVD,1,3,0,0,1,1,0,0,35,0,0,0,0,2,2,2,1
,2023-03001,39.77644113,-104.873123,1/29/2023 22:42,22:42:00,15,0,0,I-70 & WB OFF RAMP GORE PT TO N CENTRAL PARK BLVD,2,3,0,0,1,8,0,0,55,0,0,0,0,0,1,2,16
,2023-03002,39.74021515,-104.9880361,1/30/2023 11:10,11:10:00,15,0,0,W COLFAX AVE & N BROADWAY ST,1,1,0,1,6,4,0,0,30,0,0,0,0,0,2,2,13
,2023-03004,39.74163071,-104.9637515,1/30/2023 5:55,5:55:00,6,0,0,E 16TH AVE & N RACE ST,4,4,0,0,1,4,0,0,25,0,0,0,0,0,4,2,14
,2023-03007,39.64787889,-105.04878,1/25/2023 12:23,12:23:00,6,0,0,4400 W  KENYON AVE,11,1,0,0,1,3,0,0,15,0,0,0,0,0,4,2,11
,2023-03011,39.68341099,-105.0532061,1/30/2023 17:55,17:55:00,12,0,0, SHERIDAN BLVD & W COLORADO AVE,1,3,1,0,1,4,0,0,35,0,0,0,0,0,2,2,13
,2023-03012,39.74044704,-105.014159,1/29/2023 12:03,12:03:00,12,0,0,I-25 & W COLFAX AVE,1,1,0,0,1,4,0,0,55,0,0,0,0,0,1,2,5
,2023-03013,39.78594892,-104.7902324,1/30/2023 10:31,10:31:00,12,0,0,PENA BLVD & GREEN VALLEY RANCH BLVD,1,1,0,0,1,4,0,0,65,0,0,0,0,0,4,2,1
,2023-03016,39.73839202,-104.9616827,1/23/2023 9:30,9:30:00,11,0,1,E 14TH AVE & N GAYLORD ST,1,1,0,0,1,4,0,0,0,0,1,0,0,3,4,1,16
,2023-03018,39.68472869,-104.9594472,1/27/2023 18:22,18:22:00,12,0,0,I-25 & S UNIVERSITY BLVD,1,3,0,0,1,4,0,0,55,0,0,0,0,0,1,2,13
,2023-03019,39.63168376,-104.8973659,1/24/2023 9:00,9:00:00,3,0,0, ULSTER ST & E TUFTS AVE,1,1,0,0,1,1,0,0,25,0,0,0,0,0,4,3,3
,2023-03024,39.72932999,-105.0251344,1/24/2023 15:01,15:01:00,12,0,0,W 6TH AVE & N FEDERAL BLVD,1,1,0,0,1,4,0,0,55,0,0,0,0,0,2,3,16
,2023-03026,39.73763696,-104.9861259,1/24/2023 22:54,22:54:00,12,0,3,1300 N  LINCOLN ST,1,3,0,0,1,4,0,0,35,0,0,0,0,2,4,4,1
,2023-03033,39.75158728,-104.9873755,1/29/2023 3:40,3:40:00,3,0,0,CHAMPA ST & N BROADWAY ST,4,3,0,0,1,1,0,0,30,0,0,0,0,0,4,2,3
,2023-03034,39.79451026,-104.8658804,1/27/2023 11:25,11:25:00,3,0,1,E 54TH AVE & N HAVANA ST,1,1,0,0,1,1,0,0,25,0,0,0,0,2,4,2,16
,2023-03035,39.78002593,-104.9891611,1/23/2023 16:55,16:55:00,12,0,0,I-25 & I-70,1,2,0,0,1,4,0,0,55,0,0,0,0,0,1,2,16
,2023-03040,39.78362567,-105.0439415,1/30/2023 6:30,6:30:00,12,0,5,I-70 & N TENNYSON ST,2,3,0,0,1,4,0,0,55,0,0,0,0,1,1,2,16
,2023-03044,39.67814922,-105.0278556,1/29/2023 10:51,10:51:00,15,0,0, HAZEL CT & W EVANS AVE,4,1,0,0,1,4,0,0,25,0,0,0,0,0,4,2,11
,2023-03046,39.77400657,-104.8470449,1/27/2023 8:35,8:35:00,15,0,0, PEORIA ST & I-70 EB RAMPS,1,1,0,0,1,1,0,0,25,0,0,0,0,0,4,2,16
,2023-03050,39.7255196,-105.0130865,1/30/2023 10:57,10:57:00,15,0,0,I-25 & W 6TH AVE FWY (APPROX),1,1,1,0,1,4,0,0,55,0,0,0,0,0,1,2,13
,2023-03055,39.74001038,-104.9688318,1/29/2023 13:25,13:25:00,5,0,0,E COLFAX AVE & N FRANKLIN ST,9,1,0,2,1,4,0,0,30,0,0,0,0,0,2,1,13
,2023-03057,39.77798951,-104.9069349,1/29/2023 13:00,13:00:00,6,0,1,E AIRLAWN RD & E STAPLETON S DR,9,1,0,0,1,4,0,0,30,0,0,0,0,1,4,2,7
,2023-03058,39.75832608,-104.9874489,1/30/2023 2:06,2:06:00,5,0,0,BROADWAY & WALNUT ST,9,3,0,2,3,4,0,0,30,0,0,0,0,0,4,1,16
,2023-03064,39.76179149,-104.9407091,1/14/2023 12:45,12:45:00,11,0,1,E MLK JR BLVD & N COLORADO BLVD,1,2,0,0,6,1,0,0,35,0,1,0,1,2,2,1,16
,2023-03066,39.72008555,-104.890753,1/29/2023 15:00,15:00:00,3,0,0,E LOWRY BLVD & N UINTA WAY,1,1,0,0,1,6,0,0,35,0,0,0,0,0,4,2,1
,2023-03068,39.71166627,-104.9994411,1/30/2023 6:43,6:43:00,12,0,0,I-25 & W ALAMEDA AVE,2,1,0,0,1,4,0,0,55,0,0,0,0,0,1,2,2
,2023-03128,39.73842376,-104.9753081,1/16/2023 2:37,2:37:00,3,0,1,E 14TH AVE & N OGDEN ST,1,3,0,0,1,1,0,0,20,0,0,0,0,3,4,2,14
,2023-03134,39.78227519,-104.8636541,1/30/2023 16:40,16:40:00,15,0,0,E 47TH AVE & N IRONTON ST,1,1,0,2,1,4,0,0,35,0,0,0,0,0,4,2,13
,2023-03136,39.72920715,-104.9124379,1/31/2023 11:30,11:30:00,15,0,0,MONACO ST & E 8TH AVE,12,1,0,0,1,3,0,0,30,0,0,0,0,0,4,2,1
,2023-03137,39.77818426,-104.8204759,1/29/2023 19:30,19:30:00,6,0,0, DEARBORN ST & E 46TH AVE,9,4,0,0,1,4,0,0,25,0,0,0,0,0,4,2,10
,2023-03138,39.7793828,-104.9891643,1/31/2023 3:51,3:51:00,5,0,0,I-25 & I-70 (APPROX),8,3,1,2,3,4,0,0,55,0,0,0,0,0,1,1,16
,2023-03139,39.77828607,-104.9034009,1/30/2023 14:00,14:00:00,15,0,0, NORTHFIELD QUEBEC ST & I-70,1,1,1,0,1,4,0,0,45,0,0,0,0,0,2,2,11
,2023-03140,39.77305013,-105.0112213,1/31/2023 14:59,14:59:00,6,0,0, TEJON ST & W 41ST AVE,1,1,0,0,1,4,0,0,30,0,0,0,0,0,4,2,13
,2023-03142,39.71108852,-105.0275534,1/20/2023 14:13,14:13:00,10,0,0,W ALAMEDA AVE & S HAZEL CT,1,1,0,0,1,1,0,0,40,0,0,0,0,0,2,2,16
,2023-03143,39.77670191,-105.0251592,1/31/2023 18:45,18:45:00,12,0,0,4400  FEDERAL BLVD,1,3,0,0,1,4,0,0,35,0,0,0,0,0,2,2,10
,2023-03144,39.79327894,-104.83345,1/10/2023 8:00,8:00:00,14,0,0,E 55TH AVE & N TOPEKA CT,9,1,0,0,1,4,0,0,20,0,0,0,0,0,4,2,16
,2023-03146,39.73843627,-104.982328,1/30/2023 13:30,13:30:00,3,0,0,E 14TH AVE & N LOGAN ST,1,1,0,0,1,1,0,0,30,0,0,0,0,1,4,3,3
,2023-03147,39.69075756,-104.9405472,1/20/2023 8:34,8:34:00,12,0,0, COLORADO BLVD & E ARKANSAS AVE,11,1,0,0,1,4,0,0,35,0,0,0,0,0,2,2,16
,2023-03155,39.69360346,-104.9874621,1/31/2023 14:01,14:01:00,15,0,0, BROADWAY & E ARIZONA AVE,1,1,0,0,1,4,0,0,30,0,0,0,0,0,4,2,13
,2023-03156,39.71781961,-104.9449767,1/31/2023 13:11,13:11:00,10,0,0,E 1ST AVE & N MONROE ST,1,1,0,0,1,1,0,0,30,0,0,0,0,0,4,2,13
,2023-03159,39.68472869,-104.9594472,1/27/2023 18:22,18:22:00,15,0,0,I-25 & S UNIVERSITY BLVD,1,3,3,0,1,4,0,0,55,0,0,0,0,0,1,2,16
,2023-03160,39.73204462,-104.9874029,1/31/2023 11:30,11:30:00,3,0,0,E 10TH AVE & N BROADWAY ST,1,1,1,0,1,1,0,0,30,0,0,0,0,1,4,3,13
,2023-03161,39.72932157,-105.0148112,1/25/2023 17:15,17:15:00,12,0,0,I-25 & W 8TH AVE,1,2,0,0,1,4,0,0,55,0,0,0,0,0,1,2,16
,2023-03162,39.63324485,-104.9063391,1/31/2023 16:33,16:33:00,15,0,0,I-225 OFF RAMP & I-25 NB ON RAMP MERGE PT,1,1,1,0,1,8,0,0,55,0,0,0,0,0,4,2,13
,2023-03163,39.77482542,-104.8470304,1/30/2023 11:57,11:57:00,3,0,1, PEORIA ST & I-70 WB RAMPS,1,1,0,0,1,1,0,0,30,0,0,0,0,1,4,2,14
,2023-03165,39.65315798,-104.9153482,1/31/2023 11:55,11:55:00,3,0,0,E HAMPDEN AVE & S LOCUST ST,1,1,0,0,1,1,0,0,35,0,0,0,0,0,2,2,11
,2023-03167,39.7111752,-104.9246361,1/30/2023 7:56,7:56:00,15,0,0,E ALAMEDA AVE & S GRAPE ST,9,1,0,2,1,1,0,0,35,0,0,0,0,0,4,2,16
,2023-03168,39.69414255,-104.9792536,1/31/2023 8:39,8:39:00,12,0,0,I-25 & S WASHINGTON ST,11,1,0,0,1,4,0,0,65,0,0,0,0,0,1,2,16
,2023-03169,39.68339327,-105.0531949,1/30/2023 17:44,17:44:00,3,0,0,W COLORADO AVE & S SHERIDAN BLVD,2,3,1,0,1,1,0,0,25,0,0,0,0,0,2,2,13
,2023-03170,39.74044704,-105.014159,1/31/2023 18:01,18:01:00,12,0,0,I-25 & W COLFAX AVE,1,2,0,0,1,4,0,0,55,0,0,0,0,0,1,4,13
,2023-03171,39.72559932,-104.9601688,1/30/2023 11:00,11:00:00,10,0,0, YORK ST & E 6TH AVE,1,1,0,0,1,1,0,0,,0,0,0,0,0,4,2,16
,2023-03172,39.72732076,-105.0003414,1/27/2023 9:24,9:24:00,6,0,0,W 7TH AVE & N KALAMATH ST,1,1,0,0,1,4,0,0,30,0,0,0,0,0,4,2,16
,2023-03173,39.78363389,-104.7822307,1/30/2023 12:35,12:35:00,12,0,0,E GREEN VALLEY RANCH BLVD & N TELLURIDE ST,1,1,0,0,1,3,0,0,35,0,0,0,0,0,4,2,3
,2023-03175,39.72570812,-105.0001485,1/25/2023 6:30,6:30:00,15,0,0,W 6TH AVE & N KALAMATH ST,1,2,0,0,1,4,0,0,35,0,0,0,0,0,4,2,11
,2023-03176,39.76664817,-104.9983613,1/26/2023 18:22,18:22:00,15,0,0,I-25 & PARK AVE W,1,3,0,0,1,4,0,0,55,0,0,0,0,0,1,2,16
,2023-03178,39.68291492,-104.9405317,1/31/2023 7:56,7:56:00,12,0,0,I-25 & S COLORADO BLVD,11,1,0,0,1,4,0,0,65,0,0,0,0,0,1,2,11
,2023-03179,39.74681928,-105.0005457,1/31/2023 12:00,12:00:00,12,0,0,LARIMER ST & MARKET ST,1,1,0,0,1,4,0,0,35,0,0,0,0,0,4,2,3
,2023-03180,39.72552847,-105.0461984,1/28/2023 4:22,4:22:00,5,0,0,W 6TH AVE  DR & N VRAIN ST,1,3,0,0,2,4,0,0,30,0,0,0,0,0,2,1,16
,2023-03183,39.79839239,-104.7721287,1/23/2023 21:18,21:18:00,15,0,0,E 56TH AVE & N TOWER RD,1,3,0,0,1,1,0,0,35,0,0,0,0,0,4,2,16
,2023-03184,39.71120721,-104.9991331,1/27/2023 10:57,10:57:00,5,0,1,I-25 SB OFF RAMP TO  SANTA FE DR & W ALAMEDA AVE,1,1,0,0,3,8,0,0,55,0,0,0,0,1,1,1,9
,2023-03190,39.72213151,-104.9874767,1/31/2023 11:31,11:31:00,10,0,0,BROADWAY & E 3RD AVE,1,1,0,0,1,2,0,0,35,0,0,0,0,1,4,2,16
,2023-03191,39.70126453,-104.9874923,1/31/2023 12:32,12:32:00,3,0,0, BROADWAY & I-25 SB RAMPS,1,1,0,0,1,1,0,0,30,0,0,0,0,0,4,2,16
,2023-03192,39.75339889,-104.9034237,1/17/2023 7:25,7:25:00,1,0,2, QUEBEC ST & E 25TH AVE,1,1,0,0,1,1,0,0,35,0,0,0,0,3,4,2,16
,2023-03193,39.77172545,-104.9028065,1/27/2023 9:45,9:45:00,15,0,0, QUEBEC ST & E SMITH RD,1,1,1,0,1,4,0,0,35,0,0,0,0,0,4,2,1
,2023-03196,39.74999386,-105.0048274,1/31/2023 10:32,10:32:00,12,0,1, SPEER BLVD & CHOPPER CIR,11,1,1,0,1,4,0,0,35,0,0,0,0,1,4,2,3
,2023-03197,39.78284418,-104.7554506,1/31/2023 7:47,7:47:00,12,0,0, HIMALAYA RD & E GREEN VALLEY RANCH BLVD,5,1,0,0,1,1,0,0,30,0,0,0,0,0,4,2,16
,2023-03198,39.77852801,-104.8206664,1/29/2023 21:00,21:00:00,6,0,0, DEARBORN ST & E 46TH AVE,9,3,0,2,1,4,0,0,25,0,0,0,0,0,4,4,16
,2023-03207,39.74393758,-105.0252086,1/31/2023 8:00,8:00:00,3,0,0, FEDERAL BLVD & W 17TH AVE,11,1,0,0,1,1,0,0,35,0,0,0,0,0,2,2,1
,2023-03208,39.7432629,-104.9835887,1/28/2023 13:00,13:00:00,12,0,0, GRANT ST & E 17TH AVE,1,1,0,7,1,1,0,0,25,0,0,0,0,0,4,2,16
,2023-03225,39.70783689,-104.9252199,1/30/2023 13:03,13:03:00,12,0,0,LEETSDALE DR & S FOREST ST,1,1,0,0,1,2,0,0,45,0,0,0,0,0,2,3,3
,2023-03230,39.75549658,-104.9910542,1/26/2023 13:19,13:19:00,3,0,0,22ND ST & MARKET ST,1,1,0,0,1,1,0,0,25,0,0,0,0,1,4,2,16
,2023-03236,39.74744907,-104.8940151,1/31/2023 16:33,16:33:00,3,0,0, ULSTER & E MONTVIEW BLVD,1,1,0,0,1,1,0,0,25,0,0,0,0,0,4,2,13
,2023-03241,39.72861306,-104.9894965,1/23/2023 15:05,15:05:00,3,0,0, BANNOCK ST & N SPEER BLVD,1,1,0,0,1,1,0,0,30,0,0,0,0,0,4,2,16
,2023-03243,39.67401697,-105.0337967,1/18/2023 11:30,11:30:00,6,0,0, LINLEY CT & W WESLEY AVE,9,1,0,2,1,4,0,0,,0,0,0,0,0,4,2,16
,2023-03244,39.78800054,-105.0252174,1/30/2023 15:04,15:04:00,6,0,0, FEDERAL BLVD & W 50TH AVE,1,1,0,0,1,4,0,0,,0,0,0,0,0,2,2,16
,2023-03246,39.67866477,-105.0192778,1/31/2023 8:02,8:02:00,1,0,0,W EVANS AVE & S CLAY ST,1,1,0,0,1,1,0,0,20,0,0,0,0,0,4,2,16
,2023-03248,39.74013842,-104.9439854,1/17/2023 21:15,21:15:00,1,0,0,E COLFAX AVE & N GARFIELD ST,9,3,0,2,1,1,0,0,30,0,0,0,0,0,2,2,16
,2023-03251,39.71123814,-105.0251819,1/30/2023 15:00,15:00:00,15,0,0,W ALAMEDA AVE & S FEDERAL BLVD,1,1,0,0,1,3,0,0,,0,0,0,0,0,2,2,16
,2023-03252,39.7802135,-105.0345997,1/31/2023 14:24,14:24:00,3,0,0, LOWELL BLVD & W 46TH AVE,14,5,3,7,1,1,0,0,30,0,0,0,0,0,4,2,13
,2023-03254,39.77982814,-104.949544,1/26/2023 17:41,17:41:00,1,0,0,E 46TH  AVE & STEELE ST,1,3,0,0,1,1,0,0,40,0,0,0,0,0,2,2,7
,2023-03258,39.69650066,-105.0532396,1/26/2023 19:09,19:09:00,11,0,1, SHERIDAN BLVD & W MISSISSIPPI AVE,1,3,0,0,1,4,0,0,0,0,1,0,0,1,2,1,16
,2023-03262,39.74378219,-105.0164162,1/26/2023 5:51,5:51:00,12,0,0,I-25 & W 17TH AVE,1,3,0,0,1,4,0,0,55,0,0,0,0,0,1,5,13
,2023-03270,39.73827621,-104.9394961,1/24/2023 8:04,8:04:00,14,0,0, ALBION ST & E 14TH AVE,1,1,0,0,1,4,0,0,30,0,0,0,0,0,4,2,16
,2023-03287,39.7498294,-105.0220711,1/26/2023 16:31,16:31:00,3,0,0, DECATUR ST & W 22ND AVE,1,2,0,0,1,2,0,0,25,0,0,0,0,0,4,2,8
,2023-03290,39.69000201,-104.9734178,1/26/2023 7:47,7:47:00,12,0,1,I-25 & S DOWNING ST,1,1,0,0,1,4,0,0,60,0,0,0,0,1,1,2,16
,2023-03340,39.76450268,-104.9671953,1/14/2023 16:55,16:55:00,3,0,0,E BRUCE RANDOLPH AVE & N GILPIN ST,7,2,0,0,1,1,0,0,30,0,0,0,0,0,4,2,1
,2023-03343,39.77680955,-104.7645601,1/31/2023 12:55,12:55:00,8,0,0,4401 N  CEYLON ST,4,1,0,0,6,4,0,0,25,0,0,0,0,0,4,3,7
,2023-03347,39.77935774,-104.9791696,2/1/2023 7:55,7:55:00,12,0,0,I-70 EB ON RAMP & N WASHINGTON ST,1,1,0,0,1,8,0,0,45,0,0,0,0,0,1,2,16
,2023-03350,39.6354916,-105.0829752,2/1/2023 10:00,10:00:00,1,0,0,W STANFORD AVE & S WADSWORTH BLVD,1,1,0,0,1,4,0,0,30,0,0,0,0,0,4,2,13
,2023-03351,39.70116766,-104.9874747,2/1/2023 8:24,8:24:00,12,0,0,I-25 & S BROADWAY,1,1,1,0,1,4,0,0,55,0,0,0,0,0,1,2,7
,2023-03353,39.71508431,-104.9543977,1/31/2023 10:30,10:30:00,6,0,0,2700 E CHERRY CREEK  DR & S UNIVERSITY BLVD,1,1,0,0,1,4,0,0,,0,0,0,0,0,4,2,16
,2023-03354,39.69788148,-104.9827652,2/1/2023 7:39,7:39:00,1,0,0, LOGAN ST & E BUCHTEL BLVD,1,1,0,0,1,1,0,0,30,0,0,0,0,0,4,2,14
,2023-03356,39.74377742,-104.9512622,1/31/2023 10:40,10:40:00,6,0,0,E 17TH AVE & N ST PAUL ST,1,1,0,0,2,4,0,0,30,0,0,0,0,0,4,4,1
,2023-03358,39.74756611,-105.0252229,1/31/2023 21:54,21:54:00,1,0,0, FEDERAL BLVD & W 20TH AVE,1,3,0,0,1,1,0,0,35,0,0,0,0,0,2,2,16
,2023-03359,39.65301772,-104.8738316,1/31/2023 13:31,13:31:00,1,0,0,E HAMPDEN AVE & S AKRON ST,1,1,0,0,1,2,0,0,45,0,0,0,0,0,2,2,14
,2023-03360,39.70145751,-104.9875337,1/31/2023 8:53,8:53:00,12,0,2,I-25 & S BROADWAY,11,1,0,0,1,4,0,0,55,0,0,0,0,1,1,2,7
,2023-03362,39.72570812,-105.0001485,2/1/2023 12:44,12:44:00,3,0,0,W 6TH AVE & N KALAMATH ST,1,1,0,0,1,1,0,0,30,0,0,0,0,0,4,2,13
,2023-03363,39.76444632,-104.9405009,1/27/2023 17:20,17:20:00,3,0,0, COLORADO BLVD & E BRUCE RANDOLPH AVE,1,3,0,0,1,1,0,0,35,0,0,0,0,0,2,2,14