id,drcog_id,latitude,longitude,crashtime,time,crashtype,numbkilled,numbinjurd,drcoglocat,rdconditin,lightngcon,roadcntgrd,weatherco,location,roaddescrp,schoolzone,constrzone,splimit,bikeinv,pedinv,sctrinv,motoinv,svrty,rdsystem,ttlvehcls,hcf
,2023-03364,39.82013141,-104.6654891,1/31/2023 12:05,12:05:00,1,0,0,E 68TH AVE & N VALLEY HEAD ST,1,1,0,0,1,1,0,0,35,0,0,0,0,0,4,2,16
,2023-03366,39.78227383,-104.8657409,2/1/2023 0:50,0:50:00,5,0,0,E 47TH AVE & N HAVANA ST,1,3,0,0,2,1,0,0,40,0,0,0,0,0,4,1,3
,2023-03367,39.6531597,-104.9147679,2/1/2023 11:12,11:12:00,15,0,0,E HAMPDEN AVE & S LOCUST ST,1,1,1,0,1,4,0,0,35,0,0,0,0,0,2,2,10
,2023-03368,39.72886324,-104.9905159,2/1/2023 9:31,9:31:00,12,0,0,SPEER BLVD & W 8TH AVE,1,1,0,0,1,4,0,0,35,0,0,0,0,0,4,2,16
,2023-03370,39.71120721,-104.9991331,1/4/2023 17:01,17:01:00,12,0,0,I-25 & W ALAMEDA AVE,1,3,1,0,1,4,0,0,55,0,0,0,0,0,1,2,16
,2023-03371,39.76096245,-104.9597576,1/31/2023 8:16,8:16:00,5,0,0,YORK ST & E 31ST AVE,4,1,0,0,3,4,0,0,25,0,0,0,0,1,4,1,16
,2023-03372,39.69657744,-104.9405613,1/16/2023 17:00,17:00:00,10,0,0,E MISSISSIPPI AVE & S COLORADO BLVD,1,1,0,0,1,1,0,0,25,0,0,0,0,0,2,2,10
,2023-03373,39.68228019,-105.0250196,2/1/2023 15:24,15:24:00,15,0,0, FEDERAL BLVD & W JEWELL AVE,1,1,0,0,1,1,0,0,40,0,0,0,0,0,2,2,13
,2023-03375,39.77824782,-104.92175,1/25/2023 18:10,18:10:00,9,0,0,I-70 & N COLORADO BLVD,1,2,0,0,1,4,0,0,55,0,0,0,0,0,1,1,13
,2023-03380,39.7393697,-104.8916904,2/1/2023 6:32,6:32:00,6,0,0,VALENTIA ST & E COLFAX AVE,1,2,0,0,1,4,0,0,25,0,0,0,0,0,4,2,2
,2023-03383,39.6788019,-105.0156956,2/1/2023 8:42,8:42:00,12,0,0, ZUNI ST & W EVANS AVE,1,1,0,0,1,4,0,0,25,0,0,0,0,0,4,3,13
,2023-03389,39.69128257,-105.0272965,1/17/2023 8:39,8:39:00,15,0,0,W ARKANSAS AVE & S FEDERAL BLVD,4,1,0,0,1,4,0,0,30,0,0,0,0,0,4,2,16
,2023-03391,39.75493201,-104.9830491,1/31/2023 15:40,15:40:00,3,0,0,25TH ST & CHAMPA ST,9,1,0,0,1,1,0,0,25,0,0,0,0,0,4,2,8
,2023-03394,39.78572714,-104.8830783,1/12/2023 8:02,8:02:00,15,0,0,E NORTHFIELD BLVD & N CENTRAL PARK BLVD,1,1,0,0,1,1,0,0,35,0,0,0,0,0,4,2,11
,2023-03395,39.83584587,-104.7154967,1/31/2023 8:09,8:09:00,12,0,0, GUN CLUB RD & E 78TH,4,1,0,3,1,3,0,0,45,0,0,0,0,0,4,2,1
,2023-03396,39.74604957,-105.0532298,1/24/2023 22:32,22:32:00,12,0,0, SHERIDAN BLVD & W 20TH AVE,1,3,0,0,1,4,0,0,35,0,0,0,0,0,2,2,1
,2023-03397,39.71118715,-104.9153769,1/31/2023 9:05,9:05:00,5,0,0,E ALAMEDA AVE & S LEYDEN ST,10,1,0,0,6,3,0,0,35,0,0,0,0,0,4,2,8
,2023-03399,39.6530314,-104.912921,1/30/2023 13:00,13:00:00,15,0,0, MONACO ST & E HAMPDEN AVE,1,1,0,0,1,1,0,0,25,0,0,0,0,0,4,2,1
,2023-03401,39.74752671,-104.9861171,1/31/2023 16:00,16:00:00,2,0,1,E 20TH AVE & N LINCOLN ST,1,1,0,0,1,1,0,0,0,1,0,0,0,2,4,1,16
,2023-03402,39.77429639,-104.9771721,1/16/2023 13:30,13:30:00,12,0,0,38TH ST & CHESTNUT PL,1,1,1,0,1,3,0,0,30,0,0,0,0,0,4,3,16
,2023-03403,39.73385085,-104.9848679,2/1/2023 10:00,10:00:00,1,0,0,E 11TH AVE & N SHERMAN ST,1,1,0,0,1,1,0,0,25,0,0,0,0,0,4,2,11
,2023-03406,39.74044704,-105.014159,1/31/2023 6:23,6:23:00,5,0,0,I-25 & W COLFAX AVE,4,3,1,2,3,4,0,0,55,0,0,0,0,0,1,1,13
,2023-03409,39.78426742,-104.7377728,1/27/2023 23:00,23:00:00,6,0,0, ODESSA ST & E 49TH PL,9,4,0,2,1,4,0,0,25,0,0,0,0,0,4,2,1
,2023-03410,39.75639714,-104.987389,1/31/2023 12:10,12:10:00,3,0,0,BROADWAY & 24TH ST,1,1,0,0,1,1,0,0,25,0,0,0,0,0,4,2,11
,2023-03412,39.72567205,-105.0132305,1/15/2023 17:15,17:15:00,12,0,4,I-25 & W 6TH AVE,1,3,2,0,1,4,0,0,65,0,0,0,0,3,1,2,3
,2023-03413,39.74039823,-105.0520768,1/12/2023 21:49,21:49:00,5,0,0, ZENOBIA ST & W COLFAX AVE,1,3,0,0,6,1,0,0,25,0,0,0,0,0,2,1,16
,2023-03414,39.76962295,-104.8473708,1/28/2023 20:00,20:00:00,15,0,0, PEORIA ST & E 38TH AVE,11,3,0,2,1,3,0,0,35,0,0,0,0,0,4,2,16
,2023-03415,39.7551362,-104.9383248,1/15/2023 17:13,17:13:00,15,0,0,2621 N  ASH ST,1,3,0,0,1,4,0,0,30,0,0,0,0,0,4,2,1
,2023-03417,39.68454914,-105.0412948,2/1/2023 0:30,0:30:00,5,0,0,1801 S  RALEIGH ST,1,4,0,0,3,4,0,0,25,0,0,0,0,0,4,1,16
,2023-03418,39.76939409,-105.0299693,1/24/2023 23:50,23:50:00,3,0,0, IRVING ST & W 38TH AVE,1,3,0,0,1,1,0,0,35,0,0,0,0,0,4,2,16
,2023-03419,39.77581652,-104.8658702,1/30/2023 15:19,15:19:00,15,0,0,I-70 & N HAVANA ST,1,1,0,0,1,4,0,0,55,0,0,0,0,0,1,2,11
,2023-03420,39.72533935,-105.0132522,1/17/2023 6:36,6:36:00,5,0,0,W 6TH AVE EB FWY OFF RAMP & I-25 UNDERPASS,1,3,1,0,2,8,0,0,55,0,0,0,0,0,1,1,1
,2023-03421,39.79837158,-104.7717637,1/31/2023 6:50,6:50:00,12,0,0,E 56TH AVE & N TOWER RD,4,1,0,0,1,4,0,0,40,0,0,0,0,0,4,2,16
,2023-03422,39.77563605,-104.8658927,1/21/2023 0:26,0:26:00,12,0,0,I-70 & N HAVANA ST,1,3,0,0,1,4,0,0,55,0,0,0,0,0,1,2,16
,2023-03423,39.76938266,-104.9824477,1/9/2023 4:19,4:19:00,5,0,0,33RD ST & FESTIVAL ST,4,3,0,0,2,1,0,0,25,0,0,0,0,0,4,1,1
,2023-03424,39.74483533,-104.9761473,2/1/2023 8:40,8:40:00,8,0,0,EMERSON ST & E 18TH AVE,1,1,0,0,1,1,0,0,25,0,0,0,0,0,4,2,11
,2023-03426,39.72542112,-105.0130234,2/1/2023 9:25,9:25:00,12,0,0,I-25 & W 6TH AVE FWY,1,1,0,0,1,4,0,0,55,0,0,0,0,0,1,3,14
,2023-03427,39.70977129,-105.0485494,1/4/2023 23:01,23:01:00,6,0,0,W DAKOTA AVE & S WOLFF ST,9,4,1,0,1,4,0,0,,0,0,0,0,0,4,2,16
,2023-03428,39.77994276,-104.7590094,1/31/2023 23:23,23:23:00,6,0,0,FLANDERS WAY & E 47TH AVE,5,3,0,0,1,4,0,0,35,0,0,0,0,0,4,2,14
,2023-03429,39.70027192,-104.9082099,1/31/2023 12:00,12:00:00,15,0,0,LEETSDALE DR & S ONEIDA ST,1,1,0,0,1,3,0,0,35,0,0,0,0,0,2,3,1
,2023-03431,39.71120721,-104.9991331,1/25/2023 20:20,20:20:00,5,0,1,I-25 & W ALAMEDA AVE,1,3,0,0,2,4,0,0,55,0,0,0,0,2,1,2,3
,2023-03433,39.72413104,-104.9985652,1/31/2023 17:00,17:00:00,6,0,0,E 5TH AVE & SANTA FE DR,1,1,0,0,1,3,0,0,,0,0,0,0,0,4,2,16
,2023-03434,39.6826391,-104.931663,1/30/2023 13:00,13:00:00,6,0,0, DAHLIA ST & E JEWELL AVE,4,1,0,0,1,4,0,0,,0,0,0,0,0,4,2,16
,2023-03436,39.68359478,-104.9406605,1/30/2023 13:22,13:22:00,12,0,0, COLORADO BLVD & I-25 NB RAMPS,1,1,1,0,1,1,0,0,25,0,0,0,0,0,2,2,13
,2023-03437,39.6988423,-105.0297457,2/1/2023 7:45,7:45:00,11,0,1, IRVING ST & W FORD PL,1,1,0,0,1,1,1,0,35,0,0,1,0,2,4,1,16
,2023-03438,39.74044704,-105.014159,1/31/2023 6:47,6:47:00,6,0,1,I-25 & W COLFAX AVE,4,1,1,0,2,4,0,0,,0,0,0,0,1,1,2,16
,2023-03439,39.72904671,-104.989924,1/29/2023 2:47,2:47:00,3,0,0,W 8TH AVE & N SPEER BLVD,10,3,0,2,1,1,0,0,35,0,0,0,0,0,4,2,1
,2023-03440,39.74823647,-104.9864625,1/31/2023 14:15,14:15:00,3,0,0,20TH ST & WELTON ST,1,1,0,0,1,1,0,0,35,0,0,0,0,0,4,2,11
,2023-03442,39.73829539,-104.9269266,1/31/2023 12:30,12:30:00,12,0,0,E 14TH AVE & N FOREST ST,1,1,0,0,1,1,0,0,,0,0,0,0,0,4,2,16
,2023-03443,39.7791487,-104.9034002,2/1/2023 6:55,6:55:00,12,0,0, QUEBEC ST & I-70 WB RAMPS,2,1,0,0,1,3,0,0,40,0,0,0,0,0,2,2,16
,2023-03446,39.7437926,-104.890339,1/24/2023 16:00,16:00:00,15,0,0,E 17TH AVE & N VERBENA ST,1,1,0,0,1,4,0,0,30,0,0,0,0,0,4,2,16
,2023-03447,39.75446747,-105.0105557,1/31/2023 11:58,11:58:00,12,0,0,I-25 ON RAMP & SPEER BLVD,11,1,0,0,1,8,0,0,55,0,0,0,0,0,1,2,10
,2023-03448,39.7783914,-104.9128797,1/31/2023 15:40,15:40:00,12,0,0,I-70 & N MONACO ST,1,1,0,0,1,4,0,0,55,0,0,0,0,0,1,2,10
,2023-03452,39.72688136,-104.9975601,1/27/2023 18:00,18:00:00,6,0,0, INCA ST & W 7TH AVE,1,1,0,0,1,4,0,0,,0,0,0,0,0,4,2,16
,2023-03455,39.7464903,-104.8987445,2/1/2023 7:32,7:32:00,15,0,0, SYRACUSE ST & E MONTVIEW BLVD,1,1,0,0,1,4,0,0,20,0,0,0,0,0,4,2,11
,2023-03459,39.72571014,-104.9874351,2/1/2023 15:21,15:21:00,12,0,0,BROADWAY & E 6TH AVE,1,1,0,0,1,4,0,0,30,0,0,0,0,0,4,2,13
,2023-03466,39.70751809,-104.9863488,2/1/2023 7:15,7:15:00,10,0,0, LINCOLN ST & E VIRGINIA AVE,1,1,0,0,1,1,0,0,30,0,0,0,0,0,4,3,16
,2023-03477,39.76842322,-104.9812643,2/1/2023 16:33,16:33:00,10,0,0,3200   BRIGHTON BLVD,1,1,0,0,1,4,0,0,,0,0,0,0,0,4,2,16
,2023-03478,39.77799259,-104.7744681,1/31/2023 14:57,14:57:00,15,0,1,E 45TH AVE & N YAMPA ST,1,1,0,0,1,4,0,0,25,0,0,0,0,1,4,2,13
,2023-03480,39.70003674,-105.0486571,2/1/2023 7:59,7:59:00,12,0,1,MORRISON RD & W KENTUCKY AVE,1,1,0,0,1,4,0,0,30,0,0,0,0,2,4,2,3
,2023-03502,39.70766809,-105.0250817,1/21/2023 14:44,14:44:00,1,0,2, FEDERAL BLVD & W VIRGINIA AVE,11,1,0,0,1,1,0,0,35,0,0,0,0,3,2,2,11
,2023-03506,39.65301766,-104.931954,2/2/2023 6:58,6:58:00,12,0,0,E HAMPDEN AVE & S DAHLIA ST,1,1,0,0,1,3,0,0,35,0,0,0,0,0,2,2,16
,2023-03507,39.76791167,-104.9749967,1/1/2023 1:24,1:24:00,11,0,1,WALNUT ST & 35TH ST,1,3,0,0,1,4,0,0,0,0,1,0,0,2,4,1,16
,2023-03509,39.74001156,-104.9707582,2/1/2023 16:35,16:35:00,3,0,0,E COLFAX AVE & N LAFAYETTE ST,7,1,0,0,1,1,0,0,35,0,0,0,0,0,2,3,1
,2023-03511,39.74608055,-104.9672207,2/1/2023 16:30,16:30:00,15,0,0,E 19TH AVE & N GILPIN ST,1,1,0,0,1,1,0,0,25,0,0,0,0,0,4,2,1
,2023-03512,39.7552043,-105.0129182,2/1/2023 14:54,14:54:00,12,0,0,I-25 & N SPEER BLVD,1,1,0,0,1,4,0,0,55,0,0,0,0,0,1,2,13
,2023-03514,39.67340476,-105.0227442,2/2/2023 7:44,7:44:00,3,0,0, DECATUR ST & W WESLEY AVE,1,1,0,0,1,1,0,0,30,0,0,0,0,0,4,2,7
,2023-03515,39.69398486,-105.0155889,2/1/2023 15:19,15:19:00,12,0,0, ZUNI ST & S WYANDOT WAY,1,1,0,0,1,4,0,0,30,0,0,0,0,0,4,2,13
,2023-03516,39.68229055,-105.0529118,2/1/2023 15:26,15:26:00,3,0,0,W JEWELL AVE & S SHERIDAN BLVD,1,1,0,0,1,2,0,0,30,0,0,0,0,0,4,2,13
,2023-03517,39.72570812,-105.0001485,2/1/2023 14:59,14:59:00,12,0,0,W 6TH AVE & N KALAMATH ST,1,1,0,0,1,4,0,0,45,0,0,0,0,0,2,2,3
,2023-03520,39.73668176,-104.9406162,2/1/2023 11:30,11:30:00,12,0,0, COLORADO BLVD & E 13TH AVE,1,1,0,0,1,1,0,0,30,0,0,0,0,0,2,2,3
,2023-03522,39.71030842,-105.0324507,2/2/2023 7:45,7:45:00,6,0,0, KNOX CT & W NEVADA PL,1,1,0,0,1,3,0,0,25,0,0,0,0,0,4,2,16
,2023-03523,39.74474581,-104.9798811,2/2/2023 2:00,2:00:00,6,0,0, PEARL ST & E 18TH AVE,1,3,0,0,1,4,0,0,30,0,0,0,0,0,4,2,16
,2023-03530,39.75536513,-105.0126824,2/1/2023 18:43,18:43:00,12,0,0,I-25 & N SPEER BLVD,1,3,0,0,1,4,0,0,55,0,0,0,0,0,1,2,13
,2023-03532,39.70881623,-104.8757185,2/3/2023 11:26,11:26:00,12,0,0,E ALAMEDA AVE & S DAYTON ST,1,1,0,0,1,3,0,0,40,0,0,0,0,0,4,3,14
,2023-03533,39.64913725,-104.8848948,2/2/2023 7:18,7:18:00,3,0,0, YOSEMITE ST & E KENYON AVE,1,1,0,0,1,1,0,0,35,0,0,0,0,0,4,2,16
,2023-03536,39.74156742,-104.989895,2/1/2023 13:30,13:30:00,10,0,0,15TH ST & COURT PL,1,1,0,0,1,1,0,0,25,0,0,0,0,0,4,2,3
,2023-03538,39.78645456,-104.8297497,2/2/2023 7:57,7:57:00,15,0,0,E 50TH AVE & N CROWN BLVD,2,1,0,0,1,1,0,0,25,0,0,0,0,0,4,2,11
,2023-03539,39.77730881,-104.9034037,2/1/2023 22:19,22:19:00,12,0,0, NORTHFIELD QUEBEC ST & I-70 WB RAMPS,1,3,0,0,1,3,0,0,40,0,0,0,0,0,2,2,7
,2023-03540,39.78312395,-105.006425,2/2/2023 8:15,8:15:00,12,0,0,I-70 & N PECOS ST,1,1,1,0,1,4,0,0,55,0,0,0,0,0,1,2,16
,2023-03542,39.76585475,-104.9885225,2/1/2023 11:40,11:40:00,15,0,0,ARKINS CT & 29TH ST,1,1,0,0,1,4,0,0,35,0,0,0,0,0,4,2,11
,2023-03543,39.63139342,-104.8852202,2/2/2023 17:48,17:48:00,3,0,1,E UNION AVE & S YOSEMITE ST,1,3,1,0,1,1,0,0,35,0,0,0,0,1,4,2,13
,2023-03544,39.76173593,-104.892558,2/1/2023 12:05,12:05:00,3,0,0,E 32ND AVE & N UINTA ST,1,1,0,0,1,1,0,0,25,0,0,0,0,0,4,2,7
,2023-03547,39.78647828,-104.9857999,2/2/2023 20:13,20:13:00,6,0,0, LINCOLN ST & E 48TH AVE,1,3,0,0,1,4,0,0,25,0,0,0,0,0,4,2,3
,2023-03548,39.72570692,-104.9985842,2/1/2023 13:11,13:11:00,10,0,0,W 6TH AVE & N SANTA FE DR,1,1,0,0,1,1,0,0,30,0,0,0,0,0,4,2,16
,2023-03549,39.7432381,-104.9684593,2/1/2023 15:43,15:43:00,15,0,0,E 17TH AVE & N FRANKLIN ST,1,1,0,0,1,1,0,0,30,0,0,0,0,0,4,2,8
,2023-03550,39.78354682,-105.0532495,2/2/2023 8:04,8:04:00,12,0,0,I-70 & N SHERIDAN BLVD,1,1,1,0,1,4,0,0,55,0,0,0,0,0,1,2,13
,2023-03551,39.71118438,-105.0006535,2/2/2023 10:23,10:23:00,3,0,0,W ALAMEDA AVE & S PLATTE RIVER DR,1,1,0,0,1,1,0,0,40,0,0,0,0,0,2,2,13
,2023-03552,39.75513066,-105.012718,2/2/2023 13:52,13:52:00,15,0,0,I-25 & N SPEER BLVD,1,1,0,0,1,4,0,0,55,0,0,0,0,0,1,2,13
,2023-03553,39.78371768,-105.0531617,2/3/2023 6:37,6:37:00,15,0,0,I-70 & N SHERIDAN BLVD,1,1,0,0,1,4,0,0,55,0,0,0,0,0,1,2,7
,2023-03554,39.68932809,-104.9875004,2/2/2023 18:05,18:05:00,15,0,0, BROADWAY ST & E FLORIDA AVE,1,3,0,0,1,4,0,0,35,0,0,0,0,0,4,2,13
,2023-03555,39.76907074,-104.902494,2/2/2023 12:25,12:25:00,15,0,0, QUEBEC ST & MLK BLVD,1,1,0,0,1,3,0,0,35,0,0,0,0,0,4,2,13
,2023-03556,39.76094051,-105.0043135,2/3/2023 13:40,13:40:00,12,0,0,I-25 & 20TH ST,1,1,0,0,1,4,0,0,55,0,0,0,0,0,1,3,13
,2023-03557,39.74002912,-105.0026226,2/3/2023 9:05,9:05:00,15,0,0,W COLFAX AVE & N MARIPOSA ST,1,1,0,0,1,4,0,0,,0,0,0,0,0,2,3,16
,2023-03558,39.7549873,-104.9951397,1/13/2023 0:52,0:52:00,15,0,0,20TH ST & WAZEE ST,1,3,1,0,1,1,0,0,,0,0,0,0,0,4,2,16
,2023-03559,39.74617654,-104.9762043,2/2/2023 16:36,16:36:00,12,0,0,E 19TH AVE & N EMERSON ST,1,1,0,0,1,3,0,0,30,0,0,0,0,1,4,2,3
,2023-03560,39.76741674,-104.9254467,2/2/2023 14:30,14:30:00,5,0,1,5301 E 36TH AVE,1,1,0,0,3,4,0,0,25,0,0,0,0,2,4,1,10
,2023-03561,39.75377621,-104.9984733,2/1/2023 14:45,14:45:00,10,0,0,18TH ST & WYNKOOP ST,1,1,0,0,1,1,0,0,25,0,0,0,0,0,4,2,8
,2023-03562,39.68402104,-105.0110486,2/2/2023 7:46,7:46:00,6,0,0, TEJON ST & W COLORADO AVE,1,1,0,0,1,4,1,0,20,0,0,0,0,0,4,2,14
,2023-03564,39.72093109,-104.9990405,2/3/2023 8:03,8:03:00,1,0,0,W 3RD AVE & N SANTA FE DR,1,1,0,0,1,2,0,0,30,0,0,0,0,0,4,2,11
,2023-03565,39.68932077,-104.9412341,2/3/2023 8:53,8:53:00,3,0,1,E FLORIDA AVE & S COLORADO BLVD,1,1,0,0,1,2,0,0,30,0,0,0,0,1,4,2,16
,2023-03566,39.75847831,-104.903308,2/2/2023 15:20,15:20:00,15,0,0,QUEBEC ST & E 29TH AVE,1,2,0,0,1,3,0,0,35,0,0,0,0,0,4,2,13
,2023-03567,39.7783777,-105.0462738,2/2/2023 8:42,8:42:00,3,0,0,W 45TH AVE & N VRAIN ST,1,1,0,0,1,1,0,0,25,0,0,0,0,0,4,2,11
,2023-03568,39.78238195,-104.8490288,2/3/2023 8:00,8:00:00,15,0,0,E 47TH AVE & N PARIS ST,2,1,0,0,1,1,0,0,25,0,0,0,0,0,4,2,11
,2023-03570,39.79252035,-104.7878898,2/3/2023 9:30,9:30:00,12,0,0,5200,1,1,0,0,1,4,0,0,,0,0,0,0,0,2,2,16
,2023-03572,39.76538809,-104.902606,1/17/2023 3:00,3:00:00,12,0,0, QUEBEC ST & E 35TH AVE,1,3,0,0,1,1,0,0,,0,0,0,0,0,4,2,16
,2023-03577,39.69296182,-104.9616828,1/14/2023 21:54,21:54:00,6,0,0,E LOUISIANA AVE & S GAYLORD ST,1,4,0,0,1,4,0,0,,0,0,0,0,0,4,2,16
,2023-03581,39.69044462,-104.9887096,2/2/2023 8:31,8:31:00,10,0,0, ACOMA ST & W FLORIDA AVE,1,1,0,0,1,4,0,0,30,0,0,0,0,0,4,2,11
,2023-03584,39.68289519,-104.9594293,2/1/2023 7:53,7:53:00,12,0,0, UNIVERSITY BLVD & E BUCHTEL BLVD,1,1,0,0,1,3,0,0,35,0,0,0,0,0,4,2,16
,2023-03586,39.78311505,-105.0064249,2/2/2023 8:18,8:18:00,12,0,1,I-70 & N PECOS ST,1,1,1,0,1,4,0,0,55,0,0,0,0,1,1,2,13
,2023-03587,39.65300469,-104.9406867,2/1/2023 17:44,17:44:00,3,0,0, COLORADO BLVD & E HAMPDEN AVE,1,2,0,0,1,1,0,0,30,0,0,0,0,0,2,2,16
,2023-03588,39.75778273,-104.8903776,2/1/2023 13:25,13:25:00,12,0,0, CENTRAL PARK BLVD & E 29TH AVE,1,1,0,0,1,3,0,0,30,0,0,0,0,0,4,2,16
,2023-03590,39.63421999,-104.9033584,2/3/2023 13:00,13:00:00,12,0,0,I-225 & I-25,1,1,0,0,1,8,0,0,55,0,0,0,0,0,1,2,13
,2023-03591,39.79817411,-104.8441729,1/18/2023 16:05,16:05:00,5,0,0,E 56TH AVE,8,2,0,2,3,4,0,0,65,0,0,0,0,0,2,1,14
,2023-03592,39.73479956,-105.0392924,1/18/2023 1:20,1:20:00,5,0,0, PERRY ST & W 12TH AVE,9,3,1,2,3,1,0,0,35,0,0,0,0,0,4,1,16
,2023-03596,39.63957213,-104.8851173,1/14/2023 23:13,23:13:00,12,0,0,I-225 & S YOSEMITE ST,1,3,0,0,1,4,0,0,65,0,0,0,0,0,1,2,16
,2023-03599,39.74245389,-104.9798941,2/3/2023 17:53,17:53:00,11,0,1,1600  PEARL ST,1,3,3,0,1,2,0,0,0,1,0,0,0,2,4,1,16
,2023-03600,39.68291492,-104.9405317,2/3/2023 14:49,14:49:00,12,0,0,I-25 & S COLORADO BLVD,1,1,0,0,1,4,0,0,55,0,0,0,0,0,1,3,13
,2023-03601,39.7489838,-104.9802031,2/3/2023 18:52,18:52:00,3,0,0,COURT PL & PARK AVE W,1,2,0,0,1,1,0,0,30,0,0,0,0,0,4,2,11
,2023-03602,39.73997276,-104.9622353,2/2/2023 13:50,13:50:00,3,0,1, VINE ST & E COLFAX AVE,1,1,0,0,1,1,0,0,35,0,0,0,0,1,2,2,11
,2023-03603,39.77489344,-104.7905536,2/3/2023 9:07,9:07:00,12,0,0,PENA BLVD & E 40TH AVE,1,1,0,0,1,4,0,0,65,0,0,0,0,0,4,2,1
,2023-03604,39.77668485,-105.0299295,2/3/2023 16:41,16:41:00,3,0,0,W 44TH AVE & N IRVING ST,1,1,0,0,1,1,0,0,30,0,0,0,0,0,4,2,13
,2023-03605,39.75507071,-104.9880923,2/3/2023 10:13,10:13:00,3,0,0,PARK AVE W & LAWRENCE ST,1,1,0,0,1,1,0,0,25,0,0,0,0,0,4,2,8
,2023-03608,39.72579065,-105.0397893,1/10/2023 0:23,0:23:00,12,0,1,W 6TH AVE & N PERRY ST,1,3,1,0,1,4,0,0,55,0,0,0,0,2,2,2,16
,2023-03610,39.70734312,-104.9222679,2/2/2023 14:45,14:45:00,1,0,0,LEETSDALE DR & S HOLLY ST,1,1,3,0,1,1,0,0,35,0,0,0,0,0,2,3,3
,2023-03611,39.72551657,-105.0131329,2/2/2023 10:00,10:00:00,12,0,0,W 6TH AVE & I-25,1,1,0,0,1,4,0,0,35,0,0,0,0,0,2,2,3
,2023-03612,39.7254402,-105.052177,2/1/2023 13:53,13:53:00,12,0,0,W 6TH AVE FWY ON RAMP & N SHERIDAN BLVD,1,1,1,0,1,8,0,0,45,0,0,0,0,0,2,3,13
,2023-03613,39.6674123,-105.034963,1/20/2023 22:00,22:00:00,6,0,0, LOWELL BLVD & W YALE AVE,2,3,0,0,1,4,0,0,30,0,0,0,0,0,4,2,14
,2023-03616,39.69704922,-104.991779,2/2/2023 7:19,7:19:00,12,0,0, SANTA FE DR & W MISSISSIPPI AVE,1,1,0,0,1,3,0,0,40,0,0,0,0,0,2,2,16
,2023-03621,39.73663084,-105.0420047,1/28/2023 21:30,21:30:00,6,0,0,W 13TH AVE & N RALEIGH ST,1,3,0,0,1,4,0,0,25,0,0,0,0,0,4,2,16
,2023-03623,39.6966599,-104.9918701,2/3/2023 9:09,9:09:00,15,0,0,W MISSISSIPPI AVE & S SANTA FE DR,1,1,0,0,1,1,0,0,30,0,0,0,0,0,2,2,10
,2023-03624,39.75228244,-104.9916828,1/15/2023 2:05,2:05:00,12,0,1,20TH ST & LAWRENCE ST,1,3,0,0,1,1,0,0,25,0,0,0,0,2,4,2,13
,2023-03625,39.74164009,-104.9696817,2/2/2023 12:15,12:15:00,12,0,0, HUMBOLDT ST & E 16TH AVE,1,1,0,0,1,1,0,0,25,0,0,0,0,0,4,2,1
,2023-03626,39.65634018,-105.0532236,2/3/2023 10:50,10:50:00,15,0,0, SHERIDAN BLVD & W DARTMOUTH AVE,1,1,0,0,1,3,0,0,40,0,0,0,0,0,2,2,11
,2023-03628,39.61439053,-105.0911483,2/1/2023 9:30,9:30:00,3,0,0,HWY 121 & W LONG DR,1,1,0,0,1,1,0,0,45,0,0,0,0,0,2,2,2
,2023-03634,39.7439712,-105.0532224,2/2/2023 15:00,15:00:00,12,0,0, SHERIDAN BLVD & W 17TH AVE,1,1,0,0,1,1,0,0,,0,0,0,0,0,2,2,16
,2023-03637,39.77935774,-104.9791696,2/3/2023 17:46,17:46:00,12,0,0,I-70 EB ON RAMP & N WASHINGTON ST,1,3,3,0,1,8,0,0,55,0,0,0,0,0,1,4,2
,2023-03641,39.68291492,-104.9405317,2/3/2023 11:49,11:49:00,15,0,0,I-25 & S COLORADO BLVD,1,1,1,0,1,8,0,0,60,0,0,0,0,0,1,2,11
,2023-03643,39.78302556,-104.8003316,1/6/2023 0:27,0:27:00,6,0,0,16074 E  WARNER DR,4,3,0,0,1,9,0,0,,0,0,0,0,0,4,2,16
,2023-03645,39.80371012,-104.7721175,2/2/2023 15:01,15:01:00,3,0,0, TOWER RD & E 59TH AVE,1,1,0,0,1,1,0,0,40,0,0,0,0,0,4,2,7
,2023-03648,39.70552649,-105.0408533,1/11/2023 22:17,22:17:00,3,0,0,MORRISON RD & S QUITMAN ST,1,3,0,0,1,1,0,0,,0,0,0,0,0,4,2,16
,2023-03649,39.7181505,-105.0385532,1/14/2023 1:29,1:29:00,5,0,0,W 1ST AVE & N OSCEOLA ST,1,3,0,0,3,4,0,0,30,0,0,0,0,0,4,1,16
,2023-03656,39.7400416,-104.9835907,1/31/2023 18:55,18:55:00,12,0,0,E COLFAX AVE & N GRANT ST,1,2,0,0,1,1,0,0,35,0,0,0,0,0,2,2,16
,2023-03659,39.62380694,-104.9014169,1/7/2023 18:00,18:00:00,15,0,0,I-25 & E BELLEVIEW BLVD,14,5,3,7,1,4,0,0,,0,0,0,0,0,4,2,16
,2023-03660,39.73839534,-104.9672293,2/3/2023 0:04,0:04:00,8,0,0, GILPIN ST & E 14TH AVE,1,3,0,0,1,1,0,0,35,0,0,0,0,0,4,2,16
,2023-03661,39.64125037,-104.8820866,2/4/2023 16:30,16:30:00,5,0,0,I-225 & S YOSEMITE ST,1,2,0,0,3,8,0,0,45,0,0,0,0,0,1,1,11