id,drcog_id,latitude,longitude,crashtime,time,crashtype,numbkilled,numbinjurd,drcoglocat,rdconditin,lightngcon,roadcntgrd,weatherco,location,roaddescrp,schoolzone,constrzone,splimit,bikeinv,pedinv,sctrinv,motoinv,svrty,rdsystem,ttlvehcls,hcf
,2023-03662,39.72576258,-105.0351069,2/4/2023 1:08,1:08:00,12,0,0,W 6TH AVE  DR & N LOWELL BLVD,1,3,0,0,1,1,0,0,30,0,0,0,0,0,2,3,16
,2023-03663,39.75128874,-105.0167818,2/4/2023 14:46,14:46:00,10,0,1,I-25 SB RAMPS & W 23RD AVE,1,1,0,0,1,1,0,0,25,0,0,0,0,2,1,2,11
,2023-03667,39.63552708,-104.8934442,2/1/2023 19:41,19:41:00,15,0,1,I-225 & S TAMARAC ST,1,3,0,0,1,4,0,0,60,0,0,0,0,1,1,2,11
,2023-03668,39.67846408,-104.925208,1/31/2023 15:00,15:00:00,12,0,0,E EVANS AVE & S GRAPE ST,1,1,0,0,1,1,0,0,,0,0,0,0,0,4,2,3
,2023-03669,39.73285511,-104.9752659,2/3/2023 22:00,22:00:00,5,0,0,1000   OGDEN ST,1,3,0,0,3,9,0,0,,0,0,0,0,0,4,1,16
,2023-03670,39.77411178,-104.8827885,2/4/2023 17:58,17:58:00,1,0,0, CENTRAL PARK BLVD & E 40TH AVE,1,3,0,0,1,3,0,0,35,0,0,0,0,0,4,2,14
,2023-03671,39.65319389,-104.9047395,2/4/2023 8:40,8:40:00,1,0,0, POPLAR ST & E HAMPDEN AVE,2,1,0,0,1,1,0,0,40,0,0,0,0,0,2,2,13
,2023-03672,39.76572517,-104.9406447,2/4/2023 12:02,12:02:00,12,0,0, COLORADO BLVD & E 35TH AVE,1,1,0,0,1,1,0,0,35,0,0,0,0,0,2,3,13
,2023-03673,39.76381515,-105.0428385,1/29/2023 20:40,20:40:00,6,0,0, STUART ST & W 33RD AVE,4,3,0,0,1,4,0,0,25,0,0,0,0,0,4,2,3
,2023-03674,39.74001156,-104.9707582,2/4/2023 15:35,15:35:00,6,0,0,E COLFAX AVE & N LAFAYETTE ST,1,1,0,0,1,4,0,0,30,0,0,0,0,0,2,2,11
,2023-03675,39.78094213,-104.8828179,2/4/2023 14:58,14:58:00,1,0,0, CENTRAL PARK BLVD & E 46TH PL,1,1,0,0,1,1,0,0,35,0,0,0,0,0,4,2,10
,2023-03676,39.75175198,-104.8900504,1/31/2023 16:57,16:57:00,6,0,0,CENTRAL PARK BLVD & N WABASH ST,1,1,0,0,1,4,0,0,25,0,0,0,0,0,4,2,13
,2023-03677,39.66763164,-104.9128858,1/6/2023 20:03,20:03:00,1,0,0,E YALE AVE & S MONACO ST,1,3,0,0,1,1,0,0,30,0,0,0,0,0,4,2,16
,2023-03678,39.75660278,-105.0158308,1/22/2023 11:36,11:36:00,5,0,0, ZUNI ST & W 27TH AVE,1,1,0,0,3,1,0,0,25,0,0,0,0,0,4,1,1
,2023-03679,39.71003187,-104.8706706,2/3/2023 20:40,20:40:00,5,0,2,E ALAMEDA AVE & S GALENA WY,1,3,0,0,3,1,0,0,35,0,0,0,0,3,4,1,1
,2023-03680,39.76740409,-104.8903311,2/4/2023 11:06,11:06:00,12,0,0, CENTRAL PARK BLVD & E 36TH AVE,1,1,0,0,1,4,0,0,30,0,0,0,0,0,4,2,13
,2023-03681,39.78746435,-105.0252213,2/4/2023 19:33,19:33:00,3,0,0, FEDERAL BLVD & W 50TH AVE,1,3,3,0,1,2,0,0,35,0,0,0,0,0,2,3,16
,2023-03682,39.7651844,-104.8904755,2/4/2023 16:31,16:31:00,12,0,0, CENTRAL PARK BLVD & E 35TH AVE,1,1,0,0,1,1,0,0,35,0,0,0,0,0,4,2,14
,2023-03686,39.79603257,-104.8437737,2/4/2023 8:00,8:00:00,6,0,0,12400 E  55TH AVE,1,1,0,0,1,1,0,0,25,0,0,0,0,0,4,2,13
,2023-03687,39.74001156,-104.9707582,2/4/2023 15:33,15:33:00,6,0,0,E COLFAX AVE & N LAFAYETTE ST,1,1,0,0,1,4,0,0,30,0,0,0,0,0,2,2,14
,2023-03688,39.72573,-105.0184784,1/19/2023 21:18,21:18:00,5,0,0,W 6TH AVE & N BRYANT ST,11,3,0,0,3,4,0,0,30,0,0,0,0,0,2,1,16
,2023-03689,39.75481831,-104.9257823,2/3/2023 15:48,15:48:00,6,0,0,GLENCOE ST & E 26TH AVE,4,1,0,0,1,4,0,0,25,0,0,0,0,1,4,3,14
,2023-03691,39.6530656,-104.918228,1/8/2023 21:15,21:15:00,15,0,0,I-25 & E HAMPDEN AVE,1,3,1,0,1,4,0,0,65,0,0,0,0,0,1,2,16
,2023-03693,39.72563842,-104.987447,1/13/2023 0:41,0:41:00,3,0,0,E 6TH AVE & N BROADWAY ST,1,3,0,0,1,1,0,0,,0,0,0,0,0,4,2,16
,2023-03695,39.77445469,-104.7721689,1/27/2023 18:30,18:30:00,12,0,0, TOWER RD & E 43RD AVE,1,3,0,0,1,4,0,0,,0,0,0,0,0,4,2,16
,2023-03700,39.76922129,-104.9284517,1/29/2023 13:37,13:37:00,6,0,0,E 38TH AVE & N FAIRFAX ST,9,1,0,0,1,4,0,0,30,0,0,0,0,0,4,2,1
,2023-03703,39.72802011,-104.9902663,1/31/2023 5:15,5:15:00,16,0,0,777  BANNOCK ST,4,3,0,0,5,2,0,0,,0,0,0,0,0,3,1,16
,2023-03707,39.70802487,-104.8790575,1/22/2023 17:27,17:27:00,12,0,0,E ALAMEDA AVE & S CLINTON ST,1,3,0,0,1,3,0,0,40,0,0,0,0,0,4,2,16
,2023-03708,39.78363784,-104.7904896,2/3/2023 18:15,18:15:00,1,0,0,E GREEN VALLEY RANCH BLVD & PENA BLVD,1,3,0,0,1,1,0,0,40,0,0,0,0,0,4,2,13
,2023-03709,39.71109334,-105.0251685,2/4/2023 14:35,14:35:00,12,0,0, FEDERAL BLVD & W ALAMEDA AVE,1,1,0,0,1,4,0,0,35,0,0,0,0,0,2,2,11
,2023-03710,39.74852107,-104.9913555,2/4/2023 12:59,12:59:00,12,0,0,CHAMPA ST & 18TH ST,1,1,0,7,1,4,0,0,30,0,0,0,0,0,4,2,16
,2023-03714,39.70696134,-104.8693707,2/1/2023 23:00,23:00:00,6,0,0,10150 E VIRGINIA AVE & S GALENA ST,1,3,0,0,1,4,0,0,30,0,0,0,0,0,4,3,16
,2023-03715,39.70204038,-104.968097,1/4/2023 14:08,14:08:00,12,0,0, FRANKLIN GILPIN ALLEY & E OHIO AVE,1,1,0,0,1,4,0,0,25,0,0,0,0,0,4,2,16
,2023-03720,39.76797631,-104.994949,1/21/2023 2:45,2:45:00,12,0,0,I-25 & PARK AVE W,1,3,0,0,1,4,0,0,,0,0,0,0,0,1,2,16
,2023-03723,39.78588287,-104.7721287,1/21/2023 18:20,18:20:00,12,0,0,E 49TH AVE & N TOWER RD,4,3,0,0,1,4,0,0,,0,0,0,0,0,4,2,16
,2023-03736,39.66142566,-105.0712788,1/29/2023 16:30,16:30:00,6,0,0, NEWLAND ST & W CORNELL AVE,4,1,0,2,1,1,0,0,25,0,0,0,0,0,4,2,1
,2023-03739,39.74021255,-104.9105478,1/29/2023 15:50,15:50:00,15,0,2,E COLFAX AVE & N NIAGARA ST,1,1,0,0,1,3,0,0,35,0,0,0,0,1,2,3,1
,2023-03740,39.65338373,-105.0496964,2/3/2023 22:35,22:35:00,5,0,1,W HAMPDEN AVE WB OFF RAMP & S SHERIDAN BLVD,1,3,1,0,3,8,0,0,65,0,0,0,0,3,2,1,16
,2023-03748,39.68485762,-104.9594473,1/30/2023 7:37,7:37:00,12,0,1,I-25 & S UNIVERSITY BLVD NB ON RAMP GORE PT,2,1,1,0,1,4,0,0,60,0,0,0,0,1,1,3,16
,2023-03752,39.78051352,-104.9619854,1/30/2023 10:03,10:03:00,15,0,0,I-70 & MM 275.4,11,1,0,0,1,4,0,0,55,0,0,0,0,0,1,4,10
,2023-03753,39.72520522,-105.0180638,1/15/2023 20:58,20:58:00,15,0,0,W 6TH AVE EB OFF RAMP TO -25 NB-SB RAMPS & I-25,1,3,1,0,1,8,0,0,30,0,0,0,0,0,2,2,16
,2023-03760,39.77935774,-104.9791696,1/29/2023 3:16,3:16:00,12,0,0,I-70 EB ON RAMP & MERGE PT FROM I-25 NB OFF RAMP,1,3,0,0,1,8,0,0,,0,0,0,0,0,1,2,16
,2023-03816,39.74745569,-104.8843146,2/2/2023 10:41,10:41:00,15,0,0,E MONTVIEW & CENTRAL PARK BLVD,1,1,0,0,1,4,0,1,35,0,0,0,0,0,4,2,13
,2023-03821,39.76570026,-104.9948627,1/31/2023 16:45,16:45:00,12,0,0,PARK AVE W & N GLOBEVILLE RD,11,2,0,0,1,1,0,0,25,0,0,0,0,0,4,2,16
,2023-03822,39.78238674,-104.8473823,2/1/2023 8:45,8:45:00,12,0,0,E 47TH AVE & N PEORIA ST,2,1,0,0,1,4,0,0,35,0,0,0,0,0,4,2,16
,2023-03823,39.72537098,-105.0078339,2/4/2023 23:05,23:05:00,5,0,0,W 6TH AVE & N QUIVAS ST,1,3,1,0,3,4,0,0,45,0,0,0,0,0,4,2,1
,2023-03826,39.7289305,-104.9905653,2/5/2023 2:31,2:31:00,3,0,0,W 8TH AVE & N SPEER BLVD,1,3,0,0,1,1,0,0,30,0,0,0,0,1,4,2,11
,2023-03829,39.65335623,-105.0532067,2/3/2023 7:18,7:18:00,12,0,1, SHERIDAN BLVD & W HAMPDEN AVE WB RAMPS,1,1,0,0,1,4,0,0,,0,0,0,0,1,2,2,16
,2023-03845,39.68050901,-105.0250251,2/5/2023 2:55,2:55:00,5,0,0, FEDERAL BLVD & W ASBURY AVE,1,3,0,0,3,3,0,0,40,0,0,0,0,0,2,1,14
,2023-03846,39.74008586,-104.8895532,2/4/2023 21:57,21:57:00,12,0,0,E COLFAX AVE & N WABASH ST,1,3,0,0,1,4,0,0,35,0,0,0,0,0,2,2,11
,2023-03869,39.75970684,-105.0099079,1/10/2023 18:12,18:12:00,11,0,0,BOULDER ST & KENSING CT,5,3,0,0,1,3,0,0,25,0,1,0,0,0,4,1,16
,2023-03875,39.77431305,-104.8129486,1/2/2023 17:40,17:40:00,6,0,0,E ANDREWS DR & N KELLY PL,7,2,0,2,1,3,0,0,25,0,0,0,0,0,4,2,16
,2023-03876,39.77300062,-104.9034987,2/1/2023 16:43,16:43:00,15,0,0, QUEBEC ST & E SANDOWN RD,1,1,0,0,1,8,0,0,,0,0,0,0,0,4,2,16
,2023-03879,39.69294825,-105.0532124,1/31/2023 12:58,12:58:00,15,0,0, SHERIDAN BLVD & W LOUISIANA AVE,1,1,0,0,1,1,0,0,40,0,0,0,0,0,2,2,16
,2023-03882,39.74692996,-104.96223,2/1/2023 13:10,13:10:00,6,0,0,VINE ST & 20TH AVE,1,1,0,0,1,4,0,0,25,0,0,0,0,0,4,2,11
,2023-03885,39.74884844,-104.9793066,2/2/2023 15:20,15:20:00,6,0,0,CLEVELAND PL & PARK AVE W,1,1,0,0,1,4,0,0,35,0,0,0,0,0,4,2,16
,2023-03889,39.74000002,-104.9861324,2/4/2023 23:58,23:58:00,3,0,1, LINCOLN ST & E COLFAX AVE,1,3,0,0,1,1,0,0,30,0,0,0,0,1,2,2,1
,2023-03894,39.74011891,-105.0060503,1/25/2023 7:50,7:50:00,15,0,0,W COLFAX AVE & N OSAGE ST,1,1,1,0,1,4,0,0,35,0,0,0,0,0,2,2,11
,2023-03897,39.72549719,-105.0394441,2/5/2023 2:37,2:37:00,5,0,2,W 6TH AVE & N PERRY ST,1,3,1,0,3,4,0,0,65,0,0,0,0,2,2,1,6
,2023-03898,39.69213404,-104.9745987,2/2/2023 18:01,18:01:00,6,0,0, CORONA ST & LOUISANNA AVE,1,4,0,0,1,4,0,0,25,0,0,0,0,0,4,3,16
,2023-03900,39.78354682,-105.0532495,2/2/2023 7:15,7:15:00,12,0,0,I-70 & N SHERIDAN BLVD,1,1,1,0,1,4,0,0,,0,0,0,0,0,1,3,16
,2023-03902,39.78034557,-104.8099541,1/22/2023 9:30,9:30:00,12,0,0,E BOLLING DR & N CHAMBERS RD,7,1,0,7,1,3,0,0,,0,0,0,0,0,4,2,16
,2023-03904,39.73842475,-105.0532129,1/27/2023 7:57,7:57:00,15,0,0, SHERIDAN BLVD & W 14TH AVE,1,1,2,0,1,4,0,0,35,0,0,0,0,0,2,2,16
,2023-03906,39.76179625,-104.9405114,2/5/2023 21:37,21:37:00,1,0,2, COLORADO BLVD & E MLK JR BLVD,1,3,0,0,1,1,0,0,45,0,0,0,0,2,2,2,13
,2023-03911,39.78046044,-104.9634913,2/4/2023 16:35,16:35:00,12,0,0,I-70 & N RACE ST,1,1,0,0,1,4,0,0,65,0,0,0,0,0,1,2,13
,2023-03924,39.73848181,-105.0346091,2/5/2023 17:33,17:33:00,3,0,2,W 14TH AVE & N LOWELL BLVD,1,3,0,0,1,1,0,0,25,0,0,0,0,2,4,2,11
,2023-03925,39.65330529,-104.8690616,2/5/2023 10:22,10:22:00,5,0,0,E HAMPDEN AVE & S GALENA ST,1,1,0,0,3,4,0,0,35,0,0,0,0,0,2,1,16
,2023-03927,39.71311283,-104.9129164,2/1/2023 17:00,17:00:00,10,0,0,E CEDAR AVE & S MONACO ST,2,2,0,0,1,1,0,0,35,0,0,0,0,0,4,2,13
,2023-03957,39.75573091,-104.972799,1/26/2023 14:50,14:50:00,3,0,0,E 27TH AVE & N MARION ST,1,2,0,0,1,1,0,0,25,0,0,0,0,0,4,2,13
,2023-03958,39.72259908,-104.9826016,1/5/2023 18:16,18:16:00,11,0,1, LOGAN ST & E SPEER BLVD,1,3,0,0,1,1,0,0,35,0,1,0,0,3,4,1,3
,2023-03961,39.78842478,-104.9634255,2/5/2023 8:05,8:05:00,10,0,0, BRIGHTON BLVD & N RACE ST,1,1,0,0,1,3,0,0,35,0,0,0,0,0,4,2,11
,2023-03968,39.78001032,-104.9891769,2/5/2023 21:15,21:15:00,15,0,0,I-70 & I-25,11,3,0,0,1,4,0,0,55,0,0,0,0,0,1,2,14
,2023-03970,39.69293304,-104.9405488,2/5/2023 10:09,10:09:00,12,0,0, COLORADO BLVD & E LOUISIANA AVE,1,1,0,0,1,1,0,0,30,0,0,0,0,0,2,2,8
,2023-03972,39.72542112,-105.0130234,2/5/2023 21:44,21:44:00,12,0,0,I-25 & 6TH AVE FWY,1,3,0,0,1,8,0,0,65,0,0,0,0,0,1,2,1
,2023-03977,39.75021755,-105.0047702,2/5/2023 10:24,10:24:00,12,0,0, SPEER BLVD & WEWATTA ST,1,1,1,0,1,1,0,0,35,0,0,0,0,0,4,2,12
,2023-03982,39.71833686,-104.975771,2/3/2023 15:28,15:28:00,6,0,0,E 1ST AVE & N OGDEN ST,1,1,0,0,1,1,0,0,,0,0,0,0,0,4,2,16
,2023-03983,39.67846408,-104.925208,2/2/2023 11:15,11:15:00,10,0,0,E EVANS AVE & S GRAPE ST,1,1,0,0,1,1,0,0,30,0,0,0,0,0,4,2,13
,2023-03986,39.74166678,-104.9775686,2/6/2023 5:49,5:49:00,3,0,0,E 16TH AVE & N CLARKSON ST,1,3,0,0,1,1,0,0,30,0,0,0,0,0,4,2,3
,2023-03987,39.78422126,-105.0251926,2/6/2023 10:28,10:28:00,1,0,1, FEDERAL BLVD & I-70 EB RAMPS,1,1,0,0,1,1,0,0,35,0,0,0,0,1,2,2,1
,2023-03988,39.7558437,-104.9987422,2/6/2023 11:35,11:35:00,12,0,0,WEWATTA ST & N SPEER BLVD,1,1,0,0,1,4,0,0,30,0,0,0,0,1,4,2,13
,2023-03990,39.67529692,-105.0250402,2/5/2023 19:20,19:20:00,1,0,1, FEDERAL BLVD & W ILIFF AVE,1,3,1,0,1,1,0,0,45,0,0,0,0,2,2,2,13
,2023-03991,39.7255769,-104.9729261,1/14/2023 0:15,0:15:00,15,0,1,E 6TH AVE & N DOWNING ST,1,3,0,0,1,1,0,0,30,0,0,0,0,2,4,2,16
,2023-03995,39.69128056,-105.0253881,2/6/2023 19:46,19:46:00,14,0,0,W ARKANSAS AVE & S FEDERAL BLVD,1,3,0,7,1,4,0,0,25,0,0,0,0,0,4,2,10
,2023-03997,39.76201076,-105.0252188,2/6/2023 7:34,7:34:00,3,0,0, FEDERAL BLVD & W 32ND AVE,1,1,1,0,1,1,0,0,35,0,0,0,0,0,2,2,3
,2023-04001,39.78107981,-104.8849975,2/2/2023 11:28,11:28:00,3,0,0, YOSEMITE ST & E 46TH PL,1,1,0,0,1,1,0,0,25,0,0,0,0,0,4,2,16
,2023-04002,39.77951703,-104.8470222,2/2/2023 12:50,12:50:00,15,0,0, PEORIA ST & E 46TH AVE,1,1,0,0,1,4,0,0,35,0,0,0,0,0,4,2,16
,2023-04003,39.68498685,-105.0250115,2/2/2023 15:09,15:09:00,11,0,1, FEDERAL BLVD & W COLORADO AVE,1,1,0,0,1,1,0,0,0,0,1,0,0,2,2,1,16
,2023-04004,39.6967631,-105.0155388,2/4/2023 0:04,0:04:00,10,0,0,W MISSISSIPPI AVE & S ZUNI ST,1,3,0,0,1,3,0,0,35,0,0,0,0,0,4,2,13
,2023-04007,39.68990967,-104.9223359,2/2/2023 17:00,17:00:00,12,0,0, HOLLY ST & E FLORIDA AVE,1,1,0,0,1,4,0,0,25,0,0,0,0,1,4,2,16
,2023-04011,39.65318345,-104.9070853,2/6/2023 20:15,20:15:00,3,0,0,E HAMPDEN AVE & S OLEANDER CT,1,3,0,0,1,2,0,0,35,0,0,0,0,0,2,2,13
,2023-04012,39.67661163,-104.9406531,2/3/2023 11:01,11:01:00,3,0,0,E WARREN AVE & S COLORADO BLVD,1,1,0,0,1,1,0,0,30,0,0,0,0,0,2,2,11
,2023-04015,39.69295352,-104.9675425,2/6/2023 15:45,15:45:00,3,0,0,E LOUISIANA AVE & S GILPIN ST,1,1,0,0,1,1,0,0,25,0,0,0,0,0,4,2,13
,2023-04017,39.72912119,-104.9528851,2/1/2023 14:07,14:07:00,3,0,0, FILLMORE ST & E 8TH AVE,1,1,0,0,1,1,0,0,35,0,0,0,0,0,4,2,16
,2023-04025,39.68951065,-104.8968924,2/6/2023 17:21,17:21:00,12,0,0, QUEBEC WAY & E FLORIDA AVE,1,2,0,0,1,3,0,0,30,0,0,0,0,0,4,2,13
,2023-04028,39.84980208,-104.6726861,2/1/2023 16:08,16:08:00,16,0,0,8400 PENA BLVD & PRIVATE PROPERTY,1,3,0,0,5,7,0,0,10,0,0,0,0,0,3,2,16
,2023-04029,39.66772831,-105.025111,1/1/2023 17:57,17:57:00,11,0,1, FEDERAL BLVD & W YALE AVE,1,3,0,0,1,1,0,0,0,0,1,0,0,3,2,1,16
,2023-04036,39.66777456,-105.0680306,2/6/2023 7:53,7:53:00,14,0,0,W YALE AVE & S LAMAR ST,1,1,0,0,1,4,0,0,35,0,0,0,0,0,4,2,3
,2023-04037,39.71934629,-104.9586291,2/5/2023 13:54,13:54:00,10,0,0, JOSEPHINE ST & E 2ND AVE,1,1,0,0,1,1,0,0,30,0,0,0,0,0,4,2,8
,2023-04044,39.74342656,-104.9874665,2/3/2023 10:23,10:23:00,12,0,0,E 17TH AVE & N BROADWAY ST,1,1,0,0,1,4,0,0,30,0,0,0,0,0,4,2,13
,2023-04045,39.72516476,-105.0128356,2/3/2023 12:32,12:32:00,12,0,0,I-25 & W 6TH AVE FWY,1,1,1,0,1,4,0,0,55,0,0,0,0,0,1,4,8
,2023-04047,39.77282805,-104.790585,2/6/2023 6:30,6:30:00,3,0,0,E 40TH AVE & PENA BLVD,1,1,0,0,1,1,0,0,45,0,0,0,0,0,4,2,1
,2023-04057,39.74044704,-105.014159,2/5/2023 2:08,2:08:00,12,0,0,W COLFAX AVE & I-25 SB OFF RAMP,1,3,0,0,1,1,0,0,50,0,0,0,0,0,2,2,13
,2023-04071,39.73207539,-104.9888516,2/3/2023 10:25,10:25:00,11,0,1, ACOMA ST & W 10TH AVE,1,1,0,0,1,4,0,0,25,0,1,0,0,1,4,1,13
,2023-04079,39.71171263,-104.9991984,2/6/2023 7:51,7:51:00,15,0,0,I-25 & ALAMEDA AVE,1,1,0,0,1,4,0,0,55,0,0,0,0,0,1,2,7
,2023-04081,39.71120721,-104.9991331,2/6/2023 7:00,7:00:00,3,0,0,W ALAMEDA AVE & I-25 SB OFF RAMP,1,1,0,0,1,1,0,0,40,0,0,0,0,0,2,2,16
,2023-04084,39.74227392,-104.9907288,1/31/2023 20:27,20:27:00,3,0,0,15TH ST & TREMONT PL,1,3,0,0,1,1,0,0,35,0,0,0,0,0,4,2,12
,2023-04086,39.71569509,-104.9897618,2/1/2023 14:28,14:28:00,6,0,0,W ARCHER PL & S BANNOCK ST,1,1,0,0,1,4,0,0,25,0,0,0,0,0,4,2,16
,2023-04087,39.6530486,-104.9054415,2/4/2023 14:00,14:00:00,12,0,1,E HAMPDEN AVE & S POPLAR ST,1,1,0,0,1,4,0,0,35,0,0,0,0,2,2,2,16
,2023-04093,39.78023612,-104.9669975,2/3/2023 6:19,6:19:00,5,0,1,I-70 & N BRIGHTON BLVD,1,3,1,0,2,4,0,0,55,0,0,0,0,1,1,2,16
,2023-04100,39.74000059,-104.9790202,1/31/2023 19:08,19:08:00,11,0,1,629 E COLFAX AVE ALLEY,2,3,0,0,1,9,0,0,10,0,1,0,0,2,4,1,14
,2023-04147,39.79835624,-104.7814744,2/6/2023 17:54,17:54:00,12,0,0,E 56TH AVE & N TOWER RD,1,3,0,0,1,4,0,0,40,0,0,0,0,0,4,2,16
,2023-04148,39.74031629,-105.0532099,2/5/2023 18:30,18:30:00,15,0,0, SHERIDAN BLVD & W COLFAX AVE,1,3,0,0,1,1,0,0,30,0,0,0,0,0,2,2,13
,2023-04149,39.66470617,-105.0532408,2/7/2023 8:25,8:25:00,8,0,2, SHERIDAN BLVD & W BROWN PL,1,1,1,0,6,4,0,0,40,0,0,0,0,3,2,2,12
,2023-04151,39.67843452,-104.9959864,2/7/2023 11:10,11:10:00,1,0,1,W EVANS AVE & S GALAPAGO ST,1,1,1,0,1,1,0,0,35,0,0,0,0,1,4,2,11
,2023-04153,39.65308224,-104.8987343,2/7/2023 6:14,6:14:00,3,0,1,E HAMPDEN AVE & S TAMARAC DR,1,1,0,0,1,1,0,0,40,0,0,0,0,1,2,2,16
,2023-04154,39.75302836,-104.9976987,2/7/2023 15:35,15:35:00,6,0,0,WAZEE ST & 18TH ST,1,1,0,0,1,3,0,0,30,0,0,0,0,0,4,2,13
,2023-04156,39.77975583,-104.9791588,2/7/2023 15:35,15:35:00,15,0,0,I-70 WB OFF RAMP & N WASHINGTON ST,1,2,0,0,1,1,0,0,35,0,0,0,0,0,4,2,11
,2023-04157,39.76814408,-104.84741,2/7/2023 15:50,15:50:00,12,0,0, PEORIA ST & E 39TH AVE,1,1,1,0,1,4,0,0,35,0,0,0,0,1,4,2,13
,2023-04159,39.74750077,-104.9781777,2/7/2023 16:15,16:15:00,3,0,0, WASHINGTON ST & E 20TH AVE,1,1,0,0,1,1,0,0,25,0,0,0,0,0,4,2,3
,2023-04160,39.73838172,-104.9562843,2/7/2023 15:15,15:15:00,10,0,0,E 14TH AVE & N ELIZABETH ST,1,1,0,0,1,1,0,0,30,0,0,0,0,0,4,2,3
,2023-04164,39.76923671,-104.7393608,2/7/2023 15:04,15:04:00,15,0,0, ODESSA ST & E 38TH AVE,1,1,0,0,1,1,0,0,25,0,0,0,0,0,4,2,14
,2023-04167,39.84445546,-104.747023,2/7/2023 9:28,9:28:00,15,0,0,E-470 & PENA BLVD,1,1,0,0,1,8,0,0,65,0,0,0,0,0,4,2,1
,2023-04169,39.74746842,-104.8846757,2/6/2023 18:25,18:25:00,15,0,0,E MONTVIEW BLVD & N CENTRAL PARK BLVD,1,3,0,0,1,1,0,0,30,0,0,0,0,0,4,2,1
,2023-04170,39.77338694,-104.8470278,2/6/2023 14:50,14:50:00,10,0,0,I-70 EB RAMPS & N PEORIA ST,1,1,0,0,1,1,0,0,35,0,0,0,0,0,4,2,8
,2023-04172,39.7475778,-105.0252106,2/7/2023 13:59,13:59:00,10,0,0,W 20TH AVE & N FEDERAL BLVD,1,1,0,0,1,1,0,0,30,0,0,0,0,0,2,2,13
,2023-04174,39.65305123,-104.8844476,2/6/2023 12:21,12:21:00,15,0,0,E HAMPDEN AVE & S YOSEMITE ST,1,1,0,0,1,3,0,0,45,0,0,0,0,0,2,2,11
,2023-04176,39.65317193,-104.911073,2/7/2023 8:11,8:11:00,12,0,0,E HAMPDEN AVE & S MONACO ST,1,1,0,0,1,3,0,0,45,0,0,0,0,0,2,3,11
,2023-04177,39.77872123,-104.9223045,2/7/2023 8:12,8:12:00,3,0,0,E 45TH  DR & N HOLLY ST,1,1,0,0,1,1,0,0,35,0,0,0,0,1,4,2,16
,2023-04181,39.7548506,-105.038146,2/5/2023 13:21,13:21:00,11,0,1, OSCEOLA ST & W 26TH AVE,1,1,0,0,1,1,0,0,30,0,1,0,0,1,4,1,11
,2023-04182,39.69493054,-105.039052,2/4/2023 18:05,18:05:00,3,0,0,W ARIZONA AVE & S PATTON CT,1,4,0,0,1,1,0,0,25,0,0,0,0,1,4,2,11
,2023-04185,39.7255081,-105.0416109,2/7/2023 8:15,8:15:00,12,0,0,W 6TH AVE  DR & N RALEIGH ST,1,1,0,0,1,1,0,0,30,0,0,0,0,0,4,3,1
,2023-04193,39.71118438,-105.0006535,2/6/2023 12:00,12:00:00,15,0,0,W ALAMEDA AVE & S PLATTE RIVER DR,1,1,0,0,1,1,0,0,30,0,0,0,0,0,2,2,3
,2023-04198,39.77029512,-105.0252333,2/7/2023 9:21,9:21:00,15,0,0, FEDERAL BLVD & W DENVER PL,1,1,0,0,1,4,0,0,35,0,0,0,0,0,2,2,13
,2023-04199,39.74325846,-104.9771089,2/3/2023 0:57,0:57:00,6,0,0,E 17TH AVE & N EMERSON ST,1,3,0,0,2,4,0,0,30,0,0,0,0,0,4,2,16
,2023-04201,39.78256766,-104.876265,2/6/2023 16:10,16:10:00,1,0,0,E NORTHFIELD BLVD & N DALLAS ST,1,1,0,0,1,1,0,0,35,0,0,0,0,1,4,2,11
,2023-04211,39.67431913,-104.9411499,2/3/2023 15:22,15:22:00,11,0,1,E JEROME AVE & S COLORADO BLVD,1,1,0,0,1,2,0,0,0,0,1,0,0,2,4,1,16
,2023-04215,39.75803547,-105.0205277,2/4/2023 15:20,15:20:00,3,0,0, SPEER BLVD & N CLAY ST,1,1,0,0,1,1,0,0,35,0,0,0,0,0,4,2,16
,2023-04217,39.67865344,-105.0250484,1/14/2023 13:06,13:06:00,3,0,0, FEDERAL BLVD & W EVANS AVE,1,1,0,0,1,1,0,0,40,0,0,0,0,0,2,2,11
,2023-04219,39.75040199,-104.9941354,1/28/2023 18:40,18:40:00,11,0,0,LAWRENCE ST & 18TH ST,1,3,0,0,1,1,0,0,,0,1,0,0,0,4,1,16
,2023-04221,39.6530656,-104.918228,1/14/2023 16:34,16:34:00,15,0,0,I-25 & E HAMPDEN AVE,1,1,3,0,1,4,0,0,65,0,0,0,0,0,1,2,16
,2023-04226,39.70038115,-104.9874768,2/7/2023 16:37,16:37:00,12,0,0, BROADWAY & E KENTUCKY AVE,1,1,0,0,1,3,0,0,30,0,0,0,0,0,4,2,3
,2023-04229,39.76198334,-105.0287252,2/7/2023 14:49,14:49:00,1,0,1, SPEER BLVD & W 32ND AVE,1,1,0,0,1,2,0,0,30,0,0,0,0,1,4,2,11
,2023-04234,39.76849964,-104.8657334,2/7/2023 18:05,18:05:00,12,0,0,E SMITH RD & N HAVANA ST,1,3,0,0,1,4,0,0,35,0,0,0,0,0,4,2,11
,2023-04235,39.78331618,-105.0345747,2/7/2023 8:15,8:15:00,12,0,4,I-70 & N LOWELL BLVD,1,1,0,0,1,4,0,0,55,0,0,0,0,1,1,4,16