id,drcog_id,latitude,longitude,crashtime,time,crashtype,numbkilled,numbinjurd,drcoglocat,rdconditin,lightngcon,roadcntgrd,weatherco,location,roaddescrp,schoolzone,constrzone,splimit,bikeinv,pedinv,sctrinv,motoinv,svrty,rdsystem,ttlvehcls,hcf
,2023-04236,39.7616882,-104.9405119,2/7/2023 9:23,9:23:00,12,0,1, COLORADO BLVD & E MLK JR BLVD,1,1,0,0,1,3,0,0,35,0,0,0,0,1,2,2,11
,2023-04239,39.77426405,-104.847035,2/6/2023 16:28,16:28:00,12,0,0,I-70 & N PEORIA ST,1,1,0,0,1,4,0,0,55,0,0,0,0,0,1,2,10
,2023-04240,39.69743027,-104.9827226,2/7/2023 18:52,18:52:00,12,0,0,I-25 & S LOGAN ST,1,3,3,0,1,4,0,0,55,0,0,0,0,0,1,3,13
,2023-04243,39.7560329,-105.0206221,2/6/2023 14:40,14:40:00,6,0,0,W 27TH AVE & N CLAY ST,1,1,1,0,1,3,0,0,25,0,0,0,0,1,4,2,3
,2023-04245,39.70891944,-104.8752845,2/6/2023 7:42,7:42:00,12,0,0,E ALAMEDA AVE & S DAYTON ST,1,1,0,0,1,3,0,0,35,0,0,0,0,1,4,2,16
,2023-04247,39.73418035,-104.9562905,2/6/2023 20:30,20:30:00,6,0,0,ELIZABETH ST & E 11TH AVE,1,3,0,0,1,4,0,0,25,0,0,0,0,0,4,2,11
,2023-04248,39.75536513,-105.0126824,2/7/2023 9:20,9:20:00,15,0,0,I-25 & N SPEER BLVD,1,1,0,0,1,4,0,0,55,0,0,0,0,0,1,2,16
,2023-04250,39.7618276,-104.91242,2/6/2023 10:54,10:54:00,1,0,0,E MLK BLVD & N MONACO ST,1,1,0,0,1,1,0,0,35,0,0,0,0,0,4,2,16
,2023-04251,39.75929937,-104.8989604,2/2/2023 14:39,14:39:00,15,0,0,E 29TH DR & N SYRACUSE ST,1,1,0,0,1,4,0,0,25,0,0,0,0,0,4,3,16
,2023-04252,39.67841606,-104.9451099,2/7/2023 8:29,8:29:00,3,0,0,E EVANS AVE & S MONROE ST,1,1,0,0,1,1,0,0,35,0,0,0,0,1,4,2,11
,2023-04262,39.72928651,-105.0264882,2/7/2023 9:37,9:37:00,5,0,1,W 8TH AVE & N GROVE ST,1,1,0,0,3,1,0,0,25,0,0,0,0,2,4,1,16
,2023-04263,39.71888371,-104.9740434,2/7/2023 14:06,14:06:00,10,0,0,E SPEER BLVD & N CORONA ST,1,1,0,0,1,1,0,0,35,0,0,0,0,1,4,2,16
,2023-04267,39.71937838,-104.9874979,2/7/2023 7:39,7:39:00,10,0,0,BROADWAY & W 2ND AVE,1,1,0,0,1,1,0,1,35,0,0,0,0,0,4,2,10
,2023-04300,39.75613585,-104.979761,2/8/2023 18:00,18:00:00,3,0,0,27TH ST & STOUT ST,1,1,0,7,1,1,0,0,20,0,0,0,0,0,4,2,13
,2023-04305,39.72888682,-105.002843,2/8/2023 15:50,15:50:00,1,0,0, MARIPOSA ST & W 8TH AVE,1,1,0,0,1,1,0,0,25,0,0,0,0,0,4,2,13
,2023-04308,39.68621866,-105.0156826,2/8/2023 5:20,5:20:00,6,0,0, ZUNI ST & S MEXICO AVE,1,4,1,0,1,4,0,0,,0,0,0,0,0,4,2,16
,2023-04310,39.67530409,-105.0367816,2/7/2023 22:31,22:31:00,8,0,0,2290 S  NEWTON ST,1,3,0,0,1,4,0,0,20,0,0,0,0,0,4,3,7
,2023-04311,39.77690257,-104.8657498,2/8/2023 7:10,7:10:00,1,0,1, HAVANA ST & I-70 WB ON RAMP,1,1,0,0,1,1,0,0,40,0,0,0,0,2,4,2,13
,2023-04312,39.71119398,-104.9971292,2/8/2023 13:00,13:00:00,3,0,0,W ALAMEDA AVE & S SANTA FE DR,1,1,0,0,1,1,0,0,30,0,0,0,0,0,4,2,3
,2023-04313,39.74006767,-104.9406123,1/24/2023 15:40,15:40:00,15,0,0, COLORADO BLVD & E COLFAX AVE,1,1,0,0,1,1,0,0,30,0,0,0,0,0,2,2,13
,2023-04314,39.78020486,-104.9497562,2/7/2023 14:30,14:30:00,2,0,1, STEELE ST & E 46TH N AVE,1,1,0,0,1,1,0,0,0,1,0,0,0,2,2,1,16
,2023-04315,39.74004789,-105.0000727,2/7/2023 18:31,18:31:00,1,0,1, KALAMATH ST & W COLFAX AVE,1,3,0,0,1,1,0,0,35,0,0,0,0,2,4,2,11
,2023-04316,39.69870262,-104.9927328,2/8/2023 15:54,15:54:00,12,0,0, PLATTE RIVER DR & W TENNESSEE AVE,1,1,0,0,1,3,0,0,45,0,0,0,0,0,2,2,13
,2023-04318,39.63546821,-104.893713,2/7/2023 9:23,9:23:00,12,0,0,I-225 & S TAMARAC ST,1,1,0,0,1,8,0,0,30,0,0,0,0,0,1,2,16
,2023-04324,39.74397303,-104.9954642,2/6/2023 11:55,11:55:00,15,0,0,14TH ST & STOUT ST,1,1,0,0,1,3,0,0,25,0,0,0,0,0,4,2,11
,2023-04330,39.78373933,-104.9530241,2/8/2023 16:33,16:33:00,3,0,0, FILLMORE ST & E 48TH AVE,1,1,0,0,1,1,0,0,30,0,0,0,0,0,4,2,13
,2023-04331,39.77292322,-104.8658265,2/8/2023 19:37,19:37:00,12,0,1,E 40TH AVE & N HAVANA ST,1,3,0,0,1,4,0,0,40,0,0,0,0,1,4,2,13
,2023-04332,39.69939524,-104.9057335,2/8/2023 16:23,16:23:00,12,0,1,E LEETSDALE DR & S QUEBEC ST,1,1,0,0,1,3,0,0,35,0,0,0,0,1,2,3,13
,2023-04333,39.75630609,-105.0158242,2/8/2023 18:43,18:43:00,1,0,0, SPEER BLVD & N ZUNI ST,1,2,0,0,1,1,0,0,35,0,0,0,0,0,4,2,13
,2023-04334,39.73204376,-104.9848651,2/8/2023 3:30,3:30:00,6,0,0,E 10TH AVE & N SHERMAN ST,1,3,0,0,1,4,0,0,35,0,0,0,0,0,4,2,16
,2023-04340,39.69269324,-104.9980216,2/8/2023 12:15,12:15:00,3,0,0,1330  INCA ST & W LOUISIANA AVE,1,1,0,0,1,2,0,0,30,0,0,0,0,0,4,2,13
,2023-04341,39.72910939,-104.9601811,2/8/2023 10:00,10:00:00,3,0,0,E 8TH AVE & N YORK ST,1,1,1,0,1,1,0,0,30,0,0,0,0,0,4,2,7
,2023-04347,39.71701365,-104.8955903,2/6/2023 16:00,16:00:00,15,0,0,E LOWRY BLVD & E FAIRMOUNT DR,1,1,0,0,1,1,0,0,30,0,0,0,0,0,4,2,3
,2023-04349,39.74108617,-104.9873888,2/8/2023 10:50,10:50:00,15,0,0, BROADWAY ST & CHEYENNE PL,1,1,0,0,1,4,0,0,35,0,0,0,0,0,4,2,3
,2023-04352,39.65078563,-104.8848298,2/8/2023 16:05,16:05:00,15,0,0, YOSEMITE ST & E JEFFERSON AVE,1,1,0,0,1,4,0,0,35,0,0,0,0,0,4,2,13
,2023-04353,39.74099245,-104.8940315,1/14/2023 5:43,5:43:00,6,0,0, ULSTER ST & E COLFAX AVE,1,4,0,0,1,4,0,0,,0,0,0,0,0,4,3,16
,2023-04354,39.7375881,-104.9574385,2/3/2023 13:55,13:55:00,5,0,0,JOSEPHINE  COLUMBINE ST & E 14TH AVE,2,1,3,0,1,3,0,0,20,0,0,0,0,0,4,1,16
,2023-04357,39.78312395,-105.006425,2/8/2023 7:00,7:00:00,12,0,0,I-70 & N PECOS ST,1,1,0,0,1,4,0,0,55,0,0,0,0,0,1,2,16
,2023-04358,39.74021143,-104.9124455,1/22/2023 20:10,20:10:00,12,0,0,E COLFAX AVE & N MONACO ST PKWY,2,1,0,0,1,1,0,0,30,0,0,0,0,0,2,2,13
,2023-04362,39.84384905,-104.6727742,2/5/2023 22:40,22:40:00,5,0,1,PENA BLVD  & 7200,4,3,0,0,3,4,0,0,65,0,0,0,0,1,4,1,16
,2023-04366,39.67670604,-104.9875741,2/8/2023 16:25,16:25:00,3,0,0,W WARREN AVE & S BROADWAY ST,1,1,0,0,1,1,0,0,25,0,0,0,0,1,4,2,11
,2023-04369,39.77823473,-104.8981626,2/7/2023 17:00,17:00:00,12,0,0,I-70 & N CENTRAL PARK BLVD,1,1,0,0,1,4,0,0,55,0,0,0,0,0,1,2,10
,2023-04371,39.71154872,-104.9406224,2/8/2023 11:45,11:45:00,12,0,0, COLORADO BLVD & E ALAMEDA AVE,1,1,0,0,1,1,0,0,30,0,0,0,0,0,2,2,3
,2023-04372,39.73526572,-104.9861232,2/8/2023 13:25,13:25:00,6,0,1, LINCOLN ST & E 12TH AVE,1,1,0,0,1,3,0,0,35,0,0,0,1,3,4,2,1
,2023-04375,39.78562795,-105.0438798,2/7/2023 11:10,11:10:00,10,0,0,W 49TH AVE & N TENNYSON ST,1,1,0,0,1,3,0,0,25,0,0,0,0,0,4,2,1
,2023-04379,39.67412474,-104.9039413,2/8/2023 9:20,9:20:00,15,0,0, QUEBEC ST & E WARREN DR,1,1,0,0,1,4,0,1,30,0,0,0,0,0,4,2,1
,2023-04380,39.77664784,-105.0251484,2/6/2023 15:51,15:51:00,11,0,1,W 44TH AVE & N FEDERAL BLVD,1,1,0,0,1,1,0,0,35,0,1,0,0,1,2,1,13
,2023-04383,39.72839501,-105.0198583,2/8/2023 10:10,10:10:00,10,0,0,700 N  CANOSA CT,1,1,0,0,1,3,0,0,30,0,0,0,0,0,4,2,13
,2023-04384,39.69294209,-104.9405601,2/3/2023 9:14,9:14:00,11,0,1,E LOUISIANA AVE & S COLORADO BLVD,1,1,0,0,1,1,0,0,30,0,1,0,0,3,2,1,16
,2023-04385,39.72396865,-105.0117936,2/7/2023 19:10,19:10:00,12,0,0,I-25 & W 6TH AVE,1,3,0,0,1,4,0,0,55,0,0,0,0,0,1,4,16
,2023-04386,39.70214313,-104.9875274,2/7/2023 16:00,16:00:00,12,0,1, BROADWAY ST & E OHIO AVE,1,1,0,0,1,1,0,0,,0,0,0,0,1,4,2,16
,2023-04387,39.74719119,-105.0059123,2/6/2023 1:15,1:15:00,15,0,0,AURARIA PKWY & 12TH ST,1,3,0,0,1,4,0,0,,0,0,0,0,0,4,2,16
,2023-04389,39.71120439,-104.9983795,2/8/2023 13:11,13:11:00,1,0,3,W ALAMEDA AVE & S KALAMATH ST,1,1,0,0,1,1,0,0,30,0,0,0,0,1,2,2,13
,2023-04390,39.7462016,-104.9874078,1/15/2023 6:52,6:52:00,12,0,0, BROADWAY ST & GLENARM PL,1,2,0,0,1,1,0,0,30,0,0,0,0,0,4,2,12
,2023-04393,39.75022379,-105.0047785,2/8/2023 8:05,8:05:00,3,0,0,WEWATTA ST & N SPEER BLVD,1,1,0,0,1,1,0,0,30,0,0,0,0,1,4,2,1
,2023-04394,39.71293216,-104.9815582,2/8/2023 17:07,17:07:00,3,0,2,E CEDAR AVE & S PENNSYLVANIA ST,1,4,0,0,1,1,0,0,30,0,0,0,0,2,4,2,13
,2023-04395,39.77766562,-104.9541454,2/8/2023 18:52,18:52:00,3,0,0,E 44TH AVE & N CLAYTON ST,1,3,0,0,1,1,0,0,25,0,0,0,0,0,4,2,3
,2023-04397,39.73685994,-104.9835665,1/17/2023 23:00,23:00:00,6,0,0,E 13TH AVE & N GRANT ST,10,3,0,2,1,4,0,0,30,0,0,0,0,0,4,2,16
,2023-04400,39.74126167,-105.0061755,1/23/2023 15:26,15:26:00,15,0,0,CURTIS ST & 7TH ST,1,1,1,0,1,4,0,0,25,0,0,0,0,0,4,3,7
,2023-04405,39.71120439,-104.9983795,2/8/2023 10:00,10:00:00,3,0,0,W ALAMEDA AVE & S KALAMATH ST,1,1,0,0,1,1,0,0,30,0,0,0,0,0,2,2,3
,2023-04407,39.74009142,-104.9587921,2/8/2023 16:00,16:00:00,12,0,0, JOSEPHINE ST & E COLFAX AVE,1,1,0,0,1,1,0,0,,0,0,0,0,0,2,3,16
,2023-04415,39.78018445,-105.0532605,2/7/2023 9:25,9:25:00,3,0,0, SHERIDAN BLVD & W 46TH AVE,1,1,0,0,6,1,0,0,30,0,0,0,0,0,2,2,10
,2023-04531,39.65329339,-104.9183358,2/11/2023 3:00,3:00:00,12,0,0,I-25 & E HAMPDEN AVE,1,3,0,0,1,4,0,0,60,0,0,0,0,0,1,2,16
,2023-04537,39.67664025,-104.9593916,2/11/2023 15:30,15:30:00,12,0,0, UNIVERSITY BLVD & E WARREN AVE,1,4,0,0,1,3,0,0,30,0,0,0,0,0,4,2,16
,2023-04540,39.68490017,-104.9532334,2/11/2023 18:10,18:10:00,15,0,0,I-25 & NB OFF RAMP GORE PT TO S UNIVERSITY BLVD,14,5,3,7,1,4,0,0,,0,0,0,0,0,4,2,16
,2023-04543,39.78345034,-105.0312118,2/11/2023 7:10,7:10:00,5,0,0,I-70 EB ON RAMP FROM  LOWELL BLVD & EB ON RAMP GORE PT,1,1,1,0,3,8,0,0,55,0,0,0,0,0,1,1,14
,2023-04548,39.75441746,-104.9873671,2/10/2023 15:30,15:30:00,15,0,0,PARK AVE W & BROADWAY,1,1,0,0,1,1,0,0,30,0,0,0,0,0,4,2,13
,2023-04549,39.75463087,-105.0346309,2/9/2023 8:17,8:17:00,12,0,0,2500  LOWELL BLVD W 26TH AVE,1,1,0,0,1,4,1,0,25,0,0,0,0,0,4,2,16
,2023-04550,39.63592199,-104.8928398,2/10/2023 12:32,12:32:00,12,0,0,I-225 & S TAMARAC ST,1,1,0,0,1,4,0,0,55,0,0,0,0,0,1,2,13
,2023-04551,39.71118438,-105.0006535,2/10/2023 8:25,8:25:00,1,0,0,W ALAMEDA AVE & S PLATTE RIVER DR,1,1,0,0,1,1,0,0,35,0,0,0,0,0,2,2,16
,2023-04552,39.77803049,-104.8468574,2/10/2023 12:10,12:10:00,12,0,0,E 45TH AVE & N PEORIA ST,1,1,0,0,1,2,0,0,25,0,0,0,0,0,4,2,16
,2023-04554,39.7400009,-104.9769417,2/9/2023 17:52,17:52:00,3,0,0,E COLFAX AVE & N CLARKSON ST,1,4,0,0,1,2,0,0,30,0,0,0,0,0,2,2,8
,2023-04556,39.68716118,-104.9875176,1/7/2023 5:48,5:48:00,6,0,0, BROADWAY & E IOWA ST,1,2,0,0,1,4,0,0,35,0,0,0,0,0,4,3,1
,2023-04560,39.77991065,-104.9860209,2/10/2023 15:16,15:16:00,15,0,0,I-70 & I-25,1,1,1,0,1,4,0,0,55,0,0,0,0,0,1,2,16
,2023-04561,39.67849853,-104.9687484,2/10/2023 16:13,16:13:00,1,0,0, FRANKLIN ST & E EVANS AVE,1,1,0,0,1,1,0,0,35,0,0,0,0,0,4,2,10
,2023-04562,39.6530656,-104.918228,2/10/2023 20:37,20:37:00,5,0,1,I-25 & E HAMPDEN AVE,1,3,0,0,2,4,0,0,65,0,0,0,0,2,1,1,2
,2023-04564,39.68938827,-104.992327,2/11/2023 0:44,0:44:00,3,0,0, SANTA FE DR & W FLORIDA AVE,1,3,0,0,1,1,0,0,45,0,0,0,0,0,2,2,3
,2023-04566,39.77974106,-104.9891625,2/11/2023 13:30,13:30:00,12,0,0,I-25 & I-70,1,1,0,0,1,4,0,0,55,0,0,0,0,0,1,3,13
,2023-04567,39.74013458,-105.0052347,2/10/2023 14:12,14:12:00,3,0,0,W COLFAX AVE & N OSAGE ST,1,1,0,0,1,1,0,0,30,0,0,0,0,0,2,5,16
,2023-04568,39.62933773,-104.8952665,2/9/2023 17:40,17:40:00,3,0,1, ULSTER ST & E UNION AVE,1,3,0,0,1,1,0,0,35,0,0,0,0,1,4,2,13
,2023-04569,39.75244877,-104.9967894,2/11/2023 18:09,18:09:00,1,0,0,18TH ST & BLAKE ST,1,3,0,0,1,1,0,0,25,0,0,0,1,0,4,2,11
,2023-04572,39.68937915,-104.9920546,2/10/2023 14:57,14:57:00,12,0,2, SANTA FE DR & W FLORIDA AVE,1,1,0,0,1,1,0,0,45,0,0,0,0,1,2,3,1
,2023-04574,39.65301957,-104.8756712,2/10/2023 8:02,8:02:00,11,0,1,E HAMPDEN AVE & S DAYTON ST,1,1,0,0,1,1,0,0,40,0,1,0,0,3,2,1,13
,2023-04575,39.70402166,-105.0324234,2/8/2023 16:57,16:57:00,3,0,0,W EXPOSITION AVE & S KNOX CT,1,1,0,0,1,1,0,0,25,0,0,0,0,0,4,2,13
,2023-04576,39.77802278,-104.8470314,2/9/2023 21:15,21:15:00,3,0,0, PEORIA ST & E 45TH AVE,1,3,0,0,1,1,0,0,35,0,0,0,0,0,4,2,14
,2023-04577,39.71465321,-104.9407884,2/10/2023 8:07,8:07:00,1,0,0, COLORADO BLVD & E BAYAUD AVE,1,1,0,0,1,1,0,0,30,0,0,0,0,0,2,2,2
,2023-04579,39.77021485,-105.0252332,2/10/2023 10:03,10:03:00,1,0,0, FEDERAL BLVD & W DENVER PL,1,1,0,0,1,1,0,0,35,0,0,0,0,0,2,3,16
,2023-04580,39.78422126,-105.0251926,2/9/2023 21:34,21:34:00,1,0,0, FEDERAL BLVD & I-70 EB RAMPS,1,3,0,0,1,1,0,0,35,0,0,0,0,0,2,2,11
,2023-04582,39.64200542,-104.8803658,2/10/2023 9:33,9:33:00,12,0,0,I-225 & SB OFF RAMP GORE PT TO S YOSEMITE ST,1,1,0,0,1,8,0,0,,0,0,0,0,0,1,2,16
,2023-04583,39.83797519,-104.6928958,2/10/2023 7:13,7:13:00,5,0,0,25340 E 78TH AVE & N JACKSON GAP ST,1,1,0,0,3,2,0,0,45,0,0,0,0,0,4,1,14
,2023-04584,39.67842299,-104.9951846,2/10/2023 8:56,8:56:00,15,0,0,W EVANS AVE & S GALAPAGO ST,1,1,1,0,1,4,0,0,30,0,0,0,0,0,4,2,11
,2023-04585,39.72559987,-104.9407949,2/10/2023 6:00,6:00:00,15,0,0,E 6TH AVE & N COLORADO BLVD,1,3,0,0,1,1,0,0,30,0,0,0,0,0,2,2,8
,2023-04587,39.68211373,-104.9924185,2/10/2023 11:26,11:26:00,5,0,1, SANTA FE DR & W JEWELL AVE,1,1,0,0,3,1,0,0,65,0,0,0,0,1,2,1,14
,2023-04589,39.68779915,-105.0297142,2/9/2023 22:32,22:32:00,14,0,1, IRVING ST & W IOWA AVE,1,3,1,0,6,4,0,0,25,0,0,0,0,2,4,4,14
,2023-04591,39.78002593,-104.9891611,2/10/2023 8:30,8:30:00,5,0,0,EB -70 OFF RAMP TO NB -25 & I-25 (APPROX),2,1,1,0,2,8,0,0,45,0,0,0,0,0,1,1,7
,2023-04592,39.77771505,-104.9034014,2/10/2023 7:13,7:13:00,15,0,0, NORTHFIELD QUEBEC ST & I-70 EB RAMPS,1,1,0,0,1,1,0,0,30,0,0,0,0,0,2,2,16
,2023-04593,39.67844897,-104.9346133,2/9/2023 13:16,13:16:00,15,0,0,4500 E EVANS AVE S CLERMONT ST,1,1,0,0,1,4,0,0,35,0,0,0,0,0,4,2,16
,2023-04594,39.70552649,-105.0408533,1/17/2023 16:46,16:46:00,12,0,2,MORRISON RD & S QUITMAN ST,1,1,0,0,1,3,0,0,,0,0,0,0,2,4,3,16
,2023-04595,39.66760096,-104.9146365,2/10/2023 13:23,13:23:00,2,0,1, LINDEN CT & E YALE AVE,1,1,0,0,1,2,0,0,30,1,0,0,0,2,4,1,1
,2023-04596,39.72177415,-105.0089919,2/10/2023 12:54,12:54:00,12,0,0,I-25 & OFF RAMP GORE PT TO W 6TH AVE FWY,1,1,1,0,1,8,0,0,55,0,0,0,0,0,1,2,3
,2023-04598,39.77286021,-104.8658151,2/9/2023 13:10,13:10:00,12,0,0, HAVANA ST & E 40TH AVE,1,1,0,0,1,3,0,0,35,0,0,0,0,0,4,2,3
,2023-04599,39.67663128,-104.9593916,2/10/2023 13:27,13:27:00,10,0,0,E WARREN AVE & S UNIVERSITY BLVD,1,1,0,0,1,3,0,0,30,0,0,0,0,0,4,2,14
,2023-04600,39.72174093,-105.0094531,2/10/2023 9:27,9:27:00,12,0,0,I-25 SB ON RAMP FROM EB W 6TH AVE FWY & I-25 ON RAMP GORE PT,1,1,0,0,1,8,0,0,45,0,0,0,0,0,1,2,13
,2023-04602,39.73829446,-104.9271133,2/10/2023 17:55,17:55:00,15,0,0,E 14TH AVE & N FOREST ST,1,3,0,0,1,4,0,0,30,0,0,0,0,0,4,2,16
,2023-04604,39.72504393,-105.0249822,2/10/2023 12:58,12:58:00,12,0,1, FEDERAL BLVD & W 6TH AVE EB RAMPS,1,1,0,0,1,3,0,0,35,0,0,0,0,1,2,2,16
,2023-04605,39.7947988,-104.8126096,2/10/2023 19:37,19:37:00,6,0,0,14994 E MAXWELL PL & N FAIRPLAY ST,1,3,0,0,1,1,0,0,30,0,0,0,0,0,4,2,1
,2023-04606,39.68227088,-105.0262136,2/11/2023 14:35,14:35:00,3,0,0, GROVE ST & W JEWELL AVE,1,1,0,0,1,1,0,0,25,0,0,0,0,0,4,2,13
,2023-04608,39.6530314,-104.912921,2/10/2023 14:06,14:06:00,15,0,0, MONACO ST & E HAMPDEN AVE,1,1,0,0,1,1,0,0,35,0,0,0,0,0,2,2,10
,2023-04609,39.72516476,-105.0128356,2/10/2023 11:41,11:41:00,12,0,0,I-25 & W 6TH AVE FWY,1,1,0,0,1,4,0,0,45,0,0,0,0,0,1,2,13
,2023-04610,39.73562001,-104.9948286,2/10/2023 12:45,12:45:00,6,0,0,SPEER BLVD & W 12TH AVE,1,1,0,0,1,4,0,0,35,0,0,0,0,0,4,2,11
,2023-04611,39.75234887,-104.9845548,2/10/2023 8:11,8:11:00,15,0,0,PARK AVE W & STOUT ST,1,1,0,0,1,4,0,0,35,0,0,0,0,0,4,2,16
,2023-04618,39.77401402,-104.9128051,2/9/2023 16:27,16:27:00,3,0,0, MONACO ST & E 42ND AVE,1,1,0,0,1,1,0,0,25,0,0,0,0,0,4,3,10
,2023-04619,39.72476139,-105.0125259,2/11/2023 1:02,1:02:00,12,0,1,I-25 & W 6TH AVE,1,3,0,0,1,4,0,0,55,0,0,0,0,2,2,4,16
,2023-04623,39.75672659,-105.0170019,2/10/2023 11:56,11:56:00,12,0,0, SPEER BLVD & N FIRTH CT,1,1,0,1,1,4,0,0,30,0,0,0,0,0,4,3,13
,2023-04627,39.74034283,-105.0323577,2/10/2023 7:25,7:25:00,15,0,0,W COLFAX AVE & N KNOX CT,1,1,0,0,1,4,0,0,35,0,0,0,0,0,2,2,11
,2023-04629,39.67529692,-105.0250402,2/10/2023 9:25,9:25:00,1,0,0, FEDERAL BLVD & W ILIFF AVE,1,1,0,0,1,1,0,0,40,0,0,0,0,0,2,2,13
,2023-04641,39.77935774,-104.9791696,2/3/2023 17:48,17:48:00,12,0,0,I-70 & N WASHINGTON ST,1,3,0,0,1,4,0,0,55,0,0,0,0,0,1,5,13
,2023-04655,39.71015849,-104.9875832,2/9/2023 13:50,13:50:00,6,0,0,300  BROADWAY ST W ALAMEDA AVE,14,1,0,7,1,4,0,0,,0,0,0,0,0,4,2,16
,2023-04657,39.7388776,-104.9764667,2/9/2023 11:10,11:10:00,12,0,0,1400  EMERSON ST E 14TH AVE,1,1,0,0,1,4,0,0,15,0,0,0,0,0,4,2,11
,2023-04668,39.72570812,-105.0001485,2/9/2023 14:40,14:40:00,12,0,0,1000 W 6TH AVE N KALAMATH ST,1,1,0,0,1,3,0,0,35,0,0,0,0,0,4,2,13
,2023-04669,39.67846323,-104.9317211,2/9/2023 12:41,12:41:00,12,0,0,E EVANS AVE & S DAHLIA ST,1,1,0,0,1,3,0,0,35,0,0,0,0,0,4,2,13
,2023-04675,39.67842237,-104.959404,2/9/2023 12:45,12:45:00,12,0,0,E EVANS AVE & S UNIVERSITY BLVD,1,1,0,0,1,1,0,0,30,0,0,0,0,0,4,2,3
,2023-04676,39.73870295,-104.8905649,2/8/2023 9:00,9:00:00,3,0,0,E 14TH AVE & N VERBENA ST,1,1,0,0,1,1,0,0,25,0,0,0,0,0,4,2,7
,2023-04679,39.69085328,-105.0094794,2/7/2023 20:00,20:00:00,6,0,0,W ARKANSAS AVE & S SENECA CT,1,4,0,0,1,4,0,0,25,0,0,0,0,0,4,3,1
,2023-04684,39.75761545,-104.8590788,2/9/2023 18:22,18:22:00,12,0,2,E MLK BLVD & N KINGSTON,1,3,0,0,1,4,0,0,35,0,0,0,0,1,4,2,3
,2023-04688,39.65334446,-105.0530845,2/9/2023 16:01,16:01:00,15,0,0, SHERIDAN BLVD & W HAMPDEN AVE,1,1,0,0,1,4,0,0,40,0,0,0,0,0,2,2,13
,2023-04704,39.65308281,-104.8987252,2/9/2023 18:30,18:30:00,1,0,2, TAMARAC DR & E HAMPDEN AVE,1,3,1,0,1,1,0,0,30,0,0,0,0,1,2,2,3
,2023-04706,39.74221767,-104.9874163,1/25/2023 17:30,17:30:00,6,0,0, BROADWAY ST & CLEVELAND PL,4,2,0,2,2,3,0,0,25,0,0,0,0,0,4,2,13
,2023-04707,39.78023737,-104.9669743,2/9/2023 10:00,10:00:00,12,0,1,I-70 & N BRIGHTON BLVD,1,1,0,0,1,4,0,0,55,0,0,0,0,1,1,3,16
,2023-04710,39.7399982,-104.9787542,2/9/2023 14:49,14:49:00,3,0,0,E COLFAX AVE & N WASHINGTON ST,1,1,0,0,1,1,0,0,35,0,0,0,0,0,2,2,1
,2023-04712,39.71091836,-104.999052,2/8/2023 17:38,17:38:00,12,0,0,I-25 & W ALAMEDA AVE,1,4,1,0,1,4,0,0,55,0,0,0,0,0,1,2,16
,2023-04714,39.83253336,-104.6929505,2/9/2023 14:33,14:33:00,1,0,0, JACKSON GAP ST & PENA BLVD INBOUND RAMPS,1,1,0,0,1,1,0,0,35,0,0,0,0,0,4,2,11
,2023-04718,39.72570692,-104.9985842,2/9/2023 6:54,6:54:00,15,0,0,W 6TH AVE & N SANTA FE DR,1,1,0,0,1,1,0,0,35,0,0,0,0,0,4,3,10
,2023-04719,39.78364568,-105.0061082,2/9/2023 11:45,11:45:00,15,0,0,I-70 WB OFF RAMP & N PECOS ST,1,1,0,0,1,6,0,0,35,0,0,0,0,0,1,2,16
,2023-04720,39.79836759,-104.858894,2/9/2023 15:26,15:26:00,12,0,0,11000 E 56TH AVE N PEORIA ST,1,1,0,0,1,4,0,0,40,0,0,0,0,0,4,2,8
,2023-04722,39.75511776,-105.0002962,2/9/2023 16:20,16:20:00,2,0,0,18TH ST & WEWATTA ST,1,2,0,0,1,1,0,0,0,1,0,0,0,0,4,1,16
,2023-04723,39.78002593,-104.9891611,2/5/2023 20:31,20:31:00,12,0,1,I-70 & I-25,1,3,1,0,1,4,0,0,55,0,0,0,0,1,1,2,11
,2023-04725,39.72950103,-104.9006327,2/9/2023 15:00,15:00:00,5,0,0,7601 E 8TH AVE & N ROSLYN ST,1,1,0,0,2,4,0,0,25,0,0,0,0,0,4,1,3
,2023-04727,39.74032289,-105.0416616,2/9/2023 14:13,14:13:00,3,0,0, RALEIGH ST & W COLFAX AVE,14,5,3,7,1,1,0,0,30,0,0,0,0,0,2,2,13
,2023-04730,39.77085015,-105.0330557,1/6/2023 9:16,9:16:00,6,0,0, KING ST & W 39TH AVE,4,1,0,0,1,4,0,0,25,0,0,0,0,0,4,2,16
,2023-04744,39.77981988,-104.9495372,2/10/2023 19:09,19:09:00,1,0,0, STEELE ST & E 46TH S AVE,1,3,0,0,1,1,0,0,30,0,0,0,0,0,2,2,11
,2023-04745,39.7871657,-105.0239609,2/10/2023 23:37,23:37:00,6,0,0, ELIOT ST & W 50TH AVE,1,3,0,0,1,4,0,0,25,0,0,0,0,1,4,3,16
,2023-04746,39.78058942,-104.8417146,2/10/2023 22:07,22:07:00,3,0,1,E ALBROOK DR & N TULSA CT,1,3,0,0,1,1,0,0,,0,0,0,0,2,4,2,16
,2023-04751,39.75790795,-105.053239,2/11/2023 6:00,6:00:00,5,0,0, SHERIDAN BLVD & W 29TH AVE,5,2,1,0,2,4,0,0,35,0,0,0,0,0,2,1,3