id,drcog_id,latitude,longitude,crashtime,time,crashtype,numbkilled,numbinjurd,drcoglocat,rdconditin,lightngcon,roadcntgrd,weatherco,location,roaddescrp,schoolzone,constrzone,splimit,bikeinv,pedinv,sctrinv,motoinv,svrty,rdsystem,ttlvehcls,hcf
,2023-04752,39.78053483,-104.9499132,2/11/2023 14:52,14:52:00,12,0,2,I-70 & N STEELE ST,1,1,0,0,1,4,0,0,55,0,0,0,0,2,1,3,14
,2023-04753,39.77429639,-104.9771721,2/10/2023 23:13,23:13:00,12,0,0,38TH ST & CHESTNUT PL,1,3,0,0,1,1,0,0,35,0,0,0,0,0,4,2,13
,2023-04754,39.71665796,-105.0249872,2/11/2023 12:49,12:49:00,1,0,0, FEDERAL BLVD & W ELLSWORTH AVE,1,1,0,0,1,1,0,0,35,0,0,0,0,0,2,2,13
,2023-04756,39.71941233,-104.9594375,2/7/2023 8:38,8:38:00,11,0,1, UNIVERSITY BLVD & E 2ND AVE,1,1,3,0,1,1,0,0,30,0,1,0,0,2,4,1,11
,2023-04765,39.78066003,-104.9410913,2/7/2023 16:34,16:34:00,12,0,0,E 46TH AVE  & N COLORADO BLVD,1,1,0,0,1,1,0,0,35,0,0,0,0,0,2,2,13
,2023-04769,39.74508622,-104.9874231,2/5/2023 15:45,15:45:00,2,0,1,E 18TH AVE & N BROADWAY ST,1,1,1,0,1,1,0,0,0,1,0,0,0,3,4,1,16
,2023-04773,39.77635747,-104.9890179,2/7/2023 6:40,6:40:00,12,0,0,I-25 NB OFF RAMP & W 44TH AVE OVERPASS,1,1,0,0,1,8,0,0,55,0,0,0,0,0,1,3,16
,2023-04775,39.73742449,-105.0253231,1/8/2023 22:31,22:31:00,11,0,1, FEDERAL BLVD & W 14TH AVE,1,3,0,0,1,4,0,0,0,0,1,0,0,2,2,1,16
,2023-04778,39.74000867,-104.9684617,1/25/2023 18:29,18:29:00,11,0,1,E COLFAX AVE & PARK AVE,1,3,0,0,1,1,0,0,,0,1,0,0,3,2,1,16
,2023-04783,39.73416571,-105.0217503,2/8/2023 14:53,14:53:00,11,0,1, DECATUR ST & W 12TH AVE,1,1,0,0,1,9,0,0,,0,1,0,0,1,4,1,16
,2023-04787,39.74034325,-105.0154561,2/7/2023 14:19,14:19:00,12,0,1,W COLFAX AVE & I-25 SB RAMP,1,1,0,0,1,3,0,0,40,0,0,0,0,1,2,2,16
,2023-04788,39.67502376,-105.0156892,2/8/2023 16:33,16:33:00,12,0,2, ZUNI ST & W ILIFF AVE,1,1,0,0,1,1,0,0,30,0,0,0,0,2,4,2,16
,2023-04789,39.73266393,-105.0158237,2/8/2023 5:37,5:37:00,12,0,0,I-25 & W 8TH AVE,1,3,1,0,1,4,0,0,55,0,0,0,0,0,1,2,16
,2023-04790,39.74846467,-105.0033245,2/7/2023 14:12,14:12:00,11,0,1,BLAKE ST & N SPEER BLVD,1,1,1,0,1,1,0,0,30,0,1,0,0,1,4,1,8
,2023-04791,39.79831058,-104.8096323,2/7/2023 21:30,21:30:00,3,0,2, CHAMBERS ROAD & E 56TH AVE,1,3,0,0,1,1,0,0,,0,0,0,0,1,4,2,16
,2023-04812,39.76065047,-105.0086968,2/12/2023 3:00,3:00:00,6,0,0,BOULDER ST & CENTRAL CT,1,3,0,0,1,4,0,0,25,0,0,0,0,0,4,2,13
,2023-04814,39.66308494,-105.0428238,2/12/2023 2:00,2:00:00,6,0,0, QUITMAN ST & W BATES AVE,1,4,1,0,1,4,0,0,25,0,0,0,0,0,4,2,16
,2023-04815,39.7256473,-104.9874354,2/12/2023 3:04,3:04:00,3,0,2, BROADWAY ST & W 6TH AVE,1,3,0,0,1,1,0,0,30,0,0,0,0,2,4,2,13
,2023-04817,39.77999094,-104.9707756,2/11/2023 21:17,21:17:00,8,0,0,E 46TH AVE & N WASHINGTON ST,1,3,0,0,6,4,0,0,35,0,0,0,0,0,4,2,10
,2023-04818,39.74015917,-104.9530581,2/11/2023 22:37,22:37:00,6,0,1,E COLFAX AVE & N ADAMS ST,1,3,0,0,1,4,0,0,35,0,0,0,0,1,2,2,3
,2023-04820,39.75803547,-105.0205277,2/12/2023 11:32,11:32:00,1,0,0, SPEER BLVD & N CLAY ST,1,1,0,0,1,1,0,0,30,0,0,0,0,1,4,2,16
,2023-04829,39.67844573,-104.9339768,1/17/2023 17:23,17:23:00,12,0,0,I-25 & E EVANS AVE,11,3,0,2,1,4,0,0,,0,0,0,0,0,1,2,16
,2023-04834,39.68769723,-104.9919379,2/12/2023 12:46,12:46:00,12,0,0, SANTA FE DR & E IOWA AVE,1,1,0,0,1,3,0,0,45,0,0,0,0,0,2,2,13
,2023-04840,39.71124655,-105.025172,2/12/2023 2:08,2:08:00,12,0,1, FEDERAL BLVD & W ALAMEDA AVE,1,3,0,0,1,3,0,0,35,0,0,0,0,1,2,4,13
,2023-04861,39.74015113,-104.9495057,2/11/2023 23:06,23:06:00,6,0,0,E COLFAX AVE & N STEELE ST,1,3,0,0,1,1,0,0,35,0,0,0,0,0,2,2,16
,2023-04873,39.65303398,-104.9091113,2/9/2023 11:45,11:45:00,12,0,0,E HAMPDEN AVE & S ONEIDA WY,1,1,0,0,1,1,0,0,35,0,0,0,0,0,2,2,16
,2023-04876,39.69548704,-104.9024954,2/9/2023 20:00,20:00:00,6,0,0, QUEBEC WAY & S QUEBEC ST,1,4,0,0,1,4,0,0,25,0,0,0,0,0,4,2,16
,2023-04878,39.78003551,-104.9821617,2/7/2023 7:49,7:49:00,12,0,0,I-70 WB OFF RAMP TO -25 & EB ON RAMP GORE PT FROM N WASHINGTON AVE,1,1,0,0,1,8,0,0,55,0,0,0,0,0,1,2,7
,2023-04884,39.689469,-105.0068528,2/12/2023 2:15,2:15:00,12,0,0,W FLORIDA AVE & S QUIVAS ST,1,3,0,0,1,1,0,0,30,0,0,0,0,0,4,2,1
,2023-04888,39.71215328,-105.0110055,2/12/2023 16:12,16:12:00,15,0,1,W BYERS PL & S TEJON ST,1,1,0,7,1,4,0,0,25,0,0,0,0,2,4,3,11
,2023-04891,39.77268571,-104.83289,2/12/2023 15:57,15:57:00,12,0,0,I-225 SB ON RAMP & I-70 EB OFF RAMP GORE PT,1,1,1,0,1,8,0,0,55,0,0,0,0,0,1,3,13
,2023-04921,39.67138492,-104.8700257,2/10/2023 8:25,8:25:00,13,0,2,E HARVARD AVE & E VASSAR AVE,1,1,0,0,1,1,0,0,0,0,1,0,0,1,4,1,16
,2023-04931,39.74152879,-104.9986508,1/30/2023 14:57,14:57:00,15,0,2,STOUT ST & N SPEER BLVD,1,1,0,0,1,4,0,0,30,0,0,0,0,2,4,2,16
,2023-04990,39.78332518,-105.0017375,2/13/2023 7:05,7:05:00,12,0,1,I-70 & N PECOS ST,1,1,0,0,1,4,0,0,55,0,0,0,0,2,1,2,3
,2023-04991,39.65123993,-104.9293729,2/12/2023 16:30,16:30:00,3,0,0, ELM WAY & E HAPPY CANYON RD,1,1,0,0,1,1,0,0,30,0,0,0,0,0,4,2,1
,2023-04992,39.72537216,-105.0057961,2/10/2023 16:51,16:51:00,9,0,2,W 6TH AVE & N OSAGE ST,1,2,0,0,1,3,0,0,45,0,0,0,1,1,4,2,16
,2023-04993,39.79822359,-104.8263013,2/13/2023 1:34,1:34:00,15,0,0,E 56TH AVE & N POTOMAC WY,1,3,0,0,1,4,0,0,40,0,0,0,0,0,4,2,1
,2023-04994,39.72579174,-105.042697,2/13/2023 15:21,15:21:00,12,0,0,W 6TH AVE & N STUART ST,1,1,0,0,1,1,0,0,55,0,0,0,0,0,4,2,1
,2023-04998,39.67474751,-104.8712213,2/12/2023 13:30,13:30:00,12,0,0,E ILIFF AVE & S PARKER RD,1,1,0,0,1,4,0,0,45,0,0,0,0,0,4,2,7
,2023-04999,39.71863226,-104.9036857,1/31/2023 9:00,9:00:00,15,0,0, QUEBEC ST & 1ST AVE,1,1,0,0,1,4,0,0,,0,0,0,0,0,4,2,16
,2023-05000,39.69295654,-104.9687167,2/13/2023 4:30,4:30:00,5,0,1, FRANKLIN ST & E LOUISIANA AVE,1,3,0,0,4,3,0,0,25,0,0,0,0,1,4,1,16
,2023-05001,39.7427404,-105.0404809,2/12/2023 15:01,15:01:00,10,0,0,W 16TH AVE & N QUITMAN ST,1,1,0,0,1,1,0,0,20,0,0,0,0,0,4,2,11
,2023-05003,39.7840446,-104.9891412,2/13/2023 14:42,14:42:00,15,0,2,I-25 & W 48TH AVE,1,1,0,0,1,4,0,0,,0,0,0,0,2,1,2,16
,2023-05005,39.75774271,-104.9985667,2/11/2023 10:50,10:50:00,1,0,0,20TH ST & CHESTNUT PL,1,1,0,0,1,1,0,0,30,0,0,0,0,0,4,2,11
,2023-05006,39.74015073,-104.9493316,2/11/2023 14:10,14:10:00,12,0,0,E COLFAX AVE & N STEELE ST,1,1,0,0,1,3,0,0,30,0,0,0,0,0,2,2,13
,2023-05007,39.72922733,-104.9405271,2/9/2023 17:30,17:30:00,15,0,0,4000 E 8TH AVE N COLORADO BLVD,1,3,0,0,1,3,0,0,30,0,0,0,0,0,4,2,13
,2023-05010,39.69743027,-104.9827226,2/13/2023 16:45,16:45:00,12,0,0,I-25 & S LOGAN ST ,1,1,0,0,1,4,0,0,55,0,0,0,0,0,1,2,13
,2023-05011,39.72775737,-105.0532295,2/12/2023 10:42,10:42:00,15,0,0, SHERIDAN BLVD & W 6TH AVE,1,1,0,0,1,4,0,0,,0,0,0,0,0,2,2,16
,2023-05012,39.73369517,-104.93951,2/12/2023 12:24,12:24:00,6,0,0, ALBION ST & E HALE PKWAY,1,1,0,0,1,4,0,0,25,0,0,0,0,0,4,2,10
,2023-05013,39.7273121,-104.9975533,2/13/2023 8:47,8:47:00,3,0,1,W 7TH AVE & N INCA ST,1,1,0,0,1,1,0,0,25,0,0,0,0,2,4,2,16
,2023-05015,39.68750659,-104.9594063,2/13/2023 18:56,18:56:00,3,0,0,E IOWA AVE & S UNIVERSITY BLVD,1,3,0,0,1,1,0,0,25,0,0,0,0,0,4,3,7
,2023-05018,39.70666042,-104.9965561,2/13/2023 20:13,20:13:00,15,0,0,I-25 & S SANTA FE DR,1,3,3,0,1,4,0,0,55,0,0,0,0,0,1,3,16
,2023-05020,39.72529719,-104.9862591,2/13/2023 14:31,14:31:00,15,0,0,LINCOLN ST & E 6TH AVE,1,1,0,0,1,4,0,0,30,0,0,0,0,1,4,2,11
,2023-05022,39.76423656,-104.9869239,2/12/2023 21:55,21:55:00,1,0,0,BROADWAY ST & 29TH ST,1,3,0,0,1,4,0,0,,0,0,0,0,0,4,2,16
,2023-05035,39.75575778,-104.9889473,2/12/2023 9:56,9:56:00,10,0,0,PARK AVE W & LARIMER ST,1,1,0,0,1,1,0,0,30,0,0,0,0,1,4,2,10
,2023-05041,39.73370051,-104.9741043,2/11/2023 13:10,13:10:00,6,0,0,E 11TH AVE & N ALBION ST,1,1,0,0,1,4,0,0,25,0,0,0,0,0,4,4,2
,2023-05046,39.73687324,-104.9695387,2/12/2023 11:45,11:45:00,3,0,0,E 13TH AVE & N HUMBOLDT ST,1,1,0,0,1,1,0,0,30,0,0,0,0,1,4,2,11
,2023-05048,39.67633534,-104.9746194,2/12/2023 2:55,2:55:00,6,0,0, CORONA ST & E ILIFF AVE,1,3,0,0,1,4,0,0,,0,0,0,0,0,4,3,16
,2023-05049,39.75480487,-105.0283901,2/12/2023 23:51,23:51:00,6,0,0,3150 W  26TH AVE,1,3,0,0,1,4,0,0,30,0,0,0,0,0,4,2,14
,2023-05060,39.69673352,-105.0318021,2/12/2023 14:49,14:49:00,1,0,0,W MISSISSIPPI AVE & S KNOX CT,1,1,0,0,1,1,0,0,25,0,0,0,0,1,4,2,1
,2023-05061,39.75471061,-104.9093685,2/13/2023 8:42,8:42:00,3,0,0, NEWPORT ST & E 26TH AVE,1,1,0,0,1,1,0,0,20,0,0,0,0,0,4,2,11
,2023-05062,39.67473018,-104.8718814,2/11/2023 16:15,16:15:00,3,0,0,9875 E ILIFF AVE & S PARKER RD,3,2,0,0,1,2,0,1,25,0,0,0,0,0,4,2,13
,2023-05063,39.66733511,-104.9593826,2/13/2023 8:20,8:20:00,3,0,0, UNIVERSITY BLVD & E YALE AVE,1,1,0,0,6,1,0,0,30,0,0,0,0,0,4,2,10
,2023-05065,39.7832969,-104.9004064,2/13/2023 6:15,6:15:00,12,0,0, NORTHFIELD QUEBEC ST & I-270 WB RAMPS,1,2,1,0,1,3,0,0,40,0,0,0,0,0,2,2,16
,2023-05068,39.7618276,-104.91242,2/11/2023 19:26,19:26:00,3,0,1,E MLK BLVD & N MONACO ST,1,3,0,0,1,1,0,0,30,0,0,0,0,2,4,2,16
,2023-05069,39.77995011,-104.9895628,2/12/2023 15:35,15:35:00,12,0,0,I-25 & SB OFF RAMP TO PARK AVE,1,1,0,0,1,4,0,0,55,0,0,0,0,0,1,2,13
,2023-05071,39.72388687,-105.0117039,2/12/2023 12:29,12:29:00,15,0,0,I-25 & W 6TH AVE FWY,1,1,0,0,1,4,0,0,55,0,0,0,0,0,1,3,11
,2023-05073,39.73998313,-104.9597965,2/10/2023 15:58,15:58:00,12,0,0,E COLFAX AVE & N YORK ST,1,1,0,0,1,3,0,0,40,0,0,0,0,0,2,2,16
,2023-05077,39.72844806,-105.0147543,2/13/2023 10:10,10:10:00,12,0,0,I-25 & W 6TH AVE SB OFF RAMP GORE PT,1,1,0,0,1,4,0,0,55,0,0,0,0,0,1,2,1
,2023-05085,39.74000872,-104.9684733,2/11/2023 9:55,9:55:00,11,0,1,E COLFAX AVE & N FRANKLIN ST,1,1,0,0,1,1,0,0,0,0,1,0,0,2,2,1,16
,2023-05090,39.7776653,-104.9582371,2/10/2023 12:50,12:50:00,10,0,0, JOSEPHINE ST & E 44TH AVE,1,1,0,0,1,1,0,0,35,0,0,0,0,0,4,2,16
,2023-05092,39.73999918,-104.9779195,2/12/2023 22:25,22:25:00,15,0,0,E COLFAX AVE & N CLARKSON ST,1,3,0,0,1,4,0,0,35,0,0,0,0,0,2,2,13
,2023-05097,39.72394136,-105.0439471,2/12/2023 2:11,2:11:00,5,0,0,W 5TH AVE & N TENNYSON ST,1,3,0,0,4,1,0,0,25,0,0,0,0,0,4,2,14
,2023-05099,39.77319889,-104.8376587,2/13/2023 12:34,12:34:00,12,0,0,I-70 & N PEORIA ST,1,1,1,0,1,4,0,0,55,0,0,0,0,0,1,2,3
,2023-05148,39.74020061,-104.9286015,2/13/2023 19:45,19:45:00,1,0,2,E COLFAX AVE & FAIRFAX ST,1,3,0,0,1,3,0,0,35,0,0,0,0,2,2,3,1
,2023-05149,39.73687243,-105.0028069,2/13/2023 11:54,11:54:00,3,0,0,W 13TH AVE & N MARIPOSA ST,1,1,0,0,1,1,0,0,30,0,0,0,0,1,4,2,3
,2023-05150,39.78312395,-105.006425,2/14/2023 7:55,7:55:00,12,0,0,I-70 & N PECOS ST,1,1,1,0,1,4,0,0,55,0,0,0,0,0,1,3,11
,2023-05151,39.77398762,-104.846826,2/13/2023 18:41,18:41:00,12,0,2,I-70 & N PEORIA ST,1,3,0,0,1,4,0,0,55,0,0,0,0,1,1,2,16
,2023-05153,39.78381872,-105.0214814,2/14/2023 4:16,4:16:00,5,0,0,I-70 & N FEDERAL BLVD,1,3,0,0,2,4,0,0,55,0,0,0,0,0,1,1,3
,2023-05154,39.71936903,-104.9857475,2/13/2023 22:30,22:30:00,6,0,0,E 2ND AVE & N LINCOLN ST,1,3,0,0,1,4,0,0,25,0,0,0,0,0,4,4,12
,2023-05155,39.69993107,-104.9072298,2/14/2023 18:35,18:35:00,12,0,1,LEETSDALE DR & S ONEIDA ST,1,3,0,0,1,4,0,0,,0,0,0,0,1,2,4,16
,2023-05166,39.6966599,-104.9918701,2/14/2023 8:29,8:29:00,15,0,0,W MISSISSIPPI AVE & S SANTA FE DR,1,1,0,0,1,1,0,0,30,0,0,0,0,0,2,3,11
,2023-05167,39.75836603,-105.0251332,2/14/2023 8:26,8:26:00,12,0,0, FEDERAL BLVD & W 29TH AVE,1,1,0,0,1,3,0,0,35,0,0,0,0,0,2,3,1
,2023-05176,39.77727205,-104.8827798,1/8/2023 21:15,21:15:00,12,0,0,I-70 WB OFF RAMP & N CENTRAL PARK BLVD,1,3,0,0,1,8,0,0,35,0,0,0,0,0,1,2,16
,2023-05177,39.69566818,-104.9035147,2/14/2023 13:56,13:56:00,3,0,0, QUEBEC ST & E MISSISSIPPI AVE,1,1,0,0,1,1,0,0,35,0,0,0,0,1,4,2,13
,2023-05179,39.67290424,-105.0156945,2/14/2023 8:36,8:36:00,6,0,0, ZUNI ST & W BAYAUD AVE,1,1,1,0,1,4,0,0,25,0,0,0,0,0,4,2,13
,2023-05183,39.69662305,-104.9128902,2/13/2023 10:00,10:00:00,1,0,0, MONACO ST & E MISSISSIPPI AVE,1,1,0,0,1,1,0,0,30,0,0,0,0,0,4,2,3
,2023-05184,39.73031979,-104.9081541,2/13/2023 7:25,7:25:00,6,0,0, ONEIDA ST & E 9TH AVE,1,1,0,0,1,4,0,0,25,0,0,0,0,0,4,2,16
,2023-05187,39.63903727,-104.9105489,2/14/2023 6:58,6:58:00,15,0,0,I-25 & E QUINCY AVE,1,2,0,0,1,4,0,0,65,0,0,0,0,0,1,2,11
,2023-05189,39.76429654,-105.0018871,2/14/2023 14:38,14:38:00,12,0,0,I-25 & 20TH ST,1,1,0,0,1,4,0,0,55,0,0,0,0,0,1,2,3
,2023-05192,39.72586632,-105.0135958,2/14/2023 14:04,14:04:00,12,0,0,I-25 & W 6TH AVE FWY,1,1,0,0,1,4,0,0,55,0,0,0,0,0,1,2,13
,2023-05194,39.73687829,-105.0140624,2/13/2023 16:59,16:59:00,12,0,0,I-25 & W COLFAX AVE,1,1,0,0,1,4,0,0,55,0,0,0,0,0,1,2,3
,2023-05196,39.7544334,-104.9873773,2/13/2023 14:10,14:10:00,15,0,0, BROADWAY ST & PARK AVE W ,1,1,0,0,1,1,0,0,30,0,0,0,0,0,4,2,13
,2023-05198,39.74120113,-104.9034555,2/14/2023 6:13,6:13:00,14,0,1, QUEBEC ST & E 16TH AVE,1,1,0,0,6,4,0,0,30,0,0,0,0,1,4,2,16
,2023-05204,39.75079364,-104.9849279,2/13/2023 17:07,17:07:00,3,0,0,22ND ST & CALIFORNIA ST,1,1,0,0,1,1,0,0,20,0,0,0,0,1,4,2,16
,2023-05214,39.7522129,-104.9034363,2/13/2023 15:20,15:20:00,3,0,1,E 24TH AVE & N QUEBEC ST,1,1,0,0,1,1,0,0,25,0,0,0,0,1,4,2,11
,2023-05215,39.72907747,-104.9732836,2/14/2023 12:15,12:15:00,15,0,0,E 8TH AVE & N DOWNING ST,14,1,0,0,1,4,0,0,35,0,0,0,0,0,4,2,14
,2023-05217,39.65615248,-105.0532234,2/14/2023 8:31,8:31:00,3,0,1, SHERIDAN BLVD & W DARTMOUTH AVE,1,1,0,0,1,2,0,0,40,0,0,0,0,1,2,2,3
,2023-05218,39.79826326,-104.7903817,2/14/2023 7:27,7:27:00,12,0,0,E 56TH AVE & N BUCKLEY RD,1,1,0,0,1,4,0,1,35,0,0,0,0,1,4,2,14
,2023-05242,39.75637632,-105.0113501,2/14/2023 13:57,13:57:00,12,0,0,I-25 & N SPEER BLVD,1,1,0,0,1,4,0,0,55,0,0,0,0,0,1,2,16
,2023-05250,39.67847915,-104.9652323,2/14/2023 9:38,9:38:00,3,0,0, HIGH ST & E EVANS AVE,1,1,0,0,1,1,0,0,30,0,0,0,0,1,4,2,10
,2023-05279,39.66313059,-105.0349484,2/15/2023 8:36,8:36:00,12,0,0, LOWELL BLVD & W AMHERST AVE,9,1,1,2,1,4,0,0,30,0,0,0,0,0,4,2,7
,2023-05280,39.77287683,-104.8302463,2/15/2023 9:49,9:49:00,6,0,1,I-70 WB ON RAMP FLYOVER & I-70 UNDERPASS,4,1,1,2,1,8,0,0,55,0,0,0,0,1,1,2,16
,2023-05281,39.6754915,-104.9363227,2/15/2023 5:16,5:16:00,12,0,1,I-25 & E EVANS AVE,9,3,2,2,1,4,0,0,65,0,0,0,0,2,1,2,13
,2023-05283,39.69705059,-104.9822456,2/14/2023 17:27,17:27:00,12,0,0,I-25 & S LOGAN ST,1,1,0,0,1,4,0,0,55,0,0,0,0,0,1,3,13
,2023-05289,39.63485936,-104.8934156,2/15/2023 0:56,0:56:00,3,0,0,I-225 & S TAMARAC ST,9,3,0,2,1,1,0,0,30,0,0,0,0,0,1,2,13
,2023-05293,39.68228019,-105.0250196,2/15/2023 11:42,11:42:00,12,0,0, FEDERAL BLVD & W JEWELL AVE,9,1,0,2,1,4,0,0,35,0,0,0,0,0,2,2,7
,2023-05295,39.78309544,-104.9009347,2/15/2023 9:25,9:25:00,15,0,0,I-270 & N NORTHFIELD QUEBEC ST,5,1,0,2,1,4,0,0,55,0,0,0,0,0,1,2,14
,2023-05298,39.77449575,-104.8436187,2/15/2023 14:06,14:06:00,6,0,0,E 42ND AVE & E 44TH AVE,4,1,0,2,3,4,0,0,25,0,0,0,0,0,4,3,14
,2023-05299,39.73515179,-104.9787113,2/14/2023 17:00,17:00:00,12,0,0,E 12TH AVE & N WASHINGTON ST,1,1,0,0,1,4,0,0,35,0,0,0,0,1,4,2,16
,2023-05301,39.84173061,-104.9856512,2/15/2023 8:21,8:21:00,5,0,0,E 80TH AVE,5,1,0,2,3,4,0,0,45,0,0,0,0,0,2,1,14
,2023-05302,39.75000626,-105.0048442,2/15/2023 9:27,9:27:00,5,0,0, SPEER BLVD & CHOPPER CIR,5,1,0,2,3,4,0,0,35,0,0,0,0,0,4,2,13
,2023-05305,39.76536469,-104.9404972,2/15/2023 18:21,18:21:00,10,0,0, COLORADO BLVD & E 35TH AVE,9,3,0,2,1,2,0,0,35,0,0,0,0,0,2,2,13
,2023-05306,39.68076599,-104.9361501,2/14/2023 23:40,23:40:00,15,0,0,I-25 & E EVANS AVE,9,3,0,2,1,4,0,0,65,0,0,0,0,0,1,2,16
,2023-05311,39.71127827,-105.0508715,2/11/2023 16:03,16:03:00,3,0,0, YATES ST & W ALAMEDA AVE,1,1,0,0,1,3,0,0,25,0,0,0,0,0,2,2,16
,2023-05312,39.74846118,-105.0033455,1/27/2023 14:10,14:10:00,15,0,0,AURARIA PKWY & N SPEER BLVD,1,1,0,0,1,1,0,0,,0,0,0,0,0,4,2,16
,2023-05314,39.75107578,-104.9175268,2/14/2023 14:45,14:45:00,12,0,0,E 23RD AVE & N KEARNEY ST,1,1,0,0,1,3,0,0,30,0,0,0,0,0,4,2,3
,2023-05317,39.79066881,-104.8334127,2/14/2023 16:10,16:10:00,15,0,0,E 51ST AVE & N VICTOR WAY,1,1,0,0,1,1,0,0,25,0,0,0,0,0,4,2,7
,2023-05320,39.78065121,-104.9410799,2/15/2023 18:13,18:13:00,1,0,0, COLORADO BLVD & E 46TH AVE N,9,3,0,2,1,1,0,0,35,0,0,0,0,0,2,2,13
,2023-05322,39.75484167,-105.0381459,2/15/2023 9:40,9:40:00,3,0,0, OSCEOLA ST & W 26TH AVE,9,1,0,2,1,1,0,0,25,0,0,0,0,0,2,2,13
,2023-05323,39.83061177,-104.7788991,2/15/2023 8:00,8:00:00,5,0,0, TOWER RD,5,1,0,2,3,4,0,0,65,0,0,0,0,0,4,1,13
,2023-05326,39.70494928,-105.0431873,2/15/2023 7:16,7:16:00,3,0,0,W GILL PL & S STUART ST,9,1,0,2,1,1,0,0,25,0,0,0,0,0,4,2,13
,2023-05330,39.7831678,-105.0072176,2/15/2023 12:52,12:52:00,15,0,0,I-70 & N PECOS ST,7,1,0,2,1,4,0,0,55,0,0,0,0,0,1,2,13
,2023-05331,39.70619077,-104.92225,2/14/2023 14:00,14:00:00,3,0,0,E CUSTER PL & S HOLLY ST,1,1,0,0,1,1,0,0,25,0,0,0,0,0,4,2,3
,2023-05332,39.76791231,-104.973343,2/15/2023 13:00,13:00:00,3,0,0,LARIMER ST & N DOWNING ST,9,1,0,2,1,1,0,0,25,0,0,0,0,0,4,2,3
,2023-05333,39.69268798,-104.9769381,2/14/2023 15:40,15:40:00,3,0,0, EMERSON ST & E BUCHTEL BLVD,1,1,0,0,1,1,0,0,25,0,0,0,0,0,4,2,3
,2023-05334,39.71156144,-104.9406351,2/15/2023 16:10,16:10:00,12,0,2,E ALAMEDA AVE & S COLORADO BLVD,10,2,0,2,1,1,0,0,30,0,0,0,0,2,2,2,13
,2023-05336,39.74032351,-105.0532251,2/15/2023 8:41,8:41:00,5,0,0,W COLFAX AVE & N SHERIDAN BLVD,4,1,0,2,3,1,0,0,35,0,0,0,0,0,2,1,16
,2023-05337,39.6988423,-105.0297457,2/15/2023 16:33,16:33:00,1,0,1, IRVING ST & W FORD PL,9,1,0,2,1,1,1,0,25,0,0,0,0,2,4,2,13
,2023-05338,39.76738114,-104.9025448,2/15/2023 20:09,20:09:00,3,0,0,E 36TH AVE & N QUEBEC ST,10,3,0,2,1,1,0,0,35,0,0,0,0,0,4,2,14
,2023-05339,39.77562322,-104.8657441,2/15/2023 8:25,8:25:00,15,0,0,I-70 & N HAVANA ST,5,1,1,2,1,4,0,0,55,0,0,0,0,0,1,2,16
,2023-05341,39.75786793,-104.9987341,2/14/2023 16:25,16:25:00,12,0,0,20TH ST & CHESTNUT PL,1,1,0,0,1,3,0,0,25,0,0,0,0,0,4,2,11
,2023-05342,39.78439028,-105.0607659,2/14/2023 12:00,12:00:00,6,0,0, GOLDEN CT & W 48TH AVE,1,1,0,0,1,4,0,0,25,0,0,0,0,0,4,2,16
,2023-05343,39.78703549,-104.8249356,2/13/2023 10:50,10:50:00,5,0,0,E 51ST AVE & E BOLLING DR,1,1,0,0,3,4,0,0,25,0,0,0,0,0,4,1,1
,2023-05344,39.76185077,-104.9270108,2/15/2023 14:00,14:00:00,12,0,0,E MLK BLVD & N FOREST ST,9,1,0,2,1,1,0,0,,0,0,0,0,0,4,2,16
,2023-05353,39.83346224,-104.6933309,2/15/2023 19:00,19:00:00,5,0,0,PENA BLVD & JACKSON GAP,8,3,0,2,3,4,0,0,65,0,0,0,0,0,4,1,13
,2023-05357,39.65308224,-104.8987343,2/14/2023 12:00,12:00:00,12,0,1,E HAMPDEN AVE & S TAMARAC DR,1,1,0,0,1,1,0,0,,0,0,0,0,1,2,2,16
,2023-05358,39.72564192,-104.9034076,2/15/2023 15:15,15:15:00,15,0,0, QUEBEC ST,9,1,0,2,1,1,0,0,30,0,0,0,0,0,4,2,13
,2023-05369,39.65301957,-104.8756712,2/14/2023 21:31,21:31:00,12,0,0,E HAMPDEN AVE & S DAYTON ST,7,3,0,2,1,1,0,0,35,0,0,0,0,0,2,3,16
,2023-05371,39.6964703,-104.9231937,2/15/2023 20:15,20:15:00,5,0,0,E CHERRY CREEK  DR & E MISSISSIPPI AVE,4,3,0,2,3,4,0,0,35,0,0,0,0,0,4,1,1
,2023-05379,39.65300424,-104.9405482,2/15/2023 9:13,9:13:00,12,0,1,E HAMPDEN AVE & S COLORADO BLVD,9,1,0,2,1,3,0,0,40,0,0,0,0,1,2,2,16
,2023-05381,39.73392856,-104.9874147,2/14/2023 15:00,15:00:00,15,0,0, BROADWAY ST & E 11TH AVE,1,1,0,0,1,3,0,0,35,0,0,0,0,0,4,2,1
,2023-05382,39.76928711,-105.00942,2/15/2023 12:20,12:20:00,14,0,0,W 38TH AVE & N SHOSHONE ST,10,1,0,2,6,4,0,0,35,0,0,0,0,0,4,2,13
,2023-05384,39.66751456,-104.8661462,2/15/2023 6:41,6:41:00,3,0,0,E YALE AVE & S HAVANA ST,9,1,0,2,1,1,0,0,40,0,0,0,0,0,2,2,16