id,drcog_id,latitude,longitude,crashtime,time,crashtype,numbkilled,numbinjurd,drcoglocat,rdconditin,lightngcon,roadcntgrd,weatherco,location,roaddescrp,schoolzone,constrzone,splimit,bikeinv,pedinv,sctrinv,motoinv,svrty,rdsystem,ttlvehcls,hcf
,2023-05395,39.76681933,-104.8275283,2/15/2023 20:50,20:50:00,15,0,0,I-225 NB OFF RAMP TO WB -70 & I-70 WB,4,3,1,2,1,8,0,0,55,0,0,0,0,0,1,2,13
,2023-05396,39.68982394,-104.9734242,2/15/2023 7:00,7:00:00,15,0,0,I-25 & S DOWNING ST,4,1,0,2,1,4,0,0,60,0,0,0,0,0,1,2,10
,2023-05398,39.71133498,-104.9364948,2/15/2023 7:45,7:45:00,3,0,0,E ALAMEDA AVE & LEETSDALE DR,10,2,1,2,1,1,0,0,35,0,0,0,0,0,2,3,7
,2023-05399,39.73326313,-104.9861292,2/14/2023 15:50,15:50:00,12,0,2,LINCOLN ST & E 11TH AVE,1,1,0,0,1,4,0,0,30,0,0,0,0,2,4,2,3
,2023-05402,39.6382838,-104.8947947,2/15/2023 18:18,18:18:00,1,0,0, TAMARAC PKWY & E QUINCY AVE,9,3,1,2,1,1,0,0,35,0,0,0,0,1,4,2,16
,2023-05417,39.76699462,-104.9974803,2/15/2023 15:31,15:31:00,15,0,0,I-25 & PARK AVE W,4,1,0,2,1,4,0,0,55,0,0,0,0,0,1,2,16
,2023-05419,39.62994685,-104.9049653,2/15/2023 10:32,10:32:00,5,0,0,I-25 & E UNION AVE,4,1,0,2,2,4,0,0,65,0,0,0,0,0,1,2,10
,2023-05421,39.77283867,-104.8334557,2/14/2023 18:53,18:53:00,12,0,1,I-70 & SB I-225 OFF RAMP MERGE PT,1,3,0,0,1,4,0,0,55,0,0,0,0,1,1,4,11
,2023-05426,39.75630609,-105.0158242,2/14/2023 22:09,22:09:00,10,0,1, SPEER BLVD & N ZUNI ST,9,3,0,2,1,1,0,0,35,0,0,0,0,2,4,2,13
,2023-05435,39.75809566,-105.0089888,2/14/2023 21:49,21:49:00,12,0,1,I-25 & N SPEER BLVD,4,3,0,2,1,4,0,0,55,0,0,0,0,1,1,2,13
,2023-05440,39.72904671,-104.989924,2/14/2023 12:25,12:25:00,3,0,2,W 8TH AVE & N SPEER BLVD,1,1,0,0,1,1,0,0,30,0,0,0,0,2,4,2,13
,2023-05454,39.77889678,-104.9791083,2/15/2023 15:39,15:39:00,10,0,1, WASHINGTON ST & I-70 WB RAMPS,10,1,0,2,1,1,0,0,35,0,0,0,0,1,4,4,13
,2023-05476,39.805603,-104.7832885,2/16/2023 8:25,8:25:00,12,0,0,E 60TH AVE & N RITCHFIELD ST,9,1,0,2,1,1,0,0,25,0,0,0,0,0,4,2,13
,2023-05481,39.73200878,-104.9764346,2/3/2023 4:45,4:45:00,6,0,0,EMERSON ST & E 10TH AVE,1,4,0,0,1,4,0,0,,0,0,0,0,0,4,5,16
,2023-05486,39.78137718,-104.9952955,2/16/2023 4:15,4:15:00,15,0,0,I-70 EB OFF RAMP TO SB -25 & I-25,5,3,0,2,1,8,0,0,55,0,0,0,0,0,1,2,16
,2023-05495,39.79355015,-104.9034358,2/16/2023 16:48,16:48:00,12,0,0, QUEBEC ST & E 53RD PL,12,1,0,0,1,1,0,0,40,0,0,0,0,0,4,2,3
,2023-05498,39.84959125,-104.6656435,2/15/2023 5:20,5:20:00,5,0,0,8400 PENA BLVD,10,3,0,2,6,4,0,0,45,0,0,0,0,0,4,1,13
,2023-05504,39.67821599,-104.9334374,2/15/2023 22:30,22:30:00,15,0,0,I-25 & E EVANS AVE,4,3,1,2,1,4,0,0,60,0,0,0,0,0,1,2,1
,2023-05505,39.77400657,-104.8470449,1/27/2023 10:25,10:25:00,15,0,0, PEORIA ST & I-70 EB RAMPS,1,1,0,0,1,1,0,0,25,0,0,0,0,0,4,2,7
,2023-05506,39.6283493,-104.9040635,2/16/2023 11:51,11:51:00,12,0,0,I-25 & E UNION AVE,11,1,0,0,1,4,0,0,65,0,0,0,0,0,1,2,10
,2023-05508,39.76096471,-105.0039163,2/13/2023 0:58,0:58:00,5,0,1,I-25 ON RAMP & 20TH ST,1,3,1,0,2,8,0,0,20,0,0,0,0,3,1,4,1
,2023-05509,39.70189707,-104.9884383,2/16/2023 7:54,7:54:00,12,0,0,I-25 & S BROADWAY,11,1,1,0,1,4,0,0,55,0,0,0,0,0,1,2,1
,2023-05520,39.66521853,-104.9241566,2/16/2023 18:32,18:32:00,12,0,0,I-25 & E YALE AVE,2,3,0,0,1,4,0,0,65,0,0,0,0,0,1,2,13
,2023-05526,39.70755718,-104.940789,2/16/2023 8:00,8:00:00,12,0,0, COLORADO BLVD & CHERRY CREEK N DR,9,1,0,0,1,3,0,0,35,0,0,0,0,0,2,2,16
,2023-05528,39.77449404,-104.8639152,2/16/2023 1:40,1:40:00,8,0,1,I-70 EB OFF RAMP & N HAVANA ST,8,3,1,2,1,8,0,0,25,0,0,0,0,1,1,2,8
,2023-05531,39.79628651,-105.0532298,2/13/2023 10:20,10:20:00,12,0,0,HWY 95 & I-76,1,1,0,0,1,3,0,0,45,0,0,0,0,0,2,3,16
,2023-05532,39.65043294,-104.9167811,2/14/2023 12:45,12:45:00,15,0,0,I-25 & NB OFF RAMP GORE PT TO E HAMPDEN AVE,1,1,0,0,1,4,0,0,65,0,0,0,0,0,1,2,3
,2023-05533,39.7547043,-104.9199764,2/15/2023 13:33,13:33:00,5,0,1,E 26TH AVE & N IVY ST,7,1,0,2,3,1,0,0,30,0,0,0,0,2,4,1,1
,2023-05536,39.6781101,-104.9333506,2/15/2023 21:10,21:10:00,5,0,0,I-25 & E EVANS AVE,7,3,0,2,2,4,0,0,65,0,0,0,0,0,2,1,13
,2023-05539,39.77857536,-104.9005684,2/16/2023 11:17,11:17:00,15,0,0,I-70 & WB OFF RAMP GORE PT TO N NORTHFIELD QUEBEC ST,12,1,0,0,1,8,0,0,35,0,0,0,0,0,1,2,13
,2023-05547,39.83346183,-104.6929233,2/16/2023 14:40,14:40:00,1,0,0, JACKSON GAP ST & PENA BLVD RAMP,1,1,0,0,1,3,0,0,35,0,0,0,0,0,4,2,7
,2023-05551,39.7439712,-105.0532224,2/15/2023 17:59,17:59:00,1,0,2, SHERIDAN BLVD & W 17TH AVE,4,3,1,2,1,1,0,0,,0,0,0,0,3,2,3,16
,2023-05552,39.75128874,-105.0167818,2/16/2023 8:45,8:45:00,12,0,0,I-25 & W 23RD AVE,12,1,0,0,1,4,0,0,55,0,0,0,0,0,1,2,16
,2023-05555,39.75432817,-104.9942634,2/2/2023 15:17,15:17:00,3,0,0,20TH ST & BLAKE ST,1,1,0,0,1,1,0,0,25,0,0,0,0,0,4,2,3
,2023-05557,39.67334156,-105.0250543,2/16/2023 13:54,13:54:00,1,0,1, FEDERAL BLVD & W WESLEY AVE,1,1,0,0,1,1,0,0,40,0,0,0,0,2,2,2,11
,2023-05565,39.7855646,-104.8963321,2/16/2023 19:44,19:44:00,10,0,0,E NORTHFIELD BLVD & N TRENTON ST,2,3,0,0,1,3,0,0,35,0,0,0,0,0,4,2,11
,2023-05574,39.69666192,-104.9929458,2/16/2023 12:34,12:34:00,1,0,0,W MISSISSIPPI AVE & S PLATTE RIVER DR,1,1,0,0,1,1,0,0,30,0,0,0,0,0,2,2,11
,2023-05579,39.66831614,-104.9406166,2/16/2023 18:05,18:05:00,1,0,1, COLORADO BLVD & E YALE AVE,1,3,0,0,1,1,0,0,45,0,0,0,0,1,2,3,13
,2023-05580,39.86384821,-104.6739109,2/16/2023 14:51,14:51:00,15,0,0,PENA BLVD & E 80TH AVE,1,1,1,0,1,4,0,0,35,0,0,0,0,0,4,2,3
,2023-05583,39.63418425,-104.9068034,2/15/2023 17:11,17:11:00,15,0,0,I-25 & I-225 (APPROX),4,1,3,2,1,4,0,0,55,0,0,0,0,0,1,2,10
,2023-05584,39.83364471,-104.715533,2/16/2023 8:01,8:01:00,5,0,0,PENA BLVD & N GUN CLUB RD,4,1,0,0,6,4,0,0,65,0,0,0,0,0,4,1,7
,2023-05587,39.83112608,-104.7718822,2/16/2023 13:50,13:50:00,12,0,0, TOWER RD,11,1,0,7,1,4,0,0,65,0,0,0,0,0,2,2,14
,2023-05594,39.78002593,-104.9891611,2/16/2023 13:39,13:39:00,12,0,0,I-25 & I-70,1,1,1,0,1,4,0,0,55,0,0,0,0,0,1,3,10
,2023-05610,39.78364964,-104.7649088,2/16/2023 13:32,13:32:00,3,0,0,E GREEN VALLEY RANCH BLVD & N ARGONNE ST,11,1,0,0,1,1,0,0,35,0,0,0,0,0,4,2,3
,2023-05616,39.70040106,-105.0256149,2/16/2023 18:20,18:20:00,6,0,0,W KENTUCKY AVE & S FEDERAL BLVD,4,3,0,2,3,4,0,0,25,0,0,0,0,0,4,2,13
,2023-05631,39.77636515,-104.9892122,2/17/2023 11:40,11:40:00,15,0,0,I-25 & I-70,1,1,0,0,1,4,0,0,55,0,0,0,0,0,1,2,10
,2023-05637,39.77999425,-104.9593249,2/17/2023 15:18,15:18:00,12,0,0,I-70 & N YORK ST,1,1,0,0,1,4,0,0,55,0,0,0,0,0,1,2,10
,2023-05638,39.84928942,-104.6726895,2/17/2023 4:50,4:50:00,15,0,0,8400,1,3,0,0,1,4,0,0,,0,0,0,0,0,4,2,16
,2023-05643,39.69857496,-105.0250781,2/17/2023 16:08,16:08:00,3,0,0, FEDERAL BLVD & W TENNESSEE AVE,1,1,0,0,1,1,0,0,35,0,0,0,0,0,2,2,11
,2023-05648,39.79827644,-104.7702884,2/17/2023 10:50,10:50:00,12,0,1,E 56TH AVE & N TOWER RD,1,1,0,0,1,4,0,0,45,0,0,0,0,2,4,2,13
,2023-05651,39.78963332,-105.0193094,2/17/2023 18:30,18:30:00,6,0,0, BRYANT ST & W 51ST AVE,1,1,0,0,1,4,0,0,25,0,0,0,0,0,4,2,16
,2023-05654,39.70822415,-104.9273466,2/16/2023 18:59,18:59:00,12,0,1,LEETSDALE DR & S FOREST ST,1,3,0,0,1,3,0,0,35,0,0,0,0,1,2,3,3
,2023-05656,39.75513066,-105.012718,2/17/2023 16:41,16:41:00,12,0,0,I-25 & N SPEER BLVD,1,1,0,0,1,4,0,0,55,0,0,0,0,0,1,2,3
,2023-05660,39.6382838,-104.8947947,2/17/2023 15:09,15:09:00,1,0,0, TAMARAC ST & E QUINCY AVE,1,1,0,0,1,1,0,0,30,0,0,0,0,0,4,2,16
,2023-05662,39.79354246,-104.8894985,2/17/2023 7:19,7:19:00,3,0,0,E PRAIRIE MEADOW DR & N VERBENA ST,4,1,0,0,1,1,0,0,30,0,0,0,0,0,4,2,11
,2023-05664,39.74743117,-104.9128359,2/17/2023 15:51,15:51:00,5,0,0,E MONTVIEW BLVD & N MONACO PRKWY,1,1,0,0,3,1,0,0,30,0,0,0,0,0,4,1,14
,2023-05667,39.69478278,-104.9362133,2/16/2023 22:11,22:11:00,6,0,0, BIRCH ST & E ARIZONA AVE,4,3,0,0,1,4,0,0,25,0,0,0,0,0,4,2,13
,2023-05669,39.63015358,-105.0822099,2/18/2023 12:05,12:05:00,1,0,1,W LAYTON AVE & S WADSWORTH BLVD,1,1,0,0,1,2,0,0,25,0,0,0,0,1,4,2,11
,2023-05673,39.7252213,-105.0252126,2/17/2023 20:56,20:56:00,15,0,0, FEDERAL BLVD & W 6TH AVE EB RAMPS,1,3,0,0,1,3,0,0,35,0,0,0,0,0,2,4,16
,2023-05678,39.78143924,-104.9883547,2/16/2023 16:29,16:29:00,15,0,0,I-25 NB ON RAMP FROM WB -70 & I-70,11,1,0,0,1,8,0,0,55,0,0,0,0,0,1,2,16
,2023-05683,39.72570812,-105.0001485,2/17/2023 17:24,17:24:00,12,0,1,W 6TH AVE & N SANTA FE DR,1,3,0,0,1,4,0,0,35,0,0,0,0,1,4,4,1
,2023-05689,39.61551296,-105.0914062,1/30/2023 12:20,12:20:00,15,0,0, WADSWORTH BLVD & W CROSS DR,1,1,1,0,1,4,0,0,40,0,0,0,0,0,2,2,11
,2023-05693,39.72264799,-105.0101516,2/17/2023 9:02,9:02:00,12,0,0,I-25 & W 6TH AVE,1,1,0,0,1,4,0,0,55,0,0,0,0,0,1,2,3
,2023-05694,39.7765521,-104.8765044,2/17/2023 16:05,16:05:00,12,0,1,I-70 & CENTRAL PARK BLVD,1,1,0,0,1,13,0,0,55,0,0,0,0,1,1,2,13
,2023-05708,39.67842556,-104.9565232,2/17/2023 19:08,19:08:00,3,0,0,E EVANS AVE & S COLUMBINE ST,1,3,0,0,1,1,0,0,25,0,0,0,0,1,4,2,16
,2023-05710,39.75789026,-104.8903877,2/15/2023 14:42,14:42:00,12,0,2,E 29TH AVE & N CENTRAL PARK BLVD,5,1,0,2,1,1,0,0,35,0,0,0,0,2,4,3,13
,2023-05711,39.72397546,-105.0118011,2/17/2023 12:30,12:30:00,12,0,0,I-25 & W 6TH AVE FWY,1,1,0,0,1,4,0,0,55,0,0,0,0,0,1,2,13
,2023-05712,39.67846137,-104.9328011,2/17/2023 11:51,11:51:00,5,0,0,I-25 OFF RAMP SLIP RD & E EVANS AVE,1,1,0,0,4,1,0,0,35,0,0,0,0,0,1,1,1
,2023-05717,39.75170695,-104.983736,2/18/2023 16:16,16:16:00,3,0,1,PARK AVE W & CALIFORNIA ST,1,1,0,0,1,1,0,0,30,0,0,0,0,2,4,2,7
,2023-05718,39.77952716,-104.9825634,1/27/2023 8:31,8:31:00,15,0,0,I-70 & N WASHINGTON ST EB EXIT,1,1,0,0,1,4,0,0,55,0,0,0,0,0,1,2,13
,2023-05724,39.78363784,-104.7904896,2/17/2023 8:25,8:25:00,1,0,0,E GREEN VALLEY RANCH BLVD & N PENA BLVD,1,1,0,0,1,1,0,0,,0,0,0,0,0,4,2,16
,2023-05725,39.71475127,-104.9862692,1/28/2023 19:40,19:40:00,12,0,0, LINCOLN ST & E BAYAUD AVE,12,3,0,2,1,1,0,0,35,0,0,0,0,0,4,2,1
,2023-05732,39.77287036,-104.8338253,2/18/2023 0:30,0:30:00,12,0,0,I-70 & I-225 SB ON RAMP MERGE PT,1,3,0,0,1,4,0,0,65,0,0,0,0,0,1,2,13
,2023-05733,39.7954474,-104.884152,2/18/2023 14:20,14:20:00,12,0,0, CENTRAL PARK BLVD & E 54TH AVE,1,1,0,0,1,1,0,0,35,0,0,0,0,0,4,2,10
,2023-05734,39.75460032,-104.9782823,1/6/2023 14:35,14:35:00,6,0,0,WELTON ST & E 26TH AVE,1,1,0,0,1,4,0,0,25,0,0,0,0,0,4,2,13
,2023-05737,39.83201435,-104.7155512,2/18/2023 9:54,9:54:00,12,0,0,E 75TH AVE & N GUN CLUB RD,1,1,0,0,1,3,0,0,45,0,0,0,0,0,4,2,8
,2023-05740,39.7404272,-105.0133357,1/1/2023 1:23,1:23:00,15,0,0,W COLFAX AVE & I-25,1,3,0,0,1,4,0,0,45,0,0,0,0,0,2,2,13
,2023-05742,39.70499927,-104.995509,1/20/2023 23:19,23:19:00,6,0,0,I-25 & MM 207.5,1,3,3,0,1,4,0,0,55,0,0,0,0,0,1,3,16
,2023-05743,39.75838368,-105.0381374,2/16/2023 15:35,15:35:00,6,0,0, OSCEOLA ST & W 29TH AVE,2,1,0,0,1,4,0,0,25,0,0,0,0,0,4,2,16
,2023-05749,39.75220137,-104.9883273,2/1/2023 5:31,5:31:00,6,0,0,CURTIS ST & BROADWAY,1,3,0,0,1,4,0,0,25,0,0,0,0,1,4,2,16
,2023-05750,39.76202403,-105.0144673,2/18/2023 16:13,16:13:00,1,0,0,W 32ND AVE & N WYANDOT ST,1,1,0,0,1,1,0,0,25,0,0,0,0,0,4,2,13
,2023-05751,39.70687803,-105.0389257,2/18/2023 1:30,1:30:00,6,0,0,3900 MORRISON RD W CUSTER PL,1,3,0,0,1,4,0,0,25,0,0,0,0,0,4,2,16
,2023-05752,39.7323281,-104.9304555,2/18/2023 15:38,15:38:00,3,0,1, EUDORA ST & E HALE PKWY,1,1,0,0,1,1,0,0,35,0,0,0,0,2,4,2,16
,2023-05754,39.7835318,-104.9003945,2/18/2023 9:42,9:42:00,1,0,0, NORTHFIELD QUEBEC ST & I-270 WB RAMP,1,1,0,0,1,1,0,0,40,0,0,0,0,0,2,4,13
,2023-05755,39.70607623,-104.9408287,2/18/2023 16:16,16:16:00,12,0,0,E CHERRY CREEK  DR & S COLORADO BLVD,1,1,0,0,1,3,0,0,30,0,0,0,0,0,2,2,16
,2023-05757,39.74046553,-105.0154026,2/18/2023 10:13,10:13:00,3,0,1,W COLFAX AVE & I-25 SB OFF RAMP,1,1,0,0,1,1,0,0,40,0,0,0,0,1,2,2,13
,2023-05758,39.68228019,-105.0250196,2/17/2023 17:28,17:28:00,3,0,0, FEDERAL BLVD & W JEWELL AVE,1,1,0,0,6,1,0,0,,0,0,0,0,0,2,2,16
,2023-05760,39.74049115,-104.9884507,1/31/2023 6:55,6:55:00,15,0,0,W COLFAX AVE & 15TH ST,4,1,0,0,1,4,0,0,25,0,0,0,0,0,2,3,1
,2023-05761,39.7846308,-105.0235725,2/17/2023 21:45,21:45:00,5,0,0,W 48TH AVE & ELIOT ST,1,3,0,0,4,1,0,0,25,0,0,0,0,0,1,1,16
,2023-05762,39.78422126,-105.0251926,2/2/2023 7:20,7:20:00,12,0,0,I-70 EB OFF RAMP & N FEDERAL BLVD,1,1,1,0,1,8,0,0,,0,0,0,0,0,1,4,16
,2023-05764,39.65735129,-104.9204191,2/18/2023 3:23,3:23:00,12,0,2,I-25 & E HAMPDEN AVE SB OFF RAMP MERGE PT,1,3,0,0,1,4,0,0,65,0,0,0,0,3,1,3,2
,2023-05765,39.78102223,-104.7492608,2/18/2023 6:15,6:15:00,4,0,0,E GREEN VALLEY RANCH BLVD & N JEBEL ST,1,2,0,0,1,1,0,0,35,0,0,0,0,0,4,1,13
,2023-05767,39.6579021,-105.0532252,2/7/2023 8:44,8:44:00,10,0,2, SHERIDAN BLVD & W COLUMBIA PL,1,1,0,0,1,1,0,0,40,0,0,0,0,1,2,2,16
,2023-05769,39.76727492,-104.946254,2/17/2023 22:00,22:00:00,6,0,0,3620  MADISON ST & E 36TH AVE,1,3,0,0,1,4,0,0,,0,0,0,0,0,4,2,16
,2023-05772,39.7439712,-105.0532224,2/18/2023 14:00,14:00:00,12,0,0, SHERIDAN BLVD & W 17TH AVE,1,1,0,0,1,1,0,0,,0,0,0,0,0,2,2,16
,2023-05775,39.75478061,-105.0252859,2/3/2023 0:38,0:38:00,5,0,1, FEDERAL BLVD & W 26TH AVE,1,3,0,0,3,4,0,0,35,0,0,0,0,2,2,1,16
,2023-05776,39.65508926,-104.8702972,2/18/2023 15:00,15:00:00,1,0,0,E GIRARD AVE & S GALENA ST,1,1,0,0,1,2,0,0,20,0,0,0,0,1,4,2,16
,2023-05778,39.77416427,-104.8467107,2/18/2023 20:50,20:50:00,15,0,0,I-70 & N PEORIA ST,1,3,0,0,1,4,0,0,,0,0,0,0,0,1,2,16
,2023-05779,39.75197478,-105.0147522,2/18/2023 18:03,18:03:00,2,0,0,WATER ST & 7TH ST,1,3,0,0,1,1,0,0,30,1,0,0,0,0,4,1,11
,2023-05780,39.74394045,-105.0269514,2/18/2023 10:56,10:56:00,12,0,0,3121 W 17TH AVE & N GROVE ST,1,1,0,0,1,4,0,0,30,0,0,0,0,1,4,2,1
,2023-05782,39.78058942,-104.8417146,2/18/2023 17:04,17:04:00,3,0,0, TULSA CT & E ALBROOK DR,1,1,0,0,1,1,0,0,25,0,0,0,0,0,4,2,16
,2023-05783,39.75132795,-105.0164847,1/18/2023 0:00,0:00:00,15,0,0,I-25 & N SPEER BLVD,9,3,0,2,1,4,0,0,55,0,0,0,0,0,1,2,10
,2023-05785,39.67612865,-104.9108099,1/25/2023 20:40,20:40:00,12,0,0,2200 S  MONACO PKWY,1,3,0,0,1,3,0,0,35,0,0,0,0,0,4,2,1
,2023-05786,39.68472869,-104.9594472,1/18/2023 14:21,14:21:00,12,0,1,I-25 & S UNIVERSITY BLVD,10,1,0,2,1,4,0,0,60,0,0,0,0,2,1,2,10
,2023-05795,39.73784249,-104.9610171,1/15/2023 18:45,18:45:00,6,0,0,GAYLORD ST & E 14TH AVE,14,4,3,7,1,4,0,0,,0,0,0,0,0,4,2,16
,2023-05800,39.76073803,-104.9647333,2/15/2023 10:06,10:06:00,10,0,1,E 31ST AVE & N HIGH ST,8,1,0,2,1,1,0,0,30,0,0,0,0,1,4,2,11
,2023-05803,39.73834368,-105.053213,2/18/2023 20:19,20:19:00,15,0,1, SHERIDAN BLVD & W 14TH AVE,1,3,0,0,1,4,0,0,35,0,0,0,0,2,2,2,13
,2023-05806,39.75706523,-104.9928834,1/29/2023 1:50,1:50:00,8,0,0,22ND ST & WAZEE ST,4,3,1,2,1,4,0,0,35,0,0,0,0,0,4,2,16
,2023-05808,39.7293177,-105.0276232,2/5/2023 23:00,23:00:00,6,0,0,3100 W  8TH AVE,1,3,0,0,1,4,0,0,,0,0,0,0,0,4,2,16
,2023-05809,39.77847085,-104.8968468,2/4/2023 14:55,14:55:00,15,0,0,I-70 & I-270 OVERPASS (APPROX),1,1,0,0,1,4,0,0,55,0,0,0,0,0,1,2,14
,2023-05810,39.78017635,-104.9535746,2/5/2023 14:00,14:00:00,3,0,0,E 46TH AVE & N CLAYTON ST,1,1,0,0,1,1,0,0,30,0,0,0,0,0,4,2,13
,2023-05811,39.63879153,-104.9040538,2/3/2023 17:34,17:34:00,12,0,0,E EASTMOOR DR & E QUINCY AVE,1,1,0,0,1,3,0,0,35,0,0,0,0,0,4,2,16
,2023-05812,39.70749087,-104.9674934,2/15/2023 12:52,12:52:00,12,0,0,E VIRGINIA AVE & S GILPIN ST,9,1,0,4,1,1,0,0,25,0,0,0,0,0,4,2,16
,2023-05813,39.70891944,-104.8752845,1/29/2023 6:38,6:38:00,12,2,1,E ALAMEDA AVE & S DAYTON ST,2,2,0,0,1,3,0,0,40,0,0,0,0,4,4,2,1
,2023-05814,39.72802011,-104.9902663,2/16/2023 14:39,14:39:00,16,0,0,777  BANNOCK ST,1,3,0,0,5,2,0,0,,0,0,0,0,0,3,2,16
,2023-05817,39.68749081,-104.9405571,2/19/2023 12:11,12:11:00,3,0,1,E IOWA AVE & S COLORADO BLVD,1,1,3,0,1,1,0,0,35,0,0,0,0,2,2,2,13
,2023-05820,39.75009916,-105.0046134,2/10/2023 14:00,14:00:00,15,0,0, SPEER BLVD & WEWATTA ST,1,1,0,0,1,4,0,0,,0,0,0,0,0,4,2,16
,2023-05821,39.77273794,-104.8300104,1/31/2023 0:24,0:24:00,12,0,0,I-225 WB OVERPASS RAMP & I-70 UNDERPASS (APPROX),4,4,1,2,1,8,0,0,65,0,0,0,0,0,1,2,14
,2023-05822,39.7292282,-104.9369875,1/16/2023 2:01,2:01:00,6,0,0,BELLAIRE ST & E 8TH AVE,1,3,0,0,1,4,0,0,25,0,0,0,0,0,4,2,16
,2023-05824,39.7404052,-105.0520885,1/19/2023 11:54,11:54:00,15,0,0,W COLFAX AVE & N ZENOBIA ST,8,1,0,0,1,1,0,0,35,0,0,0,0,0,2,2,13
,2023-05827,39.74762546,-105.0053683,1/23/2023 12:06,12:06:00,12,0,0,11TH ST & AURARIA PKWY,1,1,0,0,1,3,0,0,35,0,0,0,0,0,4,2,16
,2023-05836,39.67865344,-105.0250484,2/18/2023 16:51,16:51:00,15,0,0, FEDERAL BLVD & W EVANS AVE,1,1,0,0,1,4,0,0,35,0,0,0,0,0,2,2,13
,2023-05842,39.74125251,-104.9775568,1/20/2023 18:30,18:30:00,6,0,0, CLARKSON ST & E 16TH AVE,1,3,0,0,1,4,0,0,35,0,0,0,0,0,4,2,16
,2023-05843,39.81287275,-104.7863672,2/19/2023 0:30,0:30:00,5,0,0,PENA BLVD & E 56TH AVE,1,3,0,0,3,4,0,0,65,0,0,0,0,0,4,1,1
,2023-05844,39.68236891,-104.9593841,2/19/2023 14:38,14:38:00,15,0,0, UNIVERSITY BLVD & E BUCHTEL BLVD,1,1,0,0,1,4,0,0,35,0,0,0,0,0,4,2,16
,2023-05846,39.75638181,-104.9776898,2/3/2023 16:30,16:30:00,3,0,0,28TH ST & CALIFORNIA ST,1,1,0,0,1,1,0,0,25,0,0,0,0,0,4,2,13
,2023-05849,39.77249374,-105.0438186,1/27/2023 8:13,8:13:00,6,0,0,W 41ST AVE & N TENNYSON ST,1,1,0,0,1,9,0,0,,0,0,0,0,0,4,2,16
,2023-05851,39.7513764,-104.9905485,2/3/2023 23:15,23:15:00,8,0,0,20TH ST & ARAPAHOE ST,1,3,0,0,1,4,0,0,,0,0,0,0,0,4,2,16
,2023-05852,39.72413104,-104.9985652,2/19/2023 13:14,13:14:00,10,0,0,W 5TH AVE & N SANTA FE DR,1,1,0,0,1,3,0,0,35,0,0,0,0,0,4,2,10
,2023-05853,39.76322566,-105.0127676,2/18/2023 23:40,23:40:00,6,0,0,W 33RD AVE & N VALLEJO ST,1,3,0,0,1,4,0,0,25,0,0,0,0,0,4,3,3
,2023-05854,39.72008555,-104.890753,2/8/2023 0:00,0:00:00,12,0,0,E LOWRY BLVD & N UINTA WY,1,3,0,0,1,6,0,0,35,0,0,0,0,0,4,2,1
,2023-05866,39.63264985,-105.0347607,2/5/2023 14:32,14:32:00,12,0,0, LOWELL BLVD & W PIMLICO AVE,1,1,0,0,1,1,0,0,,0,0,0,0,0,4,2,16
,2023-05868,39.752374,-104.9918083,2/19/2023 2:52,2:52:00,15,0,1,20TH ST & LAWRENCE ST,1,3,0,7,1,4,0,0,,0,0,0,0,1,4,2,16
,2023-05872,39.72953513,-105.0532161,2/13/2023 16:17,16:17:00,3,0,0,W 8TH AVE & N SHERIDAN BLVD,1,1,0,0,1,1,0,0,,0,0,0,0,0,2,2,16
,2023-05877,39.72037491,-105.048574,2/15/2023 16:00,16:00:00,6,0,0, WOLFF ST & W 2ND AVE,4,1,1,2,4,4,0,0,,0,0,0,0,0,4,2,16
,2023-05879,39.76199393,-104.9656074,2/18/2023 21:27,21:27:00,10,0,0,E MARTIN LUTHER KING JR BLVD & N WILLIAMS ST,1,3,0,0,1,1,0,0,35,0,0,0,0,0,4,2,11
,2023-05880,39.68291492,-104.9405317,1/25/2023 10:30,10:30:00,15,0,0,I-25 & S COLORADO BLVD,14,1,0,7,1,4,0,0,,0,0,0,0,0,1,2,16
,2023-05881,39.75032508,-104.9977268,1/26/2023 0:22,0:22:00,6,0,0,1661 MARKET ST,1,3,0,0,1,4,0,0,25,0,0,0,0,0,4,3,1
,2023-05883,39.67475815,-104.870816,2/14/2023 18:31,18:31:00,1,0,0,E ILIFF AVE & S PARKER RD,1,3,0,0,1,1,0,0,35,0,0,0,0,0,2,2,7
,2023-05886,39.67570279,-105.0532644,1/12/2023 0:30,0:30:00,12,0,0, SHERIDAN BLVD & W WARREN AVE,1,3,0,0,1,3,0,0,40,0,0,0,0,0,2,2,16
,2023-05888,39.72674287,-105.0138212,2/19/2023 12:00,12:00:00,12,0,0,I-25 & W 6TH AVE,1,1,0,0,1,4,0,0,55,0,0,0,0,0,1,2,13
,2023-05889,39.78002593,-104.9891611,2/4/2023 11:11,11:11:00,5,0,0,I-25 & I-70 (APPROX),1,1,0,0,3,4,0,0,60,0,0,0,0,0,1,1,16
,2023-05891,39.7415095,-105.0315023,2/9/2023 13:56,13:56:00,10,0,0, JULIAN ST & W CONEJOS PL,1,1,0,0,1,1,0,0,25,0,0,0,0,1,4,2,13
,2023-05901,39.7844313,-104.7649006,2/15/2023 16:15,16:15:00,3,0,0,E 48TH PL & N ARGONNE ST,9,1,0,2,1,1,0,0,,0,0,0,0,0,4,2,16