id,drcog_id,latitude,longitude,crashtime,time,crashtype,numbkilled,numbinjurd,drcoglocat,rdconditin,lightngcon,roadcntgrd,weatherco,location,roaddescrp,schoolzone,constrzone,splimit,bikeinv,pedinv,sctrinv,motoinv,svrty,rdsystem,ttlvehcls,hcf
,2023-05904,39.78009399,-104.9895613,2/4/2023 13:00,13:00:00,15,0,0,I-25 SB OFF RAMP & I-70 EB,1,1,0,0,1,8,0,0,45,0,0,0,0,0,1,2,11
,2023-05905,39.77665711,-104.8470268,1/25/2023 13:48,13:48:00,3,0,0, PEORIA ST & E 44TH AVE,1,1,0,0,1,1,0,0,,0,0,0,0,0,4,2,16
,2023-05911,39.7400416,-104.9835907,2/13/2023 15:34,15:34:00,10,0,0,E COLFAX AVE & N GRANT ST,1,1,0,0,1,1,0,0,30,0,0,0,0,0,2,2,16
,2023-05913,39.65335623,-105.0532067,2/16/2023 8:45,8:45:00,12,0,0, SHERIDAN BLVD & W HAMPDEN AVE WB RAMPS,1,1,1,0,1,3,0,0,,0,0,0,0,0,2,2,16
,2023-05915,39.77728997,-104.8829756,2/7/2023 16:25,16:25:00,15,0,0,I-70 & N CENTRAL PARK BLVD WB ON RAMP GORE PT,1,1,0,0,1,4,0,0,55,0,0,0,0,0,1,2,13
,2023-05917,39.67847075,-104.9239107,2/14/2023 14:50,14:50:00,1,0,0,E EVANS AVE & S HUDSON ST,1,1,0,0,1,1,0,0,30,0,0,0,0,0,4,2,11
,2023-05935,39.70140206,-104.9873767,2/5/2023 20:01,20:01:00,15,0,0,I-25 & S BROADWAY,14,5,3,7,1,4,0,0,55,0,0,0,0,0,4,2,1
,2023-05936,39.75040199,-104.9941354,2/8/2023 9:30,9:30:00,15,0,0,LAWRENCE ST & 18TH ST,1,1,0,0,1,3,0,0,,0,0,0,0,0,4,2,16
,2023-05940,39.78002593,-104.9891611,2/5/2023 20:31,20:31:00,12,0,0,I-70 & I-25,1,3,1,0,1,4,0,0,,0,0,0,0,0,1,2,16
,2023-05942,39.82389619,-104.7851718,1/25/2023 17:12,17:12:00,15,0,0,PENA BLVD & TOWER RD,1,1,0,0,1,4,0,0,65,0,0,0,0,0,4,2,13
,2023-05943,39.73696384,-104.959784,1/18/2023 12:04,12:04:00,6,0,0, YORK ST & E 13TH AVE,4,1,0,2,1,4,0,0,,0,0,0,0,0,4,2,16
,2023-05944,39.74011553,-104.9861474,1/28/2023 13:35,13:35:00,12,1,0,E COLFAX AVE & N LINCOLN ST,1,1,1,0,1,3,0,0,35,0,0,0,0,4,2,2,10
,2023-05946,39.76202209,-105.0119954,2/1/2023 13:25,13:25:00,5,0,0,2103 W 32ND AVE ALLEY,1,1,0,0,3,9,0,0,,0,0,0,0,0,4,1,16
,2023-05947,39.75026055,-104.9890932,2/18/2023 21:48,21:48:00,6,0,0,CHAMPA ST & 20TH ST,1,3,0,0,1,4,0,0,30,0,0,0,0,0,4,3,14
,2023-05948,39.68033671,-104.9875714,2/19/2023 8:52,8:52:00,3,0,0, BROADWAY ST & W ASBURY AVE,1,1,0,0,1,1,0,0,25,0,0,0,0,0,4,2,11
,2023-05952,39.73999865,-104.9782212,1/26/2023 15:30,15:30:00,12,0,0,E COLFAX AVE & N WASHINGTON ST,1,1,0,0,1,4,0,0,35,0,0,0,0,0,2,2,1
,2023-05957,39.73681222,-104.9647738,2/19/2023 16:25,16:25:00,11,0,1, HIGH ST & E 13TH AVE,1,1,0,0,1,1,0,0,25,0,1,0,0,2,4,1,16
,2023-06016,39.79764461,-104.8405075,2/13/2023 7:23,7:23:00,6,0,0,E RANDOLPH PL & N SCRANTON ST,4,1,0,0,1,4,0,0,25,0,0,0,0,0,4,2,16
,2023-06034,39.76180398,-105.003252,2/12/2023 2:11,2:11:00,12,0,1,I-25 & 20TH ST,1,3,0,0,1,8,0,0,55,0,0,0,0,1,1,4,13
,2023-06166,39.75901729,-104.9876763,1/30/2023 3:00,3:00:00,5,0,0,BROADWAY & BLAKE ST,4,3,1,0,3,4,0,0,30,0,0,0,0,0,4,1,3
,2023-06178,39.69118403,-104.9593442,2/20/2023 19:24,19:24:00,12,0,0, UNIVERSITY BLVD & E ARKANSAS AVE,1,3,0,0,1,3,0,0,30,0,0,0,0,0,4,2,7
,2023-06180,39.72930276,-105.019866,2/20/2023 11:51,11:51:00,5,0,0, CANOSA CT & W 8TH AVE,1,1,0,0,3,1,0,0,30,0,0,0,0,0,4,1,13
,2023-06189,39.76118693,-105.0047616,2/20/2023 10:40,10:40:00,12,0,2,I-25 & 20TH ST,1,1,0,0,1,4,0,0,55,0,0,0,0,1,1,3,10
,2023-06190,39.71115559,-104.985481,2/20/2023 17:20,17:20:00,5,0,0,E ALAMEDA AVE & S SHERMAN ST,1,1,0,0,3,3,0,0,30,0,0,0,0,0,4,1,10
,2023-06192,39.74008657,-104.9051413,1/3/2023 11:32,11:32:00,16,0,0,7100 E COLFAX AVE,7,1,0,0,5,7,0,0,,0,0,0,0,0,3,2,7
,2023-06204,39.78773066,-105.0252206,2/10/2023 22:04,22:04:00,3,0,0, FEDERAL BLVD & W 50TH AVE,1,3,0,0,1,2,0,0,45,0,0,0,0,0,2,2,16
,2023-06212,39.77789529,-104.8915834,2/20/2023 6:21,6:21:00,5,0,0,I-70 & I-270,1,2,0,0,2,13,0,0,55,0,0,0,0,0,1,1,1
,2023-06224,39.75707176,-105.0103876,2/20/2023 12:23,12:23:00,15,0,1,I-25 & SPEER BLVD,1,1,0,0,1,4,0,0,55,0,0,0,0,1,1,3,1
,2023-06226,39.68228019,-105.0250196,2/20/2023 16:46,16:46:00,1,0,0, FEDERAL BLVD & W JEWELL AVE,1,1,0,0,1,1,0,0,40,0,0,0,0,0,2,3,11
,2023-06227,39.70386412,-104.9651901,2/14/2023 15:38,15:38:00,6,0,0,E EXPOSITION AVE & S HIGH ST,1,1,0,0,1,4,0,0,25,0,0,0,0,0,4,2,16
,2023-06228,39.65276985,-104.9180879,2/15/2023 5:03,5:03:00,12,0,0,I-25 & E HAMPDEN AVE,9,2,0,2,1,4,0,0,65,0,0,0,0,0,1,2,16
,2023-06230,39.74046619,-105.0154605,2/20/2023 10:45,10:45:00,3,0,2,W COLFAX AVE & I-25 SB RAMP,1,1,0,0,1,1,0,0,40,0,0,0,0,2,2,2,13
,2023-06236,39.70331096,-104.9913227,2/15/2023 19:14,19:14:00,12,0,1,I-25 & S BROADWAY,9,3,0,2,1,4,0,0,55,0,0,0,0,1,1,3,13
,2023-06240,39.76100841,-105.003858,2/15/2023 1:13,1:13:00,5,0,0,I-25 ON RAMP & 20TH ST,9,3,1,2,6,8,0,0,35,0,0,0,0,0,4,1,16
,2023-06245,39.70286531,-104.9127249,2/14/2023 18:27,18:27:00,15,0,0,E LEETSDALE DR & S MONACO ST PKWY,1,3,1,0,1,3,0,0,35,0,0,0,0,0,2,2,8
,2023-06246,39.78000861,-104.9791794,2/11/2023 1:45,1:45:00,1,0,0, WASHINGTON ST & I-70 WB RAMPS,1,3,0,0,1,1,0,0,45,0,0,0,0,0,4,2,16
,2023-06248,39.67842575,-104.9336095,2/20/2023 12:10,12:10:00,12,0,2,I-25 & E EVANS AVE,1,1,1,0,1,4,0,0,55,0,0,0,0,1,1,2,10
,2023-06252,39.77888049,-104.9054835,2/18/2023 18:25,18:25:00,5,0,1,I-70 WB ON RAMP FROM QUEBEC ST & E 45TH N DR N RAMP SPLIT,1,4,1,0,3,8,0,0,35,0,0,0,0,2,1,1,13
,2023-06254,39.77581652,-104.8658702,2/20/2023 7:47,7:47:00,12,0,0,I-70 & N HAVANA ST,1,1,0,0,1,4,0,0,55,0,0,0,0,0,1,2,13
,2023-06261,39.70662841,-104.9965623,2/15/2023 13:50,13:50:00,15,0,0,I-25 & S SANTA FE DR,9,1,1,2,1,4,0,0,55,0,0,0,0,0,1,2,13
,2023-06267,39.67475217,-104.8753015,2/4/2023 14:03,14:03:00,12,0,0, DAYTON WAY & E ILIFF AVE,1,1,0,0,1,1,0,1,40,0,0,0,0,0,4,2,16
,2023-06290,39.69662305,-104.9128902,2/13/2023 12:00,12:00:00,1,0,0, MONACO ST & E MISSISSIPPI AVE,1,1,0,0,1,1,0,0,30,0,0,0,0,0,4,2,3
,2023-06305,39.70966007,-104.9687012,2/13/2023 4:26,4:26:00,6,0,0,383  FRANKLIN ST & E DAKOTA AVE,1,3,0,0,3,4,0,0,30,0,0,0,0,0,4,2,16
,2023-06328,39.74417822,-105.0088521,1/26/2023 18:27,18:27:00,10,0,0,7TH ST  & WALNUT ST ,1,3,0,0,1,4,0,0,30,0,0,0,0,0,4,2,8
,2023-06379,39.72517075,-104.9425431,2/18/2023 21:00,21:00:00,6,0,0, JACKSON ST & E 6TH AVE,1,3,0,0,1,4,0,0,25,0,0,0,0,0,4,2,13
,2023-06384,39.62413976,-104.8852548,2/21/2023 8:22,8:22:00,12,0,0, YOSEMITE ST & E BELLEVIEW AVE,1,1,0,0,1,1,0,0,35,0,0,0,0,0,4,2,11
,2023-06385,39.70432519,-105.0473283,2/16/2023 8:31,8:31:00,3,0,0,W EXPOSITION AVE & S VRAIN ST,9,1,1,0,1,2,0,0,25,0,0,0,0,0,4,2,16
,2023-06386,39.72551657,-105.0131329,2/21/2023 10:13,10:13:00,12,0,0,I-25 OFF RAMP TO WB W 6TH AVE,1,1,0,0,1,8,0,0,55,0,0,0,0,0,1,3,10
,2023-06388,39.75520949,-104.9873871,2/7/2023 14:05,14:05:00,15,0,0, BROADWAY ST & LAWRENCE ST,1,1,0,0,1,4,0,0,35,0,0,0,0,0,4,2,1
,2023-06389,39.78422126,-105.0251926,1/12/2023 9:30,9:30:00,15,0,0,I-70 & N FEDERAL BLVD,1,1,0,0,1,4,0,0,,0,0,0,0,0,1,2,16
,2023-06393,39.68536174,-104.9734224,2/16/2023 7:42,7:42:00,8,0,0, DOWNING ST & E MEXICO AVE,10,1,0,0,1,4,0,0,30,0,0,0,0,1,4,2,10
,2023-06397,39.77387881,-104.8237533,2/19/2023 15:32,15:32:00,6,0,0, DURHAM CT & E 43RD AVE,1,1,0,6,1,4,0,0,25,0,0,0,0,0,4,2,1
,2023-06398,39.77843681,-104.9792459,2/16/2023 13:59,13:59:00,15,0,0, WASHINGTON ST & E 45TH AVE,1,1,0,0,1,3,0,0,30,0,0,0,0,0,4,2,13
,2023-06400,39.71568254,-104.9875108,2/19/2023 14:05,14:05:00,10,0,0, BROADWAY ST & W ARCHER PL,1,1,0,0,1,1,0,0,30,0,0,0,0,0,4,2,13
,2023-06401,39.75478989,-104.9780487,1/8/2023 1:20,1:20:00,12,0,0,27TH ST & WELTON ST,4,3,0,0,1,3,0,0,30,0,0,0,0,0,4,2,16
,2023-06407,39.77989845,-104.9541302,2/18/2023 20:00,20:00:00,6,0,0, CLAYTON ST & E 46TH AVE,1,4,0,0,1,4,0,0,25,0,0,0,0,0,4,2,3
,2023-06409,39.74994397,-105.0171544,2/20/2023 17:19,17:19:00,12,0,0,I-25 & W 23RD AVE,1,1,0,0,1,4,0,0,55,0,0,0,0,0,1,3,11
,2023-06410,39.67866108,-105.0199513,2/16/2023 10:52,10:52:00,12,0,0,W EVANS AVE & S CLAY ST,7,1,0,0,1,4,0,0,35,0,0,0,0,0,4,2,16
,2023-06411,39.73834919,-104.9469861,2/15/2023 23:35,23:35:00,6,0,0,E 14TH AVE & COOK ST,9,3,1,2,1,4,0,0,30,0,0,0,0,0,4,2,16
,2023-06412,39.67077553,-104.8660462,2/16/2023 16:22,16:22:00,10,0,1, HAVANA ST & S PARKER RD,11,1,0,0,1,8,0,0,45,0,0,0,0,1,2,2,13
,2023-06413,39.79838588,-104.7859593,2/20/2023 15:35,15:35:00,12,0,0,E 56TH AVE & PENA BLVD INBOUND,1,1,0,6,1,4,0,0,40,0,0,0,0,0,4,2,3
,2023-06414,39.7840446,-104.9891412,2/21/2023 14:07,14:07:00,15,0,0,I-25 & W 48TH AVE,1,1,0,0,1,4,0,0,55,0,0,0,0,0,1,3,10
,2023-06415,39.74256167,-104.9406094,2/10/2023 18:28,18:28:00,5,0,0, COLORADO BLVD & E BATAVIA PL,14,5,3,7,6,3,0,0,35,0,0,0,0,0,2,1,13
,2023-06417,39.77951715,-104.9891636,2/21/2023 12:47,12:47:00,9,0,1,I-25 & I-70,1,1,0,0,1,4,0,0,55,0,0,0,1,1,1,1,7
,2023-06418,39.79462133,-104.7348421,2/16/2023 17:23,17:23:00,14,0,0,E 54TH AVE & N PERTH CT,1,1,0,0,1,3,0,0,20,0,0,0,0,0,4,2,16
,2023-06424,39.68228019,-105.0250196,1/14/2023 2:50,2:50:00,3,0,8, FEDERAL BLVD & W JEWELL AVE,1,3,0,0,1,1,0,0,40,0,0,0,0,3,2,2,1
,2023-06425,39.77124053,-104.9776543,2/21/2023 9:00,9:00:00,1,0,0, BRIGHTON BLVD & 36TH ST,1,1,0,0,1,1,0,0,35,0,0,0,0,0,4,2,11
,2023-06427,39.76446253,-104.9520427,2/21/2023 16:51,16:51:00,10,0,0,E BRUCE RANDOLPH AVE & N MILWAUKE ST,1,3,0,0,1,9,0,0,35,0,0,0,0,0,4,2,14
,2023-06430,39.7432629,-104.9835887,2/16/2023 7:29,7:29:00,3,0,0, GRANT ST & E 17TH AVE,1,1,0,0,1,1,0,0,30,0,0,0,0,0,4,2,2
,2023-06431,39.78014923,-104.7635095,1/31/2023 9:20,9:20:00,14,0,0,E 46TH AVE & N CEYLON ST,4,1,0,0,1,4,0,0,20,0,0,0,0,0,4,2,16
,2023-06432,39.7777069,-104.9036841,2/21/2023 19:00,19:00:00,10,0,0, NORTHFIELD QUEBEC ST & I-70 EB RAMPS,1,3,1,0,1,1,0,0,40,0,0,0,0,0,2,2,14
,2023-06436,39.63416168,-104.9067302,2/17/2023 11:32,11:32:00,15,0,0,I-25 & I-225 EB FLYOVER,1,1,0,0,1,4,0,0,60,0,0,0,0,0,1,2,16
,2023-06437,39.6270133,-104.9033,2/17/2023 11:57,11:57:00,15,0,0,I-25 & E BELLEVIEW AVE,1,1,0,0,1,4,0,0,60,0,0,0,0,0,1,2,16
,2023-06439,39.75938236,-104.9733271,2/14/2023 15:14,15:14:00,12,0,0, DOWNING ST & CALIFORNIA ST,1,1,0,0,1,3,0,0,30,0,0,0,0,1,4,3,13
,2023-06440,39.73203984,-104.9833257,2/18/2023 10:18,10:18:00,3,0,0,E 10TH AVE & N GRANT ST,1,1,0,0,1,9,0,0,25,0,0,0,0,0,4,5,11
,2023-06443,39.67802346,-104.9363278,2/17/2023 13:03,13:03:00,15,0,0, BIRCH ST & E EVANS AVE,1,1,0,0,1,4,0,0,25,0,0,0,0,0,4,2,11
,2023-06444,39.67845087,-104.9933097,2/16/2023 15:45,15:45:00,15,0,0,W EVANS AVE & S SANTA FE DR,1,1,0,0,1,1,0,0,30,0,0,0,0,0,2,2,3
,2023-06448,39.83340667,-104.7718786,2/16/2023 14:19,14:19:00,12,0,0, TOWER RD & PENA BLVD,1,1,0,0,1,1,0,0,40,0,0,0,0,0,4,2,3
,2023-06449,39.76111507,-105.0080779,2/16/2023 10:05,10:05:00,3,0,0,18TH ST & BOULDER ST,4,1,1,0,1,1,0,0,30,0,0,0,0,0,4,2,8
,2023-06451,39.74001055,-104.9899738,2/16/2023 8:00,8:00:00,12,0,0,W COLFAX AVE & N BANNOCK ST,7,1,0,0,1,4,0,0,30,0,0,0,0,0,2,2,16
,2023-06453,39.74960169,-105.0003506,2/17/2023 16:23,16:23:00,3,0,1,15TH ST & BLAKE ST,1,1,0,7,1,1,0,0,30,0,1,0,0,2,4,2,16
,2023-06454,39.72425135,-104.9522131,2/20/2023 11:22,11:22:00,6,0,0, MILWAUKEE ST & E 5TH AVE,1,4,0,0,1,4,0,0,25,0,0,0,0,0,4,2,16
,2023-06456,39.72349863,-105.0250226,2/16/2023 12:33,12:33:00,12,0,1, FEDERAL BLVD & W 5TH AVE,1,1,0,0,1,3,0,0,40,0,0,0,0,1,2,2,16
,2023-06458,39.79026476,-104.8097654,2/16/2023 9:34,9:34:00,3,0,0,E 53RD AVE & N CHAMBERS RD,11,1,0,0,1,1,0,0,40,0,0,0,0,0,4,2,1
,2023-06461,39.63499049,-104.8992857,2/20/2023 18:10,18:10:00,12,0,1,I-225 NB ON RAMP FROM SB -25 & S TAMARAC ST,1,3,1,0,1,8,0,0,55,0,0,0,0,1,1,2,13
,2023-06462,39.77288489,-104.9475407,2/21/2023 15:45,15:45:00,3,0,0, COOK ST & E 40TH AVE,1,1,1,0,1,1,0,0,25,0,0,0,0,0,4,2,10
,2023-06466,39.7186949,-105.0324724,1/8/2023 20:00,20:00:00,6,0,0, KNOX CT & W 1ST AVE,1,3,0,0,1,4,0,0,30,0,0,0,0,0,4,3,16
,2023-06470,39.6575119,-104.9000054,2/16/2023 11:52,11:52:00,3,0,1,E EASTMAN AVE & S TAMARAC DR,1,1,0,4,1,1,0,0,30,0,0,0,0,1,4,2,16
,2023-06473,39.71241444,-105.0110174,2/17/2023 23:07,23:07:00,5,0,0,1595 W  BYERS PL,1,3,0,0,3,4,0,0,25,0,0,0,0,0,4,1,12
,2023-06474,39.76730468,-104.8892194,2/17/2023 10:45,10:45:00,3,0,0, WABASH ST & E 36TH AVE,1,1,0,0,1,1,0,0,25,0,0,0,0,0,4,2,11
,2023-06475,39.73044582,-105.0155651,2/20/2023 16:28,16:28:00,12,0,0,I-25 SB ON RAMP & ZUNI ST (8TH AVE),1,1,1,0,1,8,0,0,55,0,0,0,0,0,1,2,3
,2023-06476,39.66313059,-105.0349484,2/15/2023 8:50,8:50:00,6,0,0, LOWELL BLVD & W AMHERST AVE,9,1,1,2,1,4,0,0,30,0,0,0,0,0,4,2,3
,2023-06479,39.78073897,-105.0095699,2/20/2023 7:19,7:19:00,6,0,0, SHOSHONE ST & W 46TH AVE,1,1,0,0,1,4,0,0,25,0,0,0,0,0,4,3,16
,2023-06481,39.72893609,-104.9905828,2/17/2023 12:50,12:50:00,3,0,0, SPEER BLVD & W 8TH AVE,1,1,0,0,1,1,0,0,30,0,0,0,0,0,4,2,13
,2023-06482,39.65317022,-104.9160525,2/17/2023 10:52,10:52:00,15,0,0,E HAMPDEN AVE & S LOCUST ST,1,1,0,0,1,4,0,0,35,0,0,0,0,0,2,2,11
,2023-06483,39.71276342,-104.9803884,2/3/2023 15:50,15:50:00,6,0,0, PEARL ST & E CEDAR AVE,1,2,0,0,6,4,0,0,25,0,0,0,0,0,4,2,16
,2023-06487,39.77740039,-104.9892114,2/21/2023 12:50,12:50:00,15,0,1,I-25 & W 44TH AVE,1,1,0,0,1,4,0,0,55,0,0,0,0,1,1,2,16
,2023-06490,39.71526257,-104.9875176,2/17/2023 12:30,12:30:00,12,0,0, BROADWAY ST & W ARCHER PL,1,1,0,0,1,4,0,0,30,0,0,0,0,0,4,2,13
,2023-06491,39.7344389,-104.9695046,2/17/2023 10:01,10:01:00,6,0,0,1100  HUMBOLDT ST,1,1,0,0,1,4,0,0,25,0,0,0,0,0,4,2,16
,2023-06492,39.83112608,-104.7718822,1/20/2023 15:05,15:05:00,15,0,0, TOWER RD,1,1,0,0,2,4,0,0,65,0,0,0,0,0,4,2,11
,2023-06493,39.75482108,-105.017784,2/21/2023 14:17,14:17:00,1,0,0,W 26TH AVE & N ALCOTT ST,1,1,0,0,1,1,0,0,30,0,0,0,0,1,4,2,13
,2023-06494,39.68910205,-104.9919833,2/16/2023 11:15,11:15:00,12,0,0, SANTA FE DR & W FLORIDA AVE,1,1,0,0,1,3,0,0,40,0,0,0,0,0,2,2,16
,2023-06495,39.71656133,-104.986247,2/14/2023 17:00,17:00:00,10,0,0, LINCOLN ST & E ELLSWORTH AVE,1,1,0,0,1,1,0,0,,0,0,0,0,0,4,2,16
,2023-06499,39.7618276,-104.91242,2/16/2023 12:00,12:00:00,12,0,0,E MLK BLVD & N MONACO ST,1,1,0,0,1,1,0,0,35,0,0,0,0,0,4,5,16
,2023-06501,39.74591437,-104.9861192,2/16/2023 15:28,15:28:00,6,0,0,LINCOLN ST & E 19TH AVE,11,1,0,0,1,4,0,0,30,0,0,0,0,0,4,2,13
,2023-06505,39.77402261,-104.8472303,2/20/2023 14:54,14:54:00,12,0,0,I-70 & N PEORIA ST,1,1,0,0,1,4,0,0,55,0,0,0,0,0,1,2,11
,2023-06506,39.75485484,-105.0519858,1/22/2023 6:27,6:27:00,6,0,1,W 26TH AVE & N ZENOBIA ST,1,2,0,0,1,4,0,0,25,0,0,0,0,1,4,3,13
,2023-06509,39.71748962,-105.0532832,2/21/2023 9:38,9:38:00,8,0,0, SHERIDAN BLVD & W 1ST AVE,1,1,1,0,6,4,0,0,35,0,0,0,0,0,2,3,16
,2023-06510,39.77625382,-104.9222924,2/17/2023 15:25,15:25:00,12,0,0, HOLLY ST & E 42ND AVE,1,1,0,0,1,4,0,0,30,0,0,0,0,0,4,3,13
,2023-06512,39.78912842,-104.7344352,2/17/2023 8:40,8:40:00,3,0,1,E 51ST PL & N PICADILLY RD,1,1,0,0,1,1,0,0,25,0,0,0,0,2,4,2,11
,2023-06514,39.77489482,-104.8475395,2/21/2023 10:00,10:00:00,12,0,0,I-70 WB ON RAMP & N PEORIA ST,1,1,0,0,1,8,0,0,40,0,0,0,0,0,1,2,16
,2023-06518,39.7437585,-104.9407925,2/20/2023 18:34,18:34:00,1,0,0,E 17TH AVE & N COLORADO BLVD,1,3,0,0,1,1,0,0,35,0,0,0,0,0,2,2,14
,2023-06519,39.77289766,-104.95918,2/16/2023 8:27,8:27:00,12,0,0,E 40TH AVE & N YORK ST,5,1,0,0,1,3,0,0,35,0,0,0,0,0,4,2,3
,2023-06520,39.7689225,-105.0509174,2/19/2023 15:09,15:09:00,6,0,0, YATES ST & W 38TH AVE,1,1,0,0,1,4,0,0,25,0,0,0,0,1,4,2,10
,2023-06527,39.78364069,-104.7648971,2/21/2023 13:05,13:05:00,3,0,0, ARGONNE ST & E GREEN VALLEY RANCH BLVD,1,1,0,0,1,1,0,0,35,0,0,0,0,0,4,2,16
,2023-06528,39.70028255,-104.9272668,2/21/2023 11:52,11:52:00,1,0,1,E CHERRY CREEK  DR & E KENTUCKY AVE,1,1,0,4,1,1,0,0,35,0,0,0,0,1,4,2,11
,2023-06534,39.69871446,-105.0425747,2/21/2023 7:04,7:04:00,6,0,0, RALEIGH ST & W TENNESSEE AVE,1,1,1,0,1,3,0,0,25,0,0,0,0,0,4,2,16
,2023-06537,39.76572418,-105.0497136,2/20/2023 7:15,7:15:00,6,0,0,W 35TH AVE & N XAVIER ST,1,1,0,0,1,4,0,0,25,0,0,0,0,0,4,2,16
,2023-06539,39.77609855,-104.8691444,2/21/2023 13:42,13:42:00,12,0,4,I-70 & N HAVANA ST,1,1,0,0,1,4,0,0,55,0,0,0,0,1,1,4,16
,2023-06540,39.71129505,-104.9984378,2/18/2023 12:31,12:31:00,12,0,1, KALAMATH ST & W ALAMEDA AVE,1,1,0,0,1,3,0,0,35,0,0,0,0,1,2,2,1
,2023-06542,39.75082989,-104.9970785,2/19/2023 9:44,9:44:00,10,0,0,17TH ST & MARKET ST,1,1,0,0,1,1,0,1,,0,0,0,0,0,4,2,16
,2023-06544,39.76184378,-104.9222916,2/16/2023 12:10,12:10:00,3,0,0, HOLLY ST & E MLK JR BLVD,7,1,0,0,1,1,0,0,35,0,0,0,0,0,4,2,13
,2023-06547,39.75575778,-104.9889473,2/17/2023 15:45,15:45:00,10,0,0,PARK AVE W & LARIMER ST,1,1,0,0,1,1,0,0,30,0,0,0,0,0,4,2,8
,2023-06549,39.72629136,-105.0299911,2/16/2023 11:30,11:30:00,12,0,2,W 6TH AVE & N IRVING ST,1,1,1,0,1,4,0,0,30,0,0,0,0,1,4,2,13
,2023-06550,39.7507149,-104.9733577,2/14/2023 9:47,9:47:00,6,0,0, DOWNING ST & E 23RD AVE,1,1,0,0,1,4,0,0,30,0,0,0,0,0,4,2,12
,2023-06553,39.76813437,-104.9584193,1/20/2023 14:40,14:40:00,6,0,0,E 37TH AVE & N JOSEPHINE ST,9,1,0,0,1,4,0,0,,0,0,0,0,0,4,2,9
,2023-06560,39.72932157,-105.0148112,2/21/2023 12:53,12:53:00,15,0,0,I-25 & W MULBERRY PL NB ON RAMP MERGE PT,1,1,0,0,1,4,0,0,55,0,0,0,0,0,1,2,11
,2023-06562,39.769399,-105.0297486,2/19/2023 7:18,7:18:00,1,0,0,W 38TH AVE & N IRVING ST,1,1,0,0,1,3,0,0,35,0,0,0,0,0,4,2,11
,2023-06563,39.7289305,-104.9905653,2/20/2023 20:11,20:11:00,10,0,0,W 8TH AVE & N SPEER BLVD,1,3,0,0,1,1,0,0,30,0,0,0,0,0,4,2,13
,2023-06565,39.78707717,-104.8394463,2/15/2023 2:54,2:54:00,6,0,0,E 50TH AVE & N TITAN CT,9,3,0,2,4,1,0,0,25,0,0,0,0,0,4,2,16
,2023-06567,39.75456797,-104.992248,2/16/2023 8:00,8:00:00,15,0,0,MARKET ST & 21ST ST,7,1,0,0,1,1,0,0,25,0,0,0,0,0,4,2,16
,2023-06623,39.6912924,-105.0250484,1/13/2023 14:47,14:47:00,3,0,0, FEDERAL BLVD & W ARKANSAS AVE,1,1,0,0,1,1,0,0,35,0,0,0,0,0,2,2,16
,2023-06624,39.77656543,-105.0439722,2/10/2023 21:31,21:31:00,3,0,0, TENNYSON ST & W 44TH AVE,1,3,0,7,1,1,0,0,25,0,0,0,0,0,4,2,16
,2023-06687,39.75491744,-105.0158567,2/21/2023 10:25,10:25:00,15,0,0, ZUNI ST & W 26TH AVE,1,1,0,0,1,3,0,0,30,0,0,0,0,0,4,2,1
,2023-06689,39.74481527,-104.969676,2/10/2023 19:30,19:30:00,3,0,0, HUMBOLDT ST & E 18TH AVE,1,3,0,0,1,1,0,0,,0,0,0,0,0,4,2,16
,2023-06702,39.79025567,-104.809754,2/22/2023 18:04,18:04:00,1,0,0, CHAMBERS RD & E 53RD AVE,9,2,0,2,1,1,0,0,40,0,0,0,0,0,4,2,10
,2023-06707,39.75385487,-104.9792678,2/19/2023 10:12,10:12:00,12,0,0,WELTON ST & 26TH ST,1,1,0,0,1,4,0,0,25,0,0,0,0,0,4,2,13
,2023-06708,39.74679279,-104.9918807,2/21/2023 16:34,16:34:00,15,0,0,17TH ST & STOUT ST,1,1,3,0,1,3,0,0,25,0,0,0,0,0,4,2,16
,2023-06709,39.69268798,-104.9769381,2/21/2023 19:45,19:45:00,8,0,0, EMERSON ST & E BUCHTEL BL,1,3,0,0,1,1,0,0,25,0,0,0,0,0,4,2,13
,2023-06711,39.73303612,-105.0532213,2/22/2023 17:15,17:15:00,12,0,0, SHERIDAN BLVD & W 10TH AVE,4,2,0,2,1,4,0,0,40,0,0,0,0,0,2,2,16
,2023-06713,39.67852688,-104.9757633,2/21/2023 11:45,11:45:00,12,0,0,E EVANS AVE & S OGDEN ST,1,1,0,0,1,1,0,0,30,0,0,0,0,0,4,3,3
,2023-06715,39.72561036,-104.9773452,2/22/2023 16:16,16:16:00,15,0,0,E 6TH AVE & N CLARKSON ST,7,1,0,2,1,4,0,0,30,0,0,0,0,0,4,2,13
,2023-06717,39.7374653,-104.8846655,2/22/2023 7:37,7:37:00,15,0,0, YOSEMITE ST & E 13TH AVE,5,1,0,2,1,4,0,0,30,0,0,0,0,0,4,2,11
,2023-06723,39.74036955,-105.0226639,2/22/2023 8:22,8:22:00,5,0,0,W COLFAX AVE & N ELIOT ST,4,1,0,2,3,4,0,0,30,0,0,0,0,0,2,1,14
,2023-06724,39.63425913,-104.9013869,2/22/2023 9:07,9:07:00,5,0,0,I-225 & S QUEBEC ST UNDERPASS,4,1,1,2,3,8,0,0,65,0,0,0,0,0,1,1,14