id,drcog_id,latitude,longitude,crashtime,time,crashtype,numbkilled,numbinjurd,drcoglocat,rdconditin,lightngcon,roadcntgrd,weatherco,location,roaddescrp,schoolzone,constrzone,splimit,bikeinv,pedinv,sctrinv,motoinv,svrty,rdsystem,ttlvehcls,hcf
,2023-07959,39.77298987,-105.001746,2/28/2023 23:26,23:26:00,5,0,0,W 41ST AVE & N LIPAN ST,1,3,0,0,2,3,0,0,25,0,0,0,0,0,4,1,3
,2023-07960,39.62555524,-104.9024193,3/1/2023 18:03,18:03:00,12,0,0,I-25 & E BELLEVIEW AVE,1,2,0,0,1,4,0,0,,0,0,0,0,0,1,2,16
,2023-07962,39.74021586,-104.9046183,2/6/2023 16:00,16:00:00,3,0,0,E COLFAX AVE & N POPLAR ST,1,1,0,7,1,1,0,0,,0,0,0,0,0,2,2,16
,2023-07963,39.78056641,-104.9477483,3/1/2023 15:04,15:04:00,15,0,0,I-70 & N COOK ST,1,1,0,0,1,4,0,0,55,0,0,0,0,0,1,2,10
,2023-07964,39.71833382,-104.9739119,2/21/2023 15:28,15:28:00,3,0,0, CORONA ST & E SPEER BLVD,1,1,0,0,1,1,0,0,35,0,0,0,0,1,4,2,11
,2023-07965,39.73129374,-105.0532457,3/1/2023 6:45,6:45:00,3,0,0,W 9TH AVE & N SHERIDAN BLVD,1,1,0,0,1,1,0,0,25,0,0,0,0,0,2,2,11
,2023-07967,39.7400334,-104.9826746,1/24/2023 20:20,20:20:00,6,0,0,330 E COLFAX AVE & N LOGAN ST,4,3,0,0,1,4,0,0,,0,0,0,0,0,2,2,16
,2023-07968,39.76001331,-104.8905319,2/4/2023 19:10,19:10:00,3,0,0,E MLK BLVD & N CENTRAL PARK BLVD,1,3,0,0,1,1,0,0,35,0,0,0,0,0,4,2,14
,2023-07970,39.74653524,-105.007622,1/31/2023 23:00,23:00:00,15,0,0,9TH ST & AURARIA PKWY,1,3,0,0,1,1,0,0,,0,0,0,0,0,4,2,16
,2023-07971,39.67844973,-104.9337845,1/18/2023 19:56,19:56:00,15,0,0,I-25 & E EVANS AVE,8,3,1,0,1,4,0,0,,0,0,0,0,0,1,3,16
,2023-07972,39.7255062,-105.0405257,1/24/2023 14:50,14:50:00,15,0,0,E 6TH AVE & N QUITMAN,1,1,0,0,1,4,0,0,,0,0,0,0,0,2,2,16
,2023-07973,39.74115799,-104.9873904,2/3/2023 20:38,20:38:00,12,0,1, BROADWAY ST & CHEYENNE PL,1,3,0,0,1,4,0,0,35,0,0,0,0,1,4,2,16
,2023-07974,39.73848181,-105.0346091,2/25/2023 20:36,20:36:00,3,0,0,W 14TH AVE & N LOWELL BLVD,1,4,0,0,1,1,0,0,,0,0,0,0,0,4,2,16
,2023-07975,39.67842552,-104.9508283,2/20/2023 17:48,17:48:00,3,0,0,E EVANS AVE & S ST PAUL ST,1,1,0,0,1,1,0,0,25,0,0,0,0,0,4,2,16
,2023-07976,39.65297665,-104.918437,2/12/2023 20:00,20:00:00,12,0,0,E HAMPDEN AVE & I-25 SB OVERPASS,1,3,1,0,1,3,0,0,,0,0,0,0,0,2,2,16
,2023-07980,39.7983551,-104.7810437,2/8/2023 6:00,6:00:00,5,0,1,E 56TH AVE & N TELLURIDE ST,1,1,0,0,3,3,0,0,40,0,0,0,0,1,4,2,1
,2023-07981,39.78228495,-104.9000327,1/16/2023 23:17,23:17:00,5,1,0,I-270 & N QUEBEC ST,1,3,0,0,2,4,0,0,55,0,0,0,0,4,1,1,16
,2023-07982,39.74969626,-105.0283856,2/18/2023 3:40,3:40:00,6,0,0, HOOKER ST & W 22ND AVE,1,3,0,0,1,4,0,0,35,0,0,0,0,0,4,2,2
,2023-07983,39.78555093,-104.8830695,1/13/2023 21:03,21:03:00,12,0,0, CENTRAL PARK BLVD & N NORTHFIELD BLVD,1,3,0,0,1,3,0,0,,0,0,0,0,0,4,3,16
,2023-07985,39.78243209,-104.9985489,1/18/2023 19:40,19:40:00,12,0,1,I-70 & I-25 NB OFF RAMP GORE PT,4,4,1,2,1,4,0,0,55,0,0,0,0,1,1,2,1
,2023-07986,39.74008352,-104.8930624,1/27/2023 17:45,17:45:00,12,0,0,E COLFAX AVE & N UINTA ST,1,2,0,0,1,1,0,0,30,0,0,0,0,0,2,2,16
,2023-07989,39.72254489,-104.9863695,3/1/2023 16:49,16:49:00,3,0,0,E 4TH AVE & N LINCOLN ST,1,3,0,0,1,9,0,0,10,0,0,0,0,0,4,2,13
,2023-07991,39.6382851,-104.8948058,3/1/2023 16:19,16:19:00,1,0,0,E QUINCY AVE & S TAMARAC ST,1,1,0,0,1,1,0,0,35,0,0,0,0,0,4,2,7
,2023-07993,39.79831419,-104.884446,3/1/2023 16:02,16:02:00,14,0,0, CENTRAL PARK BLVD & E 56TH AVE,1,1,0,0,1,1,0,0,40,0,0,0,0,0,4,2,13
,2023-07999,39.7807705,-104.9498084,1/11/2023 16:16,16:16:00,15,0,0,STEELE ST & I-70 WB RAMPS,2,3,3,0,1,1,0,0,,0,0,0,0,0,2,2,16
,2023-08001,39.65303398,-104.9091113,2/9/2023 21:30,21:30:00,1,0,2,E HAMPDEN AVE & S ONEIDA WY,1,3,0,0,1,1,0,0,45,0,0,0,0,3,2,2,11
,2023-08003,39.6903655,-104.9128884,2/10/2023 16:00,16:00:00,15,0,0, MONACO ST & E CHERRY CREEK S DR,1,1,0,0,1,4,0,0,30,0,0,0,0,0,4,2,1
,2023-08005,39.75547007,-105.0126371,2/23/2023 2:20,2:20:00,5,0,0,I-25 & N SPEER BLVD,5,3,0,2,2,4,0,0,55,0,0,0,0,0,1,1,16
,2023-08007,39.73687627,-104.9717219,2/6/2023 13:42,13:42:00,6,0,0,E 13TH AVE & N MARION ST,1,1,0,0,1,4,0,0,,0,0,0,0,0,4,2,16
,2023-08009,39.79105594,-105.00998,2/5/2023 3:10,3:10:00,6,0,0,W 52ND AVE & N SHOSHONE ST,1,3,0,0,1,4,0,0,25,0,0,0,0,0,4,2,14
,2023-08010,39.76712029,-104.9940819,1/26/2023 22:45,22:45:00,12,0,0,I-25 ON RAMP FROM PARK AVE W,1,3,0,0,1,8,0,0,25,0,0,0,0,0,1,2,16
,2023-08011,39.77939326,-104.7979481,2/18/2023 9:45,9:45:00,6,0,0, MEMPHIS ST & E WARNER DR,1,1,0,0,1,4,0,0,,0,0,0,0,0,4,2,16
,2023-08012,39.77987382,-104.9736917,1/18/2023 21:08,21:08:00,15,0,0,I-70 & WB OFF RAMP GORE PT TO N WASHINGTON ST,5,3,3,2,1,8,0,0,,0,0,0,0,0,1,2,16
,2023-08013,39.75748507,-104.918764,2/6/2023 9:47,9:47:00,6,0,0, IVY ST E ALLEY & E 29TH AVE,1,1,0,0,1,9,0,0,,0,0,0,0,0,4,2,16
,2023-08015,39.73316475,-104.9586072,3/1/2023 8:40,8:40:00,12,0,0,JOSEPHINE ST & E 11TH AVE,1,1,0,0,1,4,0,0,15,0,0,0,0,0,4,2,11
,2023-08016,39.73113494,-105.0323925,2/20/2023 9:17,9:17:00,6,0,0,W 9TH AVE & N KNOX CT,1,1,0,0,1,4,0,0,25,0,0,0,0,0,4,3,1
,2023-08017,39.6531688,-104.9153405,3/1/2023 14:45,14:45:00,3,0,0, LOCUST ST & E HAMPDEN AVE,1,1,0,0,1,1,0,0,25,0,0,0,0,0,2,2,3
,2023-08018,39.68934857,-104.9696065,2/6/2023 10:45,10:45:00,12,0,0,E FLORIDA AVE & S PEARL ST,1,1,0,0,1,9,0,0,,0,0,0,0,0,4,2,3
,2023-08019,39.74378523,-104.9034668,3/1/2023 15:20,15:20:00,1,0,0,E 17TH AVE & N QUEBEC ST,1,1,0,0,1,1,0,0,25,0,0,0,0,0,4,2,13
,2023-08020,39.68217768,-105.0018278,2/15/2023 0:26,0:26:00,5,0,0,W JEWELL AVE & S PLATTE RIVER DR,9,3,0,2,4,1,0,0,40,0,0,0,0,0,4,1,1
,2023-08021,39.72551657,-105.0131329,2/27/2023 13:07,13:07:00,15,0,0,I-25 & W 6TH AVE (APPROX),1,1,0,0,1,4,0,0,55,0,0,0,0,0,1,3,1
,2023-08022,39.83061177,-104.7788991,2/14/2023 7:58,7:58:00,3,0,0,7000,1,1,0,0,1,2,0,0,65,0,0,0,0,0,4,2,1
,2023-08025,39.68946245,-105.0293232,3/1/2023 13:35,13:35:00,12,0,2,W FLORIDA AVE & S IRVING ST,1,1,0,0,1,1,0,0,,0,0,0,0,1,4,2,16
,2023-08026,39.7113026,-105.0408893,3/1/2023 0:54,0:54:00,5,0,1,W ALAMEDA AVE & S QUITMAN ST,1,3,0,0,3,4,0,0,45,0,0,0,0,2,2,1,16
,2023-08027,39.78015963,-105.011135,2/1/2023 16:20,16:20:00,3,0,0, TEJON ST & W 46TH AVE,1,1,0,0,1,1,0,0,25,0,0,0,0,0,4,2,13
,2023-08028,39.78171547,-104.7594842,2/13/2023 11:55,11:55:00,6,0,0,E ELK PL & N FLANDERS WAY,1,1,0,0,1,3,0,0,20,0,0,0,0,0,4,2,1
,2023-08030,39.7616586,-104.8987795,2/4/2023 2:50,2:50:00,5,0,0, SYRACUSE ST & E 32ND AVE,1,3,0,0,2,6,0,0,15,0,0,0,0,0,4,1,16
,2023-08031,39.77702704,-104.9571559,2/27/2023 17:00,17:00:00,6,0,0,4300  COLUMBINE ST,6,1,0,0,1,4,0,0,25,0,0,0,0,0,4,2,16
,2023-08032,39.74000963,-104.9718902,2/6/2023 21:00,21:00:00,3,0,1,E COLFAX AVE & N MARION ST,1,3,0,0,1,1,0,0,,0,0,0,1,2,2,2,16
,2023-08033,39.73298782,-104.8882248,3/1/2023 15:37,15:37:00,6,0,0,WILLOW ST & E 11TH AVE,1,1,0,0,1,4,0,0,25,0,0,0,0,0,4,2,13
,2023-08034,39.73998067,-104.9624215,2/4/2023 21:45,21:45:00,12,0,0,E COLFAX AVE & N VINE ST,1,3,0,0,1,4,0,0,35,0,0,0,0,0,2,2,7
,2023-08035,39.77484651,-104.8471202,2/27/2023 17:50,17:50:00,15,0,0, PEORIA ST & I-70 WB RAMPS,1,2,0,0,1,1,0,0,40,0,0,0,0,0,4,2,16
,2023-08036,39.77478082,-105.0509178,2/19/2023 15:50,15:50:00,6,0,0, YATES ST & W 43RD AVE,1,1,0,0,1,3,0,0,25,0,0,0,0,1,4,2,13
,2023-08038,39.78177963,-104.8404386,2/5/2023 16:46,16:46:00,6,0,0, TULSA CT & E 46TH AVE,1,1,0,0,1,4,0,0,25,0,0,0,0,0,4,2,16
,2023-08040,39.79832522,-104.8815386,1/4/2023 16:32,16:32:00,12,0,0,E 56TH AVE & E BEELER ST,1,2,0,0,1,4,0,0,40,0,0,0,0,0,4,2,1
,2023-08045,39.73801274,-105.0252737,3/1/2023 10:40,10:40:00,12,0,0, FEDERAL BLVD & W 14TH AVE,1,1,1,0,1,4,0,0,30,0,0,0,0,0,2,2,11
,2023-08046,39.68224872,-105.029789,2/22/2023 12:34,12:34:00,3,0,0, IRVING ST & W JEWELL AVE,10,1,0,2,1,3,0,0,,0,0,0,0,0,4,2,16
,2023-08049,39.70224002,-104.9862732,2/13/2023 20:50,20:50:00,15,0,0, LINCOLN ST & E OHIO AVE,1,3,0,0,1,4,0,0,30,0,0,0,0,0,4,2,1
,2023-08050,39.76305813,-104.8976048,2/28/2023 6:00,6:00:00,6,0,0,E 33RD AVE & N SPRUCE ST,1,1,0,0,1,1,0,0,25,0,0,0,0,0,4,2,16
,2023-08052,39.75388149,-104.9913742,2/11/2023 23:59,23:59:00,8,0,0,21ST ST & LARIMER ST,1,3,0,0,1,1,0,0,25,0,0,0,0,0,4,7,1
,2023-08053,39.79812746,-104.8384277,2/28/2023 8:50,8:50:00,12,0,0,E 56TH AVE & N TUCSON ST,1,1,0,0,1,4,0,1,40,0,0,0,0,0,4,2,16
,2023-08054,39.73840865,-104.9679729,3/1/2023 7:38,7:38:00,15,0,0,E 14TH AVE & N FRANKLIN ST,1,1,0,0,1,4,0,0,30,0,0,0,0,0,4,2,11
,2023-08055,39.71705946,-104.9037056,1/17/2023 12:15,12:15:00,3,0,0, QUEBEC ST & E LOWRY BLVD,1,1,0,0,1,1,0,0,30,0,0,0,0,0,4,2,16
,2023-08061,39.76928734,-105.0228953,2/10/2023 14:58,14:58:00,14,0,0,W 38TH AVE & N ELIOT ST,1,1,0,0,6,1,0,0,35,0,0,0,0,0,4,3,16
,2023-08062,39.72390023,-104.8841392,2/5/2023 17:56,17:56:00,5,0,0, YOSEMITE ST & E LOWRY BLVD,1,3,0,0,3,6,0,0,35,0,0,0,0,0,4,1,1
,2023-08063,39.70198736,-104.9593336,1/4/2023 17:27,17:27:00,12,0,0, UNIVERSITY BLVD & E OHIO AVE,1,3,0,0,1,3,0,0,30,0,0,0,0,0,4,2,16
,2023-08064,39.67856131,-104.9844927,2/8/2023 7:06,7:06:00,5,0,0,E EVANS AVE & S GRANT ST,1,1,1,0,6,4,0,0,35,0,0,0,0,0,4,1,16
,2023-08066,39.74458351,-104.9962448,1/29/2023 14:40,14:40:00,6,0,0,14TH ST & CHAMPA ST,9,1,0,2,1,4,0,0,30,0,0,0,0,0,4,2,13
,2023-08067,39.73687642,-104.9730198,2/18/2023 1:37,1:37:00,3,0,1,E 13TH AVE & N DOWNING ST,1,3,0,0,1,1,0,0,30,0,0,0,0,2,4,2,1
,2023-08068,39.77825453,-104.7721458,2/11/2023 23:48,23:48:00,5,0,0, TOWER RD & E 45TH AVE,1,3,0,0,3,4,0,0,,0,0,0,0,0,4,1,16
,2023-08069,39.72097838,-104.9407879,3/1/2023 17:33,17:33:00,12,0,0, COLORADO BLVD & E 3RD AVE,1,1,0,0,1,3,0,0,35,0,0,0,0,0,2,3,14
,2023-08070,39.68953895,-105.0532505,2/28/2023 15:15,15:15:00,3,0,0, SHERIDAN BLVD & W FLORIDA AVE,1,1,0,0,1,1,0,0,40,0,0,0,0,0,2,3,10
,2023-08071,39.65297532,-104.919803,3/1/2023 7:11,7:11:00,12,0,0,I-25 SB ON RAMP SLIP & E HAMPDEN AVE,1,1,3,0,1,8,0,0,40,0,0,0,0,0,2,2,14
,2023-08072,39.67846451,-104.9307233,3/1/2023 10:20,10:20:00,12,0,0,E EVANS AVE & S DAHLIA ST,1,1,0,0,1,4,0,0,35,0,0,0,0,0,4,2,14
,2023-08073,39.73526636,-104.9848574,3/1/2023 9:00,9:00:00,3,0,0, SHERMAN ST & E 12TH AVE,1,1,0,0,1,1,0,0,25,0,0,0,0,0,4,2,3
,2023-08074,39.71833382,-104.9739119,2/22/2023 19:30,19:30:00,3,0,0, CORONA ST & E SPEER BLVD,9,3,0,2,1,1,0,0,30,0,0,0,0,0,4,2,16
,2023-08076,39.74415733,-104.9861166,2/1/2023 17:59,17:59:00,12,0,0, LINCOLN ST & E 17TH AVE,1,3,0,0,1,4,0,0,30,0,0,0,0,0,4,2,16
,2023-08080,39.72566043,-105.015298,2/24/2023 2:37,2:37:00,5,0,0,I-25- SB OFF RAMP & I-25 NB,1,3,0,0,2,8,0,0,55,0,0,0,0,0,2,1,16
,2023-08095,39.76115751,-105.004755,2/24/2023 14:41,14:41:00,12,0,0,I-25 & 20TH ST,1,1,0,0,1,4,0,0,55,0,0,0,0,0,1,2,10
,2023-08096,39.74020316,-104.9998856,2/21/2023 16:33,16:33:00,12,0,2,W COLFAX AVE & N KALAMATH ST,1,1,0,0,1,3,0,0,30,0,0,0,0,1,2,3,8
,2023-08098,39.6492445,-105.0346255,2/23/2023 17:28,17:28:00,6,0,1, LOWELL BLVD & W KENYON AVE,1,1,1,0,1,4,0,0,30,0,0,0,0,2,4,2,16
,2023-08104,39.7831426,-105.0062286,2/24/2023 7:44,7:44:00,12,0,1,I-70 & N PECOS ST,1,1,1,0,1,4,0,0,55,0,0,0,0,1,1,3,16
,2023-08105,39.67477719,-104.9305053,2/16/2023 4:46,4:46:00,15,0,0,I-25 & E EVANS AVE NB OFF RAMP GORE PT,4,3,1,2,1,4,0,0,55,0,0,0,0,0,1,3,1
,2023-08110,39.76928711,-105.0114672,2/23/2023 12:09,12:09:00,15,0,1,W 38TH AVE & N TEJON ST,4,1,0,0,1,4,0,0,35,0,0,0,0,1,4,2,16
,2023-08112,39.71660454,-104.992168,2/23/2023 10:27,10:27:00,11,0,0, CHEROKEE ST & W ELLSWORTH AVE,7,1,0,0,1,1,0,0,30,0,1,0,0,0,4,1,16
,2023-08116,39.65308224,-104.8987343,2/26/2023 19:44,19:44:00,1,0,2,E HAMPDEN AVE & S TAMARAC DR,1,3,1,0,1,1,0,0,40,0,0,0,0,1,2,3,13
,2023-08117,39.7550706,-104.9881088,2/24/2023 22:52,22:52:00,3,0,0,LAWRENCE ST & PARK AVE W,1,3,0,0,1,1,0,0,30,0,0,0,0,0,4,2,16
,2023-08179,39.63118528,-104.8924172,3/2/2023 8:30,8:30:00,1,0,0, DTC BLVD & E UNION AVE,1,1,0,0,1,1,0,0,30,0,0,0,0,0,4,2,3
,2023-08184,39.68934727,-104.9306877,3/2/2023 16:00,16:00:00,12,0,0,E FLORIDA AVE & S EUDORA ST,1,2,0,0,1,4,0,0,30,0,0,0,0,0,4,2,13
,2023-08186,39.76182454,-104.9499259,3/2/2023 11:28,11:28:00,3,0,1,E MLK BLVD & N STEELE ST,1,1,0,0,1,1,0,0,30,0,0,0,0,3,4,2,16
,2023-08187,39.70634889,-105.0396907,3/1/2023 9:04,9:04:00,3,0,0, PERRY ST & MORRISON RD,1,1,0,0,1,1,0,0,25,0,0,0,0,0,4,2,13
,2023-08189,39.71120439,-104.9983795,3/2/2023 16:00,16:00:00,15,0,0,W ALAMEDA AVE & S KALAMATH ST,1,1,0,0,1,1,0,0,30,0,0,0,0,0,4,2,3
,2023-08190,39.65311017,-104.9228209,3/1/2023 18:08,18:08:00,1,0,0,E HAMPDEN AVE & S HOLLY ST,1,3,0,7,1,1,0,0,45,0,0,0,0,0,2,2,14
,2023-08192,39.74015243,-104.9973199,2/28/2023 10:49,10:49:00,10,0,1,W COLFAX AVE & WELTON ST,1,1,0,0,1,3,0,0,35,0,0,0,0,1,2,2,16
,2023-08193,39.77824533,-104.9222929,3/2/2023 17:55,17:55:00,15,0,2,I-70 & HOLLY ST,1,1,0,0,1,4,0,0,55,0,0,0,0,2,1,2,13
,2023-08195,39.73070874,-104.9034649,3/2/2023 10:30,10:30:00,12,0,0, QUEBEC ST & E 9TH AVE,1,1,0,0,1,1,0,0,,0,0,0,0,0,4,2,16
,2023-08196,39.73676501,-104.9150635,3/1/2023 17:37,17:37:00,6,0,0,E 13TH AVE & N LEDEN ST,1,1,0,0,1,1,0,0,30,0,0,0,0,0,4,2,13
,2023-08197,39.69298495,-104.9769313,3/1/2023 11:24,11:24:00,12,0,0, EMERSON ST & E LOUISIANA AVE,1,1,1,0,1,3,0,0,30,0,0,0,0,1,4,2,16
,2023-08199,39.62470612,-104.8897437,3/2/2023 7:51,7:51:00,12,0,1,DTC BLVD & E BELLEVIEW AVE,1,1,0,0,1,3,0,0,30,0,0,0,0,2,4,2,3
,2023-08200,39.74016194,-104.9542925,2/28/2023 6:50,6:50:00,6,0,1,E COLFAX AVE & N DETROIT ST,1,1,0,0,1,4,0,0,35,0,0,0,0,1,2,3,2
,2023-08203,39.68409673,-105.013956,2/6/2023 23:07,23:07:00,6,0,0, W COLORADO AVE & S WYANDOT ST,1,3,0,0,1,4,0,0,20,0,0,0,0,0,4,3,13
,2023-08204,39.72933842,-104.9775873,3/3/2023 13:10,13:10:00,6,0,0,CLARKSON ST & E 8TH AVE,1,1,0,0,1,4,0,0,25,0,0,0,0,0,4,3,13
,2023-08209,39.67475163,-104.8707969,3/2/2023 18:32,18:32:00,3,0,0, PARKER RD & E ILIFF AVE,1,3,0,0,1,1,0,0,35,0,0,0,0,0,2,2,1
,2023-08211,39.75482788,-105.02052,3/1/2023 22:23,22:23:00,10,0,0,W 26TH AVE & N CLAY ST,1,3,0,0,1,1,0,0,35,0,0,0,0,0,4,2,7
,2023-08214,39.75120121,-105.0236273,3/3/2023 12:09,12:09:00,3,0,0, ELIOT ST & W 23RD AVE,1,1,0,0,1,1,0,0,,0,0,0,0,0,4,2,16
,2023-08217,39.78197975,-104.9786062,3/2/2023 12:44,12:44:00,15,0,0,WASHINGTON ST & E 47TH AVE,1,1,0,0,1,4,0,0,35,0,0,0,0,0,4,2,13
,2023-08219,39.77773157,-104.9030857,3/2/2023 21:45,21:45:00,15,0,0,I-70 EB ON RAMP & N QUEBEC ST,1,3,0,0,1,8,0,0,55,0,0,0,0,0,1,2,16
,2023-08222,39.67513418,-104.9875745,3/3/2023 12:07,12:07:00,12,0,0,BROADWAY & ILIFF AVE,1,1,0,0,1,4,0,0,30,0,0,0,0,1,4,2,13
,2023-08223,39.72922902,-104.9359195,3/3/2023 13:08,13:08:00,12,0,0,E 8TH AVE & N BIRCH ST,1,1,0,0,1,3,0,0,30,0,0,0,0,0,4,3,3
,2023-08224,39.70933603,-105.0170661,3/3/2023 7:43,7:43:00,1,0,0,DAKOTA AVE & S ALCOTT ST,1,1,0,0,1,4,0,0,25,0,0,0,0,1,4,2,13
,2023-08226,39.76102897,-105.0144786,3/3/2023 7:06,7:06:00,6,0,0,WYANDOT ST & W 31ST ST,1,1,0,0,1,4,0,0,25,0,0,0,0,0,4,5,10
,2023-08227,39.65819703,-105.0459939,3/3/2023 13:22,13:22:00,12,0,0,W DARTMOUTH AVE & S VRAIN ST,1,1,0,0,1,4,0,0,30,0,0,0,0,1,4,2,13
,2023-08230,39.78376341,-104.9592663,3/2/2023 16:55,16:55:00,10,0,0,E 48TH AVE & N YORK ST,1,1,0,0,1,1,0,0,25,0,0,0,0,0,4,2,13
,2023-08233,39.67811175,-104.959393,3/2/2023 11:18,11:18:00,12,0,0, UNIVERSITY BLVD & E EVANS AVE,1,1,0,0,1,4,0,0,35,0,0,0,0,0,4,2,3
,2023-08234,39.68228019,-105.0250196,3/2/2023 18:24,18:24:00,1,0,1, FEDERAL BLVD & W JEWELL AVE,1,3,0,0,1,3,0,0,30,0,0,0,0,2,2,3,16
,2023-08236,39.78065121,-104.9410799,3/1/2023 13:40,13:40:00,15,0,0, COLORADO BLVD & E 46TH AVE N,1,1,0,0,1,1,0,0,40,0,0,0,0,0,2,2,16
,2023-08250,39.77666603,-104.8470268,3/2/2023 8:05,8:05:00,3,0,1,E 44TH AVE & N PEORIA ST,1,1,0,0,1,2,0,0,35,0,0,0,0,1,4,2,16
,2023-08251,39.77340494,-104.847028,3/2/2023 14:21,14:21:00,12,0,0, PEORIA ST & I-70,1,1,0,0,1,4,0,0,35,0,0,0,0,0,1,2,13
,2023-08252,39.6530494,-104.9036386,3/2/2023 17:36,17:36:00,1,0,0,E HAMPDEN AVE & S TAMARAC DT,1,3,0,0,1,1,0,0,35,0,0,0,0,0,2,2,13
,2023-08253,39.75290257,-104.9874147,3/2/2023 13:30,13:30:00,11,0,1, BROADWAY ST & CURTIS ST,1,1,0,0,1,1,0,0,,0,1,0,0,2,4,1,16
,2023-08254,39.67845929,-104.9105065,3/2/2023 15:30,15:30:00,12,0,0,E EVANS AVE & S MONACO ST,1,1,1,0,1,4,0,0,35,0,0,0,0,0,4,2,13
,2023-08256,39.73833311,-104.9439761,3/3/2023 11:15,11:15:00,10,0,0,E 14TH AVE & N GARFIELD ST,1,1,0,0,1,1,0,0,30,0,0,0,0,0,4,2,7
,2023-08257,39.63925773,-104.9106874,3/1/2023 21:16,21:16:00,12,0,3,I-25 & I-225,1,3,0,0,1,4,0,0,65,0,0,0,0,2,1,2,7
,2023-08258,39.71766895,-105.0532827,3/3/2023 10:11,10:11:00,6,0,0, SHERIDAN BLVD & W 1ST AVE,1,1,1,0,1,4,0,0,40,0,0,0,0,0,2,2,14
,2023-08260,39.71818721,-104.9593357,3/3/2023 7:33,7:33:00,5,0,1,E 1ST AVE & N UNIVERSITY BLVD,1,1,0,0,6,1,0,0,30,0,0,0,0,3,4,1,10
,2023-08267,39.7541496,-104.989308,3/3/2023 8:00,8:00:00,15,0,0,22ND ST & LAWRENCE ST,1,1,0,0,1,1,0,0,30,0,0,0,0,0,4,2,13
,2023-08271,39.74000551,-104.9859727,3/1/2023 17:45,17:45:00,5,0,0,E COLFAX AVE & N LINCOLN ST,1,3,0,0,3,4,0,0,,0,0,0,0,0,2,1,16
,2023-08280,39.76465727,-105.0015739,2/21/2023 14:40,14:40:00,12,0,0,I-25 & 20TH ST,1,1,0,0,1,4,0,0,55,0,0,0,0,0,1,2,13
,2023-08282,39.7588475,-104.8658779,3/3/2023 8:17,8:17:00,3,0,0,E 29TH DR & N HAVANA ST,1,1,0,0,1,3,0,0,30,0,0,0,0,0,4,2,10
,2023-08287,39.7255775,-104.9739052,3/3/2023 14:54,14:54:00,12,0,1,E 6TH AVE & N CORONA ST,11,1,3,2,1,4,0,0,35,0,0,0,0,2,4,2,10
,2023-08288,39.6532017,-104.9129106,3/3/2023 9:26,9:26:00,12,0,0, MONACO ST & E HAMPDEN AVE,1,1,0,0,1,4,0,0,30,0,0,0,0,0,4,2,3
,2023-08290,39.71118378,-105.0062849,3/2/2023 15:58,15:58:00,3,0,0,W ALAMEDA AVE & S PECOS ST,1,1,0,0,1,1,0,0,,0,0,0,0,0,2,2,16
,2023-08295,39.69476518,-104.9500407,3/2/2023 15:09,15:09:00,3,0,0,E ARIZONA AVE & S STEELE ST,1,1,0,0,1,1,0,0,25,0,0,0,0,1,4,2,13
,2023-08296,39.74576256,-105.0009576,3/2/2023 12:50,12:50:00,15,0,1, SPEER BLVD & LAWRENCE ST,1,1,0,0,1,4,0,0,25,0,0,0,0,1,4,2,13
,2023-08300,39.6767379,-104.9036839,3/2/2023 12:19,12:19:00,12,0,0,E EVANS AVE & S QUEBEC ST,1,1,0,0,1,3,0,1,35,0,0,0,0,1,4,2,14
,2023-08303,39.73686698,-104.9970963,3/3/2023 10:25,10:25:00,10,0,0,W 13TH AVE & N GALAPAGO ST,1,1,0,0,1,1,0,0,,0,0,0,0,0,4,2,16
,2023-08306,39.78796702,-104.8206685,2/26/2023 19:20,19:20:00,6,0,0,SABLE ST & E 51ST AVE,1,4,0,0,1,4,0,0,,0,0,0,0,0,4,2,16
,2023-08309,39.78743535,-105.0392479,3/3/2023 7:45,7:45:00,10,0,0,W 50TH AVE & N PERRY ST,1,1,0,0,1,1,0,0,30,0,0,0,0,0,4,2,3
,2023-08311,39.71118378,-105.0062849,3/3/2023 7:59,7:59:00,8,0,1,W ALAMEDA AVE & S PECOS ST,1,1,0,0,6,4,0,0,40,0,0,0,0,2,2,2,14
,2023-08315,39.68924911,-104.9922881,3/3/2023 12:10,12:10:00,10,0,0, SANTA FE DR & W FLORIDA AVE,1,1,0,0,1,2,0,0,35,0,0,0,0,0,2,2,13
,2023-08318,39.71030936,-105.0304395,3/2/2023 7:41,7:41:00,6,0,0,3400 W NEVADA PL & S IRVING ST,1,1,0,0,1,4,0,0,25,0,0,0,0,0,4,2,16
,2023-08321,39.8046979,-104.8843673,3/3/2023 15:49,15:49:00,12,0,0, CENTRAL PARK BLVD & E 59TH PL,11,1,0,2,1,4,0,0,30,0,0,0,0,0,4,2,13
,2023-08322,39.76915071,-105.0029666,3/3/2023 19:02,19:02:00,6,0,0, MARIPOSA ST & W 38TH AVE,1,4,0,0,1,4,0,0,25,0,0,0,0,1,4,2,14
,2023-08323,39.78374645,-104.8097975,3/2/2023 18:51,18:51:00,1,0,0, CHAMBERS RD & E GREEN VALLEY RANCH BLVD,1,3,0,0,1,1,0,0,40,0,0,0,0,0,4,2,14
,2023-08328,39.71389715,-104.9875363,3/3/2023 11:45,11:45:00,6,0,0,E MAPLE AVE & S BROADWAY ST,1,1,0,0,3,4,0,0,25,0,0,0,0,0,4,2,16