id,drcog_id,latitude,longitude,crashtime,time,crashtype,numbkilled,numbinjurd,drcoglocat,rdconditin,lightngcon,roadcntgrd,weatherco,location,roaddescrp,schoolzone,constrzone,splimit,bikeinv,pedinv,sctrinv,motoinv,svrty,rdsystem,ttlvehcls,hcf
,2023-08333,39.74198084,-104.9488527,3/3/2023 10:46,10:46:00,3,0,0,E 16TH AVE & N ADAMS ST,1,1,0,0,1,1,0,0,25,0,0,0,0,1,4,2,13
,2023-08341,39.72569786,-105.0134877,3/1/2023 15:50,15:50:00,12,0,0,I-25 & W 6TH AVE FWY,1,1,0,0,1,4,0,0,55,0,0,0,0,0,1,2,13
,2023-08350,39.77986335,-104.9671682,3/2/2023 7:30,7:30:00,12,0,1,I-70 & N BRIGHTON BLVD,2,1,0,0,1,4,0,0,55,0,0,0,0,1,1,2,16
,2023-08352,39.76767218,-104.996666,3/2/2023 15:13,15:13:00,12,0,1,I-25 & PARK AVE W,1,1,0,0,1,4,0,0,55,0,0,0,0,1,1,2,13
,2023-08353,39.71747341,-104.9875058,3/4/2023 0:10,0:10:00,12,0,1, BROADWAY ST & W IRVINGTON PL,1,3,0,0,1,1,0,0,,0,0,0,0,1,4,4,16
,2023-08359,39.74017155,-105.004191,3/3/2023 23:33,23:33:00,12,0,2,W COLFAX AVE & N 7TH ST,1,3,0,0,1,4,0,0,30,0,0,0,0,1,2,2,3
,2023-08361,39.77822753,-104.8828615,3/4/2023 8:12,8:12:00,3,0,0, CENTRAL PARK BLVD & I-70 WB RAMPS,1,1,0,0,1,1,0,0,35,0,0,0,0,0,4,2,3
,2023-08363,39.69081857,-105.0203716,3/4/2023 17:53,17:53:00,3,0,0,W ARKANSAS AVE & S CLAY ST,1,2,0,0,1,1,0,0,25,0,0,0,0,0,4,2,11
,2023-08367,39.73386547,-104.98613,3/3/2023 19:54,19:54:00,12,0,0, LINCOLN ST & E 11TH AVE,1,3,0,0,1,4,0,0,35,0,0,0,0,0,4,2,11
,2023-08369,39.72565252,-105.0152491,3/4/2023 2:37,2:37:00,15,0,0,I-25 SB OFF RAMP TO WB 6TH AVE & I-25 NB,12,3,0,0,2,8,0,0,,0,0,0,0,0,1,2,16
,2023-08370,39.8502782,-104.6817101,3/4/2023 0:05,0:05:00,14,0,1,NEWCASTLE ST & PENA BLVD,1,3,0,4,6,4,0,0,30,0,0,0,0,2,4,2,8
,2023-08371,39.72540104,-105.0130005,3/3/2023 8:40,8:40:00,12,0,0,I-25 & W 6TH AVE FWY,1,1,0,0,1,4,0,0,,0,0,0,0,0,1,3,16
,2023-08372,39.71118438,-105.0006535,3/3/2023 19:39,19:39:00,3,0,0,W ALAMEDA AVE & S PLATTE RIVER DR,1,3,0,0,1,1,0,0,,0,0,0,0,0,2,2,16
,2023-08373,39.74044704,-105.014159,3/4/2023 19:17,19:17:00,15,0,0,I-25 & W COLFAX AVE,1,3,1,0,1,4,0,0,55,0,0,0,0,0,1,2,1
,2023-08377,39.83201445,-104.7156438,3/4/2023 15:15,15:15:00,15,0,0,E 75TH AVE & N GUN CLUB RD,1,1,0,0,1,3,0,0,35,0,0,0,0,0,4,2,11
,2023-08380,39.75035403,-104.9820057,3/3/2023 16:10,16:10:00,3,0,1,PARK AVE W & GLENARM PL,1,1,0,0,1,1,0,0,35,0,0,0,0,2,4,2,13
,2023-08381,39.73318014,-104.9729791,3/3/2023 18:00,18:00:00,6,0,0, DOWNING ST & E 11TH AVE,1,3,0,0,1,4,0,0,,0,0,0,0,0,4,2,16
,2023-08382,39.75709514,-104.9907059,3/4/2023 2:04,2:04:00,3,0,1,PARK AVE W & BLAKE ST,1,3,0,7,1,1,0,0,35,0,0,0,0,1,4,2,16
,2023-08383,39.71179733,-104.9995128,3/2/2023 16:23,16:23:00,12,0,0,I-25 & W ALAMEDA AVE,1,1,0,0,1,4,0,0,55,0,0,0,0,0,1,2,13
,2023-08384,39.75644428,-104.9898209,3/4/2023 2:03,2:03:00,12,0,0,PARK AVE W & WALNUT ST,1,3,3,7,1,1,0,0,35,0,0,0,0,0,4,2,16
,2023-08385,39.79096219,-105.0251029,3/3/2023 23:51,23:51:00,5,0,1, FEDERAL BLVD & W 52ND AVE,1,3,0,0,6,2,0,0,30,0,0,0,0,2,2,1,16
,2023-08387,39.74945128,-104.9708919,3/4/2023 16:00,16:00:00,3,0,0, LAFAYETTE ST & E 22ND AVE,1,1,3,7,1,1,0,0,25,0,0,0,0,0,4,2,16
,2023-08388,39.72563842,-104.987447,3/4/2023 8:15,8:15:00,3,0,0,E 6TH AVE & N BROADWAY ST,1,1,0,0,1,1,0,0,30,0,0,0,0,0,4,2,11
,2023-08464,39.75183778,-104.8899194,3/4/2023 17:44,17:44:00,6,0,0, CENTRAL PARK BLVD & N WABASH ST,1,1,0,0,1,3,0,0,30,0,0,0,0,0,4,2,11
,2023-08465,39.76001331,-104.8905319,3/5/2023 12:59,12:59:00,3,0,0,E MLK BLVD & N CENTRAL PARK BLVD,1,1,0,0,1,3,0,0,45,0,0,0,0,1,4,2,14
,2023-08467,39.75266064,-104.9929642,3/4/2023 23:05,23:05:00,15,0,0,LARIMER ST & 20TH ST,1,3,0,0,1,4,0,0,25,0,0,0,0,0,4,2,7
,2023-08469,39.73839563,-104.9631543,3/4/2023 20:24,20:24:00,6,0,0,E 14TH AVE & N RACE ST,1,3,0,0,1,4,0,0,30,0,0,0,0,0,4,3,10
,2023-08475,39.73727002,-104.9034693,3/4/2023 22:06,22:06:00,12,0,0,E 13TH AVE & N QUEBEC ST,1,3,0,0,1,4,0,0,30,0,0,0,0,0,4,3,13
,2023-08476,39.66763846,-104.9928878,3/4/2023 17:39,17:39:00,9,0,1, ELATI ST & W YALE AVE,1,2,0,0,1,1,0,0,25,0,0,0,1,3,4,1,8
,2023-08480,39.67846873,-104.9219301,3/5/2023 7:07,7:07:00,15,0,0,E EVANS AVE & S HOLLY ST,1,1,0,0,1,4,0,0,35,0,0,0,0,0,4,2,3
,2023-08481,39.68190956,-104.9593791,3/5/2023 14:09,14:09:00,12,0,0, UNIVERSITY BLVD & E JEWELL AVE,1,1,0,0,1,4,0,0,35,0,0,0,0,0,4,4,3
,2023-08483,39.70252429,-105.017675,1/6/2023 0:29,0:29:00,5,0,0,W OHIO AVE & S CANOSA CT,4,3,0,0,2,4,0,0,30,0,0,0,0,0,4,1,16
,2023-08484,39.65303398,-104.9091113,1/29/2023 16:24,16:24:00,1,0,2,E HAMPDEN AVE & S ONEIDA WY,1,1,0,0,1,1,0,0,40,0,0,0,0,3,2,2,16
,2023-08489,39.72509275,-104.8786099,2/22/2023 13:00,13:00:00,6,0,0,ALTON WY & E LOWRY BLVD,10,1,0,2,1,4,0,0,25,0,0,0,0,0,4,2,16
,2023-08490,39.71259562,-104.9997229,2/24/2023 18:17,18:17:00,5,0,0,I-25 & W ALAMEDA AVE,1,3,2,0,2,4,0,0,55,0,0,0,0,0,1,5,16
,2023-08493,39.69693185,-104.9175858,3/5/2023 0:22,0:22:00,8,0,1, KEARNEY ST & E MISSISSIPPI AVE,1,3,0,0,1,4,0,0,30,0,0,0,0,2,4,2,16
,2023-08502,39.73697272,-104.9958067,3/5/2023 17:57,17:57:00,15,0,1, SPEER BLVD & W 13TH AVE,1,1,0,0,1,4,0,0,30,0,0,0,1,2,4,2,13
,2023-08504,39.80073882,-104.8796449,3/5/2023 15:14,15:14:00,9,0,1, BOSTON CT & E 57TH PL,1,1,0,0,1,1,0,0,25,0,0,0,1,3,4,1,16
,2023-08506,39.74035201,-104.9775565,3/5/2023 0:18,0:18:00,6,0,0,CLARKSON ST & E COLFAX AVE,1,3,0,0,1,4,0,0,30,0,0,0,0,0,4,2,11
,2023-08510,39.70028587,-104.9082527,3/5/2023 10:35,10:35:00,12,0,0,LEETSDALE DR & S ONEIDA ST,1,1,0,0,1,4,0,0,35,0,0,0,0,0,2,2,16
,2023-08511,39.74014936,-104.9487287,3/5/2023 17:00,17:00:00,6,0,0,E COLFAX AVE & N ADAMS ST,1,1,0,0,1,4,0,0,35,0,0,0,0,0,2,3,2
,2023-08513,39.70658774,-104.9198676,3/5/2023 17:02,17:02:00,8,0,2,LEETSDALE DR & S JERSEY ST,1,1,0,0,6,4,0,0,40,0,0,0,0,1,2,2,16
,2023-08515,39.7400416,-104.9835907,2/23/2023 13:06,13:06:00,3,0,0,E COLFAX AVE & N GRANT ST,1,1,0,0,1,1,0,0,35,0,0,0,0,0,2,2,16
,2023-08516,39.78184754,-104.9786398,3/5/2023 13:57,13:57:00,15,0,0,E 47TH AVE & N WASHINGTON ST,1,1,0,7,1,3,0,0,35,0,0,0,0,0,4,2,16
,2023-08517,39.75105836,-104.9407641,3/5/2023 12:30,12:30:00,12,0,0, COLORADO BLVD & E 23RD AVE,1,1,0,0,1,3,0,0,35,0,0,0,0,0,2,2,3
,2023-08519,39.72607323,-105.0145932,3/5/2023 7:02,7:02:00,9,0,1,I-25 SB OFF RAMP & W 6TH AVE FWY WB COLLECTOR RAMP MERGE PT,1,1,1,0,3,8,0,0,25,0,0,0,0,2,1,1,1
,2023-08528,39.76450733,-104.9721123,3/4/2023 15:13,15:13:00,3,0,0,E BRUCE RANDOLPH & N MARION ST,1,1,0,0,1,1,0,0,30,0,0,0,0,0,4,2,11
,2023-08540,39.74000575,-104.9929209,2/13/2023 9:43,9:43:00,11,1,0,W COLFAX AVE & N DELAWARE ST,1,1,0,0,1,1,0,0,25,0,1,0,0,4,2,1,16
,2023-08546,39.69650595,-104.8753202,3/4/2023 19:36,19:36:00,1,0,0,E MISSISSIPPI AVE & S DAYTON ST,1,3,0,0,1,1,0,0,40,0,0,0,0,0,4,2,14
,2023-08551,39.66858592,-104.9406177,3/5/2023 10:01,10:01:00,15,0,0, COLORADO BLVD & E YALE AVE,1,1,0,0,1,4,0,0,35,0,0,0,0,0,2,2,8
,2023-08560,39.7940695,-104.8105364,2/26/2023 20:48,20:48:00,6,0,0,5524  GRANBY ST & LACKLAND PL,1,3,0,0,1,4,0,0,25,0,0,0,0,0,4,5,16
,2023-08610,39.75102956,-104.9124087,3/4/2023 8:40,8:40:00,3,0,0,E 23RD AVE & MONACO ST PKWY,1,1,0,0,1,1,0,0,30,0,0,0,0,0,4,2,13
,2023-08611,39.6396724,-104.8872559,3/3/2023 7:42,7:42:00,5,0,0,E QUINCY AVE & E OXFORD DR,1,1,1,0,3,1,0,0,30,0,0,0,0,0,4,1,16
,2023-08613,39.6817422,-105.0572612,3/6/2023 4:00,4:00:00,6,0,0, DEPEW ST & W JEWELL AVE,1,4,0,0,1,4,0,0,25,0,0,0,0,0,4,2,13
,2023-08614,39.74008365,-104.8928773,3/3/2023 18:10,18:10:00,12,0,0,E COLFAX AVE & N UINTA ST,1,2,0,0,1,3,0,0,30,0,0,0,0,0,2,2,16
,2023-08615,39.77015637,-105.0158812,3/6/2023 8:56,8:56:00,6,0,0,ZUNI ST & W 39TH AVE,1,1,0,0,1,4,0,0,30,0,0,0,0,0,4,2,13
,2023-08618,39.77107756,-104.847035,3/5/2023 2:55,2:55:00,5,0,0, PEORIA ST & E 39TH AVE,1,3,0,0,3,1,0,0,,0,0,0,0,0,4,1,16
,2023-08619,39.70735035,-104.9407891,3/1/2023 13:10,13:10:00,15,0,0, COLORADO BLVD & CHERRY CREEK N DR,1,1,0,0,1,1,0,0,,0,0,0,0,0,2,2,16
,2023-08620,39.74019744,-104.9211389,3/5/2023 13:10,13:10:00,3,0,0, IVANHOE ST & E COLFAX AVE,1,1,0,0,1,1,0,0,30,0,0,0,0,0,2,2,11
,2023-08621,39.69709743,-104.9823002,2/25/2023 23:09,23:09:00,15,0,0,I-25 & S WASHINGTON ST,1,3,0,0,1,4,0,0,55,0,0,0,0,0,1,2,1
,2023-08622,39.75183992,-104.9957536,3/5/2023 12:55,12:55:00,10,0,0,MARKET ST & 18TH ST,1,1,0,0,1,2,0,0,30,0,0,0,1,1,4,2,13
,2023-08624,39.72391194,-105.0120479,3/6/2023 17:05,17:05:00,15,0,1,I-25 & W 6TH AVE,1,1,0,0,1,8,0,0,65,0,0,0,0,1,1,2,13
,2023-08625,39.76927119,-105.0158685,3/6/2023 8:31,8:31:00,12,0,0, ZUNI ST & W 38TH AVE,1,1,0,0,1,3,0,0,30,0,0,0,0,0,4,2,3
,2023-08626,39.75617153,-104.9919027,3/3/2023 9:55,9:55:00,3,0,0,BLAKE ST & 22ND ST,1,1,0,0,1,1,0,0,,0,0,0,0,1,4,3,3
,2023-08628,39.74322858,-104.9721328,3/5/2023 20:26,20:26:00,1,0,0, MARION ST & E 17TH AVE,1,3,3,0,1,1,0,0,,0,0,0,0,0,4,2,16
,2023-08631,39.72570812,-105.0001485,3/5/2023 9:20,9:20:00,12,0,0,W 6TH AVE & N KALAMATH ST,1,1,0,0,1,4,0,0,35,0,0,0,0,0,2,3,13
,2023-08633,39.78361656,-104.7721143,2/26/2023 20:01,20:01:00,3,0,0, TOWER RD & E GREEN VALLEY RANCH BLVD,1,3,0,0,1,1,0,0,,0,0,0,0,0,4,2,16
,2023-08634,39.7406516,-105.0139832,3/6/2023 15:24,15:24:00,12,0,1,I-25 & W COLFAX AVE,1,1,0,0,1,4,0,0,55,0,0,0,0,1,1,2,7
,2023-08637,39.76940553,-105.0300507,3/6/2023 8:29,8:29:00,15,0,0,W 38TH AVE & N IRVING ST,1,1,0,0,1,3,0,0,35,0,0,0,0,0,4,2,13
,2023-08641,39.77690828,-104.8811265,3/1/2023 18:07,18:07:00,15,0,0,I-70 & N CENTRAL PARK BLVD,1,3,0,0,1,4,0,0,55,0,0,0,0,0,1,2,13
,2023-08645,39.73155414,-105.0532236,3/6/2023 17:02,17:02:00,15,0,0, SHERIDAN BLVD & W 9TH AVE,1,1,0,0,1,4,0,0,,0,0,0,0,0,2,2,16
,2023-08646,39.74322155,-104.9629765,3/6/2023 19:36,19:36:00,6,0,0,E 17TH AVE & N HIGH ST,1,3,0,0,1,4,0,0,30,0,0,0,0,0,4,3,2
,2023-08647,39.69688272,-104.973387,3/6/2023 1:30,1:30:00,6,0,0, DOWNING ST & E MISSISSIPPI AVE,1,3,0,0,6,4,0,0,30,0,0,0,0,0,4,2,13
,2023-08650,39.74028299,-105.0428374,3/5/2023 10:57,10:57:00,3,0,0, STUART ST & W COLFAX AVE,1,1,0,0,1,2,0,0,35,0,0,0,0,0,4,2,13
,2023-08657,39.69566167,-104.90352,3/3/2023 15:00,15:00:00,1,0,0,E MISSISSIPPI AVE & S QUEBEC ST,11,2,0,2,1,1,0,0,35,0,0,0,0,0,4,2,13
,2023-08659,39.72922844,-104.9374399,2/28/2023 12:53,12:53:00,6,0,0,E 8TH AVE & N BELLAIRE ST,1,1,0,0,1,4,0,0,,0,0,0,0,0,4,2,16
,2023-08660,39.69601599,-104.9921558,3/2/2023 13:35,13:35:00,15,0,0, SANTA FE DR & W MISSISSIPPI AVE,1,1,0,0,1,3,0,0,40,0,0,0,0,0,2,2,16
,2023-08664,39.72564692,-104.9862613,3/6/2023 20:10,20:10:00,3,0,1,E SPEER BLVD & E 6TH AVE,1,3,0,0,1,1,0,0,,0,0,0,0,1,4,2,16
,2023-08665,39.74040903,-105.0653218,2/18/2023 10:15,10:15:00,6,0,0,1232 E COLFAX AVE & N MARION ST,14,5,3,7,1,4,0,0,,0,0,0,0,0,2,2,16
,2023-08667,39.77108653,-104.8470467,2/24/2023 18:27,18:27:00,11,0,0,E 39TH AVE & N PEORIA ST,1,3,0,0,1,1,0,0,,0,1,0,0,0,4,1,16
,2023-08672,39.71156481,-104.9407968,2/23/2023 13:00,13:00:00,12,0,0,E ALAMEDA AVE & S COLORADO BLVD,1,1,0,0,1,3,0,0,30,0,0,0,0,0,2,2,16
,2023-08673,39.7423056,-104.9993313,3/6/2023 6:44,6:44:00,3,0,0, SPEER BLVD & CHAMPA ST,1,1,0,0,1,1,0,0,35,0,0,0,0,0,4,2,1
,2023-08674,39.7551076,-105.0003123,3/5/2023 15:22,15:22:00,11,0,0,WEWATTA ST & 18TH ST,1,1,3,0,1,1,0,0,25,0,1,0,0,0,4,1,16
,2023-08676,39.77118429,-104.9794683,2/26/2023 2:43,2:43:00,6,0,0,DELGANY ST & 35TH ST,1,4,0,0,1,4,0,0,30,0,0,0,0,0,4,2,16
,2023-08677,39.76183287,-104.9125683,3/4/2023 9:56,9:56:00,10,0,0,E MLK JR BLVD & N MONACO ST,1,1,0,0,1,3,0,0,35,0,0,0,0,0,4,2,11
,2023-08678,39.77990384,-104.9789934,3/3/2023 6:51,6:51:00,12,0,0, WASHINGTON ST & I-70 WB RAMPS,1,1,0,0,1,1,0,0,35,0,0,0,0,0,4,2,14
,2023-08680,39.74741489,-104.9232127,3/4/2023 4:08,4:08:00,6,0,0,E MONTVIEW BLVD & N HUDSON ST,1,3,0,0,1,4,0,0,,0,0,0,0,0,4,2,16
,2023-08682,39.75475753,-104.9034033,3/6/2023 16:42,16:42:00,12,0,0, QUEBEC ST & E 26TH AVE,1,1,0,0,1,1,0,0,30,0,0,0,0,0,4,2,13
,2023-08684,39.71651211,-104.9757517,2/12/2023 13:48,13:48:00,11,0,1,E ELLSWORTH AVE & S OGDEN ST,1,1,0,0,1,1,0,0,30,0,1,0,0,2,4,1,16
,2023-08687,39.76571612,-104.945445,3/4/2023 13:34,13:34:00,6,0,0,E 35TH AVE & N MONROE ST,1,1,0,0,1,4,0,0,25,0,0,0,0,0,4,2,13
,2023-08698,39.7772181,-104.8821524,2/5/2023 2:18,2:18:00,5,0,0,I-70 & N CENTRAL PARK BLVD,1,3,3,0,3,4,0,0,65,0,0,0,0,0,1,1,16
,2023-08700,39.76347835,-104.982025,3/4/2023 20:00,20:00:00,6,0,0,30TH ST & BLAKE ST,1,4,0,0,1,4,0,0,,0,0,0,0,0,4,2,16
,2023-08701,39.73870551,-104.8991528,2/28/2023 7:08,7:08:00,15,0,0,E 14TH AVE & N SYRACUSE ST,1,1,0,0,1,4,0,0,30,0,0,0,0,0,4,2,1
,2023-08702,39.69115708,-104.9593442,3/6/2023 8:55,8:55:00,15,0,0, UNIVERSITY BLVD & E ARKANSAS AVE,1,1,0,0,1,3,0,0,30,0,0,0,0,0,4,2,16
,2023-08703,39.67846246,-104.9134393,2/24/2023 23:10,23:10:00,14,0,0,E EVANS AVE & S MONACO ST,1,4,0,0,6,4,0,0,35,0,0,0,0,0,4,3,2
,2023-08704,39.76683212,-105.0205258,2/3/2023 20:07,20:07:00,5,0,0, CLAY ST & W 36TH AVE,1,3,0,0,6,6,0,0,25,0,0,0,0,0,4,1,16
,2023-08705,39.7368667,-104.9776212,3/4/2023 9:13,9:13:00,3,0,0,E 13TH AVE & N CLARKSON ST,1,1,0,0,1,1,0,0,30,0,0,0,0,0,4,2,13
,2023-08707,39.65286319,-104.9193639,2/23/2023 15:05,15:05:00,12,0,2,I-25 SB ON RAMP SLIP & E HAMPDEN AVE,1,1,1,0,1,8,0,0,65,0,0,0,0,1,1,2,16
,2023-08709,39.7544334,-104.9873773,3/1/2023 13:48,13:48:00,15,0,0,BROADWAY & PARK AVE W,1,1,0,0,1,1,0,0,30,0,0,0,0,0,4,2,16
,2023-08712,39.71657574,-104.9875017,2/11/2023 15:47,15:47:00,11,0,1,E ELLSWORTH AVE & N BROADWAY ST,1,1,0,0,1,1,0,0,30,0,1,0,0,3,4,1,11
,2023-08713,39.7376203,-105.025299,2/8/2023 18:13,18:13:00,11,1,0, FEDERAL BLVD & W 14TH AVE,1,3,0,0,1,4,0,0,0,0,1,0,0,4,2,1,16
,2023-08714,39.65317124,-104.8989066,1/23/2023 17:10,17:10:00,15,0,0,E HAMPDEN AVE & S TAMARAC DR,1,2,1,0,1,3,0,0,35,0,0,0,0,0,2,2,16
,2023-08715,39.75678511,-105.0133134,2/9/2023 16:37,16:37:00,6,0,0,W 27TH AVE & N VALLEJO ST,1,1,2,0,1,4,0,0,25,0,0,0,0,0,4,2,16
,2023-08728,39.73204882,-104.9740056,3/3/2023 8:43,8:43:00,6,0,0,E 10TH AVE & N CORONA ST,1,1,0,0,1,4,0,0,25,0,0,0,0,0,4,2,13
,2023-08729,39.72555693,-104.9009739,3/2/2023 14:10,14:10:00,3,0,0,E 6TH AVE & N ROSLYN ST,1,1,0,0,1,1,0,0,25,0,0,0,0,0,4,2,13
,2023-08731,39.7779832,-104.9223042,3/1/2023 12:50,12:50:00,12,0,0,E 44TH AVE & N HOLLY ST,1,1,0,0,1,1,0,0,,0,0,0,0,0,4,2,13
,2023-08732,39.72412614,-104.95549,2/23/2023 11:52,11:52:00,6,0,0,E 5TH AVE & N CLAYTON ST,4,1,0,0,1,9,0,0,25,0,0,0,0,0,4,2,16
,2023-08733,39.79312164,-104.8464012,3/2/2023 8:55,8:55:00,6,0,0, QUARI ST & E 53RD AVE,1,1,0,0,1,4,0,0,25,0,0,0,0,0,4,2,16
,2023-08734,39.77559287,-104.8632745,3/6/2023 1:41,1:41:00,12,0,1,I-70 & N HAVANA ST,1,3,1,0,1,4,0,0,55,0,0,0,0,1,1,2,1
,2023-08735,39.74034202,-105.0334331,3/5/2023 12:16,12:16:00,3,0,0,W COLFAX AVE & N KING ST,1,1,0,0,1,3,0,0,35,0,0,0,0,0,2,2,13
,2023-08739,39.72555297,-105.0393871,3/5/2023 11:06,11:06:00,12,0,1,W 6TH AVE FWY & MM 283.1,1,1,0,0,1,4,0,0,55,0,0,0,0,3,2,3,1
,2023-08740,39.69657744,-104.9405613,1/26/2023 15:00,15:00:00,11,0,1,E MISSISSIPPI AVE & S COLORADO BLVD,1,1,0,0,1,1,0,0,25,0,1,0,0,2,2,1,3
,2023-08741,39.75829347,-104.9406966,1/12/2023 15:44,15:44:00,11,1,0,E 29TH AVE & N COLORADO BLVD,1,1,0,0,1,1,0,0,35,0,1,0,0,4,4,1,11
,2023-08777,39.72561258,-104.9823614,3/7/2023 10:29,10:29:00,3,0,1, LOGAN ST & E 6TH AVE,1,1,0,0,1,1,0,0,25,0,0,0,0,1,4,3,3
,2023-08778,39.76094051,-105.0043135,3/2/2023 13:55,13:55:00,12,0,0,I-25 & 20TH ST,1,1,0,0,1,4,0,0,,0,0,0,0,0,1,3,16
,2023-08786,39.81823802,-104.7720202,3/6/2023 10:10,10:10:00,10,0,0, TOWER RD & E 67TH AVE,1,1,1,0,1,1,0,0,40,0,0,0,0,0,4,2,16
,2023-08787,39.78554856,-104.8932098,2/24/2023 17:10,17:10:00,1,0,0,E NORTHFIELD BLVD & N UINTA ST,1,1,0,0,1,1,0,0,35,0,0,0,0,0,4,2,16
,2023-08792,39.74353882,-104.9943345,3/6/2023 9:13,9:13:00,6,0,0,CALIFORNIA & E 14TH ST,1,1,0,0,1,9,0,0,,0,0,0,0,0,4,2,16
,2023-08794,39.70041901,-105.0250845,3/6/2023 20:53,20:53:00,12,0,1, FEDERAL BLVD & W KENTUCKY AVE,1,3,0,0,1,4,0,0,35,0,0,0,0,2,2,2,16
,2023-08798,39.66746313,-104.9255005,3/6/2023 9:15,9:15:00,12,0,0,I-25 & E YALE AVE,1,1,0,0,1,4,0,0,65,0,0,0,0,0,1,2,13
,2023-08799,39.69837033,-104.9408126,3/7/2023 12:29,12:29:00,1,0,1, COLORADO BLVD & E TENNESSEE AVE,1,1,1,0,1,1,0,0,40,0,0,0,0,1,2,2,8
,2023-08800,39.72910382,-104.987404,3/7/2023 9:45,9:45:00,12,0,0,BROADWAY & E 8TH AVE,11,1,0,0,1,1,0,0,30,0,0,0,0,0,4,2,3
,2023-08807,39.67851438,-104.988853,3/7/2023 8:36,8:36:00,12,0,0,W EVANS AVE & S ACOMA ST,1,1,0,0,1,3,0,0,30,0,0,0,0,0,4,3,3
,2023-08810,39.67846929,-104.9128185,3/4/2023 1:59,1:59:00,3,0,2, MONACO ST & E EVANS AVE,1,3,0,0,1,1,0,0,35,0,0,0,0,3,4,2,13
,2023-08811,39.78016384,-104.9557433,3/7/2023 14:05,14:05:00,15,0,0,I-70 & N BRIGHTON BLVD,1,1,0,0,1,4,0,0,60,0,0,0,0,0,1,2,13
,2023-08823,39.74321598,-104.9610193,3/6/2023 15:40,15:40:00,3,0,0,E 17TH AVE & N GAYLORD ST,1,1,0,0,1,1,0,0,25,0,0,0,0,0,4,2,11
,2023-08824,39.72555856,-105.0131104,3/7/2023 7:39,7:39:00,12,0,0,I-25 & W 6TH AVE,1,1,0,0,1,4,0,0,55,0,0,0,0,0,1,3,1
,2023-08825,39.65303398,-104.9091113,3/7/2023 8:29,8:29:00,1,0,2,E HAMPDEN AVE & S ONEIDA WY,11,1,0,4,1,1,0,0,45,0,0,0,0,2,2,2,11
,2023-08834,39.75147538,-104.9979632,3/6/2023 13:00,13:00:00,1,0,0,BLAKE ST & 17TH ST,1,1,0,0,1,1,0,0,25,0,0,0,0,0,4,2,3
,2023-08838,39.73589215,-105.0520454,3/7/2023 15:50,15:50:00,12,0,0, ZENOBIA & SHERIDAN BLVD,1,1,0,0,1,9,0,0,,0,0,0,0,0,4,2,16
,2023-08839,39.74746842,-104.8846757,3/7/2023 5:43,5:43:00,1,0,0,E MONTVIEW BLVD & N CENTRAL PARK BLVD,11,1,0,2,1,1,0,0,30,0,0,0,0,0,4,2,11
,2023-08841,39.65303562,-104.9317144,3/6/2023 8:40,8:40:00,3,0,1,E HAMPDEN AVE & S DAHLIA ST,1,1,2,0,1,1,0,0,40,0,0,0,0,1,2,3,11
,2023-08842,39.81275535,-104.7721169,3/7/2023 19:10,19:10:00,1,0,0, TOWER ROAD & E 64TH AVE,1,3,0,0,1,1,0,0,40,0,0,0,0,0,4,2,13
,2023-08843,39.74119665,-104.9987266,3/6/2023 15:18,15:18:00,15,0,0, SPEER BLVD & BLAKE ST,1,1,1,0,1,4,0,0,35,0,0,0,0,0,4,2,1
,2023-08848,39.73385867,-104.9935094,3/7/2023 13:37,13:37:00,15,0,0, SPEER BLVD & W 11TH AVE,1,1,0,0,1,1,0,0,40,0,0,0,0,0,4,2,16
,2023-08850,39.70022168,-104.9874756,3/6/2023 14:30,14:30:00,3,0,0, BROADWAY ST & W KENTUCKY AVE,1,1,0,0,1,1,0,0,30,0,0,0,0,0,4,2,3
,2023-08851,39.78338026,-105.0349532,3/6/2023 7:29,7:29:00,12,0,0,I-70 & N LOWELL BLVD,1,1,0,0,1,4,0,0,55,0,0,0,0,0,1,2,13
,2023-08852,39.79830003,-104.7697918,3/6/2023 7:25,7:25:00,1,0,0,E 56TH AVE & N ARGONNE ST,1,1,0,0,1,1,0,0,40,0,0,0,0,0,4,2,16
,2023-08853,39.7401981,-104.9418754,3/7/2023 13:46,13:46:00,5,0,2,E COLFAX AVE & N HARRISON ST,1,1,0,0,3,4,0,0,35,0,0,0,0,1,2,1,10
,2023-08855,39.63866273,-104.9040084,3/7/2023 12:00,12:00:00,6,0,0, QUEBEC ST & E QUINCY AVE,1,1,0,0,1,1,0,0,,0,0,0,0,0,4,2,16
,2023-08859,39.78379875,-104.9477868,3/7/2023 8:43,8:43:00,12,0,0, VASQUEZ BLVD & E 48TH AVE,11,1,0,2,1,3,0,0,45,0,0,0,0,0,2,2,14
,2023-08860,39.79090168,-104.941674,3/7/2023 7:18,7:18:00,12,0,0, VASQUEZ BLVD & E 52ND AVE,11,1,0,0,1,4,0,0,40,0,0,0,0,0,4,2,16
,2023-08863,39.7525291,-104.9861621,3/3/2023 17:54,17:54:00,12,0,0,CHAMPA ST & 22ND ST,11,1,0,0,1,4,0,0,,0,0,0,0,0,4,2,16
,2023-08865,39.6531839,-104.9192304,3/7/2023 12:09,12:09:00,12,0,0,E HAMPDEN AVE & I-25,1,1,0,0,1,4,0,0,45,0,0,0,0,0,2,2,3
,2023-08870,39.73585771,-104.9971103,3/7/2023 11:00,11:00:00,6,0,0,GALAPAGO ST & W 12TH AVE,1,1,0,0,1,2,0,0,25,0,0,0,0,0,4,2,3