id,drcog_id,latitude,longitude,crashtime,time,crashtype,numbkilled,numbinjurd,drcoglocat,rdconditin,lightngcon,roadcntgrd,weatherco,location,roaddescrp,schoolzone,constrzone,splimit,bikeinv,pedinv,sctrinv,motoinv,svrty,rdsystem,ttlvehcls,hcf
,2023-08873,39.74849618,-105.0177572,3/6/2023 17:16,17:16:00,12,0,0,I-25 & W 23RD AVE,1,1,0,0,1,4,0,0,55,0,0,0,0,0,1,3,13
,2023-08875,39.66763906,-104.9128803,3/6/2023 7:22,7:22:00,15,0,0, MONACO ST & E YALE AVE,1,1,0,0,1,1,0,0,35,0,0,0,0,0,4,2,11
,2023-08878,39.68748163,-104.9405446,3/7/2023 11:00,11:00:00,12,0,0, COLORADO BLVD & E IOWA AVE,1,1,0,0,1,3,0,0,30,0,0,0,0,0,2,2,3
,2023-08879,39.76118838,-104.9027527,3/6/2023 6:39,6:39:00,3,0,0, QUEBEC ST & E MLK JR BLVD,1,1,0,0,1,1,0,0,,0,0,0,0,0,4,2,16
,2023-08917,39.75103111,-104.9405996,1/4/2023 19:40,19:40:00,1,1,3, COLORADO BLVD & E 23RD AVE,1,3,0,0,1,3,0,0,35,0,0,0,0,4,2,2,13
,2023-08924,39.76567134,-104.940645,3/8/2023 17:12,17:12:00,3,0,1, COLORADO BLVD & E 35TH AVE,1,1,0,0,1,1,0,0,30,0,0,0,0,2,2,2,13
,2023-08926,39.76869983,-104.9659457,3/5/2023 17:06,17:06:00,6,0,0, WILLIAMS ST & E 37TH AVE,1,3,0,0,1,4,0,0,25,0,0,0,0,0,4,2,16
,2023-08932,39.7368717,-104.9707033,3/8/2023 15:26,15:26:00,3,0,0,E 13TH AVE & N LAFAYETTE ST,1,1,0,0,1,1,0,0,35,0,0,0,0,0,4,3,7
,2023-08934,39.67485169,-104.9593813,3/8/2023 16:05,16:05:00,1,0,0, UNIVERSITY BLVD & E ILIFF AVE,1,1,0,0,1,1,0,0,35,0,0,0,0,0,4,2,13
,2023-08939,39.7760006,-104.8657421,3/8/2023 9:30,9:30:00,15,0,0, HAVANA ST & I-70,1,1,0,0,1,4,0,0,35,0,0,0,0,0,4,2,11
,2023-08946,39.83170751,-104.67463,3/7/2023 16:30,16:30:00,15,0,0,E 75TH AVE & N JACKSON GAP ST,1,1,0,0,1,4,0,0,45,0,0,0,0,0,4,2,1
,2023-08947,39.75072676,-104.9884959,3/8/2023 16:30,16:30:00,15,0,0,2000 CHAMPA ST,1,1,0,0,1,4,0,0,35,0,0,0,0,0,4,2,13
,2023-08948,39.68312791,-104.940651,3/7/2023 18:55,18:55:00,15,0,0, COLORADO BLVD & I-25,1,4,0,0,1,4,0,0,35,0,0,0,0,0,2,2,13
,2023-08949,39.78017742,-104.9533883,1/11/2023 14:30,14:30:00,15,0,0,I-70 & N VASQUEZ BLVD,1,1,0,0,1,4,0,0,,0,0,0,0,0,1,2,16
,2023-08950,39.72860047,-105.0001794,3/8/2023 19:27,19:27:00,15,0,0, KALAMATH ST & W 8TH AVE,1,2,0,0,1,4,0,0,,0,0,0,0,0,4,2,16
,2023-08953,39.74948448,-104.9953663,3/5/2023 10:15,10:15:00,12,0,0,17TH ST & LAWRENCE ST,14,1,0,0,1,4,0,0,,0,0,0,0,0,4,2,16
,2023-08954,39.7559576,-104.9407018,2/25/2023 12:50,12:50:00,12,0,0, COLORADO BLVD & HADDON RD,1,1,0,0,1,1,0,0,40,0,0,0,0,0,2,2,16
,2023-08955,39.65301957,-104.8756712,3/8/2023 11:58,11:58:00,1,0,1,E HAMPDEN AVE & S DAYTON ST,1,1,0,0,1,1,0,0,40,0,0,0,0,2,2,2,16
,2023-08958,39.66769799,-105.0312522,3/8/2023 9:24,9:24:00,14,0,0,W YALE AVE & S JULIAN ST,1,1,0,0,6,1,0,0,30,0,0,0,0,0,4,2,13
,2023-08962,39.7439553,-105.0236807,3/3/2023 19:07,19:07:00,2,0,1,W DICK CONNOR AVE & MILE HIGH STADIUM W CIR,1,3,1,0,1,1,0,0,15,1,0,0,0,2,4,1,16
,2023-08963,39.74745126,-104.9927274,3/1/2023 23:41,23:41:00,3,0,2,17TH ST & CHAMPA ST,1,3,0,7,1,1,0,0,30,0,0,0,0,2,4,2,16
,2023-08966,39.83661029,-104.7154882,3/6/2023 21:05,21:05:00,15,0,0, GUN CLUB ROAD & E 78TH AVE,1,3,0,0,1,1,0,0,35,0,0,0,0,0,4,2,16
,2023-08967,39.67527603,-105.0227202,2/21/2023 6:00,6:00:00,5,0,0,2299  DECATUR ST & W ILIFF AVE,1,3,1,0,3,4,0,0,25,0,0,0,0,0,4,1,16
,2023-08980,39.6674859,-104.9270034,3/4/2023 13:36,13:36:00,11,0,1,E YALE AVE & S GLENCOE ST,1,1,0,7,1,3,0,0,0,0,1,0,0,2,4,1,16
,2023-08982,39.75828391,-104.9405254,3/2/2023 14:18,14:18:00,15,0,0, COLORADO BLVD & E 29TH AVE,1,1,0,0,1,1,0,0,40,0,0,0,0,0,2,2,16
,2023-08984,39.69669441,-104.9993242,3/5/2023 15:24,15:24:00,12,0,1,W MISSISSIPPI AVE & S JASON ST,1,1,0,0,1,4,0,0,35,0,0,0,0,2,4,3,16
,2023-08985,39.83345706,-104.6882336,3/1/2023 18:30,18:30:00,5,0,0,PENA BLVD & N JACKSON GAP ST,1,3,0,0,2,4,0,0,45,0,0,0,0,0,4,1,16
,2023-08988,39.71347305,-104.9983698,3/2/2023 17:50,17:50:00,5,0,0,W CEDAR AVE & S SANTA FE DR,1,3,0,0,3,3,0,0,35,0,0,0,0,0,4,1,16
,2023-08991,39.74488971,-104.9861061,3/8/2023 6:30,6:30:00,3,0,0,E 18TH AVE & N LINCOLN ST,1,1,1,0,1,1,0,0,30,0,0,0,0,0,4,2,3
,2023-08993,39.76153579,-105.0050708,3/8/2023 13:00,13:00:00,10,0,0,I-25 SB OFF RAMP & 20TH ST,1,1,0,0,1,8,0,0,35,0,0,0,0,0,4,2,8
,2023-08999,39.72907202,-104.9835874,3/8/2023 7:20,7:20:00,3,0,0,E 8TH AVE & N GRANT ST,1,1,0,0,1,1,0,0,35,0,0,0,0,1,4,2,16
,2023-09001,39.65297894,-104.917664,3/8/2023 12:32,12:32:00,15,0,0,I-25 NB OFF RAMP & E HAMPDEN AVE,1,1,1,0,1,1,0,0,30,0,0,0,0,0,2,2,16
,2023-09006,39.7258881,-105.0246708,3/8/2023 13:34,13:34:00,5,0,1,W 6TH AVE FWY WB OFF RAMP & N FEDERAL BLVD,1,1,0,0,6,8,0,0,55,0,0,0,0,3,2,1,11
,2023-09017,39.73839029,-104.9585305,3/2/2023 17:32,17:32:00,15,0,0,E 14TH AVE & N JOSEPHINE ST,1,1,0,0,1,4,0,0,30,0,0,0,0,0,4,2,13
,2023-09024,39.68935533,-104.9035122,3/1/2023 14:00,14:00:00,1,0,0, QUEBEC ST & E FLORIDA AVE,1,1,0,0,1,1,0,0,30,0,0,0,0,0,4,3,3
,2023-09027,39.75104592,-104.9409373,3/8/2023 6:40,6:40:00,12,0,0,E 23RD AVE & N COLORADO BLVD,1,1,0,0,1,3,0,0,30,0,0,0,0,0,2,2,11
,2023-09028,39.74020824,-104.9175673,3/3/2023 6:12,6:12:00,12,0,0,E COLFAX AVE & N KEARNEY ST,1,1,0,0,1,1,0,0,35,0,0,0,0,0,2,2,16
,2023-09054,39.7401553,-104.9513415,3/3/2023 13:41,13:41:00,6,0,0,E COLFAX AVE & N ST PAUL ST,1,1,0,0,1,4,0,0,35,0,0,0,0,0,2,3,3
,2023-09095,39.70038589,-105.0275129,1/12/2023 18:14,18:14:00,3,0,0,W KENTUCKY AVE & S HAZEL CT,1,4,0,0,1,1,0,0,,0,0,0,0,0,4,2,13
,2023-09100,39.76115306,-105.004746,2/18/2023 18:39,18:39:00,15,0,0,I-25 & 20TH ST (APPROX),1,3,0,0,1,4,0,0,55,0,0,0,0,0,1,2,7
,2023-09105,39.71122388,-104.922286,3/8/2023 23:25,23:25:00,3,0,1, HOLLY ST & E ALAMEDA AVE,1,3,0,0,1,1,0,0,35,0,0,0,0,2,4,3,3
,2023-09106,39.70350443,-104.9912222,3/8/2023 17:46,17:46:00,15,0,0,I-25 & S BROADWAY,1,2,1,0,1,4,0,0,55,0,0,0,0,0,1,2,13
,2023-09108,39.75617128,-104.9919192,3/8/2023 12:01,12:01:00,3,0,1,22ND ST & BLAKE ST,1,1,0,0,1,1,0,0,30,0,0,0,0,2,4,2,13
,2023-09111,39.77341964,-104.8743166,3/9/2023 12:09,12:09:00,3,0,0,E 40TH AVE & N HAVANA ST,1,1,0,0,1,2,0,0,45,0,0,0,0,0,4,2,11
,2023-09112,39.74019095,-104.9408054,3/9/2023 1:56,1:56:00,3,0,1,E COLFAX AVE & N COLORADO BLVD,1,3,0,0,1,1,0,0,35,0,0,0,0,2,2,2,13
,2023-09113,39.73562622,-104.8858618,3/8/2023 7:24,7:24:00,16,0,0,8805 E 12TH AVE & E. 12TH AVE,1,1,0,0,5,7,0,0,15,0,0,0,0,0,3,2,11
,2023-09115,39.80444409,-104.7863698,3/9/2023 7:33,7:33:00,12,0,0,PENA BLVD & E 56TH AVE,1,1,0,0,1,4,0,0,65,0,0,0,0,0,4,2,1
,2023-09116,39.70753565,-104.9876228,3/9/2023 11:16,11:16:00,1,0,1,E VIRGINIA AVE & S BROADWAY ST,1,1,0,0,1,1,0,1,30,0,0,0,1,1,4,2,3
,2023-09118,39.75120876,-105.0248893,3/9/2023 6:59,6:59:00,15,0,0,W 23RD AVE & N FEDERAL BLVD,1,1,0,0,1,4,0,0,25,0,0,0,0,0,4,2,11
,2023-09119,39.75709514,-104.9907059,3/8/2023 12:55,12:55:00,10,0,0,PARK AVE W & BLAKE ST,1,1,0,0,1,1,0,0,30,0,0,0,0,0,4,4,13
,2023-09121,39.73829119,-104.9234277,3/9/2023 7:57,7:57:00,3,0,1, HUDSON ST & E 14TH AVE,1,1,0,0,1,1,0,0,25,0,0,0,0,2,4,2,7
,2023-09122,39.71182699,-104.9992663,3/9/2023 10:06,10:06:00,12,0,0,I-25 & W ALAMEDA AVE,1,1,0,0,1,4,0,0,55,0,0,0,0,0,1,2,13
,2023-09123,39.65308224,-104.8987343,3/9/2023 13:24,13:24:00,1,0,1,E HAMPDEN AVE & S TAMARAC DR,1,1,1,0,1,1,0,0,40,0,0,0,0,1,2,2,13
,2023-09125,39.72775935,-104.9407813,3/9/2023 8:09,8:09:00,12,0,1, COLORADO BLVD & E 8TH AVE,1,1,0,0,1,4,0,0,35,0,0,0,0,1,2,3,16
,2023-09127,39.63866845,-105.0484599,3/9/2023 7:12,7:12:00,3,0,0,4725 W QUINCY AVE & S WOLFF ST,1,1,0,0,1,2,0,0,40,0,0,0,0,0,4,2,7
,2023-09130,39.70140206,-104.9873767,3/8/2023 15:28,15:28:00,12,0,1,I-25 & S BROADWAY,1,1,1,0,1,4,0,0,55,0,0,0,0,1,1,2,3
,2023-09133,39.65728121,-105.0482915,3/10/2023 6:45,6:45:00,5,0,1,W DARTMOUTH AVE & S WOLFF ST,1,1,0,0,3,4,0,0,25,0,0,0,0,2,4,1,16
,2023-09134,39.65305447,-104.8847967,2/28/2023 21:10,21:10:00,3,0,0,E HAMPDEN AVE & S YOSEMITE ST,1,3,1,0,1,1,0,0,35,0,0,0,0,0,2,2,16
,2023-09136,39.76490536,-105.0526136,3/10/2023 8:16,8:16:00,11,0,1, ZENOBIA ST & W 34TH AVE,1,1,0,0,1,4,0,0,0,0,1,0,0,2,4,1,16
,2023-09139,39.75284268,-104.9997177,3/10/2023 12:42,12:42:00,3,0,0,WAZEE ST ALLEY & 17TH ST,1,1,0,0,1,9,0,0,30,0,0,0,0,0,4,2,13
,2023-09141,39.72533803,-105.0129565,3/8/2023 6:33,6:33:00,12,0,2,I-25 & W 6TH AVE FWY,1,1,0,0,1,4,0,0,55,0,0,0,0,1,1,4,7
,2023-09144,39.73011503,-105.0153472,3/9/2023 10:57,10:57:00,12,0,0,I-25 & W 8TH AVE,1,1,0,0,1,4,0,0,55,0,0,0,0,0,1,2,13
,2023-09145,39.7512875,-105.0167928,3/10/2023 6:17,6:17:00,12,0,0,I-25 & W 23RD AVE,1,1,0,0,1,4,0,0,55,0,0,0,0,0,1,2,16
,2023-09146,39.67856966,-104.9805348,3/8/2023 13:00,13:00:00,12,0,0,E EVANS AVE & S PEARL ST,1,1,0,0,1,1,0,0,30,0,0,0,0,0,4,2,3
,2023-09148,39.78013268,-104.9316525,3/8/2023 8:00,8:00:00,12,0,0,I-70 & N DAHLIA ST,1,1,0,0,1,4,0,0,55,0,0,0,0,0,1,2,2
,2023-09149,39.75651412,-104.9305533,3/9/2023 9:52,9:52:00,6,0,0, EUDORA ST & E 28TH AVE,1,1,0,0,1,4,0,0,25,0,0,0,0,0,4,2,16
,2023-09150,39.7448185,-104.9671966,3/9/2023 14:00,14:00:00,10,0,0,E 18TH AVE & N GILPIN ST,1,1,0,0,1,1,0,0,30,0,0,0,0,0,4,2,3
,2023-09152,39.68033927,-104.9828804,3/9/2023 12:35,12:35:00,3,0,0,E ASBURY AVE & S LOGAN ST,1,1,0,0,1,1,0,0,30,0,0,0,0,0,4,2,10
,2023-09153,39.77851766,-104.903497,3/9/2023 16:41,16:41:00,5,0,0,I-70 & N NORTHFIELD QUEBEC ST,6,1,0,0,2,4,0,0,55,0,0,0,0,0,1,3,14
,2023-09165,39.67227839,-104.8678896,3/9/2023 17:38,17:38:00,12,0,0, PARKER RD & E HARVARD AVE,1,1,1,0,1,4,0,0,45,0,0,0,0,0,2,2,1
,2023-09166,39.71568254,-104.9875108,3/8/2023 17:15,17:15:00,12,0,0,BROADWAY & W ARCHER PL,1,1,0,0,1,1,0,0,30,0,0,0,0,0,4,2,1
,2023-09167,39.73999014,-104.9644576,3/9/2023 7:23,7:23:00,12,0,0,E COLFAX AVE & N HIGH ST,1,1,0,0,1,4,0,0,30,0,0,0,0,0,2,2,13
,2023-09168,39.74515567,-105.0252332,3/9/2023 12:01,12:01:00,1,0,1, FEDERAL BLVD & W 18TH AVE,1,1,0,0,1,1,0,0,35,0,0,0,0,2,2,2,11
,2023-09169,39.66748661,-104.9269575,3/9/2023 14:43,14:43:00,12,0,0,E YALE AVE & I-25,1,1,0,0,1,3,0,0,30,0,0,0,0,0,4,2,13
,2023-09172,39.70395737,-105.0250878,3/9/2023 5:15,5:15:00,12,0,0, FEDERAL BLVD & W EXPOSITION AVE,1,3,0,0,1,1,0,0,35,0,0,0,0,0,2,2,13
,2023-09173,39.70628801,-104.9967362,3/8/2023 9:15,9:15:00,12,0,0, SANTA FE DR & I-25,1,1,0,0,1,1,0,0,40,0,0,0,0,0,2,2,3
,2023-09175,39.7290381,-104.9899276,3/9/2023 15:51,15:51:00,10,0,0, SPEER BLVD & W 8TH AVE,1,1,0,0,1,1,0,0,30,0,0,0,0,0,4,2,13
,2023-09176,39.69519547,-104.9593335,3/9/2023 9:40,9:40:00,15,0,0, UNIVERSITY BLVD & E ARIZONA AVE,1,1,0,0,1,12,0,0,30,0,0,0,0,0,4,2,11
,2023-09177,39.72554127,-105.0243913,3/8/2023 13:36,13:36:00,5,0,1,W 6TH AVE FWY & N FEDERAL BLVD,1,1,0,0,2,4,0,0,45,0,0,0,0,1,2,1,13
,2023-09178,39.77448002,-104.9176205,3/9/2023 5:55,5:55:00,10,0,0,E 42ND AVE & N KEARNEY ST,1,1,0,0,1,1,0,0,35,0,0,0,0,0,4,2,16
,2023-09179,39.65929003,-104.8482536,3/9/2023 16:06,16:06:00,1,0,0, PARKER RD & S PEORIA ST,1,1,1,0,1,2,0,0,35,0,0,0,0,0,2,2,7
,2023-09183,39.72932157,-105.0148112,3/9/2023 5:58,5:58:00,15,0,0,I-25 NB ON RAMP & W 8TH AVE,1,2,1,0,1,8,0,0,55,0,0,0,0,0,1,2,1
,2023-09185,39.70606526,-104.9407892,3/9/2023 15:30,15:30:00,15,0,0, COLORADO BLVD & E CHERRY CREEK S DR,1,1,0,0,1,3,0,0,35,0,0,0,0,0,2,2,3
,2023-09186,39.74324057,-104.9709165,3/10/2023 13:05,13:05:00,3,0,0,E 17TH AVE & N LAFAYETTE ST,1,1,0,0,1,1,0,0,25,0,0,0,0,1,4,2,13
,2023-09187,39.7312847,-105.053224,3/10/2023 17:21,17:21:00,1,0,0, SHERIDAN BLVD & W 9TH AVE,1,1,0,0,1,1,0,0,,0,0,0,0,0,2,2,16
,2023-09188,39.72507566,-105.0131108,3/10/2023 11:53,11:53:00,12,0,2,I-25 & SB OFF RAMP MERGE PT TO EB 6TH AVE,1,1,3,0,1,8,0,0,55,0,0,0,0,1,1,3,13
,2023-09189,39.73828667,-104.9406203,3/10/2023 18:05,18:05:00,3,0,0,E 14TH AVE & N COLORADO BLVD,1,3,0,0,1,1,0,0,40,0,0,0,0,0,2,3,11
,2023-09190,39.72044144,-104.9570439,3/10/2023 14:00,14:00:00,6,0,0,E 17TH AVE & N COLUMBINE ST,1,1,0,0,1,4,0,0,25,0,0,0,0,0,4,2,7
,2023-09191,39.78704568,-104.8932062,3/10/2023 11:10,11:10:00,3,0,0,E 49TH PL & N UINTA ST,1,1,0,0,1,1,0,0,25,0,0,0,0,0,4,2,11
,2023-09192,39.72752313,-105.0251271,3/8/2023 15:01,15:01:00,3,0,0, FEDERAL BLVD & W 7TH AVE,1,1,0,0,1,1,0,0,,0,0,0,0,0,2,2,16
,2023-09193,39.76133546,-105.0045988,3/9/2023 9:29,9:29:00,15,0,0,I-25 & 20TH ST,1,1,0,0,1,4,0,0,55,0,0,0,0,0,1,2,13
,2023-09194,39.72096926,-104.9546275,3/10/2023 16:25,16:25:00,3,0,1, DETROIT & E 3RD AVE,1,3,0,0,1,9,0,0,15,0,0,0,0,2,4,2,13
,2023-09196,39.72398143,-105.0474194,3/9/2023 17:03,17:03:00,3,0,0,W 5TH AVE & N WINONA CT,1,1,0,0,1,1,0,0,25,0,0,0,0,0,4,2,13
,2023-09198,39.74037509,-105.0142269,3/9/2023 11:05,11:05:00,12,0,1,I-25 & W COLFAX AVE,1,1,0,0,1,4,0,0,55,0,0,0,0,2,1,3,3
,2023-09200,39.71111636,-104.9622673,3/9/2023 15:55,15:55:00,12,0,0,E ALAMEDA AVE & S GAYLORD ST,1,2,0,0,1,4,0,0,30,0,0,0,0,0,4,2,13
,2023-09202,39.72550138,-105.013365,3/10/2023 12:35,12:35:00,12,0,1,I-25 & W 6TH AVE,1,1,1,0,1,4,0,0,55,0,0,0,0,1,1,2,3
,2023-09203,39.77398762,-104.846826,3/5/2023 14:45,14:45:00,12,0,0,I-70 & N PEORIA ST,1,1,0,0,1,4,0,0,65,0,0,0,0,0,1,2,11
,2023-09206,39.75151067,-105.0164555,3/9/2023 5:40,5:40:00,5,0,1,I-25 & W 23RD AVE,1,3,1,0,2,4,0,0,55,0,0,0,0,1,1,3,14
,2023-09208,39.67848783,-104.9899582,3/9/2023 21:32,21:32:00,3,0,0, BANNOCK ST & W EVANS AVE,1,3,0,0,1,1,0,0,,0,0,0,0,0,4,2,16
,2023-09213,39.76544486,-105.0236198,3/9/2023 11:23,11:23:00,6,0,0,3638  ELIOT ST & W 35TH ST,1,1,0,0,3,4,0,0,,0,0,0,0,0,4,2,16
,2023-09214,39.76202087,-105.0190503,3/9/2023 14:56,14:56:00,6,0,0,W 32ND AVE & N BRYANT ST,1,1,0,0,1,4,0,0,25,0,0,0,0,0,4,2,13
,2023-09215,39.67848895,-104.9664012,3/9/2023 10:15,10:15:00,3,0,0, WILLIAMS ST & E EVANS AVE,1,1,0,0,1,1,0,0,25,0,0,0,0,0,4,2,3
,2023-09216,39.76212505,-105.0322887,3/9/2023 7:00,7:00:00,6,0,0,W 32ND AVE & N JULIAN ST,1,2,0,0,1,4,0,0,25,0,0,0,0,0,4,2,16
,2023-09217,39.78372027,-104.940456,3/9/2023 12:08,12:08:00,15,0,0, COLORADO BLVD & E 48TH AVE,1,1,0,0,1,4,0,0,,0,0,0,0,0,2,2,16
,2023-09218,39.73045161,-104.9741038,2/12/2023 17:24,17:24:00,16,0,0,E 9TH AVE & N CORONA ST,1,1,0,0,5,4,0,0,,0,0,0,0,0,3,2,16
,2023-09219,39.75146092,-104.9858225,3/9/2023 12:00,12:00:00,6,0,0,22ND ST & STOUT ST,1,1,0,0,1,1,0,0,25,0,0,0,0,0,4,2,3
,2023-09220,39.7241314,-104.9862517,3/8/2023 8:15,8:15:00,15,0,0, LINCOLN ST & E 5TH AVE,1,1,0,0,1,1,0,0,,0,0,0,0,0,4,2,16
,2023-09221,39.79838313,-104.7721172,3/9/2023 16:30,16:30:00,1,0,0, TOWER RD & E 56TH AVE,1,1,1,0,1,1,0,0,45,0,0,0,0,0,4,2,16
,2023-09222,39.73072642,-105.0155621,3/9/2023 14:18,14:18:00,15,0,0,I-25 & W 8TH AVE,1,1,1,0,1,4,0,0,55,0,0,0,0,0,1,2,10
,2023-09224,39.69836168,-104.8659391,3/9/2023 11:38,11:38:00,12,0,0, HAVANA ST & E TENNESSEE AVE,1,1,0,0,1,1,0,0,40,0,0,0,0,0,2,2,10
,2023-09225,39.72253636,-104.9874857,3/8/2023 16:00,16:00:00,3,0,0,W 4TH AVE & N BROADWAY ST,1,1,0,0,1,1,0,0,25,0,0,0,0,0,4,2,3
,2023-09227,39.74973727,-104.9932269,3/10/2023 7:07,7:07:00,3,0,2,ARAPAHOE ST & 18TH ST,1,1,0,0,1,1,0,0,25,0,0,0,0,1,4,2,16
,2023-09229,39.74013999,-105.0142034,3/7/2023 14:48,14:48:00,12,0,0,I-25 & W COLFAX AVE,1,1,0,0,1,4,0,0,55,0,0,0,0,0,1,2,13
,2023-09230,39.78004831,-104.9409071,3/9/2023 7:15,7:15:00,15,0,0,I-70 & N COLORADO BLVD,1,1,0,0,1,4,0,0,55,0,0,0,0,0,1,2,11
,2023-09231,39.66758439,-104.9199001,3/8/2023 14:15,14:15:00,12,0,0,E YALE AVE & S JERSEY ST,1,1,0,0,1,1,0,0,30,0,0,0,0,1,4,2,14
,2023-09236,39.683109,-104.9405183,3/9/2023 17:57,17:57:00,12,0,2,I-25 & S COLORADO BLVD,1,1,0,0,1,4,0,0,55,0,0,0,0,2,1,3,13
,2023-09243,39.69407385,-104.9176256,3/9/2023 19:15,19:15:00,12,0,0,E CHERRY CREEK  DR & S KEARNEY ST,1,3,0,0,1,4,0,0,30,0,0,0,0,0,4,2,16
,2023-09252,39.71923484,-104.9485841,3/10/2023 11:30,11:30:00,6,0,0,ADAMS ST & E 2ND AVE,1,1,0,0,1,3,0,0,25,0,0,0,0,0,4,2,16
,2023-09256,39.74185754,-105.0532149,3/10/2023 1:50,1:50:00,5,0,1, SHERIDAN BLVD & W 16TH AVE,1,3,0,0,6,4,0,0,35,0,0,0,0,2,2,1,16
,2023-09269,39.75521843,-104.9999036,3/10/2023 2:30,2:30:00,16,0,0,1801 WEWATTA ST,1,3,1,1,5,7,0,0,,0,0,0,0,0,3,1,16
,2023-09270,39.7727923,-104.8472,3/10/2023 15:33,15:33:00,12,0,0,I-70 EB OFF RAMP & N PEORIA ST,1,1,0,0,1,8,0,0,35,0,0,0,0,0,1,2,3
,2023-09271,39.78094213,-104.8828179,3/9/2023 15:19,15:19:00,1,0,0, CENTRAL PARK BLVD & E 46TH AVE,1,1,0,0,1,1,0,0,40,0,0,0,0,1,4,2,11
,2023-09278,39.73999165,-104.9647816,2/25/2023 2:06,2:06:00,12,0,0,W COLFAX AVE & N HIGH ST,1,3,0,0,1,3,0,0,35,0,0,0,0,0,2,3,16
,2023-09281,39.76188333,-104.9902075,1/18/2023 21:04,21:04:00,14,0,0,WEWATTA WAY & DENARGO ST,4,3,0,0,1,4,0,0,,0,0,0,0,0,4,2,16
,2023-09282,39.78241234,-105.0252745,2/17/2023 2:26,2:26:00,5,0,0, FEDERAL BLVD & W 47TH AVE,1,3,0,0,3,4,0,0,35,0,0,0,0,0,2,1,3
,2023-09283,39.75763884,-105.0532388,1/31/2023 23:30,23:30:00,5,0,0, SHERIDAN BLVD & W 29TH AVE,1,3,0,0,3,4,0,0,35,0,0,0,0,0,2,1,14
,2023-09284,39.71658502,-104.9891732,2/28/2023 14:45,14:45:00,6,0,0,W ELLSWORTH AVE & N ACOMA ST,1,1,0,0,1,1,0,0,,0,0,0,0,0,4,2,16
,2023-09286,39.67390651,-105.0458167,2/25/2023 19:30,19:30:00,6,0,0,W HARVARD AVE & S VRAIN ST,1,3,0,0,1,4,0,0,30,0,0,0,0,0,4,2,16
,2023-09287,39.75121493,-105.0060914,3/10/2023 21:06,21:06:00,15,0,0, SPEER BLVD & WAZEE ST,1,3,0,0,1,4,0,0,40,0,0,0,0,0,4,2,11
,2023-09288,39.75882813,-104.9929429,3/10/2023 18:18,18:18:00,12,0,2,PARK AVE W & DELGANY ST,1,4,0,0,1,4,0,0,35,0,0,0,0,2,4,2,3
,2023-09289,39.69656139,-104.877641,1/31/2023 8:17,8:17:00,15,0,0,E MISSISSIPPI AVE & S CLINTON ST,4,1,0,0,1,1,0,0,35,0,0,0,0,0,4,2,11
,2023-09290,39.74471722,-104.9874162,2/20/2023 14:00,14:00:00,6,0,0, BROADWAY ST & E 18TH AVE,1,1,0,0,1,4,0,0,30,0,0,0,0,0,4,2,13
,2023-09291,39.73562767,-104.8999814,2/25/2023 11:40,11:40:00,12,0,0,E 12TH AVE & N ROSEMARY ST,1,1,0,0,1,4,0,0,25,0,0,0,0,0,4,2,13
,2023-09292,39.73298639,-105.0251555,3/3/2023 19:59,19:59:00,1,0,0,W 10TH AVE & N FEDERAL BLVD,1,3,0,0,1,1,0,0,,0,0,0,0,0,2,2,16
,2023-09295,39.71118308,-104.9988839,2/14/2023 17:00,17:00:00,12,0,0,I-25 & W ALAMEDA AVE,1,3,0,0,1,4,0,0,65,0,0,0,0,0,1,2,16
,2023-09296,39.79830177,-104.8046901,3/11/2023 8:18,8:18:00,8,0,2,E 56TH AVE & N LAREDO ST,1,1,0,0,1,4,0,0,45,0,0,0,0,3,4,2,16
,2023-09297,39.77656176,-104.9895697,3/11/2023 15:51,15:51:00,12,0,0,I-25 & SB OFF RAMP GORE PT TO PARK AVE W,1,1,0,7,1,4,0,0,55,0,0,0,0,0,1,3,16
,2023-09300,39.72932093,-105.0251486,3/6/2023 1:32,1:32:00,12,0,2, FEDERAL BLVD & W 8TH AVE,1,3,0,0,1,1,0,0,35,0,0,0,0,2,2,2,1
,2023-09301,39.75847469,-105.0510464,2/20/2023 7:29,7:29:00,6,0,0,W 29TH AVE & N YATES ST,1,1,0,0,1,4,0,0,30,0,0,0,0,0,4,5,1
,2023-09303,39.75644811,-105.0092938,2/18/2023 14:26,14:26:00,12,0,0,PLATTE ST & 15TH ST,1,1,0,0,1,4,0,0,35,0,0,0,0,0,4,2,16
,2023-09307,39.75339894,-104.9122155,3/2/2023 10:43,10:43:00,5,0,0,E 25TH AVE & MONACO ST,1,1,0,0,2,3,0,0,30,0,0,0,0,0,4,1,1
,2023-09308,39.78278673,-105.0068301,2/27/2023 7:20,7:20:00,15,0,0,I-70 EB OFF RAMP & N PECOS ST,1,1,1,0,1,8,0,0,45,0,0,0,0,0,1,2,3
,2023-09309,39.73515358,-104.9823113,3/1/2023 23:18,23:18:00,6,0,0,E 12TH AVE & N LOGAN ST,1,4,0,0,1,4,0,0,35,0,0,0,0,0,4,4,16
,2023-09312,39.74034518,-105.0155494,3/5/2023 2:24,2:24:00,12,0,5,W COLFAX AVE & I-25 SB OFF RAMP,1,3,0,0,1,3,0,0,40,0,0,0,0,3,2,4,1
,2023-09316,39.63882242,-104.8852161,2/17/2023 16:56,16:56:00,12,0,0, YOSEMITE ST & I-225 NB RAMPS,1,1,0,0,1,1,0,0,,0,0,0,0,0,4,2,16
,2023-09317,39.71466215,-104.9407884,2/26/2023 20:16,20:16:00,5,0,0, COLORADO BLVD & E BAYAUD AVE,1,3,1,0,3,1,0,0,,0,0,0,0,0,2,1,16