id,drcog_id,latitude,longitude,crashtime,time,crashtype,numbkilled,numbinjurd,drcoglocat,rdconditin,lightngcon,roadcntgrd,weatherco,location,roaddescrp,schoolzone,constrzone,splimit,bikeinv,pedinv,sctrinv,motoinv,svrty,rdsystem,ttlvehcls,hcf
,2023-09318,39.70294743,-104.9128985,3/2/2023 4:38,4:38:00,3,0,0, MONACO ST & LEETSDALE DR,1,3,1,0,1,3,0,0,,0,0,0,0,0,4,2,16
,2023-09320,39.79465544,-104.8391534,2/17/2023 19:35,19:35:00,6,0,0, TUCSON ST & 55TH AVE,1,4,0,0,1,4,0,0,25,0,0,0,0,0,4,2,14
,2023-09321,39.67125035,-104.9282977,2/25/2023 20:34,20:34:00,15,0,0,I-25 & OFF RAMP GORE PT TO E YALE AVE,1,3,0,0,1,4,0,0,65,0,0,0,0,0,1,2,16
,2023-09322,39.71803019,-104.9522171,2/8/2023 18:03,18:03:00,3,0,1,E 1ST AVE & N MILWAUKEE ST,1,3,0,0,1,1,0,0,,0,0,0,0,1,4,2,16
,2023-09323,39.77131409,-104.7562783,3/7/2023 0:50,0:50:00,6,0,0,E 40TH PL & N GENOA ST,1,3,0,0,1,1,0,0,25,0,0,0,0,0,4,2,14
,2023-09324,39.72561454,-104.95824,3/11/2023 12:00,12:00:00,3,0,0,E 6TH AVE & N JOSEPHINE ST,1,1,0,0,1,1,0,0,35,0,0,0,0,1,4,2,16
,2023-09329,39.74471075,-104.9964063,2/7/2023 11:30,11:30:00,6,0,0,14TH ST & CHAMPA ST,1,1,0,0,1,4,0,0,,0,0,0,0,0,4,2,3
,2023-09331,39.63777238,-104.9093002,2/9/2023 12:45,12:45:00,12,0,2,I-25 & I-225,1,1,0,0,1,4,0,0,65,0,0,0,0,1,1,3,16
,2023-09332,39.74007904,-104.9034682,2/18/2023 21:55,21:55:00,3,0,0,E COLFAX AVE & N QUEBEC ST,1,3,0,0,1,1,0,0,30,0,0,0,0,0,2,2,16
,2023-09333,39.65367345,-104.8681122,3/10/2023 18:52,18:52:00,12,0,1,10350 E HAMPDEN AVE & S GALENA ST,1,3,0,0,1,3,0,0,45,0,0,0,0,2,2,2,16
,2023-09334,39.74932252,-104.9696514,1/31/2023 10:39,10:39:00,6,0,0,HUMBOLDT ST & E 22ND AVE,4,1,0,0,1,4,0,0,25,0,0,0,0,1,4,2,13
,2023-09335,39.7007744,-104.9328757,2/26/2023 2:00,2:00:00,6,0,0, DEXTER ST & E KENTUCKY AVE,1,3,1,0,1,2,0,0,25,0,0,0,0,0,4,2,11
,2023-09337,39.72176998,-105.0131741,2/13/2023 19:18,19:18:00,15,0,1,I-25 & W 6TH AVE NB OFF RAMP GORE PT,1,3,1,0,1,4,0,0,55,0,0,0,0,2,1,2,1
,2023-09338,39.81276522,-104.7723036,3/11/2023 19:44,19:44:00,12,0,0,E 64TH AVE & N TOWER RD,1,3,0,0,1,1,0,0,25,0,0,0,0,0,4,2,7
,2023-09341,39.69590706,-104.9222612,1/17/2023 17:14,17:14:00,10,0,0,E CHERRY CREEK  DR & S HOLLY ST,1,1,0,0,1,3,0,0,,0,0,0,0,0,4,2,16
,2023-09342,39.71120205,-104.8929102,1/24/2023 16:15,16:15:00,12,0,0, FAIRMOUNT DR & E ALAMEDA AVE,1,1,0,0,1,1,0,0,,0,0,0,0,0,4,2,16
,2023-09344,39.77324153,-104.8381564,3/11/2023 0:02,0:02:00,12,0,0,I-70 & N PEORIA ST,1,3,0,0,1,4,0,0,60,0,0,0,0,0,1,2,11
,2023-09346,39.78236697,-104.8590198,2/8/2023 10:10,10:10:00,15,0,1,E 47TH AVE & N KINGSTON ST,1,1,0,0,1,1,0,0,35,0,0,0,0,2,4,2,16
,2023-09347,39.73675726,-104.9217396,1/20/2023 18:04,18:04:00,5,0,0,E 13TH AVE & N IVANHOE ST,11,3,0,0,2,3,0,0,30,0,0,0,0,0,4,1,16
,2023-09348,39.69566167,-104.90352,3/11/2023 17:20,17:20:00,3,0,0,E MISSISSIPPI AVE & S QUEBEC ST,1,3,0,0,1,1,0,0,30,0,0,0,0,1,4,2,13
,2023-09350,39.78237909,-104.8470104,2/18/2023 15:40,15:40:00,15,0,0, PEORIA ST & E ALBROOK DR,1,1,0,0,1,1,0,0,40,0,0,0,0,0,4,2,16
,2023-09352,39.77360368,-104.8138482,3/11/2023 5:41,5:41:00,5,0,1,E ANDREWS DR & E MITCHELL PL,11,2,0,1,3,4,0,0,25,0,0,0,0,1,4,1,14
,2023-09354,39.7642594,-105.0019194,2/11/2023 0:00,0:00:00,15,0,1,I-25 & 20TH ST,1,3,0,0,1,8,0,0,55,0,0,0,0,2,1,2,16
,2023-09429,39.67719813,-104.9041773,3/12/2023 12:53,12:53:00,15,0,0,E EVANS AVE & S QUEBEC ST,1,1,0,0,1,4,0,0,35,0,0,0,0,0,4,2,7
,2023-09431,39.75822954,-104.9597746,3/11/2023 21:15,21:15:00,3,0,0,E 29TH AVE & N YORK ST,1,3,0,0,1,1,0,0,35,0,0,0,0,0,4,2,14
,2023-09432,39.63860633,-104.9047076,3/12/2023 1:43,1:43:00,5,0,0,7200 7200 E QUINCY AVE,1,3,1,0,2,4,0,0,35,0,0,0,0,0,4,1,1
,2023-09435,39.76449833,-104.9721008,3/12/2023 1:05,1:05:00,3,0,0, MARION ST & E BRUCE RANDOLPH AVE,1,3,0,0,1,3,0,0,30,0,0,0,0,0,4,3,14
,2023-09436,39.83811358,-104.7138943,3/11/2023 14:02,14:02:00,5,0,0,E 78TH AVE & GUN CLUB RD,1,1,0,0,3,4,0,0,45,0,0,0,0,0,4,1,2
,2023-09438,39.77421511,-104.849455,3/12/2023 15:58,15:58:00,12,0,0,I-70 & PEORIA ST,1,1,0,0,1,4,0,0,65,0,0,0,0,0,1,2,13
,2023-09439,39.73839227,-104.973019,3/11/2023 16:39,16:39:00,3,0,1, DOWNING ST & E 14TH AVE,1,1,3,0,1,1,0,0,30,0,0,0,0,2,4,2,16
,2023-09446,39.63866273,-104.9040084,3/12/2023 13:51,13:51:00,3,0,0, QUEBEC ST & E QUINCY AVE,1,1,0,0,1,1,0,0,25,0,0,0,0,0,4,2,3
,2023-09451,39.7828384,-105.0530899,3/2/2023 7:45,7:45:00,10,0,0, SHERIDAN BLVD & I-70 EB ON RAMP,1,1,0,7,1,8,0,0,,0,0,0,0,0,2,2,13
,2023-09459,39.74051678,-104.988497,3/7/2023 0:20,0:20:00,5,0,0,W COLFAX AVE & 15TH ST,1,3,0,0,3,1,0,0,30,0,0,0,0,0,2,1,1
,2023-09463,39.72542386,-105.0521495,3/12/2023 5:09,5:09:00,12,0,1,W 6TH AVE & N SHERIDAN BLVD,1,4,0,0,1,4,0,0,55,0,0,0,0,1,2,2,14
,2023-09468,39.66121911,-105.0575854,3/8/2023 7:26,7:26:00,15,0,0, GOLDEN WAY & W BATES AVE,1,1,0,0,1,4,0,0,25,0,0,0,0,0,4,2,16
,2023-09469,39.71120439,-104.9983795,3/12/2023 0:41,0:41:00,5,0,1,W ALAMEDA AVE & S KALAMATH ST,1,3,0,0,2,3,0,0,35,0,0,0,0,2,4,1,14
,2023-09470,39.68228935,-105.0527725,1/23/2023 18:07,18:07:00,3,0,1,W JEWELL AVE & S SHERIDAN BLVD,1,3,3,7,1,2,0,0,,0,0,0,0,2,4,2,16
,2023-09491,39.83476798,-104.7718849,3/12/2023 3:03,3:03:00,5,0,0, TOWER RD & PENA BLVD,1,3,0,0,3,4,0,0,45,0,0,0,0,1,4,1,16
,2023-09495,39.77391581,-104.9028915,3/12/2023 3:03,3:03:00,5,0,0, QUEBEC ST & NORTHFIELD QUEBEC RAMP,1,3,1,0,2,4,0,0,35,0,0,0,0,0,4,2,1
,2023-09499,39.78924549,-105.020934,3/12/2023 12:30,12:30:00,12,0,0,W 51ST AVE & N CLAY ST,1,1,0,0,1,4,0,0,30,0,0,0,0,0,4,2,13
,2023-09507,39.66757596,-104.9257609,2/6/2023 16:50,16:50:00,12,0,1,I-25 & E YALE AVE,1,1,3,0,1,4,0,0,55,0,0,0,0,2,1,3,13
,2023-09508,39.74007949,-104.9035261,3/13/2023 17:02,17:02:00,12,0,0,E COLFAX AVE & N QUEBEC ST,1,1,0,0,1,4,0,0,35,0,0,0,0,0,2,2,16
,2023-09510,39.77956255,-104.9873128,3/13/2023 8:43,8:43:00,12,0,0,EB -70 ON RAMP FROM NB -25 & I-25,1,1,0,0,1,8,0,0,45,0,0,0,0,0,1,2,13
,2023-09511,39.75698977,-105.0177691,3/13/2023 7:10,7:10:00,12,0,0,SPEER BLVD & N ALCOTT ST,1,1,1,1,1,3,0,0,35,0,0,0,0,0,4,3,1
,2023-09512,39.81461813,-104.7720774,3/13/2023 5:55,5:55:00,3,0,1,E 65TH AVE & N TOWER RD,1,1,0,0,1,1,0,0,40,0,0,0,0,2,4,2,1
,2023-09513,39.76735473,-104.8980688,3/11/2023 13:07,13:07:00,3,0,0,E 36TH AVE & N SYRACUSE ST,1,1,0,6,1,2,0,0,,0,0,0,0,0,4,2,14
,2023-09515,39.72097772,-104.9558864,3/13/2023 17:35,17:35:00,15,0,0,E 3RD AVE & N CLAYTON ST,1,1,0,0,1,3,0,0,25,0,0,0,0,0,4,2,13
,2023-09517,39.78235093,-104.8463002,2/19/2023 17:16,17:16:00,12,0,0,E ALBROOK DR & PEORIA ST,1,1,0,0,1,4,0,0,30,0,0,0,0,0,4,3,13
,2023-09518,39.76740441,-104.9026663,3/13/2023 6:47,6:47:00,12,0,0,E 36TH AVE & N QUEBEC ST,1,1,0,0,1,4,0,0,25,0,0,0,0,0,4,2,16
,2023-09521,39.692022,-104.9769301,3/13/2023 9:08,9:08:00,12,0,2,I-25 & S EMERSON ST,1,1,3,7,1,4,0,0,55,0,0,0,0,2,1,3,16
,2023-09522,39.76182454,-104.9499259,3/2/2023 11:28,11:28:00,3,0,1,E MLK BLVD & N STEELE ST,1,1,0,0,1,1,0,0,30,0,0,0,0,3,4,2,16
,2023-09524,39.72906712,-104.986141,3/11/2023 14:35,14:35:00,3,0,0,E 8TH AVE & N LINCOLN ST,1,1,0,0,1,1,0,0,30,0,0,0,0,0,4,3,11
,2023-09525,39.69552103,-105.0297321,3/10/2023 13:35,13:35:00,6,0,0, IRVING ST & W ARIZONA AVE,1,1,0,0,1,2,0,0,25,0,0,0,0,0,4,2,11
,2023-09526,39.75644428,-104.9898209,3/13/2023 7:35,7:35:00,3,0,0,PARK AVE W & MARKET ST,1,1,0,0,1,1,0,0,25,0,0,0,0,0,4,2,13
,2023-09532,39.76056099,-104.9684238,3/10/2023 18:15,18:15:00,6,0,0,FRANKLIN ST & E 31ST AVE,1,3,0,0,1,4,0,0,,0,0,0,0,0,4,2,16
,2023-09533,39.74485402,-105.0252252,3/10/2023 17:10,17:10:00,1,0,0, FEDERAL BLVD & W 18TH AVE,1,1,0,0,1,2,0,0,30,0,0,0,0,0,2,2,7
,2023-09537,39.74028483,-104.9034568,3/12/2023 12:30,12:30:00,15,0,0, QUEBEC ST & E. COLFAX AVE,1,1,0,0,1,4,0,0,30,0,0,0,0,0,4,2,11
,2023-09540,39.78784453,-104.8446493,3/11/2023 10:20,10:20:00,6,0,0,QUENTIN ST & W 50TH AVE,1,1,0,0,1,4,0,0,25,0,0,0,0,0,4,2,3
,2023-09541,39.68530075,-105.0297862,3/12/2023 8:15,8:15:00,5,0,0, IRVING ST & W COLORADO AVE,1,1,1,0,2,4,0,0,25,0,0,0,0,0,4,1,16
,2023-09552,39.75588116,-104.9986936,3/11/2023 11:45,11:45:00,12,0,0,WEWATTA ST & 19TH ST,1,1,0,0,1,4,0,0,30,0,0,0,0,0,4,2,13
,2023-09556,39.73840717,-104.9597771,3/12/2023 21:03,21:03:00,15,0,0, YORK ST & E 14TH AVE,1,3,0,0,1,3,0,0,30,0,0,0,0,0,4,2,11
,2023-09570,39.76443832,-105.0110962,3/13/2023 9:07,9:07:00,6,0,0,W 34TH AVE & N TEJON ST,1,1,0,0,2,4,0,0,25,0,0,0,0,0,4,2,1
,2023-09572,39.78050356,-104.9529064,3/9/2023 8:30,8:30:00,12,0,4,I-70 & N FILLMORE ST,1,1,0,0,1,4,0,0,55,0,0,0,0,1,1,3,16
,2023-09579,39.75154944,-105.0065113,3/13/2023 7:56,7:56:00,5,0,0, SPEER BLVD & WEWATTA ST,1,1,0,0,6,4,0,0,35,0,0,0,0,0,4,1,16
,2023-09580,39.74973727,-104.9932269,3/10/2023 7:07,7:07:00,3,0,0,ARAPAHOE ST & 18TH ST,1,1,0,0,1,1,0,0,25,0,0,0,0,1,4,2,16
,2023-09586,39.73870462,-104.8881909,3/13/2023 16:06,16:06:00,3,0,0,E 14TH AVE & N WILLOW ST,1,1,0,0,1,1,0,0,25,0,0,0,0,0,4,2,13
,2023-09588,39.78018445,-105.0532605,3/13/2023 14:22,14:22:00,1,0,0, SHERIDAN BLVD & W 46TH AVE,1,1,0,0,1,1,0,0,35,0,0,0,0,0,2,2,13
,2023-09590,39.74022202,-104.8917015,3/12/2023 3:08,3:08:00,14,0,1,E COLFAX AVE & N VALENTIA ST,1,3,0,0,6,1,0,0,30,0,0,0,0,1,2,2,1
,2023-09604,39.79839147,-104.9034063,2/23/2023 22:50,22:50:00,1,0,0,E 56TH AVE & QUEBEC ST,1,3,0,0,1,1,0,0,45,0,0,0,0,0,4,2,13
,2023-09610,39.78926881,-104.8470873,3/11/2023 12:05,12:05:00,1,0,0, PEORIA ST & E 51ST AVE,1,1,0,0,1,1,0,0,35,0,0,0,0,0,4,2,1
,2023-09622,39.77274299,-104.9751349,3/12/2023 11:22,11:22:00,15,0,0,38TH ST & BRIGHTON BLVD,1,1,0,0,1,4,0,0,30,0,0,0,0,0,4,2,13
,2023-09631,39.70389879,-105.0238598,3/11/2023 8:35,8:35:00,3,0,0, ELIOT ST & W EXPOSITION AVE,1,1,0,0,1,1,0,0,25,0,0,0,0,0,4,2,1
,2023-09642,39.74327186,-104.9811188,1/28/2023 20:40,20:40:00,6,0,0,E 17TH AVE & PENNSYLVANIA ST,9,3,0,0,1,3,0,0,25,0,0,0,0,0,4,4,16
,2023-09646,39.71116864,-104.9971288,3/14/2023 8:06,8:06:00,12,0,0, SANTA FE DR & E ALAMEDA AVE,1,1,0,0,1,3,0,0,35,0,0,0,0,0,2,2,3
,2023-09660,39.77935849,-104.9791813,3/13/2023 6:45,6:45:00,12,0,0,EB -70 ON RAMP FROM NB -25 & N WASHINGTON ST,1,2,0,0,1,8,0,0,55,0,0,0,0,0,1,3,16
,2023-09665,39.74040284,-105.0236128,3/13/2023 23:36,23:36:00,12,0,0,W COLFAX AVE & N ELIOT ST,1,3,0,0,1,3,0,0,40,0,0,0,0,0,2,2,16
,2023-09666,39.69414255,-104.9792536,3/13/2023 9:07,9:07:00,15,0,0,I-25 & S WASHINGTON ST,1,1,0,0,1,4,0,0,60,0,0,0,0,0,1,2,14
,2023-09667,39.76549159,-105.0252987,3/14/2023 12:40,12:40:00,12,0,1, FEDERAL BLVD & W 35TH AVE,1,1,0,0,1,3,0,0,35,0,0,0,0,1,2,4,1
,2023-09668,39.73935202,-105.0130572,3/14/2023 11:38,11:38:00,15,0,0,I-25 ON RAMP FROM EB W COLFAX AVE,1,1,1,0,1,8,0,0,,0,0,0,0,0,1,2,16
,2023-09674,39.79182608,-104.8867585,3/13/2023 18:00,18:00:00,1,0,0,E PRAIRIE MEADOW DR & N YOSEMITE WAY,1,1,0,0,1,4,0,0,30,0,0,0,0,0,4,2,11
,2023-09683,39.69480782,-104.9874493,3/13/2023 10:15,10:15:00,12,0,0, BROADWAY & E ARIZONA AVE,1,1,0,0,1,1,0,0,30,0,0,0,0,0,4,2,3
,2023-09689,39.69294209,-104.9405601,3/13/2023 6:59,6:59:00,3,0,0,E LOUISIANA AVE & S COLORADO BLVD,1,1,0,0,1,1,0,0,25,0,0,0,0,0,2,2,11
,2023-09690,39.71835031,-104.9607263,3/14/2023 16:00,16:00:00,12,0,0,E 1ST AVE & N GAYLORD ST,1,1,0,0,1,1,0,0,30,0,0,0,0,0,4,2,3
,2023-09692,39.77868977,-104.8632749,3/13/2023 14:10,14:10:00,3,0,0, IRONTON ST & E 45TH AVE,1,1,0,0,1,1,0,0,25,0,0,0,0,0,4,2,11
,2023-09699,39.77668326,-105.0296979,3/12/2023 11:55,11:55:00,12,0,0,W 44TH AVE & N IRVING ST,1,1,0,0,1,3,0,0,30,0,0,0,0,0,4,3,3
,2023-09700,39.68119267,-104.94085,3/14/2023 17:32,17:32:00,12,0,0,1800  COLORADO BLVD,1,1,0,7,1,4,0,0,45,0,0,0,0,0,2,2,3
,2023-09702,39.73687044,-104.9964781,3/13/2023 13:30,13:30:00,12,0,0, SPEER BLVD & W 13TH AVE,1,1,0,0,1,1,0,0,30,0,0,0,0,0,4,3,3
,2023-09703,39.67821599,-104.9334374,3/14/2023 12:37,12:37:00,12,0,0,I-25 & E EVANS AVE,1,1,1,0,1,4,0,0,55,0,0,0,0,0,1,2,13
,2023-09705,39.7404732,-105.0160734,3/14/2023 19:42,19:42:00,6,0,0,W COLFAX AVE & N FEDERAL BLVD,1,3,0,0,1,4,0,0,45,0,0,0,0,0,2,2,14
,2023-09707,39.76448947,-104.9597715,3/13/2023 16:05,16:05:00,3,0,0,E BRUCE RANDOLPH AVE & N YORK ST,1,1,0,0,1,1,0,0,30,0,0,0,0,1,4,2,11
,2023-09708,39.78004999,-104.9409418,3/13/2023 7:40,7:40:00,12,0,2,I-70 & N COLORADO BLVD,1,1,0,0,1,4,0,0,55,0,0,0,0,1,1,4,11
,2023-09709,39.77782905,-104.9530328,3/14/2023 7:34,7:34:00,6,0,0,FILLMORE ST & E 44TH AVE,1,3,0,0,1,3,0,0,25,0,0,0,0,0,4,2,11
,2023-09716,39.70983289,-104.9964951,3/14/2023 15:15,15:15:00,12,0,0, SANTA FE DR & W ALAMEDA AVE,1,1,3,0,1,4,0,0,45,0,0,0,0,0,2,3,13
,2023-09717,39.83202107,-104.7762096,3/13/2023 20:20,20:20:00,5,0,0,PENA BLVD & N TOWER RD,1,3,0,0,2,4,0,0,65,0,0,0,0,0,4,1,7
,2023-09718,39.65268759,-104.9183358,3/14/2023 14:52,14:52:00,15,0,1,I-25 & E HAMPDEN AVE,1,1,0,0,1,4,0,0,55,0,0,0,0,1,1,3,10
,2023-09719,39.78016384,-104.9557433,3/6/2023 15:45,15:45:00,12,0,0,I-70 & BRIGHTON BLVD,1,1,0,0,1,4,0,0,55,0,0,0,0,0,1,2,11
,2023-09722,39.78352759,-104.7721151,3/14/2023 12:20,12:20:00,12,0,0, TOWER RD & E GREEN VALLEY RANCH BLVD,1,1,0,0,1,3,0,0,40,0,0,0,0,0,4,2,3
,2023-09724,39.6841755,-104.9781089,3/14/2023 18:26,18:26:00,6,0,1, CLARKSON ST & E COLORADO AVE,1,1,0,0,2,4,0,0,25,0,0,0,0,2,4,2,14
,2023-09732,39.74746419,-104.8845476,3/14/2023 7:35,7:35:00,12,0,0,E MONTVIEW BLVD & N CENTRAL PARK BLVD,1,1,0,0,1,3,0,0,30,0,0,0,0,0,4,2,16
,2023-09737,39.69143892,-104.9128892,3/14/2023 17:26,17:26:00,1,0,2, MONACO ST & E CHERRY CREEK N DR,1,1,0,0,1,1,0,0,35,0,0,0,0,3,4,2,11
,2023-09742,39.77958812,-104.8252361,1/22/2023 14:50,14:50:00,15,0,0,E ALBROOK DR & N CARSON ST,8,1,0,0,1,1,0,0,,0,0,0,0,0,4,2,16
,2023-09746,39.73762302,-104.9776109,3/13/2023 14:20,14:20:00,15,0,0,CLARKSON ST & E 14TH AVE.,1,1,0,0,1,4,0,1,30,0,0,0,0,0,4,2,14
,2023-09748,39.76710997,-104.9944555,3/13/2023 7:39,7:39:00,15,0,0,I-25 ON RAMP & PARK AVE W,1,1,0,0,1,8,0,0,35,0,0,0,0,0,4,2,11
,2023-09756,39.65311162,-104.9215776,3/14/2023 10:29,10:29:00,12,0,0,E HAMPDEN AVE & S IVANHOE ST,1,1,1,0,1,3,0,0,40,0,0,0,0,0,2,2,10
,2023-09757,39.74000038,-104.978997,3/14/2023 0:10,0:10:00,6,0,1,638 E COLFAX AVE & N WASHINGTON ST,1,3,0,0,1,4,0,0,35,0,0,0,0,1,2,3,16
,2023-09758,39.71752051,-105.0039708,3/13/2023 16:11,16:11:00,15,0,0,I-25 & W 6TH AVE,1,1,0,0,1,4,0,0,55,0,0,0,0,0,1,2,2
,2023-09766,39.78571977,-104.8830669,3/14/2023 16:09,16:09:00,3,0,0, CENTRAL PARK BLVD & E NORTHFIELD BLVD,1,1,0,0,1,1,0,0,35,0,0,0,0,1,4,3,13
,2023-09768,39.76094051,-105.0043135,3/13/2023 14:16,14:16:00,12,0,0,I-25 & 20TH ST,1,1,0,0,1,4,0,0,55,0,0,0,0,0,1,2,1
,2023-09769,39.72567236,-104.9928347,3/13/2023 11:15,11:15:00,10,0,0,W 6TH AVE & S DELAWARE ST,1,1,0,0,1,1,0,0,30,0,0,0,0,0,4,2,3
,2023-09771,39.7061017,-104.9189234,3/13/2023 13:43,13:43:00,3,0,1,LEETSDALE DR & S HOLLY ST,1,1,3,0,1,2,0,0,45,0,0,0,0,1,2,2,11
,2023-09772,39.78049833,-104.8126429,3/14/2023 19:48,19:48:00,3,0,0,E BOLLING DR & N FREEPORT WAY,1,2,0,0,1,1,0,0,25,0,0,0,0,0,4,2,13
,2023-09773,39.68576942,-104.9804585,3/13/2023 16:15,16:15:00,6,0,0, PEARL ST & E MEXICO AVE,1,1,0,0,1,1,0,0,,0,0,0,0,0,4,2,16
,2023-09793,39.68432366,-104.9608621,3/14/2023 8:40,8:40:00,12,0,0,I-25 SB OFF RAMP TO & S UNIVERSITY BLVD,1,1,1,0,1,8,0,0,55,0,0,0,0,0,1,2,12
,2023-09820,39.67467644,-104.9875754,3/11/2023 10:52,10:52:00,12,0,0, BROADWAY ST & E ILIFF AVE,1,1,0,0,1,4,0,0,,0,0,0,0,0,4,2,16
,2023-09832,39.65308224,-104.8987343,3/14/2023 13:22,13:22:00,1,0,0,E HAMPDEN AVE & S TAMARAC DR,1,1,1,0,1,1,0,0,35,0,0,0,0,0,2,3,11
,2023-09835,39.65315179,-105.0583044,3/14/2023 8:01,8:01:00,12,0,0,HAMPDEN AVE & S DEPEW ST,1,2,0,0,1,4,0,0,65,0,0,0,0,0,2,2,11
,2023-09838,39.73842069,-104.9764744,3/14/2023 10:00,10:00:00,6,0,0,E 14TH AVE & N EMERSON ST,1,1,0,0,1,1,0,0,30,0,0,0,0,0,4,2,3
,2023-09839,39.65236834,-104.8757893,3/12/2023 14:55,14:55:00,3,0,0, DAYTON ST & E HAMPDEN AVE,1,1,1,0,1,2,0,0,25,0,0,0,0,0,4,2,10
,2023-09840,39.7983731,-104.7718896,3/13/2023 15:20,15:20:00,12,0,0,E 56TH AVE & N TOWER RD,1,1,0,0,1,4,0,0,40,0,0,0,0,0,4,2,3
,2023-09850,39.74408874,-105.0167353,3/10/2023 14:34,14:34:00,6,0,0,I-25 & W 17TH AVE,1,1,0,0,3,8,0,0,55,0,0,0,0,0,1,2,1
,2023-09854,39.71790526,-105.0396989,3/14/2023 12:18,12:18:00,12,0,0,PERRY ST & W 1ST AVE,1,1,1,0,1,3,0,0,25,0,0,0,0,0,4,2,16
,2023-09857,39.77937722,-104.9794717,3/13/2023 6:45,6:45:00,12,0,0,I-70 EB ON RAMP & N WASHINGTON ST,1,2,0,0,1,8,0,0,,0,0,0,0,0,1,3,16
,2023-09863,39.71472115,-104.9746197,3/14/2023 0:11,0:11:00,6,0,0,E BAYAUD AVE & S CORONA ST,1,3,0,0,1,4,0,0,30,0,0,0,0,0,4,3,14
,2023-09866,39.70387042,-104.9129416,3/14/2023 8:37,8:37:00,12,0,0, MONACO ST & E EXPOSITION AVE,1,1,1,0,1,1,0,0,35,0,0,0,0,0,4,2,11
,2023-09868,39.71139539,-105.0520653,3/13/2023 11:08,11:08:00,6,0,0,W ALAMEDA AVE & S ZENOBIA ST,1,1,0,0,1,4,0,0,35,0,0,0,0,0,2,2,16
,2023-09869,39.67836004,-104.9922464,3/13/2023 10:07,10:07:00,12,0,0, DELAWARE ST & W EVANS AVE,1,1,0,0,1,2,0,0,25,0,0,0,0,0,4,2,11
,2023-09883,39.70930315,-104.9408015,3/14/2023 15:55,15:55:00,12,0,0,E DAKOTA AVE & S COLORADO BLVD,1,1,0,0,1,1,0,0,25,0,0,0,0,0,2,2,13
,2023-09884,39.70221015,-105.02506,3/13/2023 15:56,15:56:00,15,0,0, FEDERAL BLVD & W OHIO AVE,1,1,0,0,1,1,0,0,40,0,0,0,0,0,2,2,3
,2023-09886,39.78217354,-105.0170003,3/14/2023 14:58,14:58:00,12,0,0,4700 ALLEY   ALCOT ST W 47TH AVE,1,1,0,7,1,9,0,0,15,0,0,0,0,0,4,2,13
,2023-09894,39.7683632,-104.9948618,3/14/2023 9:00,9:00:00,15,0,0,I-25 & PARK AVE W,1,1,1,0,1,4,0,0,55,0,0,0,0,0,1,2,16
,2023-09911,39.76212488,-105.0375903,2/18/2023 19:17,19:17:00,6,0,0,W 32ND AVE & N NEWTON ST,1,3,0,0,1,4,0,0,,0,0,0,0,0,4,2,16
,2023-09920,39.76559041,-105.0252988,3/6/2023 13:15,13:15:00,3,0,0, FEDERAL BLVD & W 35TH AVE,1,1,0,0,1,1,0,0,35,0,0,0,0,0,2,2,1
,2023-09921,39.70766013,-104.9035107,3/5/2023 14:56,14:56:00,2,0,1, QUEBEC ST & E VIRGINIA AVE,1,1,1,0,3,3,0,0,45,1,0,0,0,2,1,1,1
,2023-09922,39.7832827,-105.0050027,3/6/2023 6:59,6:59:00,12,0,1,I-70 & N PECOS ST,1,1,0,0,1,4,0,0,55,0,0,0,0,2,1,2,13
,2023-09927,39.7258914,-105.0252844,3/7/2023 15:33,15:33:00,11,0,1, FEDERAL BLVD & W 6TH AVE WB ON RAMP,11,1,0,1,1,1,0,0,0,0,1,0,0,1,2,1,16
,2023-09928,39.68139218,-105.0250224,3/6/2023 12:49,12:49:00,2,0,1, FEDERAL BLVD & W ASBURY AVE,1,1,0,0,1,2,0,0,0,1,0,0,0,1,2,1,16
,2023-09988,39.7289204,-105.0004982,3/14/2023 20:27,20:27:00,6,0,0,W 8TH AVE & N KALAMATH ST,1,3,0,0,1,4,0,0,30,0,0,0,0,0,4,2,16
,2023-09991,39.79838204,-104.7852725,3/15/2023 8:20,8:20:00,12,0,0,E 56TH AVE & PENA BLVD,1,1,0,0,1,4,0,0,40,0,0,0,0,0,4,4,1
,2023-09993,39.74036946,-105.0110079,3/14/2023 18:24,18:24:00,12,0,2,W COLFAX AVE & MILE HIGH STADIUM W CIR,1,1,0,0,1,4,0,0,40,0,0,0,0,2,2,3,3
,2023-09996,39.70962079,-105.0350441,3/15/2023 16:00,16:00:00,12,0,0, LOWELL BLVD & MORRISON RD,1,1,0,0,1,1,0,0,,0,0,0,0,0,4,2,16
,2023-09999,39.78002593,-104.9891611,3/15/2023 12:50,12:50:00,5,0,0,I-25 & I-70,1,1,1,0,3,4,0,0,55,0,0,0,0,0,1,1,2
,2023-10002,39.7699038,-104.8472914,3/14/2023 6:50,6:50:00,15,0,0, PEORIA ST & E 38TH AVE,1,2,1,0,1,4,0,0,35,0,0,0,0,1,4,3,11
,2023-10003,39.75101794,-104.9123861,3/9/2023 23:18,23:18:00,5,0,0, MONACO ST & E 23RD AVE,1,3,0,0,1,1,0,0,35,0,0,0,0,0,4,1,14