id,drcog_id,latitude,longitude,crashtime,time,crashtype,numbkilled,numbinjurd,drcoglocat,rdconditin,lightngcon,roadcntgrd,weatherco,location,roaddescrp,schoolzone,constrzone,splimit,bikeinv,pedinv,sctrinv,motoinv,svrty,rdsystem,ttlvehcls,hcf
,2023-10004,39.62392796,-104.9014862,2/20/2023 13:30,13:30:00,15,0,0,I-25 & E BELLEVIEW AVE,1,1,0,0,1,4,0,0,65,0,0,0,0,0,1,2,13
,2023-10005,39.73043617,-104.9822609,3/3/2023 23:30,23:30:00,6,0,0,E 9TH AVE & N LOGAN ST,1,3,0,0,1,4,0,0,,0,0,0,0,0,4,2,16
,2023-10010,39.72733795,-104.9943808,3/7/2023 14:34,14:34:00,6,0,0,W 7TH AVE & N ELATI ST,1,1,0,0,1,4,0,0,25,0,0,0,0,0,4,3,1
,2023-10018,39.74020306,-104.9989233,3/13/2023 19:40,19:40:00,15,0,0,W COLFAX AVE & N SPEER BLVD,1,3,3,7,1,1,0,0,,0,0,0,1,0,2,2,16
,2023-10020,39.72159062,-104.9810031,3/15/2023 7:07,7:07:00,12,0,0,SPEER BLVD & N PEARL ST,1,1,0,0,1,4,0,0,35,0,0,0,0,1,4,2,16
,2023-10022,39.7093333,-104.9864039,3/15/2023 8:04,8:04:00,8,0,0,E DAKOTA AVE & S LINCOLN ST,1,1,0,0,1,1,0,0,25,0,0,0,0,1,4,3,14
,2023-10024,39.72547503,-105.0324806,3/15/2023 7:02,7:02:00,12,0,1,W 6TH AVE FWY & N KNOX CT,1,1,0,0,1,4,0,0,55,0,0,0,0,1,2,3,7
,2023-10025,39.74005632,-104.9848576,3/15/2023 12:09,12:09:00,1,0,1,E COLFAX AVE & N SHERMAN ST,1,1,0,0,1,1,0,0,35,0,0,0,0,1,2,2,16
,2023-10027,39.6748453,-104.9652564,1/24/2023 15:40,15:40:00,6,0,0,E ILIFF AVE & 2301 S HIGH ST,2,1,0,0,1,3,0,0,,0,0,0,0,0,4,2,16
,2023-10033,39.75601423,-105.0251299,3/14/2023 14:48,14:48:00,15,0,0, FEDERAL BLVD & W 27TH AVE,14,5,3,7,1,4,0,0,35,0,0,0,0,0,2,2,16
,2023-10034,39.72556866,-104.974078,3/15/2023 12:19,12:19:00,3,0,0, CORONA ST & E 6TH AVE,1,1,1,0,1,1,0,0,30,0,0,0,0,0,4,2,16
,2023-10036,39.78237294,-104.8490172,3/15/2023 11:15,11:15:00,3,0,1, PARIS ST & E 47TH AVE,1,1,0,0,1,1,0,0,30,0,0,0,0,1,4,2,11
,2023-10038,39.7111843,-105.0015765,3/10/2023 9:41,9:41:00,12,0,0,W ALAMEDA AVE & S LIPAN ST,1,1,0,0,1,4,0,0,35,0,0,0,0,0,2,3,16
,2023-10039,39.77961431,-104.9407662,3/15/2023 12:54,12:54:00,15,0,0,I-70 & N COLORADO BLVD,1,1,0,0,1,3,0,0,35,0,0,0,0,0,2,2,11
,2023-10043,39.84413746,-104.6769907,3/11/2023 12:16,12:16:00,15,0,0,8148 PENA BLVD & PENA 16 BLVD,1,1,0,7,1,4,0,0,35,0,0,0,0,0,4,2,16
,2023-10046,39.76214328,-104.9511836,3/12/2023 19:15,19:15:00,5,0,0,ST PAUL ST & E MARTIN LUTHER KING JR BLVD,1,2,0,0,3,1,0,0,,0,0,0,0,0,4,1,16
,2023-10047,39.68472503,-104.9504675,3/15/2023 8:55,8:55:00,12,0,0,I-25 & S STEELE ST,1,1,0,0,1,4,0,0,60,0,0,0,0,0,1,2,1
,2023-10048,39.68105599,-104.9316599,3/14/2023 18:45,18:45:00,8,0,1, DAHLIA ST & E ATLANTIC PL,1,2,0,0,1,4,0,0,25,0,0,0,0,2,4,2,16
,2023-10049,39.75103111,-104.9405996,3/15/2023 10:45,10:45:00,12,0,0, COLORADO BLVD & E 23RD AVE,1,1,0,0,1,1,0,0,30,0,0,0,0,0,2,2,3
,2023-10050,39.62421107,-104.8852549,3/15/2023 15:20,15:20:00,12,0,0, YOSEMITE ST & E  BELLVIEW AVE,1,1,0,0,1,3,0,0,35,0,0,0,0,0,4,2,13
,2023-10051,39.69311023,-105.0297219,3/14/2023 13:43,13:43:00,3,0,2, IRVING ST & W LOUISIANA AVE,1,1,0,0,1,1,0,0,,0,0,0,0,1,4,2,16
,2023-10052,39.72571586,-105.0250417,3/15/2023 6:10,6:10:00,3,0,0, FEDERAL BLVD & W 6TH AVE WB RAMPS,1,3,0,0,1,1,0,0,35,0,0,0,0,0,2,2,1
,2023-10053,39.75121011,-105.0236158,3/14/2023 16:12,16:12:00,3,0,0,W 23RD AVE & N ELIOT ST,1,1,0,0,1,1,0,0,25,0,0,0,0,0,4,4,13
,2023-10054,39.74165437,-104.9747851,3/15/2023 15:32,15:32:00,8,0,0,E 16TH AVE & N OGDEN ST,1,1,0,0,1,1,0,0,30,0,0,0,0,1,4,2,13
,2023-10058,39.78314334,-105.006952,3/15/2023 7:40,7:40:00,12,0,1,I-70 & N PECOS ST,1,1,1,0,1,4,0,0,,0,0,0,0,1,1,4,16
,2023-10059,39.78832013,-105.0204692,3/12/2023 12:51,12:51:00,5,0,0, CLAY ST ALLEY & W 51ST AVE,1,1,0,0,3,9,0,0,25,0,0,0,0,0,4,1,1
,2023-10060,39.67529692,-105.0250402,3/1/2023 18:54,18:54:00,12,0,0, FEDERAL BLVD & W ILIFF AVE,1,4,0,0,1,1,0,0,35,0,0,0,0,0,2,2,13
,2023-10073,39.71702315,-104.8955712,3/15/2023 9:00,9:00:00,10,0,0,E FAIRMOUNT DR & E LOWRY BLVD,1,1,0,0,1,1,0,0,25,0,0,0,0,0,4,2,8
,2023-10090,39.67139446,-105.05326,3/12/2023 16:16,16:16:00,16,0,1, SHERIDAN BLVD & W YALE AVE,1,1,0,7,1,4,0,0,,0,0,0,0,1,2,2,16
,2023-10092,39.729991,-105.0150577,3/15/2023 1:51,1:51:00,16,0,3,I-25 & W 8TH AVE,1,4,0,0,3,8,0,0,55,0,0,0,0,2,1,1,14
,2023-10107,39.76116906,-105.0040473,3/16/2023 14:51,14:51:00,16,0,0,I-25 & 20TH ST,1,1,0,0,1,4,0,0,55,0,0,0,0,0,1,2,13
,2023-10110,39.72570692,-104.9985842,3/16/2023 9:10,9:10:00,16,0,0,W 6TH AVE & N SANTA FE DR,11,1,0,2,1,1,0,0,30,0,0,0,0,0,4,2,3
,2023-10112,39.78928761,-104.8448927,3/15/2023 10:35,10:35:00,16,0,0,E 51ST AVE & N QUENTIN ST,1,1,0,0,1,4,0,1,30,0,0,0,0,0,4,3,16
,2023-10121,39.78208211,-105.039259,3/16/2023 14:43,14:43:00,16,0,0, PERRY ST & W 47TH AVE,1,1,0,7,1,1,0,0,25,0,0,0,0,0,4,2,16
,2023-10134,39.7618182,-104.9124085,3/16/2023 20:15,20:15:00,16,0,0, MONACO ST & E MLK JR BLVD,1,3,0,0,1,1,0,0,35,0,0,0,0,0,4,2,13
,2023-10136,39.84544098,-104.6807595,3/16/2023 11:35,11:35:00,16,0,0, NEW CASTLE ST,4,1,0,2,1,4,0,0,45,0,0,0,0,0,4,2,8
,2023-10137,39.74380764,-104.8846288,3/17/2023 18:22,18:22:00,16,0,0,E 17TH AVE & N YOSEMITE ST,1,3,0,0,1,1,0,0,25,0,0,0,0,0,4,2,16
,2023-10138,39.67848895,-104.9664012,3/16/2023 19:26,19:26:00,16,0,0, WILLIAMS ST & E EVANS AVE,1,3,0,0,1,1,0,0,35,0,0,0,0,0,4,2,11
,2023-10139,39.69118278,-104.9746023,3/17/2023 14:23,14:23:00,16,0,0,E BUCHTEL BLVD & S CORONA ST,1,1,0,0,1,1,0,0,30,0,0,0,0,1,4,2,1
,2023-10140,39.77856442,-104.9895768,3/15/2023 16:20,16:20:00,16,0,1,I-25 & I-70,1,1,1,0,1,4,0,0,55,0,0,0,0,2,1,2,3
,2023-10141,39.75267956,-104.9874177,3/16/2023 13:45,13:45:00,16,0,0,22ND ST & N BROADWAY ST,1,1,0,0,1,1,0,0,30,0,0,0,0,0,4,2,13
,2023-10142,39.70570545,-105.0206137,3/16/2023 1:47,1:47:00,16,0,0,W CENTER AVE & S DALE CT,11,3,0,1,1,4,0,0,25,0,0,0,0,0,4,2,16
,2023-10144,39.78022116,-104.9492036,3/18/2023 16:52,16:52:00,16,0,0,E 46TH AVE & N STEELE ST,1,1,0,0,1,1,0,0,45,0,0,0,0,0,4,2,14
,2023-10146,39.75447723,-104.9659589,3/17/2023 23:30,23:30:00,16,0,0, WILLIAMS ST & 26TH AVE,1,3,0,0,3,1,0,0,25,0,0,0,0,0,4,1,1
,2023-10147,39.7770162,-104.8826634,3/17/2023 21:06,21:06:00,16,0,0,I-70 & N CENTRAL PARK BLVD,1,3,0,0,3,4,0,0,65,0,0,0,0,0,1,1,11
,2023-10148,39.72956329,-105.015151,3/15/2023 20:37,20:37:00,16,0,0,I-25 & W 8TH AVE,1,4,0,0,1,4,0,0,55,0,0,0,0,0,1,2,16
,2023-10149,39.77298857,-104.8329375,3/17/2023 4:58,4:58:00,16,0,0,I-70 & N PEORIA ST,1,3,1,0,2,8,0,0,55,0,0,0,0,0,1,1,1
,2023-10154,39.70029088,-104.9082182,3/15/2023 17:00,17:00:00,16,0,0, ONEIDA ST & LEETSDALE DR,1,1,0,0,1,1,0,0,,0,0,0,0,0,2,2,16
,2023-10159,39.71291639,-104.9734087,3/16/2023 12:45,12:45:00,16,0,0,E CEDAR AVE & S DOWNING ST,11,1,0,0,1,1,0,0,30,0,0,0,0,0,4,2,11
,2023-10165,39.78353529,-104.9003756,3/17/2023 17:56,17:56:00,16,0,0, NORTHFIELD QUEBEC ST & I-270 WB RAMP,1,1,0,0,1,1,0,0,35,0,0,0,0,0,2,2,8
,2023-10169,39.75572801,-105.0381434,3/15/2023 18:30,18:30:00,16,0,0, OSCEOLA ST & W 26TH AVE,11,4,0,1,1,4,0,0,30,0,0,0,0,0,4,2,16
,2023-10172,39.65318539,-104.9063164,3/16/2023 17:15,17:15:00,16,0,1,E HAMPDEN AVE & S OLEANDER CT,1,2,0,0,1,2,0,0,35,0,0,0,0,1,2,2,13
,2023-10180,39.69496261,-105.0460496,3/17/2023 9:34,9:34:00,3,0,0, VRAIN ST & W ARIZONA AVE,1,1,0,0,1,1,0,0,25,0,0,0,0,0,4,2,13
,2023-10181,39.73846057,-104.9968842,3/14/2023 21:15,21:15:00,8,0,0,W 14TH AVE & N SPEER BLVD,1,3,0,0,1,1,0,0,30,0,0,0,0,0,4,2,16
,2023-10182,39.73870313,-104.8909828,3/17/2023 14:07,14:07:00,3,0,1,E 14TH AVE & N VALENTIA ST,1,1,0,0,1,9,0,0,15,0,0,0,0,2,4,2,11
,2023-10185,39.83341357,-104.7718892,3/17/2023 7:56,7:56:00,12,0,0,PENA BLVD & TOWER RD,1,1,0,0,1,4,0,0,45,0,0,0,0,0,4,2,13
,2023-10187,39.69656695,-104.941893,3/17/2023 12:50,12:50:00,3,0,0,E MISSISSIPPI AVE & S HARRISON ST,1,1,0,0,1,1,0,0,25,0,0,0,0,1,4,2,11
,2023-10188,39.83061177,-104.7788991,3/16/2023 9:03,9:03:00,12,0,0,PENA BLVD & E 56TH AVE EXIT RAMP,11,1,1,4,1,4,0,0,65,0,0,0,0,0,4,3,3
,2023-10191,39.65056969,-104.8848373,3/17/2023 11:13,11:13:00,12,0,0, YOSEMITE ST & E JEFFERSON AVE,1,1,0,0,1,4,0,0,35,0,0,0,0,1,4,2,10
,2023-10192,39.74890131,-104.9994397,3/17/2023 16:49,16:49:00,15,0,0,15TH ST & MARKET ST,1,1,1,0,1,3,0,0,25,0,0,0,0,1,4,4,1
,2023-10193,39.68228314,-105.0552393,3/17/2023 12:58,12:58:00,12,0,0,W JEWELL AVE & S SHERIDAN BLVD,1,1,0,0,1,1,0,0,35,0,0,0,0,0,2,2,16
,2023-10194,39.77287753,-104.9406755,3/16/2023 13:09,13:09:00,15,0,0,E 40TH AVE & N COLORADO BLVD,1,1,0,0,1,1,0,0,40,0,0,0,0,0,2,2,16
,2023-10195,39.76561477,-105.0236185,3/16/2023 14:26,14:26:00,3,0,0, ELIOT ST & W 35TH AVE,1,1,0,0,1,1,0,0,25,0,0,0,0,0,4,2,13
,2023-10196,39.77973699,-104.93167,3/13/2023 9:20,9:20:00,3,0,0,E 45TH  DR & N DAHLIA ST,1,1,0,0,1,1,0,0,35,0,0,0,0,0,4,2,16
,2023-10203,39.74345336,-104.9591709,3/16/2023 14:23,14:23:00,8,0,0, JOSEPHINE ST & E 17TH AVE,1,1,0,0,1,1,0,0,35,0,0,0,0,0,4,2,1
,2023-10204,39.76567335,-104.9948629,3/11/2023 11:15,11:15:00,3,0,0,PARK AVE W & N GLOBEVILLE RD,1,1,3,0,1,1,0,0,45,0,0,0,0,0,4,2,13
,2023-10207,39.71118438,-105.0006535,3/16/2023 6:23,6:23:00,3,0,0,W ALAMEDA AVE & S PLATTE RIVER DR,11,3,0,2,1,1,0,0,30,0,0,0,0,0,2,2,13
,2023-10209,39.79809702,-104.8354077,3/16/2023 9:21,9:21:00,3,0,0, UVALDA ST & E 56TH AVE,11,1,0,0,1,1,0,1,25,0,0,0,0,0,4,2,10
,2023-10215,39.68229294,-105.0531903,3/16/2023 13:18,13:18:00,1,0,1,W JEWELL AVE & S SHERIDAN BLVD,1,1,0,0,1,1,0,0,30,0,0,0,0,1,2,2,10
,2023-10216,39.77773851,-104.9038225,3/17/2023 8:05,8:05:00,12,0,0,I-70 EB OFF RAMP & N QUEBEC ST,1,1,1,0,1,8,0,0,35,0,0,0,0,0,1,3,11
,2023-10221,39.72556866,-104.974078,3/16/2023 10:00,10:00:00,3,0,0, CORONA ST & E 6TH AVE,11,1,0,2,1,1,0,0,15,0,0,0,0,0,4,2,3
,2023-10222,39.69312135,-105.0390588,3/16/2023 8:16,8:16:00,3,0,0, PATTON CT & W LOUISIANA AVE,11,1,0,0,1,1,0,0,25,0,0,0,0,1,4,2,12
,2023-10223,39.7507198,-104.9647216,3/16/2023 20:53,20:53:00,12,0,2,E 23RD AVE & N HIGH ST,1,3,0,0,1,3,0,0,,0,0,0,0,1,4,2,16
,2023-10224,39.75226163,-104.9795648,3/16/2023 6:31,6:31:00,3,0,0,25TH ST & GLENARM ST,11,4,0,2,1,1,0,0,25,0,0,0,0,0,4,2,8
,2023-10225,39.77655582,-104.9743947,3/9/2023 19:36,19:36:00,15,0,0, BRIGHTON BLVD & 41ST ST,1,3,0,0,1,1,0,0,30,0,0,0,0,0,4,5,8
,2023-10226,39.69116969,-104.982809,3/16/2023 8:30,8:30:00,3,0,0,E ARKANSAS AVE & S LOGAN ST,11,1,0,2,1,1,0,0,25,0,0,0,0,0,4,2,3
,2023-10229,39.68761624,-104.9919391,3/16/2023 15:16,15:16:00,12,0,3, SANTA FE DR & E IOWA AVE,1,1,0,0,1,4,0,0,45,0,0,0,0,1,2,2,3
,2023-10231,39.7255769,-104.9729261,3/16/2023 13:00,13:00:00,3,0,0,E 6TH AVE & N DOWNING ST,1,1,0,0,1,1,0,0,30,0,0,0,0,1,4,2,3
,2023-10233,39.68472503,-104.9504675,3/10/2023 16:09,16:09:00,12,0,0,I-25 & S STEELE ST,1,1,0,0,1,4,0,0,55,0,0,0,0,0,1,2,10
,2023-10239,39.79817411,-104.8441729,3/17/2023 13:32,13:32:00,12,0,0,E 56TH AVE,1,1,0,0,1,4,0,0,65,0,0,0,0,0,2,2,14
,2023-10241,39.78743417,-105.0357723,3/16/2023 7:37,7:37:00,5,0,0,W 50TH AVE & N MEADE ST,11,1,0,2,3,4,0,0,35,0,0,0,0,0,4,2,16
,2023-10244,39.75479495,-104.8492078,3/16/2023 16:47,16:47:00,3,0,0,E MLK JR BLVD & N OSWEGO ST,1,1,0,0,1,3,0,0,35,0,0,0,0,0,4,2,11
,2023-10251,39.78052094,-104.9592932,3/16/2023 8:06,8:06:00,12,0,0,I-70 & N YORK ST,11,1,0,2,1,4,0,0,55,0,0,0,0,0,1,2,11
,2023-10252,39.689469,-105.0068528,3/17/2023 12:59,12:59:00,15,0,0,W FLORIDA AVE & S QUIVAS ST,1,1,0,0,1,1,0,0,30,0,0,0,0,0,4,2,13
,2023-10254,39.63865886,-104.9040186,3/17/2023 14:38,14:38:00,12,0,0,E QUINCY AVE & E EASTMOOR DR,1,1,0,0,1,1,0,0,35,0,0,0,0,0,4,2,16
,2023-10255,39.68535168,-104.9591396,3/17/2023 14:00,14:00:00,12,0,0,I-25 NB OFF RAMP SLIP & S UNIVERSITY AVE,1,1,0,0,1,8,0,0,25,0,0,0,0,0,4,2,11
,2023-10256,39.73844517,-104.9916436,3/17/2023 9:50,9:50:00,10,0,0,W 14TH AVE & N CHEROKEE ST,1,1,0,0,1,1,0,0,30,0,0,0,0,0,4,2,13
,2023-10258,39.77434651,-104.8398775,3/16/2023 15:27,15:27:00,3,0,0,E 42ND AVE & CROWN BLVD,1,1,0,0,1,2,0,0,,0,0,0,0,0,4,2,16
,2023-10259,39.67846231,-104.9130209,3/17/2023 6:36,6:36:00,15,0,0,E EVANS AVE & S MONACO ST,1,2,0,0,1,3,0,0,35,0,0,0,0,0,4,2,16
,2023-10260,39.71936374,-104.9852151,3/17/2023 9:38,9:38:00,15,0,0,E 2ND AVE & N SHERMAN ST,1,1,0,0,1,4,0,0,25,0,0,0,0,0,4,2,11
,2023-10262,39.73870441,-104.8891741,3/16/2023 14:32,14:32:00,5,0,0,E 14TH AVE & WABASH ST,7,1,0,2,3,9,0,0,15,0,0,0,0,0,4,1,13
,2023-10264,39.71820222,-104.986239,3/16/2023 13:40,13:40:00,15,0,0, LINCOLN ST & E 1ST AVE,1,1,0,0,1,4,0,0,30,0,0,0,0,0,4,2,13
,2023-10265,39.69675846,-105.0250715,3/16/2023 11:13,11:13:00,1,0,0, FEDERAL BLVD & W MISSISSIPPI AVE,11,1,0,0,1,1,0,0,40,0,0,0,0,0,2,2,13
,2023-10266,39.7511457,-104.9456952,3/16/2023 7:50,7:50:00,12,0,0,E 23RD AVE & N YORK ST,11,1,1,2,1,2,0,0,30,0,0,0,0,1,4,2,3
,2023-10267,39.78929297,-104.8437916,3/15/2023 18:52,18:52:00,3,0,0,E 51ST AVE & N SCRANTON ST,1,1,0,0,1,1,0,0,25,0,0,0,0,0,4,2,16
,2023-10269,39.7447961,-104.9610026,3/16/2023 9:08,9:08:00,3,0,0, GAYLORD ST & E 18TH AVE,11,1,0,0,1,1,0,0,30,0,0,0,0,0,4,2,11
,2023-10272,39.74007549,-104.9161744,3/16/2023 20:24,20:24:00,1,0,1,E COLFAX AVE & N KRAMERIA ST,1,3,0,0,1,1,0,0,35,0,0,0,0,3,2,2,11
,2023-10275,39.75999759,-105.0058689,3/16/2023 17:08,17:08:00,12,0,0,I-25 & 20TH ST,1,1,0,0,1,4,0,0,55,0,0,0,0,0,1,3,3
,2023-10277,39.75726404,-104.9852622,3/17/2023 5:48,5:48:00,5,0,0,LAWRENCE ST & 25TH ST,1,3,0,0,3,4,0,0,25,0,0,0,0,0,4,2,16
,2023-10280,39.67498079,-105.0414947,3/17/2023 9:11,9:11:00,5,0,0,W ILIFF AVE & S RALEIGH ST,1,1,0,0,1,4,0,0,25,0,0,0,0,0,4,1,11
,2023-10281,39.67848783,-104.9899582,3/17/2023 9:07,9:07:00,3,0,0, BANNOCK ST & W EVANS AVE,1,1,0,0,1,1,0,0,30,0,0,0,0,0,4,2,11
,2023-10286,39.77868975,-104.8632865,3/18/2023 8:00,8:00:00,10,0,0,E 45TH AVE & N IRONTON ST,1,1,0,0,1,1,0,0,35,0,0,0,0,0,4,2,11
,2023-10288,39.77298857,-104.8329375,3/17/2023 4:58,4:58:00,5,0,0,I-70 & N PEORIA ST,1,3,1,0,3,8,0,0,55,0,0,0,0,0,1,1,1
,2023-10290,39.7618182,-104.9124085,2/23/2023 21:31,21:31:00,3,0,0, MONACO ST & E MLK JR BLVD,1,3,0,0,1,1,0,0,35,0,0,0,0,0,4,2,7
,2023-10292,39.72396865,-105.0117936,3/18/2023 9:51,9:51:00,12,0,1,I-25 & W 6TH AVE,1,1,0,0,1,4,0,0,65,0,0,0,0,1,1,2,11
,2023-10294,39.73204125,-105.0040819,3/9/2023 15:55,15:55:00,6,0,0,NAVAJO ST & W 10TH AVE,1,1,0,0,1,4,0,0,20,0,0,0,0,0,4,2,1
,2023-10296,39.7476028,-105.0054188,3/17/2023 2:19,2:19:00,12,0,0,AURARIA PKWY & 11TH ST,1,3,0,0,1,4,0,0,30,0,0,0,0,0,4,2,16
,2023-10299,39.77298857,-104.8329375,3/17/2023 4:58,4:58:00,12,0,0,I-70 & N PEORIA ST,1,3,1,0,1,8,0,0,55,0,0,0,0,0,1,2,13
,2023-10302,39.71815585,-105.03123,3/18/2023 14:20,14:20:00,8,0,1,W 1ST AVE & N JULIAN ST,1,1,0,0,1,1,0,0,25,0,0,0,0,2,4,2,11
,2023-10311,39.74762571,-105.0026588,3/17/2023 20:34,20:34:00,3,0,0,AURARIA PKWY & N SPEER BLVD,1,3,0,0,1,1,0,0,30,0,0,0,0,0,4,2,14
,2023-10312,39.69310334,-105.0343898,3/18/2023 14:30,14:30:00,3,0,0, LOWELL BLVD & W LOUISIANA AVE,1,1,0,0,1,1,0,0,25,0,0,0,0,0,4,2,11
,2023-10313,39.69113787,-104.9617462,3/13/2023 14:15,14:15:00,6,0,0, GAYLORD ST & E ARKANSAS AVE,1,1,0,0,1,1,0,0,25,0,0,0,0,0,4,2,14
,2023-10315,39.74020787,-104.9989117,3/18/2023 14:12,14:12:00,3,0,0, SPEER BLVD & W COLFAX AVE,1,1,0,0,1,1,0,0,35,0,0,0,0,0,2,3,8
,2023-10317,39.74017132,-104.9981225,2/24/2023 22:28,22:28:00,10,0,0, SPEER BLVD & W COLFAX AVE,1,3,0,0,1,1,0,0,30,0,0,0,0,0,2,2,13
,2023-10318,39.74006045,-104.9384005,3/18/2023 3:03,3:03:00,9,0,1,E COLFAX AVE & N ASH ST,1,3,0,0,2,1,0,0,35,0,0,0,0,2,2,1,14
,2023-10319,39.71110826,-104.9792373,3/18/2023 7:43,7:43:00,3,0,1,E ALAMEDA AVE & S WASHINGTON ST,1,1,0,0,1,1,0,0,30,0,0,0,0,2,4,2,11
,2023-10320,39.77659519,-104.8099162,3/17/2023 18:19,18:19:00,12,0,0,E 46TH AVE & N CHAMBERS RD,1,1,0,0,1,1,0,0,25,0,0,0,0,0,4,2,13
,2023-10322,39.75710762,-104.990706,3/18/2023 8:57,8:57:00,3,0,0,BLAKE ST & PARK AVE W,1,1,0,0,1,1,0,0,30,0,0,0,0,0,4,3,16
,2023-10325,39.67810351,-104.9340626,3/17/2023 22:08,22:08:00,12,0,0,I-25 SB ON RAMP & E EVANS AVE,1,3,0,0,1,8,0,0,,0,0,0,0,0,1,2,16
,2023-10326,39.75586706,-104.9818545,3/18/2023 1:54,1:54:00,6,0,2,26TH ST & CHAMPA ST,1,3,0,0,1,1,0,0,30,0,0,0,0,2,4,2,14
,2023-10328,39.68351093,-104.9404031,3/18/2023 1:17,1:17:00,3,0,1, COLORADO BLVD & I-25 NB RAMPS,1,3,1,0,1,1,0,0,35,0,0,0,0,1,2,2,7
,2023-10362,39.78183876,-104.9786422,3/8/2023 13:38,13:38:00,1,0,0, WASHINGTON ST & E 47TH AVE,1,1,0,0,1,1,0,0,30,0,0,0,0,1,4,2,10
,2023-10363,39.78001479,-104.9650811,3/19/2023 3:32,3:32:00,12,0,0,I-70 & N BRIGHTON BLVD,1,3,3,0,1,13,0,0,65,0,0,0,0,0,1,3,14
,2023-10370,39.73521246,-104.9848573,3/19/2023 2:00,2:00:00,3,0,0, SHERMAN ST & 12TH AVE,14,3,3,7,1,1,0,0,25,0,0,0,0,0,4,4,16
,2023-10371,39.72525927,-105.0129016,3/15/2023 0:01,0:01:00,12,0,1,I-25 & E 6TH AVE,1,4,0,0,1,4,0,0,65,0,0,0,0,2,1,2,14
,2023-10372,39.74455776,-104.9733885,3/18/2023 19:25,19:25:00,12,0,0,1700 N DOWNING ST,1,3,3,0,1,4,0,0,30,0,0,0,1,0,4,2,7
,2023-10373,39.68934288,-104.8988918,1/12/2023 20:00,20:00:00,6,0,0,E FLORIDA AVE & S SYRCAUSE ST,1,3,0,0,1,4,0,0,,0,0,0,0,0,4,2,16
,2023-10382,39.7632178,-105.0158595,3/18/2023 22:23,22:23:00,3,0,0, ZUNI ST & W 33RD AVE,1,3,0,0,1,1,0,0,30,0,0,0,0,0,4,2,13
,2023-10383,39.76075893,-104.973365,3/19/2023 2:32,2:32:00,5,0,1,E 31ST AVE & N DOWNING ST,1,3,0,0,2,1,0,0,30,0,0,0,0,3,4,1,16
,2023-10388,39.78051928,-104.9610638,3/19/2023 17:08,17:08:00,12,0,0,E 46TH AVE & N BRIGHTON BLVD,1,1,0,0,1,8,0,0,45,0,0,0,0,0,4,2,14
,2023-10389,39.73727178,-104.9069521,3/19/2023 16:10,16:10:00,3,0,0,E 13TH AVE & N OLIVE ST,1,1,0,0,1,3,0,0,30,0,0,0,0,1,4,2,16
,2023-10391,39.79110521,-105.025101,3/18/2023 21:25,21:25:00,12,0,2,HWY 287 & W 52ND AVE,1,3,0,0,1,1,0,0,40,0,0,0,0,1,2,2,3
,2023-10397,39.75995982,-104.890521,3/18/2023 21:07,21:07:00,3,0,4, CENTRAL PARK BLVD & E MLK JR  BLVD,1,3,0,0,1,1,0,0,30,0,0,0,0,3,4,2,16
,2023-10403,39.71792221,-104.9512369,1/13/2023 16:52,16:52:00,12,0,0,E 1ST AVE & N ST PAUL ST,1,1,0,0,1,1,0,0,,0,0,0,0,0,4,2,16
,2023-10405,39.72497182,-105.0161027,3/19/2023 9:03,9:03:00,5,0,1,W 6TH AVE & I-25 NB,1,1,1,0,2,8,0,0,45,0,0,0,1,2,2,2,8
,2023-10406,39.7729245,-104.9392544,3/5/2023 18:49,18:49:00,1,0,0,4052 E  40TH AVE,1,2,0,1,1,2,0,0,30,0,0,0,0,0,4,2,16
,2023-10407,39.65330924,-104.9129065,3/19/2023 12:04,12:04:00,11,0,1, MONACO ST & E HAMPDEN AVE,1,1,0,0,1,4,0,0,0,0,1,0,0,2,4,1,16
,2023-10408,39.73810662,-105.0138506,3/19/2023 10:49,10:49:00,5,0,1,I-25 & AURARIA PKWY,1,1,0,0,3,8,0,0,65,0,0,0,0,1,1,2,16
,2023-10410,39.83647972,-104.6719184,3/19/2023 0:20,0:20:00,15,0,0,PENA BLVD & SHADY GROVE ST,1,3,0,0,1,4,0,0,45,0,0,0,0,0,4,2,10
,2023-10411,39.7671139,-104.9943659,3/19/2023 2:01,2:01:00,5,0,0,I-25 NB ON RAMP & PARK AVE W,1,3,0,0,2,8,0,0,35,0,0,0,0,0,4,1,16
,2023-10412,39.7255062,-105.0405257,3/18/2023 21:39,21:39:00,12,0,0,W 6TH AVE & QUITMAN ST,1,3,0,0,1,4,0,0,55,0,0,0,0,0,2,2,1
,2023-10415,39.70855893,-105.0324287,3/18/2023 22:03,22:03:00,3,0,1,W ALASKA PL & S KNOX CT,1,3,3,0,1,1,0,0,25,0,0,0,0,2,4,2,13
,2023-10417,39.74747599,-105.0181158,3/18/2023 11:20,11:20:00,12,0,0,I-25 & W 23RD AVE,1,1,0,0,1,4,0,0,55,0,0,0,0,0,1,4,13
,2023-10418,39.67842552,-104.9508283,3/19/2023 18:42,18:42:00,3,0,0,E EVANS AVE & S ST PAUL ST,1,1,0,0,1,1,0,0,40,0,0,0,0,1,4,2,11
,2023-10421,39.7225323,-104.9983251,1/5/2023 12:00,12:00:00,6,0,0,4TH AVE & N SANTA FE DR,10,1,0,0,1,4,0,1,25,0,0,0,0,0,4,2,16