id,drcog_id,latitude,longitude,crashtime,time,crashtype,numbkilled,numbinjurd,drcoglocat,rdconditin,lightngcon,roadcntgrd,weatherco,location,roaddescrp,schoolzone,constrzone,splimit,bikeinv,pedinv,sctrinv,motoinv,svrty,rdsystem,ttlvehcls,hcf
,2023-10424,39.82188644,-104.7719491,1/25/2023 22:15,22:15:00,11,1,0, TOWER RD & E 69TH AVE,2,3,0,0,1,1,0,0,0,0,1,0,0,4,1,1,16
,2023-10426,39.75440476,-105.0065996,2/25/2023 15:18,15:18:00,15,0,0,15TH ST & LITTLE RAVEN ST,1,1,0,0,1,1,0,0,30,0,0,0,0,0,4,2,16
,2023-10428,39.78382412,-105.0061626,1/27/2023 21:13,21:13:00,15,0,0,I-70 WB RAMPS & N PECOS ST,1,3,0,7,1,6,0,0,,0,0,0,0,0,1,2,13
,2023-10429,39.71367283,-104.987538,3/3/2023 11:33,11:33:00,15,0,0, BROADWAY & E MAPLE AVE,1,1,0,0,1,4,0,1,30,0,0,0,0,0,4,2,16
,2023-10434,39.75741598,-104.988562,3/11/2023 9:26,9:26:00,11,0,1,2451 WALNUT ST & 24TH ST,1,1,0,0,1,2,0,0,0,0,0,1,0,3,4,1,16
,2023-10435,39.83802816,-104.7178985,3/11/2023 15:54,15:54:00,5,0,1,E 78TH AVE & N WENATCHEE ST,1,1,0,0,3,4,0,0,45,0,0,0,0,2,4,1,16
,2023-10437,39.65797676,-104.9129842,3/8/2023 22:12,22:12:00,11,0,1, MONACO ST & E FLOYD AVE,1,3,0,0,1,1,0,0,35,0,0,1,0,3,4,1,11
,2023-10438,39.67865773,-105.0207071,2/5/2023 18:19,18:19:00,11,0,1,W EVANS AVE & S CLAY ST,1,3,0,0,1,4,0,0,0,0,1,0,0,3,4,1,16
,2023-10469,39.75483947,-105.0251131,3/9/2023 15:25,15:25:00,11,0,0,W 26TH AVE & FEDERAL BLVD,1,1,0,0,1,9,0,0,,0,1,0,0,0,2,1,16
,2023-10471,39.70967228,-104.9828301,3/2/2023 16:21,16:21:00,12,0,0, LOGAN ST & E DAKOTA AVE,1,1,0,0,1,3,0,0,30,0,0,0,0,1,4,2,16
,2023-10473,39.65297516,-104.9190455,3/8/2023 12:08,12:08:00,1,0,1,E HAMPDEN AVE & I-25 SB RAMPS,1,1,1,0,1,1,0,1,40,0,0,0,0,2,2,2,16
,2023-10543,39.71842567,-104.959306,3/3/2023 6:59,6:59:00,12,0,0,UNIVERSITY BLVD & E 1ST AVE,1,1,0,0,1,4,0,0,30,0,0,0,0,0,4,2,16
,2023-10552,39.74418858,-104.9884661,3/18/2023 12:55,12:55:00,15,0,0,17TH ST & TREMONT PL,1,1,0,0,1,4,0,0,30,0,0,0,0,0,4,2,13
,2023-10555,39.6912924,-105.0250484,3/20/2023 12:37,12:37:00,3,0,0, FEDERAL BLVD & W ARKANSAS AVE,1,1,0,0,1,1,0,0,40,0,0,0,0,0,2,2,12
,2023-10557,39.66711074,-104.8710681,3/14/2023 14:00,14:00:00,6,0,0,E YALE AVE & S ELMIRA ST,14,5,0,7,1,4,0,0,,0,0,0,0,0,4,2,16
,2023-10558,39.74485893,-104.9835849,3/2/2023 14:24,14:24:00,3,0,0, GRANT ST & E 18TH AVE,1,1,0,0,1,1,0,0,30,0,0,0,0,1,4,2,1
,2023-10561,39.70706739,-104.8853826,3/6/2023 2:44,2:44:00,5,0,0,E ALAMEDA AVE & S XENIA ST,1,3,0,0,3,4,0,0,35,0,0,0,0,0,4,1,1
,2023-10562,39.63865886,-104.9040186,2/22/2023 14:00,14:00:00,12,0,0,E QUINCY AVE & S QUEBEC ST,4,1,0,2,1,1,0,0,,0,0,0,0,0,4,2,16
,2023-10563,39.61832135,-105.0911087,3/20/2023 13:37,13:37:00,12,0,0, WADSWORTH BLVD & W CRESTLINE AVE,1,1,0,0,1,1,0,0,45,0,0,0,0,0,2,2,3
,2023-10564,39.78312395,-105.006425,3/17/2023 10:44,10:44:00,12,0,0,I-70 & N PECOS ST,1,1,0,0,1,4,0,0,55,0,0,0,0,0,1,2,10
,2023-10565,39.67847235,-104.9316163,3/20/2023 8:03,8:03:00,3,0,0, DAHLIA ST & E EVANS AVE,1,1,0,0,1,1,0,0,30,0,0,0,0,0,4,2,11
,2023-10567,39.65488507,-104.9339854,3/13/2023 15:35,15:35:00,6,0,0, CHERRY ST & E GIRARD AVE,1,1,0,0,1,9,0,0,,0,0,0,0,0,4,2,16
,2023-10569,39.69674824,-105.021554,3/18/2023 21:52,21:52:00,1,0,0, DALE CT & W MISSISSIPPI AVE,1,3,3,0,1,1,0,0,25,0,0,0,0,0,4,2,13
,2023-10570,39.70573931,-104.9875581,3/18/2023 11:14,11:14:00,5,0,1, BROADWAY ST & E CENTER AVE,1,1,0,0,3,1,0,0,40,0,0,0,0,1,4,1,16
,2023-10571,39.75797877,-105.0091502,2/13/2023 7:50,7:50:00,12,0,0,I-25 & N SPEER BLVD,1,1,1,0,1,4,0,0,55,0,0,0,0,0,1,2,10
,2023-10572,39.79010922,-105.0204665,3/18/2023 21:30,21:30:00,6,0,0, CLAY ST & W 52ND AVE,1,3,0,0,1,4,0,0,25,0,0,0,0,0,4,2,3
,2023-10574,39.7131131,-105.0396876,3/9/2023 7:00,7:00:00,6,0,0, PERRY ST & W CEDAR AVE,1,2,3,0,1,4,0,0,,0,0,0,0,0,4,2,16
,2023-10575,39.73847438,-105.0322551,3/20/2023 17:11,17:11:00,3,0,1,W 14TH AVE & N KNOX CT,1,1,0,0,1,1,0,0,30,0,0,0,1,3,4,2,3
,2023-10577,39.66049127,-105.0158207,3/18/2023 8:56,8:56:00,3,0,0, ZUNI ST & W DARTMOUTH AVE,1,1,1,0,1,1,0,0,30,0,0,0,0,0,4,2,11
,2023-10578,39.65316703,-104.9125735,3/14/2023 7:55,7:55:00,12,0,1,E HAMPDEN AVE & S MONACO ST PKWY,1,1,0,0,1,3,0,0,,0,0,0,0,1,2,2,16
,2023-10582,39.76276421,-104.8744962,3/14/2023 15:44,15:44:00,5,0,0, DAYTON ST & E 32ND AVE,1,1,0,0,4,1,0,0,25,0,0,0,0,0,4,1,1
,2023-10583,39.67851176,-104.9345118,3/14/2023 15:03,15:03:00,12,0,0,I-25 SB OFF RAMP & E EVANS AVE,14,5,3,7,1,8,0,0,,0,0,0,0,0,4,2,16
,2023-10584,39.77294948,-105.0440055,3/10/2023 9:05,9:05:00,3,0,0, TENNYSON ST & W 41ST AVE,1,1,0,7,1,1,0,0,35,0,0,0,0,0,4,2,13
,2023-10590,39.77620436,-104.7707903,3/20/2023 15:38,15:38:00,5,0,0, ANDES CT & 18568 E KELLY PL,1,1,0,0,4,1,0,0,20,0,0,0,0,0,4,1,7
,2023-10592,39.71332602,-105.052337,3/12/2023 21:10,21:10:00,6,0,0,W CEDAR AVE & S ZENOBIA ST,1,4,1,0,1,4,0,0,25,0,0,0,0,0,4,3,16
,2023-10596,39.72475439,-105.0130591,3/20/2023 13:27,13:27:00,5,0,1,I-25 SB OFF RAMP & W 6TH AVE,1,1,1,0,2,8,0,0,45,0,0,0,0,2,1,1,10
,2023-10598,39.78561951,-105.0345798,2/22/2023 15:17,15:17:00,3,0,0,W 49TH AVE & N LOWELL BLVD,9,1,0,2,1,1,0,0,25,0,0,0,0,1,4,3,16
,2023-10602,39.77799542,-104.9223955,2/10/2023 8:20,8:20:00,12,0,0,E 44TH AVE  & N HOLLY ST,1,1,1,0,1,3,0,0,25,0,0,0,0,0,1,2,1
,2023-10603,39.68768423,-104.9080657,2/15/2023 8:44,8:44:00,5,0,0,E CHERRY CREEK  DR & E FLORIDA AVE,9,4,0,2,2,4,0,0,25,0,0,0,0,0,4,1,16
,2023-10605,39.79090168,-104.941674,3/11/2023 6:43,6:43:00,5,0,0, VASQUEZ BLVD & E 52ND AVE,11,3,0,0,2,4,0,0,40,0,0,0,0,0,2,1,16
,2023-10607,39.74188932,-105.0146553,3/20/2023 18:33,18:33:00,5,0,1,I-25 SB ON RAMP & W COLFAX AVE,1,1,1,0,2,8,0,0,45,0,0,0,0,2,1,1,10
,2023-10610,39.79322828,-104.8354862,3/13/2023 10:50,10:50:00,3,0,0,E 55TH AVE & N UVALDA ST,1,1,0,0,1,1,0,0,25,0,0,0,0,0,4,3,16
,2023-10611,39.70347427,-104.9780966,3/16/2023 1:20,1:20:00,6,0,0,716  CLARKSON ST & E EXPOSITION ST,11,3,0,1,1,4,0,0,25,0,0,0,0,0,4,4,16
,2023-10612,39.66861536,-105.0250892,3/14/2023 23:19,23:19:00,15,0,0, FEDERAL BLVD & W COLLEGE AVE,1,3,1,0,1,3,0,0,35,0,0,0,0,0,2,2,16
,2023-10615,39.62413051,-104.8852781,3/19/2023 21:01,21:01:00,1,0,1,E BELLEVIEW AVE & S YOSEMITE ST,1,3,1,0,1,1,0,0,35,0,0,0,0,1,4,2,7
,2023-10616,39.74203801,-104.9982401,2/10/2023 1:40,1:40:00,5,0,0,STOUT ST & N SPEER BLVD,1,3,0,0,2,4,0,0,30,0,0,0,0,0,4,1,16
,2023-10618,39.78746435,-105.0252213,2/22/2023 9:26,9:26:00,3,0,0, FEDERAL BLVD & W 50TH AVE,4,1,0,2,1,1,0,0,35,0,0,0,0,0,2,2,16
,2023-10622,39.7544334,-104.9873773,3/17/2023 12:52,12:52:00,15,0,0, BROADWAY ST & PARK AVE W,1,1,0,0,1,1,0,0,30,0,0,0,0,0,4,2,14
,2023-10623,39.78379014,-105.0061523,3/20/2023 6:00,6:00:00,3,0,0,I-70 WB OFF RAMP & N PECOS ST,1,2,0,0,1,6,0,0,25,0,0,0,0,0,4,2,8
,2023-10626,39.71538989,-104.9561394,3/2/2023 9:30,9:30:00,6,0,0,E CHERRY CREEK  DR & S UNIVERSITY BL,1,1,0,0,1,2,0,0,25,0,0,0,0,0,4,2,16
,2023-10633,39.75486007,-105.0380529,3/12/2023 5:01,5:01:00,6,0,0,W 26TH AVE & N OSCEOLA ST,1,3,0,0,1,4,0,0,35,0,0,0,0,0,4,3,16
,2023-10636,39.63451142,-104.8931197,3/20/2023 16:52,16:52:00,12,0,0, TAMARAC ST & I-225 NB ON RAMP SLIP,1,1,0,0,1,1,0,0,40,0,0,0,0,0,4,2,13
,2023-10639,39.76324737,-104.9622232,3/15/2023 13:30,13:30:00,13,0,0,E 33RD AVE & N VINE ST,1,1,3,0,1,1,0,0,25,0,1,0,0,0,4,1,13
,2023-10640,39.73870537,-105.0052272,3/17/2023 7:58,7:58:00,6,0,0,OSAGE ST & W 14TH AVE,1,1,0,0,1,4,0,0,25,0,0,0,0,0,4,2,16
,2023-10645,39.75819351,-105.0088537,3/10/2023 6:25,6:25:00,15,0,0,I-25 & 15TH ST,1,1,0,0,1,4,0,0,,0,0,0,0,0,1,2,16
,2023-10646,39.74321548,-104.9603769,2/28/2023 15:00,15:00:00,12,0,0,E 17TH AVE & N YORK ST,1,1,0,0,1,4,0,0,30,0,0,0,0,0,4,3,11
,2023-10647,39.71994224,-104.977234,3/1/2023 11:33,11:33:00,15,0,0,E SPEER BLVD & N CLARKSON ST,1,1,0,0,1,4,0,0,35,0,0,0,0,0,4,2,16
,2023-10648,39.75337473,-104.9937786,3/11/2023 21:45,21:45:00,12,0,0,MARKET ST & 20TH ST,1,3,0,0,1,3,0,0,30,0,0,0,0,0,4,2,14
,2023-10649,39.74750066,-104.9781661,3/19/2023 14:25,14:25:00,3,0,0,E 20TH AVE & PARK AVE,1,1,0,0,1,1,0,0,30,0,0,0,0,0,4,2,11
,2023-10650,39.77665711,-104.8470268,3/20/2023 7:52,7:52:00,15,0,0, PEORIA ST & E 44TH AVE,1,1,0,0,1,1,0,0,35,0,0,0,0,0,4,2,11
,2023-10651,39.68291492,-104.9405317,2/13/2023 13:00,13:00:00,15,0,0,I-25 & S COLORADO BLVD,1,1,0,0,1,4,0,0,,0,0,0,0,0,1,2,16
,2023-10652,39.66904833,-104.9265586,3/14/2023 5:49,5:49:00,15,0,0,I-25 & E YALE AVE,1,3,0,0,1,4,0,0,65,0,0,0,0,0,1,2,1
,2023-10656,39.77792623,-104.9034012,2/13/2023 12:55,12:55:00,12,0,1, NORTHFIELD QUEBEC ST & I-70,1,1,2,0,1,4,0,0,30,0,0,0,0,1,2,4,1
,2023-10657,39.74475594,-104.9861175,3/20/2023 20:49,20:49:00,10,0,2, LINCOLN ST & E 18TH AVE,1,3,0,0,1,1,0,0,30,0,0,0,0,2,4,2,7
,2023-10660,39.78393932,-105.0064358,2/8/2023 16:13,16:13:00,15,0,0,I-70 WB LANES & N PECOS ST,1,1,0,7,1,6,0,0,,0,0,0,0,0,1,2,16
,2023-10662,39.69669325,-104.9991379,1/28/2023 19:33,19:33:00,12,0,0,W MISSISSIPPI AVE & S JASON ST,1,3,0,0,1,1,0,0,,0,0,0,0,0,4,2,13
,2023-10669,39.71112274,-104.9710149,3/20/2023 19:12,19:12:00,3,0,0, LAFAYETTE ST & E ALAMEDA AVE,1,3,0,0,1,1,0,0,25,0,0,0,0,0,4,3,16
,2023-10671,39.84410741,-104.7577396,3/20/2023 3:39,3:39:00,15,0,0,PENA BVLD & E 80TH AVE,1,3,0,0,1,4,0,0,45,0,0,0,0,0,4,2,8
,2023-10672,39.65428426,-104.8987343,3/19/2023 21:21,21:21:00,3,0,0, TAMARAC DR & E GIRARD AVE,1,3,0,0,1,1,0,0,,0,0,0,0,0,4,2,13
,2023-10673,39.73204863,-104.9741452,3/19/2023 18:16,18:16:00,11,0,1,E 10TH AVE & N CORONA ST,1,1,0,0,1,1,0,0,30,0,1,0,0,2,4,1,16
,2023-10674,39.73369348,-105.0154037,3/15/2023 6:40,6:40:00,12,0,0,I-25 & W COLFAX AVE,1,1,0,0,1,4,0,0,55,0,0,0,0,0,1,2,16
,2023-10676,39.67865344,-105.0250484,3/20/2023 8:12,8:12:00,12,0,0, FEDERAL BLVD & W EVANS AVE,1,1,0,0,1,3,0,0,35,0,0,0,0,0,2,4,16
,2023-10679,39.72752588,-105.0001901,3/20/2023 13:01,13:01:00,15,0,0,KALAMATH ST & W 7TH AVE,1,1,0,0,1,4,0,0,30,0,0,0,0,0,4,2,13
,2023-10680,39.69878391,-105.050443,3/1/2023 7:00,7:00:00,15,0,0,MORRISON RD & S YATES ST,1,1,0,0,1,4,0,0,30,0,0,0,0,0,4,2,16
,2023-10682,39.70582774,-104.9963774,3/17/2023 16:20,16:20:00,12,0,0,I-25 & S SANTA FE DR,1,1,1,0,1,4,0,0,55,0,0,0,0,0,1,2,1
,2023-10683,39.66844324,-105.053257,3/19/2023 21:25,21:25:00,6,0,0, SHERIDAN BLVD & W YALE AVE,1,3,0,0,1,4,0,0,25,0,0,0,0,0,2,2,16
,2023-10685,39.73659406,-105.0369684,3/19/2023 10:17,10:17:00,3,0,1,W 13TH AVE & N NEWTON ST,1,1,1,0,1,1,0,0,25,0,0,0,0,2,4,3,13
,2023-10689,39.69297145,-104.9605821,2/15/2023 14:50,14:50:00,3,0,0, YORK ST & E LOUISIANA AVE,10,1,0,2,1,1,0,0,35,0,0,0,0,0,4,2,13
,2023-10692,39.76458188,-104.9406514,3/19/2023 15:27,15:27:00,15,0,0, COLORADO BLVD & E BRUCE RANDOLPH AVE,1,1,3,0,1,4,0,0,35,0,0,0,0,0,2,2,13
,2023-10693,39.68978977,-104.9407845,2/23/2023 8:26,8:26:00,15,0,0, COLORADO BLVD & E FLORIDA AVE,12,1,0,0,1,4,0,0,35,0,0,0,0,0,2,2,16
,2023-10694,39.69460331,-104.9794442,3/17/2023 16:07,16:07:00,12,0,0,I-25 & S WASHINGTON ST,1,1,0,0,1,4,0,0,55,0,0,0,0,0,1,2,13
,2023-10695,39.74034586,-105.0251562,3/17/2023 15:13,15:13:00,12,0,0, FEDERAL BLVD & W COLFAX AVE,1,1,0,0,1,1,0,0,25,0,0,0,0,0,2,2,16
,2023-10696,39.67846431,-104.9309095,3/17/2023 15:00,15:00:00,12,0,0,E EVANS AVE & S DAHLIA ST,1,1,0,0,1,4,0,0,35,0,0,0,0,0,4,2,13
,2023-10697,39.74000993,-104.9717164,3/18/2023 19:00,19:00:00,6,0,0,E COLFAX AVE & N MARION ST,1,3,0,0,1,4,0,0,,0,0,0,0,0,2,2,16
,2023-10698,39.77991189,-104.9666288,3/20/2023 6:00,6:00:00,3,0,0,E 46TH AVE & N BRIGHTON BLVD,1,3,0,0,1,1,0,0,35,0,0,0,0,1,4,2,7
,2023-10699,39.78574941,-104.774458,3/20/2023 7:55,7:55:00,1,0,0, YAMPA ST & E 49TH AVE,1,1,0,0,1,1,0,0,25,0,0,0,0,0,4,2,7
,2023-10700,39.74006589,-104.9407907,3/1/2023 10:20,10:20:00,12,0,0, COLORADO BLVD & E COLFAX AVE,1,1,0,0,1,1,0,0,35,0,0,0,0,0,2,2,16
,2023-10701,39.6930661,-105.0028865,1/28/2023 2:20,2:20:00,6,0,0,LOUISIANA AVE & S MARIPOSA ST,1,3,0,0,1,4,0,0,30,0,0,0,0,0,4,3,14
,2023-10702,39.73858882,-104.9952993,3/20/2023 11:39,11:39:00,12,0,0,FOX ST & W 14TH AVE,1,1,0,0,1,4,0,0,30,0,0,0,0,0,4,2,11
,2023-10703,39.72929269,-105.0148063,3/20/2023 6:39,6:39:00,12,0,0,I-25 & W 8TH AVE,1,1,1,0,1,4,0,0,55,0,0,0,0,0,1,2,1
,2023-10704,39.75848811,-105.0268414,2/23/2023 14:00,14:00:00,6,0,0,GROVE ST & W 29TH AVE,4,1,0,0,1,9,0,0,,0,0,0,0,0,4,3,16
,2023-10707,39.78463113,-105.0251707,3/19/2023 11:32,11:32:00,1,0,0, FEDERAL BLVD & I-70 WB RAMPS,1,1,0,0,1,1,0,0,35,0,0,0,0,0,2,2,11
,2023-10708,39.71117974,-104.9900079,2/28/2023 13:59,13:59:00,10,0,0, BANNOCK ST & W ALAMEDA AVE,1,1,0,0,1,1,0,0,25,0,0,0,0,0,4,2,16
,2023-10709,39.77993217,-104.9922458,3/17/2023 11:44,11:44:00,12,0,0,I-70 EB OFF RAMP & I-25,1,1,0,0,1,8,0,0,55,0,0,0,0,0,1,2,3
,2023-10710,39.68756224,-104.9919398,3/19/2023 8:47,8:47:00,3,0,0, SANTA FE DR & W IOWA AVE,1,1,0,0,1,1,0,0,55,0,0,0,0,0,2,2,11
,2023-10713,39.72932157,-105.0148112,3/20/2023 6:39,6:39:00,12,0,0,I-25 & W 8TH AVE,1,1,1,0,1,4,0,0,55,0,0,0,0,0,1,4,1
,2023-10732,39.69672812,-105.0083032,3/21/2023 17:39,17:39:00,12,0,0,W MISSISSIPPI AVE & S RARITAN ST,1,1,0,0,1,4,0,0,40,0,0,0,0,0,4,3,11
,2023-10733,39.73846057,-104.9968842,3/20/2023 14:24,14:24:00,15,0,0,W 14TH AVE & N SPEER BLVD,1,1,0,0,1,1,0,0,30,0,0,0,0,0,4,2,13
,2023-10735,39.72896798,-105.0532276,3/20/2023 16:19,16:19:00,12,0,0, SHERIDAN BLVD & W 8TH AVE,1,1,1,0,1,4,0,0,35,0,0,0,0,0,2,2,3
,2023-10737,39.67852343,-104.9887947,3/21/2023 9:00,9:00:00,3,0,0, ACOMA ST & W EVANS AVE,1,1,0,0,1,1,0,0,25,0,0,0,0,0,4,3,3
,2023-10738,39.77702358,-104.8828596,3/21/2023 10:30,10:30:00,5,0,1,I-70 & N CENTRAL PARK BLVD,1,1,0,0,3,4,0,0,55,0,0,0,0,1,1,1,10
,2023-10739,39.79838313,-104.7721172,3/20/2023 17:44,17:44:00,12,0,0, TOWER RD & E 56TH AVE,1,1,0,0,1,3,0,0,45,0,0,0,0,0,4,2,3
,2023-10741,39.71658568,-105.0001815,3/19/2023 15:30,15:30:00,10,0,0, KALAMATH ST & W ELLSWORTH AVE,1,1,0,0,1,3,0,0,35,0,0,0,0,0,4,2,11
,2023-10742,39.78374645,-104.8097975,3/19/2023 21:14,21:14:00,3,0,0, CHAMBERS RD & E GREEN VALLEY RANCH BLVD,1,4,0,0,1,1,0,0,40,0,0,0,0,0,4,2,13
,2023-10747,39.73835893,-104.9492581,3/18/2023 12:00,12:00:00,6,0,0,E 14TH AVE & STEELE ST,1,1,0,0,1,4,0,0,,0,0,0,0,0,4,2,16
,2023-10752,39.7364989,-104.9234426,3/21/2023 12:14,12:14:00,3,0,0,E 13TH AVE & N HUDSON ST,1,1,0,0,1,1,0,0,25,0,0,0,0,1,4,2,11
,2023-10755,39.73526636,-104.9848574,3/19/2023 17:35,17:35:00,3,0,0, SHERMAN ST & E 12TH AVE,1,1,1,0,1,1,0,0,25,0,0,0,0,0,4,2,8
,2023-10756,39.74893259,-104.9994812,3/13/2023 14:31,14:31:00,2,0,1,15TH ST & MARKET ST,1,1,0,0,1,1,0,0,0,1,0,0,0,2,4,1,16
,2023-10757,39.7733948,-104.8474747,3/20/2023 14:11,14:11:00,12,0,1,I-70 EB OFF RAMP & N PEORIA ST,1,1,1,0,1,8,0,0,55,0,0,0,0,1,1,2,13
,2023-10759,39.74488971,-104.9861061,3/21/2023 13:00,13:00:00,10,0,0,E 18TH AVE & N LINCOLN ST,1,1,1,0,1,1,0,0,30,0,0,0,0,0,4,2,13
,2023-10762,39.77282811,-104.790504,3/20/2023 9:05,9:05:00,12,0,0,E 40TH AVE & PENA BLVD,1,1,0,0,1,3,0,0,25,0,0,0,0,0,4,2,14
,2023-10764,39.68033671,-104.9875714,3/20/2023 14:30,14:30:00,10,0,0, BROADWAY & E ASBURY ST,1,1,0,0,1,1,0,0,30,0,0,0,0,0,4,2,3
,2023-10766,39.74544075,-104.990103,3/13/2023 9:58,9:58:00,11,0,1,WELTON ST & 17TH ST,1,1,0,0,1,1,0,0,25,0,1,0,0,1,4,1,16
,2023-10769,39.66750574,-104.8661332,3/21/2023 5:07,5:07:00,15,0,0, HAVANA ST & E YALE AVE,1,3,0,0,1,4,0,0,45,0,0,0,0,0,2,2,16
,2023-10770,39.79423359,-104.8471381,3/21/2023 9:24,9:24:00,10,0,0, PEORIA ST & E 54TH AVE,1,1,0,0,1,1,0,0,40,0,0,0,0,0,4,2,11
,2023-10773,39.75223286,-104.9865504,3/21/2023 16:45,16:45:00,12,0,0,CHAMPA ST & 22ND ST,1,1,3,0,1,4,0,0,35,0,0,0,0,0,4,4,16
,2023-10774,39.67485169,-104.9593813,3/21/2023 9:29,9:29:00,3,0,1, UNIVERSITY BLVD & E ILIFF AVE,1,1,0,0,1,1,0,0,35,0,0,0,0,1,4,2,11
,2023-10776,39.71465321,-104.9407884,3/20/2023 11:30,11:30:00,1,0,0, COLORADO BLVD & E BAYAUD AVE,1,1,0,0,1,1,0,0,35,0,0,0,0,0,2,2,3
,2023-10779,39.72195345,-104.9729223,3/21/2023 13:50,13:50:00,6,0,0,E 4TH AVE & N DOWNING ST,1,1,0,0,1,1,0,0,25,0,0,0,0,0,4,2,3
,2023-10785,39.64074657,-104.8821232,3/13/2023 2:40,2:40:00,12,0,2,I-225 & S YOSEMITE ST,1,4,0,0,1,4,0,0,,0,0,0,0,2,1,3,16
,2023-10799,39.71496468,-105.0479574,3/21/2023 14:56,14:56:00,6,0,0,W BAYAUD AVE & S WOLFF ST,1,1,1,0,1,3,0,0,25,0,0,0,0,1,4,2,1
,2023-10803,39.73680921,-104.9549044,3/20/2023 16:10,16:10:00,12,0,0,E 13TH AVE & CLAYTON ST,1,1,0,0,1,9,0,0,30,0,0,0,0,0,4,2,11
,2023-10804,39.71141368,-104.9406224,3/20/2023 13:40,13:40:00,12,0,2, COLORADO BLVD & E ALAMEDA AVE,1,1,0,0,1,3,0,0,40,0,0,0,0,2,2,2,10
,2023-10807,39.78422126,-105.0251926,3/21/2023 7:50,7:50:00,12,0,0,I-70 & N FEDERAL BLVD,1,1,1,0,1,4,0,0,55,0,0,0,0,0,1,2,11
,2023-10815,39.77247871,-104.8294046,3/20/2023 14:54,14:54:00,12,0,0,I-70 & I-225 NB FLYOVER,1,1,0,0,1,4,0,0,55,0,0,0,0,0,1,2,11
,2023-10816,39.71817784,-104.95932,3/21/2023 15:06,15:06:00,12,0,0, UNIVERSITY BLVD & E 1ST AVE,1,1,0,0,1,3,0,0,35,0,0,0,0,0,4,2,16
,2023-10820,39.75364163,-104.9886367,3/20/2023 14:55,14:55:00,12,0,0,22ND ST & ARAPAHOE ST,1,1,0,0,1,4,0,0,30,0,0,0,0,0,4,2,13
,2023-10822,39.72553476,-105.0128548,3/21/2023 6:57,6:57:00,15,0,0,W 6TH AVE FWY & I-25,1,1,1,0,1,4,0,1,55,0,0,0,0,0,2,2,13
,2023-10824,39.76934701,-105.0513563,3/21/2023 2:27,2:27:00,6,0,0,W 38TH AVE & N YATES ST,1,3,0,0,1,4,0,0,35,0,0,0,0,0,4,2,16
,2023-10827,39.84173061,-104.9856512,3/21/2023 14:12,14:12:00,15,0,0,E 80TH AVE,1,1,1,0,1,4,0,0,35,0,0,0,0,0,2,2,11
,2023-10829,39.62822398,-105.1099067,3/10/2023 16:39,16:39:00,12,0,1, KIPLING ST & W SARATOGA PL,1,1,1,0,1,4,0,0,40,0,0,0,1,1,4,2,16
,2023-10830,39.72922564,-104.9327283,3/21/2023 8:05,8:05:00,1,0,0, DEXTER ST & E 8TH AVE,1,1,0,0,1,1,0,0,25,0,0,0,0,0,4,2,11
,2023-10831,39.79431369,-104.7635679,3/20/2023 17:30,17:30:00,6,0,0, DANUBE ST & E 55TH AVE,1,3,0,0,1,4,0,0,20,0,0,0,0,0,4,2,1
,2023-10836,39.65673748,-104.8664111,3/20/2023 7:55,7:55:00,1,0,1, HAVANA ST & S GALENA ST,1,1,0,0,1,4,0,0,45,0,0,0,1,3,2,2,3
,2023-10837,39.71803077,-104.9525544,3/21/2023 11:12,11:12:00,15,0,0,E 1ST AVE & N  MILWAUKEE ST,1,1,0,0,1,4,0,0,30,0,0,0,0,0,4,2,16
,2023-10838,39.7852488,-104.883074,3/21/2023 10:25,10:25:00,12,0,0, CENTRAL PARK BLVD & E NORTHFIELD BLVD,1,1,0,0,1,3,0,0,35,0,0,0,0,0,4,2,16
,2023-10841,39.70735944,-104.94062,3/21/2023 10:00,10:00:00,1,0,0, COLORADO BLVD & E VIRGINIA AVE,1,1,0,0,1,1,0,0,35,0,0,0,0,0,2,2,3
,2023-10843,39.75104853,-104.933424,3/21/2023 14:00,14:00:00,14,0,1,E 23RD AVE & N CHERRY ST,1,1,0,0,6,4,0,0,30,0,0,0,0,1,4,2,16
,2023-10845,39.78555772,-104.8843669,3/20/2023 14:24,14:24:00,5,0,0,E NORTHFIELD BLVD & N AKRON ST,1,1,0,0,3,1,0,0,30,0,0,0,0,0,4,1,1
,2023-10849,39.71118387,-104.9923866,3/20/2023 12:46,12:46:00,1,0,0,W ALAMEDA AVE & S CHEROKEE ST,1,1,0,0,1,1,0,0,30,0,0,0,0,0,4,2,3
,2023-10850,39.78363126,-104.7806309,3/20/2023 7:20,7:20:00,5,0,0,E GREEN VALLEY RANCH BLVD & N TELLURIDE ST,1,2,0,0,3,4,1,0,25,0,0,0,0,0,4,1,1
,2023-10853,39.75124601,-105.0173624,3/20/2023 22:11,22:11:00,1,0,0,W 23RD AVE & I-25 SB RAMPS,1,3,1,0,1,1,0,0,30,0,0,0,0,0,4,3,16
,2023-10854,39.76175464,-104.9462642,3/20/2023 9:00,9:00:00,3,0,0, MADISON ST & E MLK BLVD,1,1,0,0,1,1,0,0,25,0,0,0,0,0,4,2,3
,2023-10855,39.71799159,-104.9511911,3/21/2023 7:39,7:39:00,3,0,0,E 1ST AVE & N ST PAUL ST,1,1,0,0,1,1,0,0,35,0,0,0,0,0,4,2,11
,2023-10863,39.77289497,-104.949826,3/20/2023 16:45,16:45:00,15,0,0, STEELE ST & E 40TH AVE,1,1,0,0,1,1,0,0,25,0,0,0,0,0,4,2,1