id,drcog_id,latitude,longitude,crashtime,time,crashtype,numbkilled,numbinjurd,drcoglocat,rdconditin,lightngcon,roadcntgrd,weatherco,location,roaddescrp,schoolzone,constrzone,splimit,bikeinv,pedinv,sctrinv,motoinv,svrty,rdsystem,ttlvehcls,hcf
,2023-10909,39.69661337,-104.9407267,3/22/2023 17:05,17:05:00,12,0,0, COLORADO BLVD & E MISSISSIPPI AVE,1,1,0,0,1,3,0,0,35,0,0,0,0,0,2,2,14
,2023-10911,39.64163214,-104.9028664,3/22/2023 13:50,13:50:00,3,0,0, QUEBEC ST & S QUEBEC WY,1,1,0,0,1,1,0,0,35,0,0,0,0,0,4,2,13
,2023-10913,39.71101415,-105.0329761,3/21/2023 13:13,13:13:00,15,0,0,MORRISON RD & W ALAMEDA AVE,1,1,0,0,1,1,0,0,30,0,0,0,0,0,4,2,3
,2023-10916,39.78572714,-104.8830783,3/22/2023 8:05,8:05:00,3,0,1,E NORTHFIELD BLVD & N CENTRAL PARK BLVD,1,1,0,0,1,1,0,0,40,0,0,0,0,2,4,2,11
,2023-10918,39.70027192,-104.9082099,3/22/2023 8:15,8:15:00,1,0,0,LEETSDALE DR & S ONEIDA ST,1,1,0,0,1,1,0,0,35,0,0,0,0,0,2,2,16
,2023-10919,39.72567334,-104.9930644,3/22/2023 8:37,8:37:00,12,0,0,W 6TH AVE & N DELAWARE ST,1,1,0,0,1,4,0,0,30,0,0,0,0,0,4,2,13
,2023-10921,39.81461813,-104.7720774,3/21/2023 19:50,19:50:00,3,0,0,E 65TH AVE & N TOWER RD,1,3,0,0,1,1,0,0,45,0,0,0,0,0,4,2,11
,2023-10925,39.73657116,-104.9971122,3/22/2023 15:32,15:32:00,15,0,0,GALAPAGO ST & W 13TH AVE,1,1,0,0,1,4,0,0,30,0,0,0,0,0,4,2,13
,2023-10926,39.7153218,-104.959307,3/14/2023 14:30,14:30:00,1,0,0, UNIVERSITY BLVD & E CHERRY CREEK S DR,1,1,0,0,1,1,0,0,30,0,0,0,0,0,4,2,3
,2023-10931,39.74327193,-104.9836002,3/22/2023 7:16,7:16:00,3,0,0,E 17TH AVE & N GRANT ST,1,1,0,0,1,1,0,0,30,0,0,0,0,1,4,2,11
,2023-10932,39.77301253,-104.8058299,3/22/2023 7:35,7:35:00,3,0,0,9111 E 40TH AVE & CENTRAL PARK BLVD,1,1,0,0,1,2,0,0,35,0,0,0,0,0,4,3,1
,2023-10935,39.74340242,-104.9275322,3/14/2023 16:18,16:18:00,15,0,0,E 17TH AVE & FILBERT CT,1,1,0,0,1,4,0,0,30,0,0,0,0,0,4,2,1
,2023-10945,39.69680193,-104.9733873,3/22/2023 12:27,12:27:00,6,0,1, DOWNING ST & E MISSISSIPPI AVE,1,1,0,0,1,4,0,0,30,0,0,0,0,2,4,2,2
,2023-10947,39.69663387,-105.0015159,3/22/2023 16:15,16:15:00,12,0,0, LIPAN ST & W MISSISSIPPI AVE,1,1,0,0,1,3,0,0,25,0,0,0,0,0,4,2,13
,2023-10948,39.84196421,-104.7467682,3/22/2023 13:19,13:19:00,15,0,0,E-470 NB ON RAMP FROM WB PENA BLVD & ON RAMP MERGE PT,1,1,0,0,1,8,0,0,75,0,0,0,0,0,2,2,11
,2023-10957,39.68937915,-104.9920546,3/22/2023 9:24,9:24:00,3,0,1, SANTA FE DR & W FLORIDA AVE,1,1,0,0,1,1,0,0,45,0,0,0,0,1,2,2,13
,2023-10960,39.78028697,-105.0251397,3/22/2023 11:10,11:10:00,12,0,0, FEDERAL BLVD & W 46TH AVE,1,1,0,0,1,3,0,0,35,0,0,0,0,0,2,2,7
,2023-10979,39.76118838,-104.9027527,3/21/2023 22:18,22:18:00,8,0,0, QUEBEC ST & E MLK BLVD,1,3,0,0,1,1,0,0,35,0,0,0,0,1,4,2,13
,2023-10980,39.71102492,-104.9970606,3/22/2023 7:35,7:35:00,15,0,0, SANTA FE DR & W ALAMEDA AVE,1,1,0,0,1,3,0,0,45,0,0,0,0,0,2,2,1
,2023-10984,39.74798101,-104.9258055,3/22/2023 9:18,9:18:00,6,0,0,GLENCOE ST & E MONTVIEW BLVD,1,3,0,0,1,1,0,0,25,0,0,0,0,0,4,2,1
,2023-10985,39.80002477,-104.7721165,3/22/2023 6:55,6:55:00,12,0,0, TOWER RD & E 57TH AVE,1,1,1,0,1,4,0,0,40,0,0,0,0,0,4,2,16
,2023-10988,39.80556972,-104.7721297,3/22/2023 8:05,8:05:00,12,0,0,E 60TH AVE & N TOWER RD,1,1,0,0,1,1,0,0,25,0,0,0,0,1,4,2,16
,2023-11003,39.78360002,-104.9004615,3/22/2023 10:55,10:55:00,1,0,1, NORTHFIELD QUEBEC ST & I-270 WB RAMP,1,1,2,0,1,1,0,0,35,0,0,0,0,1,2,2,16
,2023-11004,39.65302312,-104.873033,3/22/2023 8:33,8:33:00,15,0,1,E HAMPDEN AVE & S FLORENCE ST,1,1,0,0,1,4,0,0,45,0,0,0,0,2,2,6,11
,2023-11012,39.74395157,-105.0357083,3/22/2023 17:14,17:14:00,12,0,0,W 17TH AVE & N MEADE ST,1,1,0,0,1,3,0,0,20,0,0,0,0,1,4,2,3
,2023-11027,39.79254936,-104.8173801,3/23/2023 14:49,14:49:00,12,0,0,E MAXWELL PL & E PENSACOLA DR,1,1,0,0,1,4,0,0,25,0,0,0,0,0,4,2,13
,2023-11029,39.77917057,-104.9794894,3/23/2023 18:50,18:50:00,12,0,0,I-70 EB EXIT RAMP & N WASHINGTON ST,1,1,1,0,1,8,0,0,45,0,0,0,0,0,1,3,10
,2023-11030,39.71842843,-104.9985635,3/23/2023 14:00,14:00:00,15,0,0,W 1ST AVE & N SANTA FE DR,1,1,0,0,1,1,0,0,,0,0,0,0,0,4,2,16
,2023-11031,39.70815409,-104.9269618,3/22/2023 15:30,15:30:00,1,0,0,LEETSDALE DR & S FOREST ST,1,1,0,0,1,1,0,0,35,0,0,0,0,0,2,2,3
,2023-11032,39.73511095,-104.9483822,3/23/2023 15:45,15:45:00,3,0,0, ADAMS ST & E 12TH AVE,1,1,0,0,1,1,0,0,25,0,0,0,0,0,4,2,3
,2023-11034,39.77803272,-104.8472166,3/23/2023 11:37,11:37:00,3,0,0,E 45TH AVE & N PEORIA ST,1,1,0,0,1,2,0,0,10,0,0,0,0,0,4,2,7
,2023-11035,39.719882,-104.9522011,3/23/2023 4:27,4:27:00,6,0,0,MILWAUKEE ST & E 2ND AVE,1,3,0,0,1,4,0,0,25,0,0,0,0,0,4,2,2
,2023-11038,39.71112656,-104.9663273,3/23/2023 13:00,13:00:00,15,0,0, WILLIAMS ST & E ALAMEDA AVE,1,1,0,0,1,4,0,0,25,0,0,0,0,0,4,2,3
,2023-11040,39.76199377,-104.9659436,3/23/2023 11:00,11:00:00,10,0,0,E MLK BLVD & N WILLIAMS ST,1,1,0,0,1,1,0,0,30,0,0,0,0,0,4,2,3
,2023-11041,39.7580581,-104.9894673,3/23/2023 8:05,8:05:00,2,0,0,2401 BLAKE ST & 24TH ST,1,1,1,0,5,2,0,0,0,1,0,0,0,0,3,1,16
,2023-11043,39.68757443,-104.9875127,3/24/2023 9:37,9:37:00,5,0,1,E IOWA AVE & S BROADWAY,1,1,0,0,2,1,0,0,30,0,0,0,0,2,4,1,11
,2023-11045,39.76567335,-104.9948629,3/22/2023 16:57,16:57:00,1,0,0,PARK AVE W & N GLOBEVILLE RD,1,1,0,0,1,1,0,0,45,0,0,0,0,1,4,2,13
,2023-11046,39.6581687,-104.8846894,3/24/2023 6:24,6:24:00,15,0,0, YOSEMITE ST & E EASTMAN PL,1,3,0,0,1,5,0,0,30,0,0,0,0,0,4,2,16
,2023-11047,39.74812664,-105.0252058,3/22/2023 22:03,22:03:00,5,0,1, FEDERAL BLVD & W 20TH AVE,1,3,0,0,6,4,0,0,35,0,0,0,0,1,2,1,16
,2023-11049,39.72349863,-105.0250226,3/23/2023 16:43,16:43:00,3,0,0, FEDERAL BLVD & W 5TH AVE,1,1,0,0,1,2,0,0,35,0,0,0,0,0,2,2,13
,2023-11051,39.70017899,-104.9406165,3/24/2023 14:40,14:40:00,10,0,1, COLORADO BLVD & E KENTUCKY AVE,1,1,1,0,1,1,0,0,35,0,0,0,1,2,2,2,13
,2023-11052,39.78378643,-104.7979778,3/24/2023 7:15,7:15:00,3,0,0,E GREEN VALLEY RANCH BLVD & N MEMPHIS ST,1,1,0,0,1,1,0,0,35,0,0,0,0,0,4,2,16
,2023-11053,39.72927899,-104.9124497,3/24/2023 10:55,10:55:00,2,0,1,E 8TH AVE & N MONACO ST,1,1,0,0,1,1,0,0,0,1,0,0,0,2,4,1,16
,2023-11054,39.71333206,-105.0532451,3/23/2023 15:43,15:43:00,3,0,0, SHERIDAN BLVD & W CEDAR AVE,1,1,0,0,1,1,0,0,35,0,0,0,0,0,2,2,13
,2023-11055,39.71625095,-104.949939,3/24/2023 15:09,15:09:00,15,0,0, STEELE ST & E ELLSWORTH AVE,1,1,0,0,1,4,0,0,30,0,0,0,0,1,4,2,13
,2023-11056,39.7782141,-104.903401,3/23/2023 7:50,7:50:00,12,0,0, QUEBEC ST & I-70,1,1,0,0,1,3,0,0,40,0,0,0,0,0,2,2,13
,2023-11057,39.72565107,-104.9888895,3/23/2023 9:30,9:30:00,15,0,0,W 6TH AVE & N ACOMA ST,1,1,0,0,1,1,0,0,30,0,0,0,0,0,4,2,3
,2023-11059,39.74693128,-104.9968694,3/23/2023 9:00,9:00:00,10,0,0,15TH ST & ARAPAHOE ST,1,1,0,0,1,1,0,0,30,0,0,0,0,0,4,2,3
,2023-11062,39.69855735,-104.940815,3/23/2023 14:20,14:20:00,12,0,1, COLORADO BLVD & E TENNESSEE AVE,1,1,0,0,1,4,0,0,35,0,0,0,1,2,2,2,13
,2023-11063,39.73845396,-104.9952893,3/23/2023 13:38,13:38:00,8,0,0,W 14TH AVE & N FOX ST,1,1,0,0,1,1,0,0,30,0,0,0,0,0,4,2,13
,2023-11064,39.62409931,-104.8946425,3/22/2023 23:04,23:04:00,3,0,2, ULSTER ST & E BELLEVIEW AVE,1,3,0,0,1,1,0,0,30,0,0,0,0,3,4,2,1
,2023-11065,39.78439028,-105.0607659,2/14/2023 14:10,14:10:00,6,0,0,GOLDEN CT & W 48TH AVE,1,1,0,0,1,4,0,0,25,0,0,0,0,0,4,2,7
,2023-11067,39.7517092,-105.0029247,2/16/2023 16:05,16:05:00,15,0,0,WEWATTA ST & 15TH ST,1,1,0,0,1,4,0,0,30,0,0,0,0,0,4,2,13
,2023-11068,39.71833866,-104.9835367,3/23/2023 7:52,7:52:00,12,0,0,E 1ST AVE & N GRANT ST,1,1,0,0,1,4,0,0,25,0,0,0,0,0,4,2,11
,2023-11070,39.64035953,-104.8824865,3/21/2023 17:19,17:19:00,12,0,1,I-225 NB ON RAMP & RAMP METER LIGHT,1,1,0,0,1,8,0,0,65,0,0,0,0,1,4,2,11
,2023-11074,39.66757334,-104.9258067,3/22/2023 8:51,8:51:00,12,0,0,I-25 & E YALE AVE,1,1,0,0,1,4,0,0,55,0,0,0,0,0,1,2,1
,2023-11075,39.83306527,-104.7069966,3/23/2023 12:39,12:39:00,12,0,0,E 75TH AVE & N GUN CLUB RD,1,1,0,0,1,4,0,0,45,0,0,0,0,0,4,2,11
,2023-11077,39.75550006,-105.012596,3/21/2023 16:16,16:16:00,12,0,0,I-25 & N SPEER BLVD,1,1,0,0,1,4,0,0,40,0,0,0,0,0,1,3,13
,2023-11079,39.74153965,-104.9659929,3/24/2023 7:17,7:17:00,6,0,0, WILLIAMS ST & E 16TH AVE,1,1,0,0,1,4,0,0,25,0,0,0,0,0,4,2,16
,2023-11080,39.72542848,-105.0536746,3/21/2023 17:00,17:00:00,12,0,0,W 6TH AVE FWY & N SHERIDAN BLVD,1,1,1,0,1,8,0,0,45,0,0,0,0,0,2,3,13
,2023-11081,39.77622129,-104.8831851,3/22/2023 7:20,7:20:00,12,0,0,I-70 EB OFF RAMP & N CENTRAL PARK BLVD,1,2,0,0,1,8,0,0,45,0,0,0,0,0,1,2,11
,2023-11082,39.77988149,-104.973588,3/23/2023 14:16,14:16:00,12,0,1,I-70 & WB OFF RAMP GORE PT TO N WASHINGTON ST,1,1,0,0,1,8,0,0,55,0,0,0,0,1,1,2,13
,2023-11083,39.7541496,-104.989308,3/5/2023 22:28,22:28:00,3,0,0,22ND ST & LAWRENCE ST,1,3,0,0,1,3,0,0,30,0,0,0,0,0,4,3,14
,2023-11085,39.73942747,-105.0138738,3/24/2023 15:06,15:06:00,12,0,0,I-25 & W COLFAX AVE,1,1,0,0,1,4,0,0,55,0,0,0,0,0,1,4,13
,2023-11087,39.7400285,-104.9821284,3/23/2023 11:41,11:41:00,15,0,0,E COLFAX AVE & N LOGAN ST,1,1,0,0,1,4,0,0,35,0,0,0,0,0,2,2,16
,2023-11088,39.75296535,-104.9874133,3/23/2023 12:13,12:13:00,15,0,0,BROADWAY & W 22ND ST,1,1,0,0,1,3,0,0,35,0,0,0,0,0,4,2,16
,2023-11089,39.66758005,-104.9222267,3/23/2023 8:08,8:08:00,3,0,0, HOLLY ST & E YALE AVE,1,1,0,0,1,1,0,0,30,0,0,0,0,0,4,2,11
,2023-11090,39.78365418,-105.0061108,3/24/2023 9:09,9:09:00,3,0,0,I-70 WB RAMPS & N PECOS ST,1,1,0,0,1,6,0,0,20,0,0,0,0,0,4,2,13
,2023-11092,39.67735753,-105.0278636,3/23/2023 9:35,9:35:00,6,0,0, HAZEL WAY & W EVANS AVE,1,1,1,0,1,4,0,0,25,0,0,0,0,0,4,2,3
,2023-11097,39.77812952,-104.8925622,3/21/2023 14:33,14:33:00,15,0,0,I-70 & I-270 EB OVERPASS,1,1,0,0,1,4,0,0,55,0,0,0,0,0,1,2,10
,2023-11098,39.79160817,-104.9592891,3/20/2023 17:40,17:40:00,10,0,0, BRIGHTON BLVD & N YORK ST,1,1,0,0,1,1,0,0,45,0,0,0,0,0,4,2,16
,2023-11099,39.71120439,-104.9983795,3/22/2023 7:29,7:29:00,1,0,0,W ALAMEDA AVE & S KALAMATH ST,1,1,0,0,1,1,0,0,35,0,0,0,0,0,2,2,11
,2023-11100,39.75364262,-105.0089296,3/23/2023 7:29,7:29:00,12,0,0, SPEER BLVD & ELITCH CIR,1,1,0,0,1,4,0,0,35,0,0,0,0,0,4,2,16
,2023-11101,39.75011371,-104.9234654,3/23/2023 11:47,11:47:00,14,0,0,HUDSON ST & E 22ND AVE,1,1,0,0,1,4,0,0,25,0,0,0,0,0,4,2,1
,2023-11103,39.77779369,-104.9036877,3/23/2023 6:24,6:24:00,15,0,0, NORTHFIELD QUEBEC ST & I-70 EB RAMPS,1,3,0,0,1,3,0,0,40,0,0,0,0,0,2,2,11
,2023-11104,39.65304245,-104.8720122,3/22/2023 9:00,9:00:00,15,0,0,E HAMPDEN AVE & S FLORENCE ST,1,1,0,0,1,1,0,0,35,0,0,0,0,0,4,2,3
,2023-11105,39.74378787,-104.8987396,3/22/2023 14:45,14:45:00,3,0,0, SYRACUSE ST & E 17TH AVE,1,1,0,0,1,1,0,0,25,0,0,0,0,0,4,3,3
,2023-11106,39.78622319,-104.8488894,3/23/2023 16:27,16:27:00,3,0,0, PARIS ST & E 49TH AVE,1,1,0,0,1,1,0,0,,0,0,0,0,0,4,2,16
,2023-11108,39.72566568,-105.0133202,3/23/2023 8:07,8:07:00,12,0,1,W 6TH AVE & I-25,1,1,0,0,1,4,0,0,50,0,0,0,0,1,2,2,8
,2023-11110,39.71111715,-104.9661191,3/23/2023 16:55,16:55:00,12,0,0,E ALAMEDA AVE & S WILLIAMS ST,1,1,0,0,1,1,0,0,30,0,0,0,0,0,4,3,13
,2023-11117,39.74516968,-105.0346535,3/22/2023 9:40,9:40:00,6,0,0,W 18TH AVE & S LOWELL BLVD,1,1,0,0,1,4,0,0,20,0,0,0,0,0,4,2,11
,2023-11118,39.77929874,-104.850111,3/23/2023 11:45,11:45:00,3,0,1, PARIS ST & E 46TH AVE,1,1,0,0,1,1,0,0,15,0,0,0,0,2,4,2,16
,2023-11122,39.70568252,-104.9733733,3/24/2023 13:20,13:20:00,3,0,0, DOWNING ST & E CENTER AVE,1,1,3,0,1,1,0,0,25,0,0,0,0,0,4,2,13
,2023-11123,39.76209685,-105.0029397,3/24/2023 16:52,16:52:00,12,0,1,I-25 & 20TH ST,1,1,1,0,1,4,0,0,55,0,0,0,0,1,1,2,13
,2023-11124,39.77292871,-105.0227562,3/24/2023 7:48,7:48:00,8,0,0,W 41ST AVE & N ELIOT ST,1,1,0,0,1,4,0,0,25,0,0,0,0,0,4,2,11
,2023-11126,39.68228314,-105.0552393,3/24/2023 7:58,7:58:00,12,0,0,W JEWELL AVE & S SHERIDAN BLVD,1,1,1,0,1,3,0,0,35,0,0,0,0,0,4,3,11
,2023-11128,39.73801274,-105.0252737,3/24/2023 13:47,13:47:00,12,0,1, FEDERAL BLVD & W 14TH AVE,1,1,0,0,1,1,0,0,35,0,0,0,0,1,2,2,13
,2023-11133,39.75008048,-105.0049615,3/22/2023 20:40,20:40:00,12,0,1,CHOPPER PL & N SPEER BLVD,1,3,0,0,1,4,0,0,20,0,0,0,0,2,4,2,16
,2023-11134,39.76228863,-105.0252218,3/23/2023 13:59,13:59:00,12,0,0, FEDERAL BLVD & W 32ND AVE,1,1,0,0,1,4,0,0,35,0,0,0,0,0,2,2,13
,2023-11136,39.73431427,-104.9861279,3/23/2023 12:35,12:35:00,15,0,0,LINCOLN ST & E 11TH AVE,1,1,0,0,1,4,0,0,30,0,0,0,0,1,4,2,11
,2023-11138,39.65136069,-104.8848141,3/24/2023 18:44,18:44:00,3,0,1, YOSEMITE ST & E JEFFERSON AVE,1,2,3,0,1,2,0,0,35,0,0,0,0,2,4,2,14
,2023-11142,39.70749895,-104.9745433,3/24/2023 12:15,12:15:00,3,0,0, CORONA ST & E VIRGINIA AVE,1,1,0,0,1,1,0,0,30,0,0,0,0,1,4,2,11
,2023-11143,39.70889536,-104.8753846,3/24/2023 7:47,7:47:00,10,0,0,E ALAMEDA AVE & S DAYTON ST,1,1,0,0,1,1,0,0,40,0,0,0,0,0,4,2,11
,2023-11145,39.84298247,-104.6704405,3/1/2023 17:50,17:50:00,12,0,0,8311 PENA BLVD & E,1,1,0,0,5,12,0,0,,0,0,0,0,0,3,2,16
,2023-11146,39.75594414,-104.890392,3/24/2023 0:06,0:06:00,6,0,0,CENTRAL PARK BLVD & E 28TH AVE,1,3,0,0,1,4,0,0,35,0,0,0,0,0,4,2,1
,2023-11147,39.7195135,-104.9776463,3/24/2023 15:48,15:48:00,12,0,0,E SPEER BLVD & N CLARKSON ST,1,1,0,0,1,4,0,0,30,0,0,0,0,0,4,2,13
,2023-11151,39.75482788,-105.02052,3/25/2023 13:45,13:45:00,3,0,0,W 26TH AVE & N CLAY ST,1,1,0,7,1,3,0,0,30,0,0,0,0,0,4,2,13
,2023-11152,39.71121549,-105.0299792,3/25/2023 14:33,14:33:00,1,0,1,W ALAMEDA AVE & S IRVING ST,1,1,0,0,1,1,0,0,35,0,0,0,0,1,2,2,13
,2023-11159,39.7350908,-105.0532181,1/19/2023 17:12,17:12:00,16,0,0,1198  SHERIDAN BLVD,1,3,0,0,5,7,0,0,10,0,0,0,0,0,3,2,13
,2023-11160,39.77993948,-104.9789888,3/25/2023 18:19,18:19:00,15,0,0,I-70 WB RAMPS & N WASHINGTON ST,1,1,1,0,1,1,0,0,55,0,0,0,0,0,1,2,13
,2023-11170,39.7401431,-104.9460063,3/6/2023 2:12,2:12:00,5,0,0,E COLFAX AVE & N MADISON ST,1,3,0,0,2,4,0,0,,0,0,0,0,0,2,1,16
,2023-11171,39.74484422,-104.9761357,3/25/2023 16:47,16:47:00,3,0,1,E 18TH AVE & N EMERSON ST,1,1,0,0,1,1,0,0,30,0,0,0,0,2,4,2,11
,2023-11172,39.72578857,-105.0394421,2/8/2023 14:40,14:40:00,12,0,1,W 6TH AVE & N PERRY ST,1,1,0,0,1,1,0,0,35,0,0,0,0,1,2,2,16
,2023-11174,39.7819637,-104.9592775,3/25/2023 8:15,8:15:00,1,0,1,E 47TH AVE & N YORK ST,1,1,0,0,1,1,0,0,25,0,0,0,0,2,4,2,13
,2023-11175,39.66011886,-104.8663003,3/25/2023 20:32,20:32:00,5,0,1, HAVANA ST & E DARTMOUTH AVE,1,3,0,0,2,3,0,0,40,0,0,0,0,3,2,1,14
,2023-11182,39.72361971,-105.0114081,3/25/2023 10:11,10:11:00,12,0,0,I-25 & E 6TH AVE,1,1,1,0,1,8,0,0,65,0,0,0,0,0,1,2,3
,2023-11183,39.74368058,-104.9372203,3/25/2023 11:13,11:13:00,3,0,0, BELLAIRE ST & E 17TH AVE PKWY,1,1,0,0,1,1,0,0,25,0,0,0,0,1,4,2,13
,2023-11188,39.65315919,-104.9154175,2/25/2023 18:09,18:09:00,12,0,1,E HAMPDEN AVE & S LOCUST ST,1,3,0,0,1,3,0,0,45,0,0,0,0,2,2,2,13
,2023-11191,39.69758103,-105.0483636,2/26/2023 8:14,8:14:00,6,0,0,W TENNESSEE AVE & S TENNYSON ST,1,1,0,0,1,4,0,0,25,0,0,0,0,0,4,3,16
,2023-11210,39.71295497,-104.9827828,3/25/2023 15:18,15:18:00,8,0,2, LOGAN ST & E CEDAR AVE,1,1,0,0,1,1,0,0,25,0,0,0,0,2,4,2,11
,2023-11211,39.78363784,-104.7904896,3/25/2023 15:28,15:28:00,1,0,0,E GREEN VALLEY RANCH BLVD & PENA BLVD INBOUND,1,1,0,0,1,1,0,0,35,0,0,0,0,0,4,2,11
,2023-11213,39.72561441,-104.9227991,3/25/2023 2:23,2:23:00,3,0,1,E 6TH AVE & N HOLLY ST,11,3,0,0,1,1,0,0,30,0,0,0,0,2,4,2,13
,2023-11214,39.75613585,-104.979761,3/25/2023 17:45,17:45:00,3,0,0,27TH ST & STOUT ST,1,1,0,0,1,1,0,0,30,0,0,0,0,0,4,2,16
,2023-11217,39.83294409,-104.7736597,3/25/2023 1:30,1:30:00,5,0,0,PENA BLVD & N TOWER RD,7,3,0,2,2,4,0,0,65,0,0,0,0,0,4,1,7
,2023-11218,39.76957561,-105.0532478,3/17/2023 8:19,8:19:00,12,0,1, SHERIDAN BLVD & W 38TH AVE,1,1,0,0,1,3,0,0,35,0,0,0,0,1,2,2,16
,2023-11220,39.74346844,-104.9823363,3/3/2023 15:20,15:20:00,6,0,0,LOGAN ST & E 17TH AVE,1,1,0,0,1,4,0,0,,0,0,0,1,0,4,2,16
,2023-11224,39.7651506,-104.8925168,3/12/2023 22:09,22:09:00,8,0,0, UNITA ST & E 35TH AVE,1,3,0,0,1,1,0,0,30,0,0,0,0,0,4,2,16
,2023-11227,39.76442584,-104.9794829,3/17/2023 12:06,12:06:00,2,0,1,WALNUT ST & 32ND ST,1,1,0,0,1,4,0,0,0,1,0,0,0,1,4,1,16
,2023-11231,39.67843479,-104.9593933,3/16/2023 20:47,20:47:00,12,0,0, UNIVERSITY BLVD & E EVANS AVE,1,3,0,0,1,1,0,0,30,0,0,0,0,1,4,2,16
,2023-11232,39.72547503,-105.0324806,3/15/2023 7:02,7:02:00,12,0,0,W 6TH AVE FWY & N KNOX CT,1,1,0,0,1,4,0,0,55,0,0,0,0,0,2,2,16
,2023-11236,39.67128793,-104.9875841,3/14/2023 15:03,15:03:00,3,0,0,E HARVARD AVE & S BROADWAY ST,1,1,0,0,1,1,0,0,30,0,0,0,0,0,4,2,11
,2023-11238,39.75372542,-104.995042,3/17/2023 20:09,20:09:00,11,0,1,BLAKE ST & 19TH ST,1,3,1,0,1,4,0,0,0,0,1,0,0,2,4,1,16
,2023-11239,39.79138185,-104.7883658,3/16/2023 0:15,0:15:00,15,0,0,PENA BLVD & 56TH AVE,11,3,0,1,1,8,0,0,15,0,0,0,0,0,4,2,13
,2023-11242,39.77915478,-104.9793644,3/15/2023 18:47,18:47:00,11,0,1, WASHINGTON ST & I-70 EB OFF RAMP,1,1,0,0,1,1,0,0,0,0,1,0,0,2,4,1,16
,2023-11253,39.71116052,-104.9035074,3/18/2023 2:21,2:21:00,5,0,1, QUEBEC ST & E ALAMEDA AVE,1,3,0,0,3,4,0,0,30,0,0,0,0,2,4,1,16
,2023-11254,39.73313118,-105.0321443,3/17/2023 17:38,17:38:00,11,0,1, KNOX CT & W 10TH AVE,1,2,0,0,1,4,0,0,0,0,1,0,0,1,4,1,16
,2023-11335,39.81291693,-104.7626058,3/18/2023 23:03,23:03:00,3,0,0, DUNKRIK ST & E 64TH AVE,1,4,0,0,1,1,0,0,25,0,0,0,0,0,4,2,16
,2023-11338,39.76212512,-105.0390994,2/7/2023 13:44,13:44:00,6,0,0,W 32ND AVE & N PERRY ST,1,1,0,0,1,4,0,0,25,0,0,0,0,0,4,2,16
,2023-11339,39.69848774,-104.992705,3/18/2023 0:03,0:03:00,5,0,0,W TENNESSEE AVE & S PLATTE RIVER DR,1,3,0,0,4,1,0,0,55,0,0,0,0,0,2,1,16
,2023-11343,39.7272758,-104.9874155,3/26/2023 10:21,10:21:00,3,0,0,E SPEER BLVD & BROADWAY,1,1,0,0,1,1,0,0,25,0,0,0,0,1,4,2,16
,2023-11344,39.72570812,-105.0001485,3/26/2023 8:17,8:17:00,3,0,1,W 6TH AVE & N KALAMATH ST,1,1,0,0,1,1,0,0,35,0,0,0,0,2,4,2,11
,2023-11350,39.66768135,-105.0349504,3/19/2023 14:35,14:35:00,3,0,0,W YALE AVE & S LOWELL BLVD,1,1,0,0,1,1,0,0,30,0,0,0,0,1,4,3,10
,2023-11352,39.68756498,-104.9840031,3/26/2023 12:58,12:58:00,3,0,0,E IOWA AVE & S GRANT ST,1,1,0,0,1,1,0,0,30,0,0,0,0,0,4,2,3
,2023-11359,39.79158278,-104.8826425,2/17/2023 17:30,17:30:00,9,0,0, CENTRAL PARK BLVD & E PRAIRIE MEADOW DR,1,1,0,0,1,4,0,0,,0,0,0,0,0,4,1,16
,2023-11364,39.71946803,-104.9802814,3/19/2023 6:00,6:00:00,6,0,0, PEARL ST & E 2ND AVE,1,1,0,0,1,4,0,0,25,0,0,0,0,0,4,2,16
,2023-11365,39.70691438,-104.8843468,3/26/2023 2:25,2:25:00,5,0,1,E ALAMEDA AVE & S XENIA ST,1,3,0,0,2,4,0,0,35,0,0,0,0,3,4,1,1
,2023-11367,39.68949092,-105.0250875,3/18/2023 21:02,21:02:00,11,0,1,W FLORIDA AVE & S FEDERAL BLVD,1,3,0,0,1,4,0,0,30,0,1,0,0,3,4,1,1
,2023-11371,39.6894895,-105.025239,3/18/2023 20:11,20:11:00,8,0,0,W FLORIDA AVE & S FEDERAL BLVD,1,5,0,0,1,4,0,0,30,0,0,0,0,1,4,2,16
,2023-11381,39.77937722,-104.9794717,3/20/2023 6:37,6:37:00,12,0,0,I-70 EB ON RAMP COLLECTOR & N WASHINGTON ST,1,1,0,0,1,8,0,0,55,0,0,0,0,0,1,2,16
,2023-11385,39.6605112,-105.025153,2/22/2023 19:12,19:12:00,11,0,1,W DARTMOUTH AVE & S FEDERAL BLVD,5,3,0,2,1,1,0,0,0,0,1,0,0,3,2,1,16
,2023-11386,39.68757443,-104.9875127,3/19/2023 20:14,20:14:00,1,0,1,E IOWA AVE & S BROADWAY ST,1,3,0,0,1,1,0,0,35,0,0,0,0,2,4,2,13
,2023-11387,39.7256473,-104.9874354,3/26/2023 1:45,1:45:00,12,0,0, BROADWAY ST & E 6TH AVE,1,3,0,0,1,1,0,0,30,0,0,0,0,0,4,2,14