id,drcog_id,latitude,longitude,crashtime,time,crashtype,numbkilled,numbinjurd,drcoglocat,rdconditin,lightngcon,roadcntgrd,weatherco,location,roaddescrp,schoolzone,constrzone,splimit,bikeinv,pedinv,sctrinv,motoinv,svrty,rdsystem,ttlvehcls,hcf
,2023-11388,39.78355284,-105.0532291,3/26/2023 14:35,14:35:00,15,0,0,I-70 & N SHERIDAN BLVD,1,1,0,0,1,4,0,0,55,0,0,0,0,0,1,3,16
,2023-11392,39.68351928,-104.9406714,3/25/2023 23:49,23:49:00,15,0,1, COLORADO BLVD & I-25 NB RAMPS,1,3,0,0,1,1,0,0,35,0,0,0,0,2,2,2,13
,2023-11393,39.71465332,-104.9406243,3/25/2023 17:00,17:00:00,1,0,0, COLORADO BLVD & LEETSDALE DR,1,1,0,7,1,1,0,0,,0,0,0,0,0,2,2,16
,2023-11395,39.76930556,-105.0080333,3/26/2023 0:20,0:20:00,5,0,0, QUIVAS ST & W 38TH AVE,1,3,0,0,2,4,0,0,25,0,0,0,0,0,4,1,14
,2023-11398,39.75155553,-104.9859438,3/26/2023 3:58,3:58:00,6,0,0,22ND ST & STOUT ST,1,3,0,0,1,4,0,0,25,0,0,0,0,0,4,2,14
,2023-11399,39.75770332,-104.9985188,3/25/2023 19:27,19:27:00,12,0,0,20TH ST & CHESTNUT PL,1,3,3,0,1,4,0,0,30,0,0,0,0,0,4,2,3
,2023-11401,39.75108088,-104.9950166,3/25/2023 20:13,20:13:00,2,0,0,18TH ST & LARIMER ST,1,3,0,0,1,1,0,0,25,1,0,0,0,0,4,1,16
,2023-11402,39.68567751,-104.9408248,3/24/2023 1:56,1:56:00,1,0,0, COLORADO BLVD & E MEXICO AVE,1,3,0,0,1,1,0,0,40,0,0,0,0,0,2,2,16
,2023-11412,39.76736287,-104.8993153,3/25/2023 16:02,16:02:00,1,0,0,E 36TH AVE & N SYRACUSE ST,1,1,0,0,1,1,0,0,35,0,0,0,0,1,4,3,14
,2023-11413,39.76743435,-104.9199839,3/16/2023 5:00,5:00:00,5,0,0,E 36TH AVE & N IVY ST,9,1,0,0,2,3,0,0,25,0,0,0,0,0,4,1,16
,2023-11415,39.68785322,-104.9875108,3/19/2023 20:14,20:14:00,5,0,1, BROADWAY & E IOWA AVE,1,3,0,0,6,4,0,0,35,0,0,0,0,2,4,1,16
,2023-11420,39.68951106,-105.0149861,3/7/2023 16:14,16:14:00,12,0,1,W FLORIDA AVE & S ZUNI ST,1,1,1,0,1,1,0,0,,0,0,0,0,2,4,2,16
,2023-11425,39.66771535,-105.0298689,2/15/2023 13:30,13:30:00,3,0,0, IRVING ST & W YALE AVE,9,1,0,2,1,1,0,0,20,0,0,0,0,0,4,2,10
,2023-11467,39.73203144,-104.9861274,2/24/2023 1:57,1:57:00,3,0,0, LINCOLN ST & E 10TH AVE,1,3,0,0,6,1,0,0,35,0,0,0,0,0,4,2,16
,2023-11470,39.66763164,-104.9128858,3/27/2023 7:40,7:40:00,1,0,0,E YALE AVE & S MONACO ST,7,1,0,2,1,1,0,0,35,0,0,0,0,1,4,2,11
,2023-11471,39.83089523,-105.053324,2/27/2023 21:18,21:18:00,5,0,1, SHERIDAN BLVD & AMES ST ,1,3,0,0,3,4,0,0,45,0,0,0,0,2,2,1,3
,2023-11472,39.78020144,-104.8098512,3/27/2023 14:45,14:45:00,12,0,1, CHAMBERS RD & E BOLLING DR,1,1,0,0,1,4,0,0,35,0,0,0,0,2,4,2,14
,2023-11473,39.74008444,-104.8917014,3/27/2023 15:49,15:49:00,3,0,0,E COLFAX AVE & N VALENTIA ST,1,5,0,0,1,1,0,0,30,0,0,0,0,0,2,2,13
,2023-11474,39.7432629,-104.9810843,3/27/2023 7:59,7:59:00,3,0,0, PENNSYLVANIA ST & E 17TH AVE,4,4,3,2,1,1,0,0,30,0,0,0,0,0,4,2,16
,2023-11475,39.73684778,-104.9861411,3/27/2023 9:02,9:02:00,12,0,1,E 13TH AVE & N LINCOLN ST,4,1,1,0,1,1,0,0,25,0,0,0,0,2,4,2,13
,2023-11476,39.71121549,-105.0299792,3/27/2023 6:29,6:29:00,12,0,0,W ALAMEDA AVE & S IRVING ST,4,2,0,2,1,1,0,0,35,0,0,0,0,0,2,2,13
,2023-11477,39.66391674,-105.025147,3/27/2023 6:22,6:22:00,9,0,0, FEDERAL BLVD & W BATES AVE,7,2,0,2,3,4,0,0,40,0,0,0,0,0,2,1,16
,2023-11478,39.65294941,-105.0580288,3/27/2023 7:46,7:46:00,3,0,0, DEPEW ST & W HAMPDEN AVE SERVICE S,4,1,1,0,1,1,0,0,25,0,0,0,0,0,4,2,1
,2023-11479,39.77634715,-104.9892122,3/27/2023 5:47,5:47:00,15,0,0,I-25 & I-70,12,3,1,2,1,4,0,0,55,0,0,0,0,0,1,2,7
,2023-11481,39.74006168,-104.9292358,3/27/2023 15:54,15:54:00,3,0,1,E COLFAX AVE & N ELM ST,1,1,0,0,1,1,0,0,35,0,0,0,0,2,2,2,14
,2023-11485,39.68591083,-105.0250216,3/27/2023 7:16,7:16:00,5,0,0, FEDERAL BLVD & W MEXICO AVE,9,1,1,2,2,4,0,0,40,0,0,0,0,0,2,1,1
,2023-11486,39.76403164,-104.8658546,3/27/2023 5:51,5:51:00,8,0,0, HAVANA ST & N FLORENCE WAY,4,1,0,2,1,4,0,0,35,0,0,0,0,1,4,3,16
,2023-11487,39.66261697,-105.0251537,3/27/2023 8:00,8:00:00,14,0,2, FEDERAL BLVD & W CORNELL AVE,4,1,0,2,6,4,0,0,35,0,0,0,0,2,2,2,14
,2023-11489,39.77923073,-104.9897141,3/27/2023 1:42,1:42:00,5,0,0,I-70 EB OFF RAMP TO NB -25 & I-25,10,3,0,2,2,8,0,0,55,0,0,0,0,0,1,1,13
,2023-11490,39.73997276,-104.9622353,3/27/2023 7:45,7:45:00,3,0,2, VINE ST & E COLFAX AVE,4,1,0,2,1,1,0,0,25,0,0,0,0,2,2,2,14
,2023-11491,39.70083394,-104.9141119,3/26/2023 19:20,19:20:00,6,0,0, LOCUST ST & E KENTUCKY AVE,1,1,0,0,1,4,0,0,,0,0,0,0,0,4,3,16
,2023-11493,39.67879178,-104.9934472,3/27/2023 6:32,6:32:00,12,0,0, SANTA FE DR & W EVANS AVE,4,1,0,2,1,4,0,0,55,0,0,0,0,0,2,2,16
,2023-11494,39.66746783,-104.9362288,3/27/2023 8:37,8:37:00,5,0,0,E YALE AVE & S CLERMONT DR,4,1,0,2,3,1,0,0,,0,0,0,0,0,4,1,7
,2023-11499,39.74167881,-104.9861279,3/27/2023 8:20,8:20:00,3,0,0,E 16TH AVE & N LINCOLN ST,4,1,1,2,1,1,0,0,30,0,0,0,0,0,4,2,16
,2023-11500,39.69675846,-105.0250715,3/27/2023 18:18,18:18:00,1,0,0, FEDERAL BLVD & W MISSISSIPPI AVE,1,1,0,0,1,4,0,0,40,0,0,0,0,0,2,2,13
,2023-11502,39.68806088,-104.9705159,3/27/2023 17:50,17:50:00,12,0,3,I-25 SB ON RAMP FROM  DOWNING ST & SB RAMP METER LIGHT,1,1,1,0,1,8,0,0,45,0,0,0,0,1,1,2,13
,2023-11509,39.7122888,-104.9976404,3/27/2023 7:01,7:01:00,10,0,0, SANTA FE DR & W BYERS PL,4,1,0,2,1,1,0,0,30,0,0,0,0,0,2,2,16
,2023-11513,39.71389715,-104.9875363,3/12/2023 0:34,0:34:00,12,0,0,W MAPLE AVE & S BROADWAY ST,1,4,0,0,1,4,0,0,30,0,0,0,0,0,4,2,13
,2023-11514,39.75416369,-105.0062867,3/26/2023 20:27,20:27:00,6,0,1,15TH ST & LITTLE RAVEN ST,14,3,3,7,1,4,0,0,25,0,0,0,0,2,4,3,16
,2023-11517,39.83196039,-104.715542,3/27/2023 7:59,7:59:00,15,0,0,E 75TH AVE. & GUN CLUB RD,4,1,0,2,1,1,0,0,45,0,0,0,0,0,4,2,7
,2023-11519,39.76213264,-105.0158373,3/27/2023 7:30,7:30:00,12,0,0, ZUNI ST & W 32ND AVE,9,1,0,0,1,4,0,0,30,0,0,0,0,0,4,2,13
,2023-11523,39.74482713,-104.9699982,3/26/2023 20:29,20:29:00,5,0,1,E 18TH AVE & N HUMBOLDT ST,1,3,0,0,2,4,0,0,30,0,0,0,0,2,4,1,14
,2023-11531,39.74483516,-104.9708958,3/27/2023 7:08,7:08:00,10,0,1,E 18TH AVE & N LAFAYETTE ST,4,1,3,2,1,1,0,0,30,0,0,0,0,1,1,2,16
,2023-11534,39.7111088,-104.9735537,3/27/2023 4:16,4:16:00,12,0,0,E ALAMEDA AVE & S DOWNING ST,11,3,0,2,1,1,0,0,35,0,0,0,0,0,4,2,14
,2023-11541,39.66052023,-105.0251646,3/27/2023 7:55,7:55:00,12,0,1, FEDERAL BLVD & W DARTMOUTH AVE,4,1,0,2,1,1,0,0,40,0,0,0,0,1,2,2,16
,2023-11561,39.68031571,-104.9687357,3/27/2023 16:15,16:15:00,3,0,0, FRANKLIN ST & E ASBURY AVE,1,1,0,0,1,1,0,0,25,0,0,0,0,0,4,2,13
,2023-11563,39.73303091,-104.9586043,3/27/2023 7:40,7:40:00,5,0,0, JOSEPHINE ST & E 11TH AVE,4,1,0,2,2,4,0,0,30,0,0,0,0,1,4,1,14
,2023-11567,39.72557539,-105.0290712,3/27/2023 8:23,8:23:00,15,0,0,W 6TH AVE FWY & WB ON RAMP MERGE PT FROM N FEDERAL BLVD,10,1,1,2,1,8,0,0,55,0,0,0,0,0,2,2,14
,2023-11613,39.74009142,-104.9587921,3/21/2023 15:00,15:00:00,15,0,0, JOSEPHINE ST & E COLFAX AVE,1,1,0,0,1,3,0,0,,0,0,0,0,0,4,2,16
,2023-11614,39.65315291,-105.0624393,3/28/2023 16:26,16:26:00,5,0,0,W HAMPDEN AVE & S SHERIDAN BLVD,1,1,1,0,3,4,0,0,65,0,0,0,0,0,2,1,14
,2023-11617,39.74090962,-104.9697111,3/28/2023 12:39,12:39:00,3,0,1, HUMBOLDT ST & PARK AVE W,1,1,0,0,1,1,0,0,30,0,0,0,0,1,4,2,11
,2023-11618,39.75177473,-105.002874,3/24/2023 17:10,17:10:00,12,0,0,WEWATTA ST & 15TH ST,1,1,0,0,1,4,0,0,30,0,0,0,0,1,4,2,6
,2023-11620,39.72570711,-105.0016098,3/28/2023 9:20,9:20:00,5,0,0,W 6TH AVE & N LIPAN ST,1,1,0,0,4,9,0,0,15,0,0,0,0,0,4,1,13
,2023-11621,39.6530656,-104.918228,3/28/2023 15:15,15:15:00,15,0,0,I-25 & E HAMPDEN AVE,1,1,0,0,1,4,0,0,,0,0,0,0,0,1,2,16
,2023-11622,39.78571977,-104.8830669,3/28/2023 14:15,14:15:00,12,0,0, CENTRAL PARK BLVD & E NORTHFIELD BLVD,1,1,0,0,1,1,0,0,35,0,0,0,0,0,4,2,16
,2023-11623,39.72711039,-105.001599,3/28/2023 11:14,11:14:00,6,0,0, LIPAN ST & W 7TH AVE,1,1,0,0,1,4,0,0,25,0,0,0,0,0,4,2,13
,2023-11624,39.7253668,-105.0154217,3/20/2023 5:20,5:20:00,5,0,0,W 6TH AVE FWY & N FEDERAL BLVD,1,3,0,0,3,4,0,0,35,0,0,0,0,0,2,1,16
,2023-11625,39.78094213,-104.8828179,3/27/2023 12:55,12:55:00,1,0,0, CENTRAL PARK BLVD & E 46TH AVE,1,1,0,0,1,1,0,0,35,0,0,0,0,0,4,2,11
,2023-11627,39.76919644,-104.9429753,3/28/2023 10:03,10:03:00,15,0,0,E 38TH AVE & N JACKSON ST,1,1,0,0,1,4,0,0,25,0,0,0,0,0,4,2,16
,2023-11628,39.67815039,-104.9579333,3/28/2023 11:03,11:03:00,6,0,0, JOSEPHINE ST & E EVANS AVE,1,1,0,0,1,4,0,0,30,0,0,0,0,0,4,2,11
,2023-11629,39.75632713,-104.9873088,2/2/2023 9:15,9:15:00,3,0,0,24TH ST & N BROADWAY ST,1,1,0,0,1,1,0,0,30,0,0,0,0,0,4,2,1
,2023-11630,39.79016209,-105.053251,3/27/2023 8:30,8:30:00,15,0,0, SHERIDAN BLVD & W 52ND AVE,4,1,1,2,1,4,0,0,35,0,0,0,0,0,2,2,1
,2023-11631,39.79838411,-104.7855056,3/27/2023 14:40,14:40:00,12,0,0,E 56TH AVE & PENA BLVD,1,1,0,0,1,4,0,0,40,0,0,0,0,1,4,2,3
,2023-11633,39.78025829,-104.9466568,3/9/2023 6:51,6:51:00,15,0,0,I-70 & EB OFF RAMP GORE PT TO N COLORADO BLVD,1,1,0,0,1,8,0,0,55,0,0,0,0,0,1,2,11
,2023-11636,39.76567335,-104.9948629,3/28/2023 13:34,13:34:00,3,0,1,PARK AVE W & N GLOBEVILLE RD,1,1,0,0,1,1,0,0,35,0,0,0,0,1,4,2,11
,2023-11638,39.74562799,-104.8893465,3/26/2023 14:14,14:14:00,3,0,0,E 19TH AVE & N WABASH ST,1,1,0,0,1,1,0,0,25,0,0,0,0,0,4,2,11
,2023-11639,39.6530247,-104.9129332,3/25/2023 22:50,22:50:00,15,0,0,E HAMPDEN AVE & S MONACO ST,1,3,3,0,1,1,0,0,,0,0,0,0,0,2,2,16
,2023-11640,39.78769532,-104.9688431,3/24/2023 15:31,15:31:00,5,0,0,E BETTIE CRAM DR & N NATIONAL WESTERN DR,1,1,2,0,2,2,0,0,,0,0,0,0,0,4,1,11
,2023-11642,39.70666042,-104.9965561,3/28/2023 11:30,11:30:00,12,0,0,I-25 & S SANTA FE DR,1,1,0,0,1,4,0,0,65,0,0,0,0,0,1,2,3
,2023-11645,39.74034019,-105.0358242,3/27/2023 7:52,7:52:00,12,0,0,W COLFAX AVE & N MEADE ST,4,1,0,0,1,1,0,0,,0,0,0,0,0,2,2,16
,2023-11651,39.65264945,-105.0554248,3/28/2023 17:54,17:54:00,8,0,1,W HAMPDEN AVE SERVICE  & S SHERIDAN BLVD,1,1,0,0,6,4,0,0,35,0,0,0,0,3,4,2,12
,2023-11656,39.70647881,-104.885744,3/27/2023 14:08,14:08:00,5,0,1, FAIRMOUNT DR & E ALAMEDA AVE,12,1,0,0,2,4,0,0,25,0,0,0,0,1,4,1,10
,2023-11664,39.73835903,-104.9494875,3/28/2023 8:31,8:31:00,10,0,0,E 14TH AVE & N STEELE ST,1,1,0,0,1,1,0,0,30,0,0,0,0,0,4,2,8
,2023-11665,39.78348457,-104.9592576,3/28/2023 7:14,7:14:00,3,0,1, YORK ST & E 48TH AVE,1,1,3,0,1,2,0,0,30,0,0,0,0,1,4,2,13
,2023-11672,39.76001573,-104.8925657,3/28/2023 13:00,13:00:00,1,0,0, UINTA ST & E MLK BLVD,1,1,0,0,1,1,0,0,35,0,0,0,0,0,4,3,11
,2023-11675,39.74033646,-105.0404995,3/27/2023 13:02,13:02:00,15,0,0,W COLFAX AVE & N QUITMAN ST,1,1,0,0,1,3,0,0,30,0,0,0,0,0,2,2,13
,2023-11676,39.78409776,-105.0519273,3/27/2023 16:36,16:36:00,15,0,0,I-70 & N SHERIDAN BLVD,1,1,0,0,1,4,0,0,,0,0,0,0,0,1,2,16
,2023-11677,39.74903919,-104.992431,3/26/2023 11:30,11:30:00,15,0,2,CURTIS ST & 18TH ST,1,1,0,0,1,4,0,0,30,0,0,0,0,2,4,2,11
,2023-11683,39.74004789,-105.0000727,3/28/2023 8:57,8:57:00,1,0,0,W COLFAX AVE & N KALAMATH ST,1,1,0,0,1,1,0,0,35,0,0,0,0,0,2,2,3
,2023-11685,39.74846861,-105.0033517,3/27/2023 14:55,14:55:00,1,0,4,SPEER BLVD & AURARIA PKWY,1,1,0,0,1,1,0,0,30,0,0,0,0,2,4,2,11
,2023-11691,39.6932799,-104.9874655,3/28/2023 7:18,7:18:00,14,0,0, BROADWAY ST & E LOUISIANA AVE,1,1,0,0,2,1,0,0,30,0,0,0,0,0,4,2,16
,2023-11698,39.63529025,-105.0823383,3/26/2023 7:53,7:53:00,1,0,1, WADSWORTH BLVD & W STANFORD AVE,1,1,0,0,1,1,0,0,45,0,0,0,0,2,2,2,13
,2023-11703,39.69159786,-104.9781022,3/28/2023 8:35,8:35:00,14,0,1, CLARKSON ST & E ARKANSAS AVE,1,1,0,0,6,4,0,0,30,0,0,0,0,1,4,3,11
,2023-11706,39.77051961,-104.9916181,3/23/2023 8:50,8:50:00,12,0,0,I-25 & PARK AVE W,1,1,0,0,1,4,0,0,55,0,0,0,0,0,1,2,13
,2023-11707,39.78539609,-105.0252061,3/26/2023 10:12,10:12:00,3,0,0, FEDERAL BLVD & W 49TH AVE,1,1,0,0,1,2,0,0,35,0,0,0,0,0,2,2,11
,2023-11708,39.84795402,-104.6750299,3/10/2023 17:20,17:20:00,12,0,0,PENA BLVD & E 84TH AVE,1,3,0,0,1,4,0,0,10,0,0,0,0,0,4,2,14
,2023-11709,39.69143892,-104.9128892,3/21/2023 11:15,11:15:00,1,0,1, MONACO ST & E CHERRY CREEK N DR,1,1,0,0,1,1,0,0,30,0,0,0,0,3,4,2,3
,2023-11710,39.67856663,-104.9823872,3/8/2023 8:03,8:03:00,15,0,0,E EVANS AVE & S PENNSYLVANIA AVE,1,1,0,0,1,4,0,0,30,0,0,0,0,0,4,2,16
,2023-11713,39.77666444,-104.8449688,3/27/2023 10:05,10:05:00,3,0,0,E 44TH AVE & N QUENTIN ST,11,1,0,0,1,1,0,0,30,0,0,0,0,0,4,2,11
,2023-11714,39.66028257,-104.9405644,3/28/2023 9:45,9:45:00,15,0,0, COLORADO BLVD & E DARTMOUTH AVE,1,1,0,0,1,1,0,0,35,0,0,0,0,0,2,2,13
,2023-11715,39.7586661,-104.978219,3/26/2023 11:50,11:50:00,3,0,0,29TH ST & CHAMPA ST,1,1,0,0,1,1,0,0,25,0,0,0,0,1,4,2,8
,2023-11727,39.74869797,-104.9870853,3/25/2023 14:15,14:15:00,15,0,0,20TH ST & CALIFORNIA ST,1,1,0,0,1,4,0,0,30,0,0,0,0,0,4,2,11
,2023-11736,39.69557568,-104.9025905,3/28/2023 16:46,16:46:00,1,0,1,E MISSISSIPPI AVE & S QUEBEC WAY,1,1,0,0,1,1,0,0,35,0,0,0,0,1,4,2,13
,2023-11738,39.708898,-104.8753735,3/27/2023 6:51,6:51:00,3,0,0, DAYTON ST & E ALAMEDA AVE,8,1,0,3,1,1,0,0,25,0,0,0,0,0,4,2,7
,2023-11744,39.72296207,-105.0105942,3/28/2023 11:46,11:46:00,12,0,2,I-25 & W 6TH AVE FWY,1,1,1,0,1,8,0,0,55,0,0,0,0,1,1,2,16
,2023-11752,39.73992882,-104.9205608,3/10/2023 15:15,15:15:00,12,0,0,IVY ST & E COLFAX AVE,1,1,0,0,1,4,0,0,25,0,0,0,0,0,4,2,13
,2023-11755,39.72546757,-104.9862602,3/24/2023 16:40,16:40:00,10,0,0, LINCOLN ST & E 6TH AVE,1,1,0,0,1,2,0,0,30,0,0,0,0,0,4,2,13
,2023-11762,39.6368326,-104.9082214,2/16/2023 8:08,8:08:00,15,0,0,I-225 SB OFF RAMP TO -25 NB & I-25 ON RAMP MERGE PT,8,1,0,0,1,8,0,0,55,0,0,0,0,0,1,2,14
,2023-11766,39.7512054,-105.0208248,3/28/2023 12:35,12:35:00,12,0,0,W 23RD AVE & N CLAY ST,1,1,0,0,1,3,0,0,30,0,0,0,0,0,4,2,1
,2023-11771,39.7783206,-104.9792444,3/27/2023 9:02,9:02:00,10,0,0,WASHINGTON ST & E 45TH AVE,9,1,0,0,1,1,0,0,30,0,0,0,0,0,4,2,13
,2023-11775,39.67845686,-104.9185587,3/27/2023 8:02,8:02:00,8,0,0,E EVANS AVE & S JASMINE ST,8,1,0,3,1,4,0,0,35,0,0,0,0,1,4,2,1
,2023-11779,39.71844771,-105.0250132,3/27/2023 7:00,7:00:00,3,0,0,W 1ST AVE & N FEDERAL BLVD,4,1,0,0,1,1,0,0,35,0,0,0,0,0,2,2,11
,2023-11780,39.78347343,-105.0110532,3/27/2023 6:45,6:45:00,15,0,0,I-70 & N PECOS ST,4,1,1,2,1,4,0,0,55,0,0,0,0,0,1,2,10
,2023-11781,39.69895338,-105.0502014,3/27/2023 6:35,6:35:00,6,0,0,MORRISON RD & S YATES ST,9,1,1,0,1,4,0,0,35,0,0,0,0,0,4,2,16
,2023-11782,39.67842686,-104.9450943,3/21/2023 8:29,8:29:00,11,0,1, MONROE ST & E EVANS AVE,1,1,0,0,1,1,0,0,35,0,1,0,0,2,4,1,11
,2023-11788,39.78362485,-104.7721258,3/20/2023 0:14,0:14:00,3,0,0,E GREEN VALLEY RANCH BLVD & N TOWER RD,1,3,0,0,1,1,0,0,,0,0,0,0,0,4,2,16
,2023-11793,39.78236436,-104.8590118,3/28/2023 16:45,16:45:00,3,0,1, KINGSTON ST & E 47TH AVE,1,1,0,0,1,1,0,0,40,0,0,0,0,2,4,2,16
,2023-11794,39.72551657,-105.0131329,3/28/2023 9:00,9:00:00,12,0,0,I-25 & W 6TH AVE,1,1,0,0,1,4,0,0,65,0,0,0,0,0,1,2,3
,2023-11795,39.73712546,-104.9124376,3/28/2023 12:22,12:22:00,12,0,0, MONACO ST & E 13TH AVE,1,1,0,0,1,1,0,0,35,0,0,0,0,1,4,3,16
,2023-11797,39.77929664,-104.903395,3/28/2023 18:23,18:23:00,1,0,0, NORTHFIELD QUEBEC ST & I-70 WB RAMPS,1,1,0,0,1,1,0,0,35,0,0,0,0,0,2,3,10
,2023-11801,39.73874918,-105.0141065,3/28/2023 14:27,14:27:00,12,0,1,I-25 & W COLFAX AVE,1,1,0,0,1,4,0,0,55,0,0,0,0,1,1,2,16
,2023-11804,39.72139196,-105.0088714,3/28/2023 13:58,13:58:00,15,0,0,I-25 SB ON RAMP FROM EB W 6TH AVE & SB RAMP MERGE PT,1,1,0,0,1,8,0,0,40,0,0,0,0,0,1,2,3
,2023-11806,39.71118015,-104.9266176,3/28/2023 17:13,17:13:00,12,0,0,E ALAMEDA AVE & S FOREST ST,1,1,0,0,1,3,0,0,35,0,0,0,0,0,4,2,13
,2023-11807,39.73869444,-104.8916909,3/28/2023 11:05,11:05:00,3,0,0, VALENTIA ST & E 14TH AVE,1,1,0,0,1,1,0,0,25,0,0,0,0,0,4,2,16
,2023-11814,39.68039893,-104.9272143,3/27/2023 14:20,14:20:00,3,0,0,E ASBURY AVE & S FAIRFAX ST,1,1,0,0,1,2,0,0,15,0,0,0,0,0,4,2,11
,2023-11817,39.75020162,-104.9841783,3/26/2023 17:30,17:30:00,6,0,0,22ND ST & WELTON ST,1,1,0,0,1,4,0,0,,0,0,0,0,0,4,2,16
,2023-11836,39.78312395,-105.006425,3/28/2023 9:44,9:44:00,12,0,0,I-70 & N PECOS ST,1,1,1,0,1,4,0,0,,0,0,0,0,0,1,2,16
,2023-11864,39.77318786,-104.8098906,3/28/2023 14:15,14:15:00,3,0,0,E 40TH AVE & N CHAMBERS RD,1,1,0,0,1,1,0,0,35,0,0,0,0,0,4,2,16
,2023-11866,39.68026193,-104.9593885,3/28/2023 18:00,18:00:00,3,0,0,1920  UNIVERSITY BLVD & E ASBURY AVE,1,1,0,0,1,2,0,0,,0,0,0,0,0,4,2,16
,2023-11869,39.70398848,-104.9874927,3/12/2023 17:30,17:30:00,15,0,0, BROADWAY & E EXPOSITION AVE,1,1,0,0,1,4,0,0,30,0,0,0,0,0,4,2,3
,2023-11870,39.73368578,-104.9810439,3/29/2023 13:15,13:15:00,3,0,0, PENNSYLVANIA ST & E 11TH AVE,1,1,0,0,1,1,0,0,25,0,0,0,0,0,4,2,3
,2023-11871,39.72549719,-105.0394441,3/18/2023 10:36,10:36:00,3,0,0,W 6TH AVE (FRONTAGE) & N PERRY ST,1,1,0,0,1,1,0,0,30,0,0,0,0,0,4,3,1
,2023-11872,39.76321417,-105.0096062,3/11/2023 17:33,17:33:00,6,0,0, SHOSHONE ST & W 33RD,1,1,0,0,1,1,0,0,,0,0,0,0,0,4,2,16
,2023-11873,39.76164571,-105.0034359,3/5/2023 5:36,5:36:00,5,0,0,I-25 & 20TH ST,1,3,0,0,3,4,0,0,65,0,0,0,0,0,1,1,16
,2023-11874,39.73203144,-104.9861274,3/29/2023 15:45,15:45:00,15,0,0, LINCOLN ST & E 10TH AVE,1,1,0,0,1,1,0,0,30,0,0,0,0,0,4,2,3
,2023-11875,39.67484547,-104.957956,3/21/2023 21:55,21:55:00,15,0,0,E ILIFF AVE & S JOSEPHINE ST,1,3,1,0,1,4,0,0,25,0,0,0,0,0,4,2,16
,2023-11876,39.74653886,-104.9939371,3/17/2023 15:00,15:00:00,15,0,0,CHAMPA ST & 16TH ST,1,1,0,0,1,4,0,0,25,0,0,0,0,0,4,2,11
,2023-11880,39.78332415,-105.0532755,3/28/2023 8:00,8:00:00,15,0,0, SHERIDAN BLVD & W 48TH AVE,1,1,0,0,1,4,0,0,45,0,0,0,0,0,2,2,16
,2023-11881,39.68469167,-104.9537879,3/13/2023 17:48,17:48:00,15,0,0,I-25 SB ON RAMP MERGE PT FROM  UNIVERSITY BLVD,1,1,0,0,1,8,0,0,,0,0,0,0,0,1,2,16
,2023-11882,39.72907203,-104.9839253,3/21/2023 16:55,16:55:00,3,0,0,E 8TH AVE & N GRANT ST,1,1,1,0,1,9,0,0,,0,0,0,0,0,4,2,16
,2023-11883,39.70041901,-105.0250845,3/21/2023 14:07,14:07:00,15,0,1, FEDERAL BLVD & W KENTUCKY AVE,1,1,0,0,1,4,0,0,35,0,0,0,0,1,2,2,16
,2023-11884,39.75458669,-104.9922565,3/10/2023 22:56,22:56:00,6,0,0,21ST ST & MARKET ST,1,3,0,0,1,4,0,0,20,0,0,0,0,0,4,2,16
,2023-11887,39.77461134,-104.7623001,3/4/2023 14:20,14:20:00,8,0,0, DUNKIRK WAY & N DANUBE WAY,1,1,0,0,6,4,0,0,,0,0,0,0,0,4,2,16
,2023-11888,39.77944719,-104.9895679,3/28/2023 15:44,15:44:00,12,0,3,I-25 & I-70,1,1,1,0,1,4,0,0,55,0,0,0,0,1,1,3,16
,2023-11892,39.77385759,-104.771513,3/18/2023 7:07,7:07:00,6,0,0,ANDES ST & E 42ND AVE,1,3,0,0,1,4,0,0,,0,0,0,0,0,4,2,16
,2023-11894,39.75847587,-105.0254377,3/6/2023 4:04,4:04:00,5,0,0,W 29TH AVE & N FEDERAL BLVD,1,3,0,0,3,4,0,0,25,0,0,0,0,0,4,1,16
,2023-11896,39.73413553,-104.9874125,3/20/2023 0:47,0:47:00,6,0,0,BROADWAY & E 11TH AVE,1,3,0,0,1,4,0,0,45,0,0,0,0,0,4,2,16
,2023-11897,39.77289556,-104.9593079,3/28/2023 8:24,8:24:00,15,0,0,E 40TH AVE & N YORK ST,1,1,0,0,1,3,0,0,35,0,0,0,0,0,4,2,16
,2023-11898,39.72093106,-104.9862459,3/29/2023 13:48,13:48:00,15,0,0, LINCOLN ST & E 3RD AVE,1,1,0,0,1,1,0,0,30,0,0,0,0,0,4,2,14
,2023-11899,39.76928191,-105.0017483,1/28/2023 17:47,17:47:00,3,0,0,W 38TH AVE & N LIPAN ST,1,3,0,0,1,3,0,0,35,0,0,0,0,0,4,2,16
,2023-11901,39.7763397,-104.9890168,3/1/2023 19:44,19:44:00,15,0,0,I-25 & I-70,1,3,0,0,1,8,0,0,55,0,0,0,0,0,1,2,16
,2023-11903,39.77291419,-104.8658148,3/29/2023 10:05,10:05:00,5,0,0, HAVANA ST & E 40TH AVE,1,1,1,0,6,4,0,0,35,0,0,0,0,0,4,1,16
,2023-11904,39.78356209,-105.010337,3/19/2023 16:21,16:21:00,15,0,1,I-70 & WB ON RAMP MERGE PT FROM N PECOS ST,1,1,0,0,1,8,0,0,55,0,0,0,0,1,1,2,16