id,drcog_id,latitude,longitude,crashtime,time,crashtype,numbkilled,numbinjurd,drcoglocat,rdconditin,lightngcon,roadcntgrd,weatherco,location,roaddescrp,schoolzone,constrzone,splimit,bikeinv,pedinv,sctrinv,motoinv,svrty,rdsystem,ttlvehcls,hcf
,2023-11905,39.69478315,-104.9340142,3/28/2023 21:05,21:05:00,3,0,1,E ARIZONA AVE & S CHERRY ST,1,3,0,0,1,1,0,0,25,0,0,0,0,1,4,2,13
,2023-11906,39.7694978,-105.0333357,3/8/2023 8:40,8:40:00,3,0,0,W 38TH AVE ALLEY & N LOWELL BLVD,1,1,0,0,1,9,0,0,35,0,0,0,0,0,4,2,1
,2023-11907,39.74033549,-105.0416718,3/29/2023 12:13,12:13:00,1,0,0,W COLFAX AVE & N RALEIGH ST,1,1,0,0,1,1,0,0,35,0,0,0,0,0,2,2,13
,2023-11910,39.73998313,-104.9597965,3/29/2023 8:50,8:50:00,12,0,0,E COLFAX AVE & N YORK ST,1,1,0,0,1,1,0,0,35,0,0,0,0,0,2,4,3
,2023-11911,39.77586894,-104.8222837,3/27/2023 7:47,7:47:00,6,0,0,14564 E ANDREWS DR & N DURHAM CT,4,1,0,0,3,4,0,0,25,0,0,0,0,0,4,3,16
,2023-11912,39.68290763,-104.9404998,3/28/2023 7:06,7:06:00,12,0,2,I-25 & S COLORADO BLVD,1,1,1,0,1,4,0,0,60,0,0,0,0,1,1,3,11
,2023-11914,39.69296287,-104.9593663,3/13/2023 21:56,21:56:00,12,0,0,E LOUISIANA AVE & S UNIVERSITY BLVD,1,4,0,0,1,3,0,0,25,0,0,0,0,0,4,2,16
,2023-11915,39.78054135,-104.9494668,3/16/2023 10:41,10:41:00,12,0,0,I-70 & N STEELE ST,1,1,0,0,1,4,0,0,55,0,0,0,0,0,1,4,13
,2023-11916,39.77491404,-104.8098966,3/29/2023 6:10,6:10:00,15,0,0, CHAMBERS RD & E ANDREWS DR,1,2,0,0,1,3,0,0,35,0,0,0,0,0,4,2,16
,2023-11922,39.77233729,-105.025183,2/25/2023 5:03,5:03:00,5,0,0, FEDERAL BLVD & W 40TH AVE,1,3,0,0,6,4,0,0,35,0,0,0,0,0,2,1,16
,2023-11923,39.79837569,-104.8613435,3/5/2023 18:46,18:46:00,10,0,0,E 56TH AVE & N JOLIET ST,1,4,0,0,1,1,0,0,40,0,0,0,0,0,4,2,14
,2023-11924,39.7519394,-105.034619,3/26/2023 2:00,2:00:00,6,0,0, LOWELL BLVD & W 24TH AVE,1,3,0,0,1,4,0,0,30,0,0,0,0,0,4,4,16
,2023-11925,39.7202989,-105.0076947,3/23/2023 21:40,21:40:00,15,0,1,I-25 & W ALAMEDA AVE,11,3,0,1,1,4,0,0,,0,0,0,0,2,1,2,16
,2023-11926,39.73792108,-105.0298563,3/19/2023 21:36,21:36:00,6,0,0,W AVONDALE DR & W HOWARD PL,1,3,0,0,1,4,0,0,25,0,0,0,0,0,4,2,14
,2023-11927,39.75256567,-104.9930865,3/16/2023 19:34,19:34:00,6,0,0,LARIMER ST & 20TH ST,1,3,0,0,1,4,0,0,25,0,0,0,0,0,4,2,13
,2023-11929,39.7364289,-104.8975567,3/17/2023 22:45,22:45:00,12,0,0,SPRUCE ST & E COLFAX AVE,1,3,0,0,1,4,0,0,25,0,0,0,0,0,4,2,11
,2023-11930,39.73298323,-104.9406205,2/19/2023 0:00,0:00:00,15,0,0, COLORADO BLVD & E 11TH AVE,1,3,0,0,1,4,0,0,35,0,0,0,0,0,2,2,16
,2023-11931,39.76067252,-104.9808543,3/12/2023 14:22,14:22:00,8,0,0,LAWRENCE ST & 29TH ST,1,1,0,0,6,1,0,0,,0,0,0,0,0,4,2,16
,2023-11932,39.6822744,-105.0505224,3/14/2023 7:54,7:54:00,15,0,0,4900 W JEWELL AVE & S SHERIDAN BLVD,1,1,0,0,1,3,0,0,25,0,0,0,0,0,4,2,16
,2023-11933,39.78007985,-104.9698744,1/20/2023 18:42,18:42:00,12,0,0,I-70 & N WASHINGTON ST,1,3,0,0,1,4,0,0,55,0,0,0,0,0,1,4,1
,2023-11936,39.6994258,-104.9827799,3/19/2023 10:51,10:51:00,6,0,0, LOGAN ST & E TENNESSEE AVE,1,3,0,0,1,4,0,0,30,0,0,0,0,0,4,2,16
,2023-11939,39.776594,-105.0251598,3/29/2023 11:26,11:26:00,12,0,0, FEDERAL BLVD & W 44TH AVE,1,1,0,0,1,1,0,0,35,0,0,0,0,0,2,2,13
,2023-11944,39.77821711,-104.9060945,3/23/2023 8:12,8:12:00,12,0,0,I-70 & N NORTHFIELD BLVD,1,1,0,0,1,4,0,0,55,0,0,0,0,0,1,2,11
,2023-11945,39.74003039,-104.9823384,3/23/2023 14:56,14:56:00,1,0,0,E COLFAX AVE & N LOGAN ST,1,1,0,0,1,1,0,0,35,0,0,0,0,0,2,2,16
,2023-11956,39.78549367,-104.9895066,3/28/2023 15:50,15:50:00,12,0,0,I-25 & W 48TH AVE,1,1,1,0,1,4,0,0,55,0,0,0,0,0,1,2,10
,2023-11957,39.76452786,-104.9406517,3/29/2023 7:25,7:25:00,3,0,0, COLORADO BLVD & E BRUCE RANDOLPH AVE,1,1,0,0,1,2,0,0,35,0,0,0,0,0,2,2,16
,2023-11958,39.67463429,-105.0308678,2/13/2023 15:00,15:00:00,6,0,0, JULIAN ST & W WARREN AVE,1,1,0,7,1,4,0,0,25,0,0,0,0,0,4,3,2
,2023-11961,39.77357559,-104.8424544,3/18/2023 12:25,12:25:00,15,0,0,I-70 & EB ON RAMP MERGE PT FROM N PEORIA ST,1,1,0,0,1,8,0,0,,0,0,0,0,0,1,2,16
,2023-11963,39.75434176,-104.9942643,3/29/2023 11:00,11:00:00,12,0,0,BLAKE ST & 20TH ST,1,1,0,0,1,1,0,0,,0,0,0,0,0,4,2,16
,2023-11965,39.74856392,-104.9796633,3/3/2023 16:42,16:42:00,1,0,0,PARK AVE W & CLEVELAND PL,1,1,0,0,1,1,0,0,,0,0,0,0,0,4,2,16
,2023-11966,39.75121767,-105.0174091,2/17/2023 18:43,18:43:00,1,0,0,W 23RD AVE & I-25 SB RAMPS,1,3,0,0,1,1,0,0,,0,0,0,0,0,4,2,16
,2023-11967,39.69664858,-104.9918859,3/28/2023 22:09,22:09:00,15,0,0, SANTA FE DR & W MISSISSIPPI AVE,1,3,3,0,1,1,0,0,45,0,0,0,0,0,2,2,8
,2023-11973,39.66763384,-104.9046038,3/29/2023 14:55,14:55:00,15,0,0,E YALE AVE & S QUEBEC ST,1,1,0,0,1,4,0,0,30,0,0,0,0,0,4,2,13
,2023-11978,39.78045337,-104.9636186,3/28/2023 17:21,17:21:00,12,0,0,I-70 & N BRIGHTON BLVD,1,1,0,0,1,4,0,0,55,0,0,0,0,0,1,2,10
,2023-11979,39.77820306,-104.911993,3/28/2023 16:58,16:58:00,12,0,0,I-70 & N CENTRAL PARK BLVD,1,1,0,0,1,4,0,0,55,0,0,0,0,0,1,2,3
,2023-11980,39.69674513,-105.0297284,3/29/2023 16:41,16:41:00,3,0,0,W MISSISSIPPI AVE & S IRVING ST,1,1,0,0,1,1,0,0,30,0,0,0,0,1,4,2,13
,2023-11981,39.63930626,-104.8850503,3/29/2023 0:15,0:15:00,12,0,0,I-225 & S YOSEMITE ST,1,3,0,0,1,4,0,0,65,0,0,0,0,0,1,2,1
,2023-11982,39.7840614,-104.9895358,3/6/2023 18:11,18:11:00,15,0,0,I-25 & W 48TH AVE,1,2,1,0,1,4,0,0,55,0,0,0,0,0,1,2,13
,2023-11983,39.72026141,-105.0250543,3/2/2023 14:50,14:50:00,15,0,0, FEDERAL BLVD & W 2ND AVE,1,1,0,0,1,1,0,0,30,0,0,0,0,0,2,2,16
,2023-11985,39.73205359,-104.9874029,3/25/2023 1:27,1:27:00,12,0,0,BROADWAY & 10TH AVE,11,3,0,2,1,4,0,0,30,0,0,0,0,0,4,3,16
,2023-11987,39.66818272,-105.081412,3/22/2023 15:30,15:30:00,5,0,0, WADSWORTH BLVD & W YALE AVE,1,1,1,0,3,4,0,0,45,0,0,0,0,0,2,1,14
,2023-11991,39.78348983,-105.0031239,3/24/2023 17:50,17:50:00,5,0,0,I-70 EB ON RAMP FROM  PECOS ST & ON RAMP MERGE PT TO I-70,1,1,1,0,3,8,0,0,40,0,0,0,0,0,1,1,16
,2023-11998,39.74500735,-104.9889354,2/25/2023 12:09,12:09:00,16,0,0,555 17TH ST,1,3,0,7,5,12,0,0,,0,0,0,0,0,3,1,16
,2023-12000,39.71297408,-104.9862779,3/22/2023 17:15,17:15:00,6,0,0,E CEDAR AVE & S SHERMAN ST,1,2,2,0,1,4,0,0,25,0,0,0,0,0,4,2,16
,2023-12001,39.65305987,-104.884785,2/18/2023 2:10,2:10:00,3,0,0, YOSEMITE ST & E HAMPDEN AVE,1,3,1,0,1,1,0,0,45,0,0,0,0,0,2,2,16
,2023-12003,39.73843627,-104.982328,3/27/2023 10:15,10:15:00,10,0,0,E 14TH AVE & N LOGAN ST,11,1,0,0,1,1,0,0,30,0,0,0,0,0,4,2,16
,2023-12004,39.71118378,-105.0062849,3/5/2023 22:20,22:20:00,12,0,0,W ALAMEDA AVE & S PECOS ST,1,3,0,0,1,4,0,0,,0,0,0,0,0,2,2,16
,2023-12005,39.72532297,-105.0351061,2/23/2023 20:10,20:10:00,12,0,0,W 6TH AVE & N LOWELL BLVD,4,3,0,2,1,1,0,0,30,0,0,0,0,0,4,2,16
,2023-12006,39.7405547,-105.0154421,3/16/2023 21:17,21:17:00,12,0,0,I-25 SB OFF RAMP & W COLFAX AVE,1,3,3,0,1,8,0,0,25,0,0,0,0,0,1,2,16
,2023-12007,39.73563488,-104.8846903,3/4/2023 2:27,2:27:00,3,0,1,E 12TH AVE & 1205 N YOSEMITE ST,1,3,0,0,1,1,0,0,35,0,0,0,0,2,4,3,11
,2023-12008,39.76332996,-105.0027263,3/18/2023 18:00,18:00:00,12,0,0,I-25 & PARK AVE W,1,1,0,0,1,4,0,0,,0,0,0,0,0,1,2,16
,2023-12009,39.68459882,-104.9596878,2/17/2023 17:45,17:45:00,12,0,1,I-25 SB OFF RAMP & S UNIVERSITY BLVD,14,5,3,7,1,8,0,0,55,0,0,0,0,2,4,2,16
,2023-12014,39.71817784,-104.95932,3/23/2023 13:23,13:23:00,10,0,0, UNIVERSITY BLVD & E 1ST AVE,1,1,0,0,1,1,0,0,30,0,0,0,0,0,4,2,16
,2023-12016,39.69302825,-104.9874682,3/29/2023 17:13,17:13:00,1,0,0, BROADWAY ST & E LOUISIANA AVE,1,1,0,0,1,1,0,0,35,0,0,0,0,0,4,2,13
,2023-12018,39.79837911,-104.8844112,3/29/2023 17:39,17:39:00,12,0,0,E 56TH AVE & N CENTRAL PARK BLVD,1,1,0,0,1,4,0,0,40,0,0,0,0,0,4,2,13
,2023-12020,39.73688369,-104.9811085,3/22/2023 21:24,21:24:00,15,0,0,E 13TH AVE & N PENNSYLVANIA ST,1,3,0,0,1,1,0,0,,0,0,0,0,0,4,3,16
,2023-12021,39.74747991,-104.9760728,3/12/2023 23:25,23:25:00,6,0,0,E 20TH AVE & E EMERSON ST,1,4,0,0,1,4,0,0,25,0,0,0,0,0,4,3,3
,2023-12022,39.75337629,-104.9882907,3/29/2023 12:20,12:20:00,15,0,0,22ND ST & ARAPAHOE ST,1,1,0,0,1,4,0,0,30,0,0,0,0,0,4,2,13
,2023-12023,39.70709668,-104.9967693,3/23/2023 15:45,15:45:00,12,0,0,I-25 & W ALAMEDA AVE,1,1,0,0,1,4,0,0,55,0,0,0,0,0,1,2,11
,2023-12028,39.69664858,-104.9918859,3/24/2023 5:19,5:19:00,3,0,0, SANTA FE DR & W MISSISSIPPI AVE,1,3,0,0,1,1,0,0,25,0,0,0,0,0,2,2,16
,2023-12030,39.63866273,-104.9040084,3/29/2023 12:30,12:30:00,12,0,0,E EASTMOOR DR & E QUINCY AVE,1,1,0,0,1,1,0,0,25,0,0,0,0,0,4,2,2
,2023-12070,39.67915108,-105.053268,3/11/2023 19:33,19:33:00,1,0,2, SHERIDAN BLVD & W EVANS AVE,1,3,0,0,1,1,0,0,40,0,0,0,0,2,2,2,16
,2023-12087,39.76936304,-105.0440011,3/22/2023 8:30,8:30:00,2,0,1,W 38TH AVE & N TENNYSON ST,1,1,0,0,1,1,0,0,0,1,0,0,0,2,4,1,16
,2023-12105,39.6674746,-104.9316334,3/25/2023 22:20,22:20:00,3,0,1,E YALE AVE & S DAHLIA ST,1,3,1,0,1,1,0,0,35,0,0,0,0,2,4,3,2
,2023-12108,39.83340667,-104.7718786,3/25/2023 22:35,22:35:00,1,0,0, TOWER RD & PENA BLVD,1,3,0,0,1,1,0,0,40,0,0,0,0,0,4,2,11
,2023-12129,39.63898587,-104.8857101,3/25/2023 0:23,0:23:00,12,0,2,I-225 & S YOSEMITE ST,1,3,0,0,1,4,0,0,,0,0,0,0,1,1,3,16
,2023-12141,39.74796887,-104.9938336,2/25/2023 12:45,12:45:00,6,0,0,CURTIS ST & 17TH ST,1,1,0,0,1,4,0,0,25,0,0,0,0,0,4,3,13
,2023-12146,39.74015486,-104.951145,3/21/2023 14:43,14:43:00,6,0,0,E COLFAX AVE & N ST PAUL ST,1,1,0,0,1,4,0,0,,0,0,0,0,0,2,2,16
,2023-12149,39.72922751,-104.9406317,3/26/2023 18:49,18:49:00,2,0,0,E 8TH AVE & N COLORADO BLVD,1,1,0,0,1,1,0,0,35,1,0,0,0,0,2,1,16
,2023-12150,39.74005632,-104.9848576,3/26/2023 1:03,1:03:00,11,0,1, SHERMAN ST & E COLFAX AVE,1,3,3,0,1,1,0,0,0,0,1,0,0,2,2,1,16
,2023-12151,39.68228019,-105.0250196,3/23/2023 14:25,14:25:00,11,0,1, FEDERAL BLVD & W JEWELL AVE,1,1,0,0,1,1,0,0,0,0,1,0,0,2,2,1,16
,2023-12154,39.76928343,-105.0053107,3/21/2023 19:56,19:56:00,5,0,1,W 38TH AVE & N OSAGE ST,1,3,0,0,3,1,0,0,35,0,0,0,0,1,4,1,16
,2023-12157,39.74506885,-105.0532263,3/21/2023 22:56,22:56:00,15,0,0, SHERIDAN BLVD & W 17TH AVE,1,3,0,0,1,2,0,0,40,0,0,0,0,0,2,2,16
,2023-12161,39.78167703,-104.99585,3/26/2023 16:58,16:58:00,5,0,0,I-70 & EB OFF RAMP GORE PT TO I-25,1,1,0,0,3,8,0,0,55,0,0,0,0,0,1,1,16
,2023-12175,39.78589898,-104.7718962,1/21/2023 18:20,18:20:00,12,0,0,18500 E 49TH AVE & N TOWER RD,4,3,0,0,1,4,0,0,25,0,0,0,0,0,4,2,10
,2023-12178,39.78092533,-104.8369149,3/15/2023 13:35,13:35:00,6,0,0, CROWN BLVD & N TOPEKA CT,1,1,0,0,1,1,0,0,25,0,0,0,0,0,4,2,16
,2023-12180,39.71701365,-104.8955903,2/10/2023 21:35,21:35:00,5,0,0,E LOWRY BLVD & E FAIRMOUNT DR,1,3,0,0,3,6,0,0,,0,0,0,0,0,4,1,16
,2023-12183,39.72051549,-104.8894252,3/17/2023 12:46,12:46:00,8,0,5,E LOWRY BLVD & N UINTA WAY,1,1,0,0,6,4,0,0,30,0,0,0,0,3,4,2,16
,2023-12184,39.74820019,-104.960996,3/30/2023 8:45,8:45:00,3,0,0, GAYLORD ST & E 21ST AVE,1,1,0,0,1,1,0,0,25,0,0,0,0,0,4,2,3
,2023-12188,39.68223835,-105.0299986,3/30/2023 13:57,13:57:00,12,0,0,W JEWELL AVE & S IRVING ST,1,1,0,0,1,4,0,0,30,0,0,0,0,0,4,2,13
,2023-12190,39.70751571,-104.9222819,3/6/2023 2:56,2:56:00,5,0,0, HOLLY ST & E LEETSDALE DR,1,3,1,0,3,4,0,0,30,0,0,0,0,0,4,1,16
,2023-12193,39.73839829,-104.9706926,3/1/2023 20:50,20:50:00,3,0,0, LAFAYETTE ST & E 14TH AVE,1,4,0,0,1,1,0,0,,0,0,0,0,0,4,2,16
,2023-12196,39.73419951,-104.9718205,3/30/2023 9:19,9:19:00,6,0,0, MARION ST & E 11TH AVE,1,1,0,0,1,4,0,0,25,0,0,0,0,0,4,2,16
,2023-12197,39.73246109,-105.037314,3/29/2023 9:38,9:38:00,6,0,0, NEWTON ST & W 10TH AVE,1,1,0,0,1,4,0,0,25,0,0,0,0,0,4,2,16
,2023-12198,39.78389458,-105.0251138,3/30/2023 13:04,13:04:00,12,0,1, FEDERAL BLVD & I-70 EB RAMPS,1,1,0,0,1,3,0,0,35,0,0,0,0,1,2,2,16
,2023-12200,39.68310886,-105.0250171,3/29/2023 20:31,20:31:00,12,0,1, FEDERAL BLVD & W JEWELL AVE,1,3,1,0,1,4,0,0,,0,0,0,1,3,2,3,14
,2023-12201,39.71120439,-104.9983795,3/30/2023 15:10,15:10:00,1,0,1,W ALAMEDA AVE & S KALAMATH ST,1,1,0,0,1,1,0,0,30,0,0,0,0,2,2,2,13
,2023-12202,39.71028539,-104.944982,2/3/2023 23:00,23:00:00,16,0,0,360  MONROE ST,1,3,0,0,5,7,0,0,10,0,0,0,0,0,3,2,16
,2023-12203,39.77851849,-104.9041029,3/30/2023 15:41,15:41:00,12,0,0,I-70 & HOLLY ST,1,1,0,0,1,13,0,0,,0,0,0,0,0,1,2,16
,2023-12204,39.73509327,-104.9586094,2/24/2023 10:00,10:00:00,10,0,0, JOSEPHINE ST & E 12TH AVE,7,1,0,0,1,1,0,0,25,0,0,0,0,0,4,2,16
,2023-12205,39.7272758,-104.9874155,3/30/2023 19:25,19:25:00,12,0,1,NB SPEER BLVD & BROADWAY,1,3,0,0,1,4,0,0,35,0,0,0,0,1,4,2,14
,2023-12206,39.77946137,-104.9794403,3/30/2023 6:40,6:40:00,12,0,0,I-70 & N WASHINGTON ST,1,2,1,0,1,8,0,0,55,0,0,0,0,0,1,4,7
,2023-12207,39.77424518,-104.8498027,3/30/2023 10:18,10:18:00,12,0,0,I-70 & N PEORIA ST,1,1,0,0,1,4,0,0,55,0,0,0,0,0,1,2,16
,2023-12210,39.74001878,-104.9810444,3/16/2023 0:12,0:12:00,15,0,0,E COLFAX AVE & N PENNSYLVANIA ST,11,3,0,1,1,4,0,0,30,0,0,0,0,0,2,3,16
,2023-12212,39.73205359,-104.9874029,3/29/2023 18:25,18:25:00,10,0,0, BROADWAY ST & E 10TH AVE,1,2,0,0,1,1,0,0,35,0,0,0,0,0,4,2,11
,2023-12214,39.71133498,-104.9364948,3/30/2023 12:40,12:40:00,12,0,0,E ALAMEDA AVE & LEETSDALE DR,1,1,0,0,1,1,0,0,30,0,0,0,0,0,2,2,3
,2023-12215,39.7289039,-104.9963934,2/9/2023 16:18,16:18:00,12,0,0,W 8TH AVE & N GALAPAGO ST,1,1,0,0,1,4,0,0,,0,0,0,0,0,4,2,16
,2023-12217,39.71110894,-104.9734044,3/31/2023 18:45,18:45:00,3,0,0,E ALAMEDA AVE & S DOWNING ST,1,1,0,7,1,1,0,0,35,0,0,0,0,0,4,3,7
,2023-12218,39.73531574,-105.0381176,2/20/2023 18:34,18:34:00,6,0,0,OSCEOLA ST & W 13TH AVE,1,3,1,0,1,4,0,0,25,0,0,0,0,0,4,2,3
,2023-12220,39.76235616,-105.0035716,3/31/2023 15:42,15:42:00,12,0,0,I-25 & 20TH ST,1,1,3,0,1,4,0,0,55,0,0,0,0,0,1,2,16
,2023-12221,39.7232886,-105.0110191,3/30/2023 14:08,14:08:00,12,0,0,I-25 & W 6TH AVE FWY,1,1,0,0,1,4,0,0,55,0,0,0,0,0,1,2,16
,2023-12222,39.73801274,-105.0252737,3/31/2023 11:44,11:44:00,12,0,2, FEDERAL BLVD & W 14TH AVE,1,1,0,0,1,4,0,0,35,0,0,0,0,1,2,3,13
,2023-12223,39.83645784,-104.7154899,3/30/2023 11:11,11:11:00,1,0,0, GUN CLUB RD & E 77TH AVE,1,1,1,0,1,1,0,0,35,0,0,0,0,0,4,2,16
,2023-12226,39.79012565,-104.865828,3/31/2023 9:50,9:50:00,15,0,0, HAVANA ST & E 51ST AVE,1,1,0,0,1,1,0,0,40,0,0,0,0,0,4,2,11
,2023-12229,39.7432381,-104.9684593,3/30/2023 18:47,18:47:00,3,0,0,E 17TH AVE & N FRANKLIN ST,1,1,0,0,1,1,0,0,30,0,0,0,0,1,4,4,3
,2023-12231,39.78312395,-105.006425,3/30/2023 16:00,16:00:00,12,0,0,I-70 & N PECOS,1,1,0,0,1,4,0,0,65,0,0,0,0,0,1,3,3
,2023-12235,39.67178969,-104.8670923,3/30/2023 12:35,12:35:00,12,0,0, PARKER RD & S HAVANA ST,1,1,0,0,1,4,0,0,45,0,0,0,0,0,2,2,3
,2023-12236,39.63867966,-104.8926845,3/30/2023 17:16,17:16:00,1,0,0, TAMARAC DR & E QUINCY AVE,1,1,1,0,1,1,0,0,35,0,0,0,0,1,4,2,13
,2023-12238,39.70975572,-105.0466532,3/9/2023 21:45,21:45:00,6,0,0,W DAKOTA AVE & S WOLFF ST,1,3,1,0,1,4,0,0,25,0,0,0,0,0,4,2,10
,2023-12244,39.77650883,-104.9895693,3/31/2023 15:19,15:19:00,12,0,0,I-25 & W 44TH AVE,1,1,0,0,1,13,0,0,55,0,0,0,0,0,1,2,13
,2023-12245,39.86384821,-104.6739109,3/31/2023 13:22,13:22:00,15,0,0,PENA BLVD & MM 11,1,1,0,0,1,4,0,0,45,0,0,0,0,0,4,2,13
,2023-12248,39.70666042,-104.9965561,3/29/2023 22:40,22:40:00,5,0,0, SANTA FE DR & I-25 NB OFF RAMP,1,3,3,0,6,1,0,0,45,0,0,0,0,0,2,1,6
,2023-12251,39.77043697,-105.0005919,3/6/2023 17:00,17:00:00,6,0,0, KALAMATH ST & W 39TH AVE,1,1,0,0,1,4,0,0,25,0,0,0,0,0,4,2,16
,2023-12252,39.73997823,-104.9618991,3/12/2023 0:13,0:13:00,6,0,0,E COLFAX AVE & N VINE ST,1,3,0,0,1,4,0,0,30,0,0,0,0,0,2,3,16
,2023-12253,39.7421814,-104.9992636,3/11/2023 17:04,17:04:00,15,0,0, SPEER BLVD & CHAMPA ST,1,1,0,0,1,4,0,0,35,0,0,0,0,0,4,2,13
,2023-12254,39.75078102,-104.9849277,3/30/2023 17:04,17:04:00,3,0,0,CALIFORNIA ST & 22ND ST,1,1,0,0,1,1,0,0,30,0,0,0,0,0,4,2,11
,2023-12258,39.70749091,-104.9733854,3/29/2023 22:50,22:50:00,12,0,0,E VIRGINIA AVE & S DOWNING ST,1,3,0,0,1,1,0,0,30,0,0,0,0,0,4,2,3
,2023-12259,39.7368208,-104.9634925,3/30/2023 7:02,7:02:00,3,0,0,E 13TH AVE & N RACE ST,1,1,0,0,1,1,0,0,25,0,0,0,0,0,4,2,16
,2023-12264,39.61833189,-105.0911002,3/30/2023 14:35,14:35:00,1,0,1,W CRESTLINE AVE & S WADSWORTH BLVD,1,1,0,0,1,1,0,0,,0,0,0,0,2,2,3,16
,2023-12265,39.74042705,-105.0222364,1/29/2023 17:46,17:46:00,15,0,0,W COLFAX AVE EB ON RAMP FROM NB  FEDERAL BLVD & RAMP MERGE PT,11,2,1,2,1,8,0,0,35,0,0,0,0,0,2,2,16
,2023-12271,39.74345336,-104.9591709,3/30/2023 16:00,16:00:00,3,0,0, JOSEPHINE ST & E 17TH AVE,1,1,0,0,1,1,0,0,30,0,0,0,0,0,4,2,3
,2023-12272,39.75518366,-105.0106552,3/29/2023 14:28,14:28:00,12,0,0,I-25 NB ON RAMP & N SPEER BLVD,1,1,1,0,1,8,0,0,45,0,0,0,0,0,1,2,16
,2023-12275,39.72571061,-105.0246928,3/30/2023 14:30,14:30:00,12,0,1,W 6TH AVE WB OFF RAMP & N FEDERAL BLVD,1,1,0,0,1,8,0,0,35,0,0,0,0,1,2,2,13
,2023-12279,39.72564683,-104.9862729,3/30/2023 16:18,16:18:00,12,0,0,E 6TH AVE & E SPEER BLVD,1,1,0,0,1,1,0,0,30,0,0,0,0,1,4,2,13
,2023-12282,39.73684362,-104.9836307,3/30/2023 16:10,16:10:00,10,0,0,E 13TH AVE & N GRANT ST,1,1,0,0,1,1,0,0,30,0,0,0,0,0,4,2,13
,2023-12288,39.74015439,-104.9509379,3/29/2023 22:37,22:37:00,6,0,0,3109 E COLFAX AVE & N ST PAUL ST,1,3,0,7,1,4,0,0,30,0,0,0,0,0,2,3,14
,2023-12301,39.72922835,-104.9371621,3/31/2023 19:16,19:16:00,3,0,0,E 8TH AVE & N BELLAIRE,1,3,0,0,1,9,0,0,15,0,0,0,0,0,4,2,11
,2023-12303,39.74846118,-105.0033455,3/30/2023 20:23,20:23:00,15,0,1,AURARIA PKWY & N SPEER BLVD,1,3,0,0,1,4,0,0,35,0,0,0,0,2,4,2,1
,2023-12305,39.74241628,-105.0153143,3/30/2023 15:54,15:54:00,12,0,0,I-25 & W COLFAX AVE,1,1,0,0,1,4,0,0,55,0,0,0,0,0,1,2,16
,2023-12308,39.78548466,-104.9895066,3/31/2023 18:44,18:44:00,15,0,0,I-25 & W 48TH AVE,1,1,0,0,1,4,0,0,,0,0,0,0,0,1,2,16
,2023-12311,39.76028086,-105.0532406,2/11/2023 19:18,19:18:00,1,0,1, SHERIDAN BLVD & W 30TH AVE,1,2,1,0,1,1,0,0,,0,0,0,1,3,2,2,11
,2023-12313,39.69675846,-105.0250715,3/31/2023 2:59,2:59:00,12,0,2, FEDERAL BLVD & W MISSISSIPPI AVE,1,3,0,0,1,3,0,0,40,0,0,0,0,1,2,2,14
,2023-12314,39.74274491,-105.0267696,3/31/2023 18:08,18:08:00,6,0,0,W 16TH AVE & N GROVE ST,1,1,0,0,1,4,0,0,25,0,0,0,0,0,4,2,8
,2023-12316,39.65924762,-105.0433931,4/1/2023 15:29,15:29:00,15,0,0, RALEIGH ST & W DARTMOUTH AVE,1,1,0,0,1,1,0,0,25,0,0,0,0,0,4,2,1
,2023-12317,39.72729857,-104.9874656,3/31/2023 21:33,21:33:00,10,0,0, SPEER BLVD & N BROADWAY,1,3,3,0,1,3,0,0,35,0,0,0,0,0,4,2,13
,2023-12320,39.72571169,-105.0438143,4/1/2023 0:25,0:25:00,12,0,0,W 6TH AVE & N SHERIDAN BLVD,1,3,2,0,1,4,0,0,55,0,0,0,0,0,2,2,16
,2023-12322,39.74000002,-104.9861324,3/31/2023 23:39,23:39:00,11,0,0, LINCOLN ST & E COLFAX AVE,1,3,0,0,1,1,0,0,0,0,0,1,0,0,1,1,16
,2023-12325,39.67780341,-104.9330918,4/1/2023 12:36,12:36:00,15,0,0,I-25 & E EVANS AVE,1,1,0,0,1,4,0,0,65,0,0,0,0,0,2,2,13
,2023-12326,39.75462326,-104.9752572,4/1/2023 1:00,1:00:00,6,0,0,914 E 26TH AVE,1,3,0,0,1,4,0,0,,0,0,0,0,0,4,2,16
,2023-12327,39.72289677,-105.0105021,4/1/2023 12:50,12:50:00,12,0,0,I-25 & W 6TH AVE,1,1,0,0,1,4,0,0,55,0,0,0,0,0,1,3,13
,2023-12328,39.66777071,-105.0507949,4/1/2023 1:34,1:34:00,3,0,1,W YALE ALE & S ZENOBIA ST,1,3,0,0,1,1,0,0,30,0,0,0,0,1,4,2,11
,2023-12331,39.76918437,-104.941001,3/31/2023 14:40,14:40:00,10,0,1,E 38TH AVE,1,1,0,0,1,1,0,0,35,0,0,0,0,2,4,2,3
,2023-12336,39.75617153,-104.9919027,3/31/2023 19:14,19:14:00,3,0,0,BLAKE ST & 22ND ST,1,2,0,0,1,3,0,0,30,0,0,0,0,0,4,3,11
,2023-12338,39.71156144,-104.9406351,4/1/2023 7:33,7:33:00,3,0,0,E ALAMEDA AVE & S COLORADO BLVD,1,1,0,0,1,1,0,0,25,0,0,0,0,0,2,2,1