id,drcog_id,latitude,longitude,crashtime,time,crashtype,numbkilled,numbinjurd,drcoglocat,rdconditin,lightngcon,roadcntgrd,weatherco,location,roaddescrp,schoolzone,constrzone,splimit,bikeinv,pedinv,sctrinv,motoinv,svrty,rdsystem,ttlvehcls,hcf
,2023-12343,39.70735377,-104.9222821,4/1/2023 15:45,15:45:00,14,0,0, HOLLY ST & LEETSDALE DR,1,1,0,0,1,1,0,0,45,0,0,0,0,0,2,2,13
,2023-12344,39.76200088,-104.972116,4/1/2023 13:41,13:41:00,3,0,0, MARION ST & E MLK JR BLVD,1,1,0,0,1,3,0,0,25,0,0,0,0,0,4,2,1
,2023-12345,39.71315898,-104.938587,4/1/2023 15:41,15:41:00,12,0,0,LEETSDALE DR & E CEDAR AVE,1,1,0,0,1,4,0,0,30,0,0,0,0,0,2,3,16
,2023-12350,39.71845329,-105.0250237,3/31/2023 21:13,21:13:00,5,0,0, FEDERAL BLVD & W 1ST AVE,1,3,0,0,3,4,0,0,35,0,0,0,0,0,2,1,16
,2023-12354,39.74027597,-105.0122093,3/31/2023 20:34,20:34:00,3,0,2,I-25 NB OFF RAMP SLIP & W COLFAX AVE,1,3,0,0,1,1,0,0,35,0,0,0,0,2,2,2,1
,2023-12359,39.78183876,-104.9786422,4/1/2023 0:00,0:00:00,1,0,1, WASHINGTON ST & E 47TH AVE,1,3,0,0,1,1,0,0,,0,0,0,1,2,4,2,16
,2023-12360,39.70029088,-104.9082182,3/31/2023 23:00,23:00:00,1,0,1, ONEIDA ST & LEETSDALE DR,1,3,3,0,1,1,0,0,30,0,0,0,0,2,2,3,16
,2023-12470,39.75078102,-104.9849277,1/12/2023 13:43,13:43:00,11,0,1,CALIFORNIA ST & 22ND ST,1,1,0,0,1,1,0,0,,0,1,0,0,3,4,1,16
,2023-12484,39.7738474,-104.9486342,3/27/2023 16:10,16:10:00,6,0,0,4101  ADAMS ST & E 41ST AVE,1,1,0,0,1,4,0,0,,0,0,0,0,0,4,2,16
,2023-12491,39.69655916,-104.8662355,3/27/2023 22:18,22:18:00,11,0,1,E MISSISSIPPI AVE & S HAVANA ST,1,4,0,0,1,4,0,0,0,0,1,0,0,3,4,1,16
,2023-12492,39.7401911,-104.9406202,3/22/2023 19:21,19:21:00,3,0,0,E COLFAX AVE & N COLORADO BLVD,1,1,0,0,1,1,0,0,35,0,0,0,0,0,2,2,13
,2023-12500,39.69116983,-104.9792765,3/27/2023 14:17,14:17:00,3,0,0, WASHINGTON ST & E ARKANSAS AVE,1,1,0,0,1,1,0,0,25,0,0,0,0,0,4,2,11
,2023-12528,39.76795628,-105.0064494,4/1/2023 20:00,20:00:00,6,0,0, PECOS ST & W 37TH AVE,1,3,0,0,1,4,0,0,25,0,0,0,0,0,4,2,16
,2023-12529,39.76103189,-105.0049784,4/2/2023 12:48,12:48:00,15,0,1,I-25 & 20TH ST,1,1,3,7,1,4,0,0,55,0,0,0,1,3,1,4,1
,2023-12530,39.78383162,-105.0064365,4/2/2023 0:19,0:19:00,5,0,1, PECOS ST & W 48TH AVE,1,3,0,0,3,6,0,0,25,0,0,0,0,2,4,1,14
,2023-12531,39.71113826,-105.0187003,4/2/2023 12:51,12:51:00,2,0,1,W ALAMEDA AVE & S BRYANT ST,1,1,0,0,1,9,0,0,35,1,0,0,0,1,2,1,13
,2023-12532,39.73922742,-104.9835873,4/2/2023 18:47,18:47:00,10,0,1,1400  GRANT ST,1,2,0,0,1,2,0,0,30,0,0,0,0,1,4,2,7
,2023-12534,39.78025978,-105.0251245,4/1/2023 10:02,10:02:00,3,0,0,W 46TH AVE & N FEDERAL BLVD,1,1,0,0,1,1,0,0,35,0,0,0,0,0,2,2,1
,2023-12535,39.773203,-104.8714396,4/2/2023 19:46,19:46:00,12,0,0,E 40TH AVE & N HAVANA ST,1,3,0,0,1,4,0,0,35,0,0,0,0,0,4,2,16
,2023-12538,39.75021755,-105.0047702,4/2/2023 15:23,15:23:00,12,0,1, SPEER BLVD & WEWATTA ST,1,1,0,0,1,1,0,0,35,0,0,0,1,2,4,2,10
,2023-12539,39.7418708,-104.9010885,3/31/2023 13:30,13:30:00,6,0,0, ROSLYN ST & E 16TH AVE,1,1,0,0,1,4,0,0,,0,0,0,0,0,4,2,16
,2023-12540,39.83755728,-104.7195609,4/1/2023 18:24,18:24:00,12,0,1,E 78TH AVE & N WENATCHEE ST,1,1,1,0,1,3,0,0,45,0,0,0,0,2,4,2,8
,2023-12542,39.67505003,-104.9769542,4/2/2023 15:47,15:47:00,6,0,0, EMERSON ST & E ILIFF AVE,1,5,0,0,1,4,0,0,,0,0,0,0,0,4,2,16
,2023-12543,39.73677976,-104.9495375,4/1/2023 23:27,23:27:00,6,0,0,E 13TH AVE & N STEELE ST,1,3,0,0,3,1,0,0,30,0,0,0,0,0,4,2,3
,2023-12544,39.75755655,-105.019286,4/2/2023 18:29,18:29:00,10,0,0, SPEER BLVD & N BRYANT ST,1,1,1,0,1,1,0,0,35,0,0,0,1,1,4,2,16
,2023-12545,39.76183675,-104.9145598,4/2/2023 7:00,7:00:00,6,0,0,E MLK JR BLVD & N LOCUST ST,1,1,0,0,1,4,0,0,35,0,0,0,0,0,4,3,3
,2023-12546,39.83519782,-104.6929235,4/1/2023 20:35,20:35:00,12,0,0, JACKSON GAP ST & PENA BLVD,1,3,0,6,1,4,0,0,30,0,0,0,0,0,4,3,11
,2023-12547,39.78178409,-104.7744232,4/2/2023 14:54,14:54:00,12,0,0,E 47TH AVE & N YAMPA ST,1,1,0,0,1,3,0,0,35,0,0,0,0,0,4,2,3
,2023-12548,39.67033168,-105.0368074,3/28/2023 5:03,5:03:00,8,0,2,W VASSAR AVE & S NEWTON ST,14,3,0,0,1,1,0,0,25,0,0,0,0,2,4,4,13
,2023-12549,39.76018869,-104.9849666,4/2/2023 19:50,19:50:00,6,0,0,WALNUT ST & 27TH ST,1,3,0,0,1,4,0,0,30,0,0,0,0,0,4,2,14
,2023-12550,39.74000224,-104.9761743,4/2/2023 0:45,0:45:00,16,0,0,900 E COLFAX,1,4,0,0,5,7,0,0,,0,0,0,0,0,3,2,14
,2023-12551,39.82561322,-104.771885,3/31/2023 20:30,20:30:00,5,0,0, TOWER RD & E 71ST AVE,1,3,0,0,6,4,0,0,45,0,0,0,0,0,4,2,13
,2023-12567,39.82093713,-104.6654694,3/27/2023 10:55,10:55:00,16,0,0,6975  VALLEYHEAD ST & ROW B-27,11,1,0,0,5,7,0,0,10,0,0,0,0,0,3,2,7
,2023-12582,39.74339709,-104.9372213,3/30/2023 8:29,8:29:00,3,0,0, BELLAIRE ST & E 17TH AVE,1,1,0,0,1,1,0,0,25,0,0,0,0,1,4,2,1
,2023-12583,39.72097994,-104.9576947,3/30/2023 13:35,13:35:00,6,0,0,E 3RD AVE & N JOSEPHINE ST,1,1,0,0,1,4,0,0,25,0,0,0,0,0,4,2,13
,2023-12585,39.67570709,-105.0572274,3/31/2023 14:00,14:00:00,6,0,0, DEPEW ST & W WARREN AVE,1,1,0,0,1,4,0,0,25,0,0,0,0,0,4,3,16
,2023-12593,39.73346991,-104.9861295,4/1/2023 14:25,14:25:00,15,0,0, LINCOLN ST & E 11TH AVE,1,1,0,0,1,4,0,0,30,0,0,0,0,0,4,2,13
,2023-12595,39.76303273,-105.0029843,4/2/2023 14:00,14:00:00,12,0,0,I-25 & 20TH ST,1,1,0,0,1,4,0,0,55,0,0,0,0,0,1,2,3
,2023-12596,39.77285793,-104.8472338,4/3/2023 17:42,17:42:00,12,0,0,I-70 EB OFF RAMP & N PEORIA ST,1,1,0,0,1,8,0,0,40,0,0,0,0,0,4,2,14
,2023-12599,39.71114543,-105.0203692,3/31/2023 21:21,21:21:00,12,0,0, CLAY ST & W ALAMEDA AVE,1,3,0,0,1,1,0,0,30,0,0,0,0,0,2,3,13
,2023-12601,39.75842867,-105.0205185,4/3/2023 15:27,15:27:00,1,0,0,W 29TH AVE & N CLAY ST,1,1,0,0,1,1,0,0,30,0,0,0,0,0,4,2,13
,2023-12602,39.68151684,-104.9925645,4/1/2023 22:00,22:00:00,5,0,1,2001  PLATTE RIVER DR & W JEWELL AVE,1,3,0,0,2,5,0,0,35,0,0,0,0,2,2,1,16
,2023-12603,39.67845631,-104.908213,4/1/2023 11:26,11:26:00,3,0,0,E EVANS AVE & S ONEIDA ST,1,1,0,0,1,1,0,0,35,0,0,0,0,0,4,2,3
,2023-12606,39.72014317,-104.9874746,3/31/2023 12:30,12:30:00,6,0,0,BROADWAY & E 3RD AVE,1,1,0,6,1,4,0,0,35,0,0,0,0,0,4,2,13
,2023-12608,39.69659301,-104.9919025,3/29/2023 20:30,20:30:00,15,0,0, SANTA FE DR & W MISSISSIPPI AVE,1,3,0,0,1,4,0,0,,0,0,0,0,0,2,2,16
,2023-12610,39.79233239,-104.7744735,3/31/2023 17:49,17:49:00,15,0,0,YAMPA ST & E ELMENDORF ST,1,1,0,0,1,4,0,0,25,0,0,0,0,0,4,2,11
,2023-12611,39.83408443,-104.7718809,4/3/2023 15:10,15:10:00,12,0,0, TOWER RD & N PENA BLVD,1,1,0,0,1,1,0,0,45,0,0,0,0,0,4,2,3
,2023-12612,39.74006898,-104.9034576,4/2/2023 20:02,20:02:00,1,0,0, QUEBEC ST & E COLFAX AVE,1,3,0,0,1,1,0,0,30,0,0,0,0,0,2,2,16
,2023-12613,39.78176749,-104.7721266,3/31/2023 0:34,0:34:00,1,0,0, TOWER RD & E 47TH AVE,1,3,0,0,1,1,0,0,,0,0,0,0,0,4,2,16
,2023-12615,39.77639111,-104.9853076,3/28/2023 13:25,13:25:00,6,0,0,SHERMAN ST & E 44TH AVE,1,1,0,0,1,3,0,0,,0,0,0,0,0,4,2,16
,2023-12616,39.72905808,-104.9861527,4/1/2023 11:50,11:50:00,3,0,0, LINCOLN ST & E 8TH AVE,1,1,0,0,1,1,0,0,30,0,0,0,0,1,4,3,13
,2023-12617,39.78238315,-104.8506548,4/3/2023 2:51,2:51:00,10,0,0,E 47TH AVE & N OAKLAND ST,1,3,0,0,1,1,0,0,35,0,0,0,0,0,4,2,16
,2023-12619,39.69131753,-105.0320554,4/2/2023 19:15,19:15:00,6,0,0, KNOX CT & W ARKANSAS AVE,1,1,0,0,1,4,0,0,30,0,0,0,0,0,4,2,1
,2023-12626,39.73806443,-105.0532134,3/30/2023 14:55,14:55:00,12,0,1,SHERIDAN BLVD & W 14TH AVE,1,1,0,0,1,4,0,0,35,0,0,0,0,1,2,2,3
,2023-12629,39.71123925,-105.0249524,3/31/2023 9:12,9:12:00,12,0,0,W ALAMEDA AVE & S FEDERAL BLVD,1,1,0,0,1,3,0,0,35,0,0,0,0,0,2,2,16
,2023-12636,39.73383852,-104.9861301,4/1/2023 15:09,15:09:00,10,0,0, LINCOLN ST & E 11TH AVE,1,1,0,0,1,1,0,0,30,0,0,0,0,0,4,2,13
,2023-12638,39.78361889,-105.0534898,4/2/2023 20:58,20:58:00,12,0,0,I-70 & N SHERIDAN BLVD,1,3,0,0,1,4,0,0,65,0,0,0,0,0,1,2,13
,2023-12646,39.63015007,-105.0816931,4/3/2023 5:23,5:23:00,1,0,1, WADSWORTH BLVD & W LAYTON AVE,1,1,0,0,1,1,0,0,45,0,0,0,0,2,4,2,13
,2023-12654,39.66772831,-105.025111,4/1/2023 13:19,13:19:00,12,0,0, FEDERAL BLVD & W YALE ST,1,1,0,0,1,4,0,0,35,0,0,0,0,0,2,2,3
,2023-12656,39.6605112,-105.025153,3/20/2023 10:58,10:58:00,3,0,0,W DARTMOUTH AVE & S FEDERAL BLVD,1,1,0,0,1,1,0,0,30,0,0,0,0,0,2,2,16
,2023-12657,39.76183723,-104.9175958,3/30/2023 17:47,17:47:00,15,0,0,E MLK BLVD & N KEARNEY ST,1,1,0,0,1,1,0,0,40,0,0,0,0,0,4,2,13
,2023-12658,39.7487957,-105.0345975,4/3/2023 7:16,7:16:00,3,0,0,W 21ST AVE & N LOWELL BLVD,1,1,0,0,1,1,0,0,25,0,0,0,0,0,4,2,11
,2023-12659,39.78048618,-104.9582197,4/3/2023 10:59,10:59:00,12,0,0,I-70 & N JOSEPHINE ST,1,1,0,0,1,4,0,0,55,0,0,0,0,0,1,5,16
,2023-12660,39.73902567,-104.9597789,3/31/2023 13:10,13:10:00,12,0,0,YORK ST & E 14TH AVE,1,1,0,0,1,4,0,0,25,0,0,0,0,1,4,2,13
,2023-12662,39.67331518,-104.9959786,4/2/2023 17:25,17:25:00,15,0,0,2391  GALAPAGO ST & W WESLEY AVE,1,1,0,0,1,4,0,0,25,0,0,0,0,0,4,2,14
,2023-12663,39.76108452,-104.973443,4/2/2023 6:17,6:17:00,5,0,0,STOUT ST & N DOWNING ST,1,2,0,0,2,4,0,0,30,0,0,0,0,0,4,1,3
,2023-12666,39.76026074,-105.0252316,4/3/2023 9:18,9:18:00,3,0,1, SPEER BLVD & N FEDERAL BLVD,1,1,0,7,1,1,0,0,30,0,0,0,0,2,2,2,3
,2023-12667,39.72259338,-105.0100747,4/3/2023 12:15,12:15:00,12,0,1,I-25 & W 6TH AVE,1,1,0,0,1,8,0,0,55,0,0,0,0,1,1,3,13
,2023-12670,39.77988079,-104.9671653,4/3/2023 7:55,7:55:00,3,0,0, BRIGHTON BLVD & 46TH S AVE,1,1,0,0,1,1,0,0,25,0,0,0,0,0,2,2,1
,2023-12671,39.72550343,-105.0130719,4/3/2023 16:35,16:35:00,12,0,0,I-25 & W 6TH AVE FWY,1,1,0,0,1,4,0,0,55,0,0,0,0,0,1,2,16
,2023-12672,39.72249244,-104.9787502,4/2/2023 11:40,11:40:00,3,0,0, WASHINGTON ST & E 4TH AVE,1,1,0,0,1,1,0,0,30,0,0,0,0,0,4,2,11
,2023-12674,39.73372175,-104.969628,4/2/2023 16:51,16:51:00,6,0,0,E 11TH AVE & N HUMBOLDT ST,1,1,0,0,1,4,0,0,,0,0,0,0,0,4,2,16
,2023-12677,39.75119887,-105.0299563,3/31/2023 9:34,9:34:00,3,0,0, IRVING ST & W 23RD AVE,1,1,0,0,1,3,0,0,25,0,0,0,0,1,4,2,3
,2023-12681,39.75774271,-104.9985667,4/2/2023 2:00,2:00:00,1,0,0,20TH ST & CHESTNUT PL,1,3,0,0,1,1,0,0,25,0,0,0,0,0,4,2,16
,2023-12688,39.73829474,-104.9257929,4/2/2023 20:08,20:08:00,3,0,2,E 14TH AVE & N GLENCOE ST,1,3,0,0,1,1,0,0,20,0,0,0,0,2,4,2,11
,2023-12689,39.74483876,-104.9775369,3/31/2023 14:15,14:15:00,15,0,0, CLARKSON ST & E 18TH AVE,1,1,0,6,1,1,0,0,25,0,0,0,0,0,4,2,13
,2023-12691,39.72906709,-104.9751801,3/31/2023 6:48,6:48:00,12,0,0,E 8TH AVE & N CORONA ST,1,1,0,0,1,4,0,0,30,0,0,0,0,1,4,2,16
,2023-12710,39.74045277,-104.9835819,4/2/2023 9:02,9:02:00,6,0,0, GRANT ST & E COLFAX AVE,1,1,0,0,1,4,0,0,30,0,0,0,0,0,4,2,16
,2023-12711,39.76120072,-104.9027632,3/31/2023 7:54,7:54:00,3,0,0,E MLK BLVD & N QUEBEC ST,1,1,0,0,1,1,0,0,35,0,0,0,0,0,4,2,13
,2023-12712,39.77503987,-104.8098979,4/1/2023 10:00,10:00:00,1,0,0, CHAMBERS RD & E ANDREWS DR,1,1,0,0,1,1,0,0,,0,0,0,0,0,4,2,16
,2023-12713,39.71120043,-104.9996791,3/30/2023 12:45,12:45:00,12,0,0,I-25 SB OFF RAMP & W ALAMEDA AVE,1,1,0,0,1,1,0,0,35,0,0,0,0,0,2,2,13
,2023-12714,39.75321298,-105.015442,4/2/2023 12:38,12:38:00,12,0,0,I-25 & W 23RD AVE,1,1,0,0,1,4,0,0,55,0,0,0,0,0,1,2,1
,2023-12716,39.74018019,-104.9574397,4/3/2023 16:20,16:20:00,15,0,0,E COLFAX AVE & N COLUMBINE ST,1,1,0,0,1,3,0,0,30,0,0,0,1,0,2,2,1
,2023-12725,39.67838551,-104.9506448,3/31/2023 7:34,7:34:00,12,0,0,E EVANS AVE & S SAINT PAUL ST,1,1,0,0,1,3,0,0,40,0,0,0,0,0,4,2,11
,2023-12730,39.75122543,-105.0173407,4/2/2023 12:20,12:20:00,1,0,0,W 23RD AVE & I-25 SB ON RAMP,1,1,0,0,1,1,0,0,30,0,0,0,0,0,4,2,8
,2023-12732,39.762916,-104.9814523,3/28/2023 6:00,6:00:00,5,0,0,2999 WALNUT ST,1,1,0,0,5,9,0,0,,0,0,0,0,0,3,1,16
,2023-12733,39.75660058,-105.0276124,4/1/2023 14:49,14:49:00,6,0,0,HAZEL CT & W 27TH AVE,1,1,0,0,1,4,0,0,,0,0,0,0,0,4,2,16
,2023-12736,39.73998088,-104.9624678,3/30/2023 17:30,17:30:00,6,0,0,E COLFAX AVE & N VINE ST,1,2,0,0,1,3,0,0,30,0,0,0,0,0,2,2,13
,2023-12737,39.75120681,-105.0205145,3/29/2023 13:02,13:02:00,12,0,0,W 23RD AVE & N CLAY ST,1,1,1,0,1,1,0,0,,0,0,0,0,0,4,2,16
,2023-12761,39.833811,-104.7718794,3/31/2023 13:55,13:55:00,15,0,0,TOWER RD & PENA BLVD,1,1,0,0,1,4,0,0,40,0,0,0,0,0,4,2,13
,2023-12812,39.7231197,-105.0532776,3/28/2023 15:10,15:10:00,6,0,0,W 4TH AVE & SHERIDAN BLVD,1,1,0,0,1,2,0,0,,0,0,0,0,0,2,2,16
,2023-13025,39.69496306,-105.0532278,4/3/2023 17:19,17:19:00,1,0,2, SHERIDAN BLVD & W ARIZONA AVE,1,1,0,0,1,1,0,0,35,0,0,0,0,3,2,2,3
,2023-13026,39.73726367,-104.8952437,4/4/2023 14:25,14:25:00,3,0,0, TAMARAC ST & E 13TH AVE,14,5,3,7,1,1,0,0,25,0,0,0,0,0,4,2,13
,2023-13028,39.77867876,-104.912879,4/3/2023 11:00,11:00:00,15,0,0,E STAPLETON  DR & N MONACO ST,1,1,0,0,1,1,0,0,35,0,0,0,0,0,4,2,1
,2023-13030,39.74742457,-104.9105106,4/1/2023 13:56,13:56:00,5,0,0,NIAGRA ST & 6630 E MONTVIEW BLVD,1,1,0,0,3,1,0,0,35,0,0,0,0,0,4,1,13
,2023-13033,39.71118378,-105.0062849,4/3/2023 12:10,12:10:00,12,0,2,W ALAMEDA AVE & S PECOS ST,1,1,0,0,1,4,0,0,35,0,0,0,0,2,2,4,16
,2023-13036,39.68753181,-104.9558488,4/4/2023 11:14,11:14:00,3,0,1, ELIZABETH ST & E IOWA AVE,11,1,0,0,1,1,0,0,30,0,0,0,0,2,4,2,11
,2023-13037,39.73648422,-104.935017,4/3/2023 14:00,14:00:00,3,0,0,E 13TH AVE & N CLERMONT ST,1,1,0,0,1,1,0,0,25,0,0,0,0,0,4,2,11
,2023-13038,39.78379255,-104.8000608,4/4/2023 15:51,15:51:00,12,0,0,GREEN VALLEY RANCH BLVD,11,1,0,0,1,4,0,0,65,0,0,0,0,0,2,2,11
,2023-13043,39.75567331,-104.9888422,4/3/2023 11:55,11:55:00,12,0,0,PARK AVE W & LARIMER ST,1,1,0,0,1,3,0,0,30,0,0,0,0,1,4,3,3
,2023-13044,39.74599561,-104.9980391,3/31/2023 19:25,19:25:00,15,0,0,ARAPAHOE ST & 14TH ST,1,3,3,0,1,1,0,0,,0,0,0,0,0,4,2,16
,2023-13047,39.79823833,-104.8471929,4/3/2023 23:24,23:24:00,1,0,0,E 56TH AVE & N PEORIA ST,1,3,3,0,1,3,0,0,40,0,0,0,0,0,4,3,16
,2023-13050,39.78446015,-105.0530778,3/31/2023 16:54,16:54:00,12,0,1,I-70 WB OFF RAMP SLIP & N SHERIDAN BLVD,1,1,1,0,1,8,0,0,35,0,0,0,0,1,1,2,11
,2023-13051,39.70766809,-105.0250817,3/25/2023 23:42,23:42:00,12,0,0, FEDERAL BLVD & W VIRGINIA AVE,1,3,0,0,1,1,0,0,,0,0,0,0,0,2,2,16
,2023-13052,39.73509852,-104.9161531,4/3/2023 11:45,11:45:00,1,0,0, KRAMERIA ST & E 12TH AVE,1,1,0,0,1,1,0,0,25,0,0,0,0,1,4,2,11
,2023-13054,39.7613889,-105.0052473,4/4/2023 14:50,14:50:00,3,0,0,I-25 SB RAMPS & 20TH ST,11,1,0,2,1,1,0,0,30,0,0,0,0,0,1,3,13
,2023-13057,39.70941795,-104.9425585,4/3/2023 9:57,9:57:00,6,0,0, JACKSON ST & E DAKOTA AVE,1,1,0,0,1,4,0,0,25,0,0,0,0,0,4,2,11
,2023-13062,39.73075781,-105.0158457,4/3/2023 1:01,1:01:00,5,0,0,I-25 & W 8TH AVE,1,3,1,0,2,8,0,0,55,0,0,0,0,0,1,1,16
,2023-13064,39.683109,-104.9405183,4/3/2023 13:00,13:00:00,15,0,0,I-25 & S COLORADO BLVD,1,1,0,0,1,4,0,0,65,0,0,0,0,0,1,2,3
,2023-13067,39.71989838,-105.0349195,4/4/2023 18:20,18:20:00,6,0,0,203  LOWELL BLVD & W 2ND AVE,11,4,1,2,1,4,0,0,,0,0,0,0,0,4,2,16
,2023-13070,39.74000805,-104.9728132,4/4/2023 11:00,11:00:00,15,0,0,E COLFAX AVE & N DOWNING ST,11,1,0,2,1,4,0,0,30,0,0,0,0,0,2,2,7
,2023-13071,39.7779926,-104.7744214,4/4/2023 12:20,12:20:00,3,0,0, YAMPA ST & E 45TH AVE,11,1,0,2,1,1,0,0,25,0,0,0,0,0,4,2,11
,2023-13072,39.75288746,-104.9874231,4/4/2023 16:10,16:10:00,15,0,0,CURTIS ST & BROADWAY,1,1,0,2,1,1,0,0,25,0,0,0,0,0,4,2,3
,2023-13073,39.71659772,-104.9985773,4/3/2023 8:12,8:12:00,10,0,0, SANTA FE DR & W ELLSWORTH AVE,1,1,0,0,1,1,0,0,35,0,0,0,0,1,4,2,11
,2023-13074,39.81461813,-104.7720774,4/4/2023 7:46,7:46:00,3,0,1,E 65TH AVE & N TOWER RD,11,1,0,2,1,1,0,0,25,0,0,0,0,1,4,2,11
,2023-13080,39.71782484,-104.9485856,4/4/2023 14:15,14:15:00,3,0,0, ADAMS ST & E 1ST AVE,9,1,0,2,1,1,0,0,25,0,0,0,0,0,4,2,3
,2023-13083,39.7436398,-105.0532212,4/4/2023 14:19,14:19:00,12,0,0, SHERIDAN BLVD & W 17TH AVE,11,1,1,2,1,3,0,0,30,0,0,0,0,0,2,2,13
,2023-13084,39.71706496,-104.8996314,4/4/2023 18:21,18:21:00,3,0,0, ROSEMARY ST & E LOWRY BLVD,11,1,0,0,1,1,0,0,25,0,0,0,0,0,4,2,13
,2023-13085,39.76201076,-105.0252188,4/4/2023 8:50,8:50:00,1,0,0, FEDERAL BLVD & W 32ND AVE,11,1,1,2,1,1,0,0,35,0,0,0,0,0,2,2,11
,2023-13089,39.75076702,-105.0168078,4/3/2023 12:17,12:17:00,15,0,0,I-25 & W 23RD AVE,1,1,0,0,1,4,0,0,55,0,0,0,0,0,1,2,1
,2023-13090,39.7384365,-104.9836065,4/3/2023 10:17,10:17:00,3,0,0,E 14TH AVE & N GRANT ST,1,1,0,0,1,1,0,0,35,0,0,0,0,0,4,2,16
,2023-13091,39.73527182,-105.0015568,4/3/2023 13:18,13:18:00,6,0,0,W 12TH AVE & LIPAN ST,1,1,0,0,1,9,0,0,10,0,0,0,0,0,4,2,11
,2023-13098,39.72751612,-105.0223497,4/4/2023 6:55,6:55:00,5,0,1,W 7TH AVE & N DECATUR ST,11,1,1,2,1,2,0,0,,0,1,0,0,1,4,1,11
,2023-13099,39.70034159,-105.0323131,3/23/2023 15:01,15:01:00,12,0,0,W KENTUCKY AVE & N KNOX CT,1,1,0,0,1,3,0,0,25,0,0,0,0,0,4,2,16
,2023-13102,39.71467111,-104.9499452,4/4/2023 12:45,12:45:00,10,0,0, STEELE ST & E BAYAUD AVE,9,1,0,2,1,1,0,0,30,0,0,0,0,0,4,2,3
,2023-13104,39.66351675,-105.0789481,4/4/2023 10:52,10:52:00,10,0,0, WEBSTER ST & W DARTMOUTH AVE,11,1,0,2,1,4,0,0,25,0,0,0,0,0,4,2,11
,2023-13105,39.67846339,-104.9316281,4/4/2023 9:15,9:15:00,12,0,0,E EVANS AVE & S DAHLIA ST,9,1,0,2,1,1,0,0,30,0,0,0,0,0,4,2,3
,2023-13108,39.76946368,-105.0381441,3/25/2023 11:10,11:10:00,14,0,0,W 38TH AVE & N OSCEOLA ST,1,1,0,0,1,1,0,0,,0,0,0,0,0,4,2,16
,2023-13109,39.67851948,-104.9875672,4/4/2023 10:14,10:14:00,12,0,0,E EVANS AVE & S BROADWAY,11,1,0,0,1,4,0,0,35,0,0,0,0,0,4,2,10
,2023-13110,39.74372917,-104.9835876,4/3/2023 15:20,15:20:00,6,0,0,GRANT ST & E 17TH AVE,1,1,0,0,1,4,0,0,,0,0,0,0,0,4,2,16
,2023-13115,39.67481196,-104.9407893,4/4/2023 12:44,12:44:00,1,0,0, COLORADO BLVD & E ILIFF AVE,11,1,0,0,1,1,0,0,30,0,0,0,0,0,2,2,11
,2023-13116,39.6908112,-105.0230588,4/4/2023 9:00,9:00:00,6,0,0,W ARKANSAS AVE & S ELIOT ST,11,1,0,2,1,4,0,0,25,0,0,0,0,0,4,2,11
,2023-13119,39.77800023,-104.9128801,4/3/2023 13:55,13:55:00,1,0,0, MONACO ST & E STAPLETON S DR,1,1,0,0,1,1,0,0,25,0,0,0,0,0,4,2,16
,2023-13120,39.70734312,-104.9222679,4/3/2023 16:00,16:00:00,12,0,0,LEETSDALE DR & S HOLLY ST,1,1,0,0,1,1,0,0,35,0,0,0,0,0,2,2,12
,2023-13123,39.70942047,-105.0250778,4/4/2023 13:18,13:18:00,12,0,0, FEDERAL BLVD & W DAKOTA AVE,1,1,3,0,1,4,0,0,40,0,0,0,0,0,2,2,16
,2023-13124,39.75507071,-104.9880923,4/4/2023 8:51,8:51:00,3,0,0,PARK AVE W & LAWRENCE ST,11,1,0,2,1,1,0,0,25,0,0,0,0,0,4,3,13
,2023-13127,39.72906712,-104.986141,4/4/2023 15:14,15:14:00,3,0,0,E 8TH AVE & N LINCOLN ST,11,1,1,2,1,1,0,0,30,0,0,0,0,0,4,2,13
,2023-13129,39.78063027,-104.8417763,4/4/2023 16:09,16:09:00,3,0,0, TULSA CT & E ALBROOK DR,1,1,0,0,1,1,0,0,35,0,0,0,0,0,4,2,11
,2023-13130,39.73484253,-105.039292,4/4/2023 11:40,11:40:00,12,0,0,PERRY ST & W 12TH AVE,11,1,1,2,1,3,0,0,25,0,0,0,1,0,4,2,1
,2023-13133,39.73113214,-105.0264154,4/3/2023 8:57,8:57:00,6,0,0,W 9TH AVE & N GROVE ST,1,1,0,0,1,4,0,0,25,0,0,0,0,0,4,2,13
,2023-13145,39.77303234,-104.8098396,4/3/2023 7:00,7:00:00,12,0,0, CHAMBERS RD & E 40TH AVE,1,2,1,0,1,4,0,0,35,0,0,0,0,0,4,2,16
,2023-13146,39.75002271,-104.8987294,4/3/2023 13:01,13:01:00,12,0,0, SYRACUSE ST & E 23RD AVE,1,1,0,0,1,4,0,0,35,0,0,0,0,0,4,3,16
,2023-13160,39.72527868,-105.0235419,4/5/2023 10:05,10:05:00,12,0,1,W 6TH AVE EB OFF RAMP TO -25 & EB ON RAMP FLYOVER FROM N FEDERAL BLVD,1,1,0,0,1,8,0,0,55,0,0,0,0,1,2,2,3
,2023-13162,39.72561177,-104.9775664,4/5/2023 11:00,11:00:00,10,0,0,E 6TH AVE & N CLARKSON AVE,1,1,0,0,1,1,0,0,30,0,0,0,0,0,4,2,3
,2023-13163,39.72927489,-104.9139609,4/5/2023 15:30,15:30:00,3,0,0,E 8TH AVE & N LOCUST ST,1,1,0,0,1,1,0,0,25,0,0,0,0,0,4,2,13