id,drcog_id,latitude,longitude,crashtime,time,crashtype,numbkilled,numbinjurd,drcoglocat,rdconditin,lightngcon,roadcntgrd,weatherco,location,roaddescrp,schoolzone,constrzone,splimit,bikeinv,pedinv,sctrinv,motoinv,svrty,rdsystem,ttlvehcls,hcf
,2023-13168,39.66743996,-104.9257671,4/4/2023 15:48,15:48:00,12,0,1,I-25 & E YALE AVE,11,1,0,2,1,4,0,0,65,0,0,0,0,1,1,2,16
,2023-13169,39.68033671,-104.9875714,4/5/2023 12:20,12:20:00,12,0,0, BROADWAY & E ASBURY AVE,1,1,0,0,1,1,0,0,30,0,0,0,0,0,4,2,3
,2023-13172,39.71496602,-105.0444845,4/5/2023 10:00,10:00:00,3,0,0,W BAYAUD AVE & S UTICA ST,1,1,0,0,1,1,0,0,25,0,0,0,0,0,4,2,3
,2023-13176,39.73051043,-105.0001694,4/5/2023 16:37,16:37:00,3,0,0, KALAMATH ST & W 9TH AVE,1,1,0,2,1,1,0,0,25,0,0,0,0,0,4,2,3
,2023-13177,39.78474602,-105.0505165,4/4/2023 16:40,16:40:00,15,0,0,I-70 & N SHERIDAN BLVD,12,1,0,2,1,4,0,0,55,0,0,0,0,0,1,2,10
,2023-13178,39.72178061,-105.0089998,4/5/2023 12:04,12:04:00,12,0,1,I-25 & NB ON RAMP MERGE PT TO W 6TH AVE,1,1,0,0,1,8,0,0,55,0,0,0,0,1,1,3,10
,2023-13179,39.76350064,-105.0025781,4/4/2023 16:56,16:56:00,12,0,0,I-25 & 20TH ST,11,1,0,2,1,4,0,0,55,0,0,0,0,0,1,2,16
,2023-13188,39.62721904,-104.9112918,4/5/2023 10:28,10:28:00,12,0,0, MONACO ST & E UNION AVE,1,1,0,0,1,4,0,0,30,0,0,0,0,0,4,2,16
,2023-13190,39.71459045,-105.0012411,4/5/2023 15:41,15:41:00,12,0,2,I-25 & W ALAMEDA AVE,9,1,0,0,1,4,0,0,55,0,0,0,0,1,1,2,16
,2023-13192,39.71291636,-104.9734203,4/4/2023 20:46,20:46:00,3,0,0,E CEDAR AVE & S DOWNING ST,4,3,0,0,1,1,0,0,30,0,0,0,0,0,4,2,13
,2023-13194,39.67957938,-105.0440825,4/5/2023 6:16,6:16:00,1,0,0,W EVANS AVE & S TENNYSON ST,1,2,0,0,1,3,0,0,30,0,0,0,0,0,4,2,13
,2023-13195,39.73998234,-104.9627801,4/4/2023 16:35,16:35:00,3,0,0,E COLFAX AVE & VINE ST,1,1,0,0,1,9,0,0,,0,0,0,0,0,2,2,16
,2023-13196,39.78568772,-105.0357903,4/5/2023 0:13,0:13:00,6,0,0, MEADE ST & W 49TH AVE,1,3,0,0,1,4,0,0,25,0,0,0,0,0,4,3,16
,2023-13200,39.77054518,-104.8471104,4/4/2023 17:20,17:20:00,12,0,2,PEORIA ST & 39TH AVE,1,1,1,0,1,4,0,0,35,0,0,0,0,2,4,2,13
,2023-13218,39.75639375,-104.8679362,4/5/2023 9:55,9:55:00,6,0,0,E 28TH AVE & N GENEVA CT,1,1,0,0,1,4,0,0,25,0,0,0,0,0,4,2,3
,2023-13219,39.7402119,-104.9116599,4/4/2023 19:45,19:45:00,3,0,0,E COLFAX AVE & N MAGNOLIA ST,1,3,0,0,1,1,0,0,30,0,0,0,0,0,2,2,13
,2023-13228,39.76118838,-104.9027527,4/4/2023 12:03,12:03:00,3,0,0, QUEBEC ST & E MLK JR BLVD,11,1,0,2,1,1,0,0,45,0,0,0,0,1,4,2,11
,2023-13229,39.67844896,-104.9352397,4/5/2023 7:39,7:39:00,10,0,0, CLERMONT ST & E EVANS AVE,1,1,0,0,1,1,0,0,30,0,0,0,0,1,4,2,11
,2023-13230,39.696763,-105.0155039,4/4/2023 21:59,21:59:00,6,0,0,W MISSISSIPPI AVE & S ZUNI ST,1,3,0,0,3,4,0,0,35,0,0,0,0,0,4,3,14
,2023-13232,39.75100776,-104.9046426,4/5/2023 15:40,15:40:00,3,0,0, POPLAR ST & E 23RD AVE,1,1,0,0,1,1,0,0,25,0,0,0,0,0,4,2,13
,2023-13233,39.76936066,-105.0485867,4/5/2023 7:31,7:31:00,3,0,0,W 38TH AVE & N WOLFF ST,1,1,0,0,1,1,0,0,35,0,0,0,0,0,4,2,11
,2023-13236,39.77412571,-105.0220523,4/5/2023 8:35,8:35:00,5,0,0,W 42ND AVE & N DECATUR ST,1,1,0,0,3,3,0,0,30,0,0,0,0,0,4,1,3
,2023-13244,39.78054151,-104.9494554,4/5/2023 14:15,14:15:00,15,0,0,I-70 & N STEELE ST,1,1,0,0,1,4,0,0,55,0,0,0,0,0,1,2,16
,2023-13246,39.76190499,-104.9124205,4/5/2023 16:52,16:52:00,11,0,0, MONACO PRKWY & MLK JR BLVD,1,1,0,0,1,1,0,0,30,0,1,0,0,0,4,1,13
,2023-13255,39.71118438,-105.0006535,4/5/2023 9:00,9:00:00,15,0,0,W ALAMEDA AVE & S PLATTE RIVER DR,1,1,0,0,1,1,0,0,30,0,0,0,0,0,2,3,3
,2023-13258,39.74016612,-105.0393178,4/5/2023 10:22,10:22:00,6,0,0,PERRY ST & W COLFAX AVE,1,1,0,0,1,4,0,0,25,0,0,0,0,0,4,3,16
,2023-13262,39.76946858,-105.0380288,4/5/2023 8:15,8:15:00,12,0,0,W 38TH AVE & N OSCEOLA ST,1,1,0,0,1,4,0,0,35,0,0,0,0,0,4,2,11
,2023-13264,39.75884227,-104.9123917,4/4/2023 17:00,17:00:00,12,0,0, MONACO ST & E 29TH AVE,1,1,0,0,1,4,0,0,,0,0,0,0,0,4,2,16
,2023-13265,39.66181794,-105.0365067,4/5/2023 7:49,7:49:00,8,0,0,W DARTMOUTH AVE & S MEADE ST,1,1,0,0,1,4,0,0,25,0,0,0,0,0,4,2,13
,2023-13338,39.70754464,-104.9876226,3/19/2023 18:31,18:31:00,3,0,5,BROADWAY & E VIRGINIA AVE,1,1,0,0,1,1,0,0,30,0,0,0,0,3,4,2,11
,2023-13339,39.78015567,-104.797949,2/18/2023 9:45,9:45:00,6,0,0,MEMPHIS ST & E GREEN VALLEY RANCH BLVD,1,1,0,0,1,4,0,0,,0,0,0,0,0,4,2,10
,2023-13341,39.73299531,-105.0393122,2/24/2023 16:15,16:15:00,3,0,0,W 10TH AVE & N PERRY ST,1,1,0,0,1,1,0,0,25,0,0,0,0,0,4,2,16
,2023-13345,39.72046535,-104.9791278,4/7/2023 16:30,16:30:00,3,0,1, WASHINGTON ST & E SPEER BLVD,1,1,0,0,1,1,0,0,35,0,0,0,0,2,4,2,13
,2023-13346,39.77282805,-104.790585,4/7/2023 18:58,18:58:00,1,0,2,E 40TH AVE & PENA BLVD INBOUND,1,1,0,0,1,1,0,0,40,0,0,0,0,2,4,2,13
,2023-13351,39.79694892,-104.7865721,4/7/2023 13:23,13:23:00,12,0,0,PENA BLVD & E 56TH AVE,1,1,0,0,1,4,0,0,65,0,0,0,0,0,4,3,8
,2023-13352,39.7529259,-104.980462,4/6/2023 12:55,12:55:00,3,0,1,25TH ST & WELTON ST,1,1,0,0,1,1,0,0,20,0,0,0,0,1,4,2,16
,2023-13357,39.65131518,-104.8987874,4/6/2023 10:30,10:30:00,3,0,0,E HAMPDEN CIR & S TAMARAC DR,1,1,0,0,1,1,0,0,25,0,0,0,0,0,4,2,3
,2023-13363,39.77282654,-104.792225,4/5/2023 22:00,22:00:00,1,0,0,E 40TH AVE & N AIRPORT BLVD,1,3,3,0,1,1,0,0,40,0,0,0,0,0,4,2,8
,2023-13364,39.7297555,-104.9912378,4/6/2023 6:55,6:55:00,10,0,0, SPEER BLVD & N BANNOCK ST,1,1,0,0,1,1,0,0,35,0,0,0,0,0,4,2,8
,2023-13365,39.72557778,-104.9740895,4/6/2023 21:24,21:24:00,3,0,2,E 6TH AVE & N CORONA ST,1,3,0,0,1,1,0,0,30,0,0,0,0,2,4,2,13
,2023-13366,39.6517773,-105.053068,4/6/2023 13:15,13:15:00,1,0,0,W HAMPDEN AVE EB OFF RAMP & S SHERIDAN BLVD,1,1,0,0,1,3,0,0,30,0,0,0,0,0,2,2,8
,2023-13368,39.76447644,-104.9571582,4/7/2023 18:22,18:22:00,6,0,0,E BRUCE RANDOLPH AVE & N COLUMBINE ST,1,1,0,0,1,4,0,0,25,0,0,0,0,0,4,2,3
,2023-13370,39.79252739,-104.7721476,4/5/2023 17:28,17:28:00,1,0,0, TOWER RD & E ELMENDORF DR,1,1,0,0,1,1,0,0,,0,0,0,0,0,4,2,16
,2023-13372,39.73850096,-104.987412,4/5/2023 10:20,10:20:00,6,0,0, BROADWAY & E 14TH AVE,1,1,0,0,1,3,0,0,35,0,0,0,0,0,4,2,16
,2023-13373,39.68228019,-105.0250196,4/6/2023 6:15,6:15:00,11,0,0, FEDERAL BLVD & W JEWELL AVE,1,3,0,0,1,1,0,0,35,0,1,0,0,0,2,1,11
,2023-13375,39.67851966,-104.9746055,4/6/2023 12:50,12:50:00,15,0,0,E EVANS AVE & S CORONA ST,1,1,0,0,1,1,0,0,30,0,0,0,0,0,4,2,3
,2023-13379,39.80181956,-104.7666158,3/30/2023 20:00,20:00:00,5,0,0,18948 E 58TH AVE & E 57TH AVE,1,1,0,0,3,9,0,0,,0,0,0,0,0,4,1,16
,2023-13381,39.76576111,-104.9696537,4/6/2023 13:15,13:15:00,3,0,0,E 35TH AVE & N HUMBOLDT ST,1,1,0,0,1,1,0,0,25,0,0,0,0,1,4,2,16
,2023-13383,39.67859651,-105.035003,4/6/2023 7:32,7:32:00,12,0,0,W EVANS AVE & S LOWELL BLVD,1,1,0,0,1,3,0,0,30,0,0,0,0,0,4,2,16
,2023-13384,39.78989403,-104.9592427,4/7/2023 5:56,5:56:00,14,0,1, YORK ST & E 51ST AVE,1,3,0,0,6,4,0,0,30,0,0,0,0,2,4,2,2
,2023-13387,39.69687538,-104.8989512,3/12/2023 13:54,13:54:00,15,0,0,1092  PARKER RD & S QUINCE ST,14,5,3,7,1,4,0,0,,0,0,0,0,0,2,2,16
,2023-13388,39.75462821,-104.97695,4/7/2023 8:25,8:25:00,6,0,0, CLARKSON ST & E 26TH AVE,1,1,0,0,1,4,0,0,25,0,0,0,0,0,4,2,16
,2023-13390,39.68228314,-105.0552393,4/7/2023 6:25,6:25:00,10,0,0,W JEWELL AVE & S SHERIDAN BLVD,1,1,0,0,1,3,0,0,30,0,0,0,0,0,4,2,11
,2023-13391,39.74323766,-105.0161343,3/22/2023 12:49,12:49:00,15,0,0,I-25 & SB OFF RAMP MERGE PT TO W COLFAX AVE,14,5,3,7,1,4,0,0,55,0,0,0,0,0,4,2,16
,2023-13393,39.69670229,-104.9991498,4/7/2023 1:08,1:08:00,3,0,0, JASON ST & W MISSISSIPPI AVE,1,3,0,0,1,1,0,0,30,0,0,0,0,0,4,2,13
,2023-13395,39.68156689,-104.9373027,2/26/2023 4:50,4:50:00,5,0,0,I-25 & SB OFF RAMP TO E EVANS AVE,1,3,1,0,3,8,0,0,65,0,0,0,0,0,1,1,16
,2023-13396,39.78389506,-105.0251029,4/7/2023 1:32,1:32:00,1,0,1, FEDERAL BLVD & I-70 EB RAMPS,1,3,0,0,1,1,0,0,35,0,0,0,0,1,2,2,13
,2023-13397,39.65875239,-104.9129792,4/6/2023 20:43,20:43:00,3,0,0,E EASTMAN AVE & S MONACO ST,1,3,0,0,1,1,0,0,35,0,0,0,0,0,4,2,11
,2023-13398,39.78021158,-105.0369694,3/10/2023 22:54,22:54:00,11,0,1,3801 W 46TH AVE & N NEWTON ST,1,3,0,0,1,4,0,0,25,0,1,0,0,3,4,1,16
,2023-13403,39.73728673,-105.0052496,4/7/2023 7:03,7:03:00,1,0,0, OSAGE ST & W 13TH AVE,1,1,0,0,1,2,0,0,,0,0,0,0,0,4,2,1
,2023-13404,39.7704906,-104.9916447,4/7/2023 19:51,19:51:00,15,0,0,I-25 & PARK AVE W,1,3,0,0,1,4,0,0,55,0,0,0,0,0,1,2,13
,2023-13405,39.78586251,-104.8918795,4/7/2023 19:15,19:15:00,12,0,0, VALENTIA ST & E NORTHFIELD BLVD,1,1,0,0,1,4,0,0,30,0,0,0,0,0,4,2,13
,2023-13406,39.77814644,-104.7721464,4/7/2023 16:23,16:23:00,12,0,0, TOWER RD & E 45TH AVE,1,1,0,0,1,4,0,0,,0,0,0,0,0,4,2,16
,2023-13407,39.71215045,-105.0138689,4/7/2023 6:51,6:51:00,6,0,0,W BYERS DR & S YUMA ST,1,1,0,0,1,4,0,0,25,0,0,0,0,0,4,2,13
,2023-13408,39.74879173,-104.9793806,4/7/2023 10:00,10:00:00,15,0,0,CLEVELAND PL & PARK AVE W,1,1,0,0,1,4,0,0,25,0,0,0,0,0,4,2,16
,2023-13409,39.74562147,-104.88817,3/20/2023 18:08,18:08:00,3,0,0, WILLOW ST & E 19TH AVE,1,1,0,0,1,1,0,0,25,0,0,0,0,0,4,2,16
,2023-13412,39.71749077,-104.9497488,4/7/2023 12:30,12:30:00,15,0,0, STEELE ST & E 1ST AVE,1,1,0,0,1,4,0,0,30,0,0,0,0,0,4,2,13
,2023-13415,39.76540043,-104.9026146,4/7/2023 15:49,15:49:00,3,0,0,E 35TH AVE & N QUEBEC ST,1,1,0,0,1,1,0,0,30,0,0,0,0,0,4,2,11
,2023-13417,39.67851431,-104.9889346,4/6/2023 13:36,13:36:00,12,0,0,W EVANS AVE & S BROADWAY,1,1,0,0,1,4,0,0,30,0,0,0,0,0,4,2,16
,2023-13425,39.75362455,-104.9862298,4/6/2023 14:15,14:15:00,15,0,0,PARK AVE W & CURTIS ST,1,1,0,0,1,4,0,0,30,0,0,0,0,0,4,2,11
,2023-13428,39.76567134,-104.940645,4/6/2023 8:53,8:53:00,12,0,0, COLORADO BLVD & E 35TH AVE,1,1,0,0,1,1,0,0,40,0,0,0,0,0,2,4,16
,2023-13429,39.77295638,-104.9754339,4/6/2023 16:41,16:41:00,15,0,0, BRIGHTON BLVD & 38TH ST,1,1,0,0,1,3,0,0,30,0,0,0,0,0,4,2,16
,2023-13430,39.67852847,-104.9875673,4/6/2023 15:45,15:45:00,15,0,0, BROADWAY & E EVANS AVE,1,1,0,0,1,1,0,0,30,0,0,0,0,0,4,2,3
,2023-13433,39.74014097,-104.9450872,4/6/2023 16:05,16:05:00,15,0,0,E COLFAX AVE & N MONROE ST,1,1,0,0,1,1,0,0,35,0,0,0,0,0,2,2,1
,2023-13435,39.77480999,-105.0251695,4/6/2023 15:55,15:55:00,12,0,0, FEDERAL BLVD & W 42ND AVE WEST,1,1,0,0,1,4,0,0,30,0,0,0,0,0,2,2,13
,2023-13440,39.72394262,-104.9985769,3/16/2023 12:30,12:30:00,6,0,0, SANTA FE DR & W 5TH AVE,11,3,0,1,1,4,0,0,35,0,0,0,0,0,4,2,16
,2023-13441,39.73827862,-104.9338465,4/7/2023 11:31,11:31:00,12,0,0, CHERRY ST & E 14TH AVE,1,1,0,0,1,1,0,0,30,0,0,0,0,0,4,2,13
,2023-13443,39.77284364,-104.8335136,4/6/2023 17:17,17:17:00,12,0,0,I-70 & I-225 SB ON RAMP,1,1,0,0,1,4,0,0,55,0,0,0,0,0,1,3,1
,2023-13446,39.78045337,-104.9636186,4/6/2023 12:00,12:00:00,12,0,0,I-70 & N BRIGHTON BLVD,1,1,0,0,1,4,0,0,55,0,0,0,0,0,1,3,1
,2023-13447,39.76118838,-104.9027527,4/6/2023 11:50,11:50:00,12,0,0, QUEBEC ST & E MLK BLVD,1,1,0,0,1,1,0,0,35,0,0,0,0,0,4,2,16
,2023-13448,39.7836386,-105.0445738,4/6/2023 0:41,0:41:00,15,0,0,I-70 & N FEDERAL BLVD,1,3,0,0,1,4,0,0,55,0,0,0,0,0,1,2,16
,2023-13452,39.74783125,-105.0015352,4/6/2023 7:50,7:50:00,10,0,0,14TH AVE & MARKET ST,1,1,0,0,1,1,0,0,25,0,0,0,0,0,4,2,16
,2023-13453,39.79083773,-104.7622,4/7/2023 20:07,20:07:00,3,0,0, DUNKIRK WAY & N DUNKIRK ST,1,3,0,0,1,1,0,0,30,0,0,0,0,0,4,2,11
,2023-13454,39.78456016,-105.025209,4/6/2023 15:45,15:45:00,15,0,0, FEDERAL BLVD & I-70,1,1,0,0,1,4,0,0,30,0,0,0,0,0,2,2,11
,2023-13455,39.77542098,-105.0041962,4/6/2023 21:15,21:15:00,6,0,0, NAVAJO ST & W 43RD AVE,1,3,0,0,1,4,0,0,25,0,0,0,0,0,4,3,3
,2023-13456,39.77656479,-104.8745595,4/6/2023 8:25,8:25:00,15,0,0,I-70 & N HAVANA ST,1,1,0,0,1,8,0,0,55,0,0,0,0,0,1,2,11
,2023-13457,39.68572051,-104.9316856,4/7/2023 10:40,10:40:00,1,0,0, DAHLIA ST & E MEXICO AVE,1,1,0,0,1,1,0,0,30,0,0,0,0,0,4,2,11
,2023-13458,39.77367212,-104.8430742,4/3/2023 17:58,17:58:00,15,0,0,I-70 & I-225,1,1,0,0,1,4,0,0,55,0,0,0,0,0,1,3,16
,2023-13459,39.77277497,-104.8336029,4/6/2023 13:20,13:20:00,15,0,0,I-70 & I-225 SB RAMP MERGE PT,1,1,0,0,1,8,0,0,55,0,0,0,0,0,1,3,16
,2023-13461,39.73657268,-105.0338721,4/6/2023 12:38,12:38:00,16,0,1,3550 W 13TH AVE,1,1,0,0,5,7,0,0,,0,0,0,0,3,3,2,13
,2023-13463,39.79837588,-104.7863785,4/7/2023 2:10,2:10:00,5,0,0,PENA BLVD & E 56TH AVE,1,3,0,0,6,4,0,0,65,0,0,0,0,1,4,1,2
,2023-13471,39.72100826,-104.9035411,4/6/2023 9:25,9:25:00,15,0,0, QUEBEC ST & E 2ND AVE,1,1,0,0,1,4,0,0,30,0,0,0,0,0,4,2,14
,2023-13476,39.70789793,-104.8795916,4/7/2023 7:36,7:36:00,12,0,0,E ALAMEDA AVE & S CLINTON ST,1,1,0,0,1,4,0,0,40,0,0,0,0,0,4,2,16
,2023-13479,39.83381598,-104.7471738,4/6/2023 14:12,14:12:00,5,0,0,E-470 OVERPASS,1,1,0,0,3,4,0,0,65,0,0,0,0,0,2,1,7
,2023-13480,39.74503305,-105.0175504,4/6/2023 17:40,17:40:00,12,0,0,I-25 & NB OFF RAMP GORE PT TO W 17TH AVE,1,1,3,0,1,4,0,0,55,0,0,0,0,0,1,3,3
,2023-13481,39.77466106,-104.8656162,4/5/2023 12:15,12:15:00,12,0,0,I-70 EB OFF RAMP SLIP & N HAVANA ST,1,1,1,0,1,8,0,0,25,0,0,0,0,0,1,2,11
,2023-13482,39.75728499,-105.0158341,4/6/2023 8:30,8:30:00,1,0,0, ZUNI ST & W 28TH AVE,1,1,0,7,1,2,0,0,35,0,0,0,0,0,4,3,11
,2023-13483,39.84173061,-104.9856512,4/6/2023 11:12,11:12:00,15,0,0,E 80TH AVE,1,1,0,0,1,4,0,0,45,0,0,0,0,0,2,2,11
,2023-13484,39.78204346,-104.903539,4/6/2023 8:20,8:20:00,15,0,0,QUEBEC ST & N SAND CREEK DR,1,1,0,0,1,3,0,0,40,0,0,0,0,0,4,2,11
,2023-13485,39.78517541,-104.8990996,4/6/2023 15:56,15:56:00,15,0,0,E NORTHFIELD BLVD & N QUEBEC ST,1,1,0,0,1,4,0,0,,0,0,0,0,0,4,2,16
,2023-13488,39.72726936,-104.9799495,4/5/2023 18:05,18:05:00,3,0,0,E 7TH AVE & N PEARL ST,1,2,0,0,1,1,0,0,25,0,0,0,0,0,4,2,13
,2023-13489,39.7805121,-104.9668044,4/6/2023 4:18,4:18:00,12,0,0,I-70 WB OFF RAMP & N BRIGHTON BLVD,1,3,1,0,1,8,0,0,30,0,0,0,0,0,4,2,11
,2023-13495,39.61644852,-105.0913962,4/7/2023 10:45,10:45:00,12,0,0, WADSWORTH BLVD & W CRESTLINE AVE,1,1,0,0,1,4,0,0,40,0,0,0,0,0,2,4,16
,2023-13496,39.67846469,-104.9305603,4/7/2023 18:39,18:39:00,12,0,0,E EVANS AVE & S DAHLIA ST,1,1,0,0,1,4,0,0,35,0,0,0,0,1,4,2,7
,2023-13497,39.7563431,-104.9896923,4/6/2023 14:53,14:53:00,10,0,0,PARK AVE W & WALNUT ST,1,1,0,0,1,9,0,0,30,0,0,0,0,0,4,2,8
,2023-13498,39.77206501,-105.0247954,3/16/2023 17:02,17:02:00,6,0,0,W 40TH AVE & N FEDERAL BLVD,1,1,0,0,1,4,0,0,35,0,0,0,0,0,4,2,11
,2023-13499,39.71282969,-104.903438,3/26/2023 13:42,13:42:00,5,0,0, QUEBEC ST & E CEDAR PL,1,1,0,0,3,4,0,0,25,0,0,0,0,0,4,2,16
,2023-13501,39.77703651,-104.8800414,3/28/2023 17:03,17:03:00,15,0,0,I-70 & CENTRAL PARK BLVD,1,1,0,0,1,4,0,0,,0,0,0,0,0,1,2,16
,2023-13508,39.74974324,-105.0172389,4/6/2023 14:06,14:06:00,12,0,0,I-25 & NB OFF RAMP GORE PT TO W 23RD AVE,1,1,0,0,1,4,0,0,55,0,0,0,0,0,1,3,16
,2023-13510,39.67819073,-105.0308749,4/6/2023 4:59,4:59:00,5,0,0,W EVANS AVE & S IRVING ST,1,3,0,0,3,4,0,0,30,0,0,0,0,0,4,1,1
,2023-13516,39.73618299,-104.9361608,3/24/2023 8:30,8:30:00,6,0,0,BIRCH ST & E 13TH AVE,1,1,0,0,1,4,0,0,,0,0,0,0,0,4,2,16
,2023-13517,39.80365618,-104.7721175,3/27/2023 7:58,7:58:00,3,0,0,E 59TH AVE,9,1,0,2,1,1,0,0,25,0,0,0,0,1,4,2,16
,2023-13526,39.70126667,-104.9876165,1/20/2023 22:18,22:18:00,15,0,1,I-25 & S BROADWAY,5,3,1,0,1,4,0,0,,0,0,0,0,3,1,2,16
,2023-13527,39.74009977,-104.9588027,2/28/2023 16:05,16:05:00,15,0,0,E COLFAX AVE & N JOSEPHINE ST,1,1,0,0,1,1,0,0,30,0,0,0,0,0,2,2,16
,2023-13528,39.70529315,-104.9102827,2/28/2023 16:30,16:30:00,6,0,0, NIAGARA ST & E CENTER AVE,1,1,0,0,1,1,0,0,,0,0,0,0,0,4,2,16
,2023-13529,39.69300214,-104.9804326,2/21/2023 14:45,14:45:00,11,0,1,E LOUISIANA AVE & S PEARL ST,1,1,0,0,1,1,0,0,,0,1,0,0,2,4,1,16
,2023-13530,39.75301414,-105.0532355,2/8/2023 16:37,16:37:00,15,0,0, SHERDIAN BLVD & W 25TH AVE,1,1,1,0,1,1,0,0,35,0,0,0,0,0,2,3,1
,2023-13531,39.68086971,-104.9863561,3/17/2023 20:10,20:10:00,6,0,0, LINCOLN ST & E ASBURY AVE,1,4,0,0,1,4,0,0,25,0,0,0,0,0,4,3,1
,2023-13534,39.76933066,-104.9951275,3/25/2023 2:24,2:24:00,5,0,0, FOX ST & W 38TH AVE,11,3,0,0,3,4,0,0,35,0,0,0,0,0,4,1,16
,2023-13536,39.74000231,-104.9916669,4/7/2023 1:16,1:16:00,3,0,3,W COLFAX AVE & CHEROKEE ST,1,3,0,0,1,1,0,0,35,0,0,0,0,2,2,2,14
,2023-13544,39.78363779,-104.7904781,3/31/2023 14:50,14:50:00,12,0,0,PENA BLVD & E GREEN VALLEY RANCH BLVD,1,1,0,0,1,4,0,0,40,0,0,0,0,1,4,2,16
,2023-13552,39.69685523,-104.9928622,4/7/2023 22:20,22:20:00,12,0,0,1051  PLATTE RIVER DR & S MISSISSIPPI AVE,1,3,0,0,1,4,0,0,35,0,0,0,0,0,2,3,16
,2023-13559,39.73283842,-104.8846977,4/8/2023 8:43,8:43:00,1,0,0, YOSEMITE ST & E 11TH AVE,1,1,0,0,1,1,0,0,30,0,0,0,0,0,4,2,11
,2023-13560,39.71276579,-104.9991746,4/8/2023 2:34,2:34:00,5,0,0, KALAMATH ST & W CEDAR AVE,1,3,0,0,3,4,0,0,35,0,0,0,0,0,4,1,2
,2023-13561,39.70041453,-105.0245163,4/8/2023 9:42,9:42:00,10,0,0,W KENTUCKY AVE & S FEDERAL BLVD,1,1,0,0,1,9,0,0,25,0,0,0,0,0,4,2,14
,2023-13566,39.68571224,-104.9359043,3/30/2023 6:30,6:30:00,6,0,0,E MEXICO AVE & S BIRCH ST,1,4,0,4,1,4,0,0,30,0,0,0,0,0,4,2,16
,2023-13568,39.68386445,-105.0510545,2/2/2023 15:42,15:42:00,6,0,0, YATES ST & W COLORADO AVE,1,1,1,0,1,1,0,0,25,0,0,0,0,0,4,2,16
,2023-13571,39.72139725,-104.9582555,4/8/2023 2:39,2:39:00,5,0,0, JOSEPHINE ST & E 3RD PL,1,3,0,0,2,1,0,0,30,0,0,0,0,0,4,1,14
,2023-13573,39.75482987,-105.0262526,4/8/2023 10:30,10:30:00,6,0,0,W 26TH AVE & N FEDERAL BLVD,1,1,0,0,1,4,0,0,25,0,0,0,0,0,4,2,3
,2023-13575,39.73904679,-105.0052289,2/2/2023 16:40,16:40:00,11,0,1,1493  OSAGE ST & W 14TH AVE,1,1,0,0,1,9,0,0,,0,1,0,0,2,4,1,16
,2023-13582,39.78244203,-104.8205087,4/8/2023 14:33,14:33:00,1,0,1,E BOLLING DR & N DURHAM CT,1,1,0,0,1,1,0,0,25,0,0,0,0,2,4,2,13
,2023-13583,39.68018947,-104.9887942,3/25/2023 13:18,13:18:00,14,0,0, ACOMA ST & W ASBURY AVE,1,1,3,0,1,4,0,0,25,0,0,0,0,0,4,2,7
,2023-13588,39.76911591,-104.9952965,4/7/2023 22:30,22:30:00,12,0,0,W 38TH AVE & N FOX ST,1,3,0,0,1,4,0,0,35,0,0,0,0,0,4,2,13
,2023-13589,39.74763472,-105.0026538,4/7/2023 21:46,21:46:00,1,0,0, SPEER BLVD & AURARIA PKWY,1,3,0,0,1,1,0,0,35,0,0,0,0,0,4,2,3
,2023-13610,39.69293304,-104.9405488,4/8/2023 11:58,11:58:00,1,0,0, COLORADO BLVD & E LOUISIANA AVE,1,1,0,0,1,1,0,0,35,0,0,0,0,0,2,2,13
,2023-13612,39.73527533,-104.9848688,4/8/2023 16:05,16:05:00,3,0,1,E 12TH AVE & N SHERMAN ST,1,1,0,0,1,1,0,0,25,0,0,0,0,3,4,2,11
,2023-13613,39.75959535,-104.9842531,4/7/2023 23:51,23:51:00,12,0,0,27TH ST & LARIMER ST,1,3,0,0,1,4,0,0,,0,0,0,0,0,4,2,7
,2023-13615,39.78356547,-105.0037793,4/7/2023 14:13,14:13:00,12,0,3,I-70 & N PECOS ST,1,1,0,0,1,4,0,0,55,0,0,0,0,1,1,2,16
,2023-13617,39.73691042,-105.0142626,3/23/2023 22:04,22:04:00,15,0,0,I-25 & W COLFAX AVE,1,3,0,0,1,4,0,1,,0,0,0,0,0,1,3,16
,2023-13620,39.77717418,-104.8816419,4/8/2023 18:40,18:40:00,12,0,1,I-70 & I-270 NB ON RAMP,1,1,0,0,1,4,0,0,65,0,0,0,0,2,1,2,16
,2023-13621,39.77929793,-104.9033718,4/8/2023 17:31,17:31:00,15,0,0, NORTHFIELD QUEBEC ST & I-70 WB RAMPS,1,1,0,0,1,1,0,0,40,0,0,0,0,0,2,2,1
,2023-13622,39.73687044,-104.9964781,4/8/2023 15:27,15:27:00,3,0,1, SPEER BLVD & W 13TH AVE,1,1,0,0,1,1,0,0,35,0,0,0,0,2,4,2,8
,2023-13623,39.7592048,-104.9937928,4/7/2023 23:04,23:04:00,11,0,0,PARK AVE W & WEWATTA ST,1,3,0,0,1,1,0,0,30,0,0,1,0,0,4,1,16
,2023-13624,39.75710486,-104.9964872,4/7/2023 22:38,22:38:00,12,0,0,21ST ST & WEWATTA ST,1,3,0,0,1,1,0,0,30,0,0,0,0,0,4,2,11
,2023-13625,39.65300469,-104.9406867,4/8/2023 3:03,3:03:00,5,0,0, COLORADO BLVD & E HAMPDEN AVE,1,3,0,0,6,1,0,0,35,0,0,0,0,0,2,2,2