id,drcog_id,latitude,longitude,crashtime,time,crashtype,numbkilled,numbinjurd,drcoglocat,rdconditin,lightngcon,roadcntgrd,weatherco,location,roaddescrp,schoolzone,constrzone,splimit,bikeinv,pedinv,sctrinv,motoinv,svrty,rdsystem,ttlvehcls,hcf
,2023-13639,39.7410346,-104.9010865,4/8/2023 6:40,6:40:00,6,0,0,1531 N ROSLYN ST,1,2,0,0,1,4,0,0,25,0,0,0,0,0,4,4,14
,2023-13641,39.65304629,-104.9016017,4/8/2023 13:11,13:11:00,1,0,1,7500 E HAMPDEN AVE & S ROSLYN ST,1,1,0,0,1,1,0,0,40,0,0,0,0,3,2,2,7
,2023-13650,39.78512911,-105.048721,3/31/2023 14:39,14:39:00,5,0,2,I-70 & N SHERIDAN BLVD,1,1,0,6,2,4,0,0,55,0,0,0,0,1,1,1,16
,2023-13654,39.68228019,-105.0250196,3/30/2023 7:32,7:32:00,12,0,1, FEDERAL BLVD & W JEWELL AVE,1,1,0,0,1,3,0,0,40,0,0,0,1,1,2,2,16
,2023-13657,39.79815295,-104.884456,3/13/2023 15:27,15:27:00,5,0,2,E 56TH AVE & N CENTRAL PARK BLVD,1,1,0,0,3,4,0,0,40,0,1,0,0,3,4,1,16
,2023-13658,39.75569892,-105.0252861,1/27/2023 22:02,22:02:00,11,0,1, FEDERAL BLVD & W 27TH AVE,1,3,1,0,1,4,0,0,0,0,1,0,0,3,2,1,16
,2023-13659,39.76201511,-105.0144789,3/28/2023 16:43,16:43:00,2,0,1, WYANDOT ST & W 32ND AVE,1,1,0,0,1,1,0,0,30,1,0,0,0,3,4,1,11
,2023-13662,39.73698397,-105.0358046,3/30/2023 20:10,20:10:00,6,0,0, MEADE ST & W 13TH AVE,1,3,1,0,1,4,0,0,20,0,0,0,0,0,4,3,16
,2023-13672,39.72551809,-105.0131097,3/30/2023 17:33,17:33:00,12,0,0,I-25 & W 6TH AVE FWY,1,2,0,0,1,8,0,0,55,0,0,0,0,0,1,3,2
,2023-13675,39.78855815,-104.8282941,3/14/2023 10:40,10:40:00,2,0,0,E 51ST AVE & N CROWN BLVD,1,1,0,0,1,1,0,0,30,1,0,0,0,0,4,1,16
,2023-13676,39.80726116,-104.7657156,4/1/2023 11:00,11:00:00,5,0,0, CEYLON ST & E 61ST AVE,1,1,0,0,4,6,0,0,,0,0,0,0,0,4,1,13
,2023-13720,39.74379589,-104.9569556,4/9/2023 14:00,14:00:00,15,0,0,E 17TH AVE & N CITY PARK ESPLANADE,1,1,0,0,1,4,0,0,30,0,0,0,0,0,4,2,1
,2023-13727,39.78194478,-104.969576,4/8/2023 22:45,22:45:00,16,0,0,1515 E 47TH AVE,1,3,0,0,5,7,0,0,15,0,0,0,0,0,3,4,16
,2023-13728,39.70611043,-105.0250851,4/8/2023 22:54,22:54:00,9,0,0,630  FEDERAL BLVD & W CENTER AVE,1,3,0,0,1,4,0,0,40,0,0,0,0,0,2,1,16
,2023-13729,39.75111149,-105.0001659,4/8/2023 22:30,22:30:00,6,0,0,WAZEE ST & 16TH ST,1,3,0,0,1,2,0,0,25,0,0,0,0,0,4,2,14
,2023-13743,39.74014324,-104.993224,4/2/2023 19:13,19:13:00,5,0,1,E COLFAX AVE & N TREMONT PL,1,1,0,0,6,3,0,0,35,0,0,0,0,1,2,1,14
,2023-13759,39.7256201,-104.9799375,4/9/2023 6:05,6:05:00,3,0,1, PEARL ST & E 6TH AVE,1,1,0,0,1,1,0,0,25,0,0,0,0,2,4,3,13
,2023-13763,39.78315959,-104.9009938,4/8/2023 13:31,13:31:00,12,0,0,I-270 & N NORTHFIELD QUEBEC ST,1,1,0,0,1,4,0,0,55,0,0,0,0,0,1,2,3
,2023-13767,39.77010848,-104.9785679,3/15/2023 2:30,2:30:00,6,0,0,35TH ST & N BRIGHTON BLVD,1,3,0,0,1,4,0,0,35,0,0,0,0,0,4,2,14
,2023-13782,39.71820761,-105.0518422,3/16/2023 13:00,13:00:00,3,0,1, ZENOBIA ST & W 1ST AVE,1,1,0,0,1,1,0,0,25,0,0,0,0,1,4,2,1
,2023-13786,39.75787825,-104.9917093,4/8/2023 22:51,22:51:00,15,0,0,PARK AVE W & WAZEE ST,1,3,0,0,1,4,0,0,25,0,0,0,0,0,4,2,11
,2023-13787,39.68539801,-104.940543,4/8/2023 22:24,22:24:00,15,0,0, COLORADO BLVD & E MEXICO AVE,1,3,1,0,1,4,0,0,,0,0,0,0,0,2,2,16
,2023-13792,39.70924368,-104.9064873,1/20/2023 1:36,1:36:00,5,0,0,405  OLIVE WY & E ALAMEDA AVE,4,4,0,0,1,4,0,0,,0,0,0,0,0,4,1,16
,2023-13801,39.76185071,-104.9406674,4/9/2023 16:30,16:30:00,12,0,0,COLORADO BLVD & MARTIN LUTHER KING JR BLVD,1,1,0,0,1,4,0,0,35,0,0,0,0,0,4,2,3
,2023-13802,39.69704369,-105.0529116,4/2/2023 3:16,3:16:00,6,0,0,MORRISON RD & S SHERIDAN BLVD,1,3,0,0,1,4,0,0,30,0,0,0,0,0,2,2,16
,2023-13805,39.77802278,-104.8470314,3/17/2023 12:05,12:05:00,1,0,0, PEORIA ST & E 45TH AVE,1,1,0,0,1,1,0,0,35,0,0,0,0,1,4,2,16
,2023-13806,39.79059688,-104.8825853,4/9/2023 14:20,14:20:00,5,0,0, CENTRAL PARK BLVD & E 51ST AVE,1,1,0,0,3,4,0,0,40,0,0,0,0,0,4,1,16
,2023-13809,39.75826665,-105.0381377,3/13/2023 10:06,10:06:00,6,0,0,OSCEOLA ST & W 29TH AVE,1,1,0,0,1,4,0,0,,0,0,0,0,0,4,2,7
,2023-13816,39.62431612,-104.9020478,4/8/2023 19:34,19:34:00,5,0,1,I-25 & E BELLEVIEW AVE,1,3,0,0,3,4,0,0,65,0,0,0,0,2,1,1,7
,2023-13819,39.76928785,-105.0064468,4/8/2023 22:56,22:56:00,1,0,0,W 38TH AVE & N PECOS ST,1,3,0,0,1,1,0,0,35,0,0,0,0,0,4,2,16
,2023-13845,39.74772411,-104.9906443,4/2/2023 19:13,19:13:00,2,0,1,18TH ST & STOUT ST,14,2,0,0,1,1,0,0,30,1,0,0,0,2,4,1,16
,2023-13849,39.72926967,-104.9205728,4/9/2023 19:57,19:57:00,12,0,0,E 8TH AVE & N IVY ST,1,3,0,0,1,1,0,0,30,0,0,0,0,0,4,2,3
,2023-13851,39.75840855,-105.0118141,4/9/2023 2:45,2:45:00,6,0,1,W 29TH AVE & N UMATILLA ST,1,3,0,0,1,4,0,0,20,0,0,0,0,2,4,2,16
,2023-13854,39.7975485,-104.8279095,3/16/2023 11:29,11:29:00,6,0,1,E RANDOLPH PL & N YUBA WAY,1,1,0,0,1,4,0,0,25,0,0,0,0,2,4,2,16
,2023-13856,39.84928942,-104.6726895,4/9/2023 8:30,8:30:00,16,0,0,8400 PENA BLVD & E 84TH AVE,1,3,0,0,5,4,0,0,15,0,0,0,0,0,3,1,13
,2023-13857,39.83810685,-104.7130066,4/9/2023 11:15,11:15:00,3,0,0,E 78TH AVE & GUN CLUB RD,1,1,0,0,1,2,0,0,45,0,0,0,0,0,4,2,16
,2023-13859,39.73712395,-104.8846679,4/9/2023 14:50,14:50:00,6,0,0,YOSEMITE ST & 13TH AVE,1,1,0,0,1,4,0,0,30,0,0,0,0,0,4,4,3
,2023-13860,39.76448903,-104.9596565,4/9/2023 18:52,18:52:00,3,0,0,E BRUCE RANDOLPH AVE & N YORK ST,1,1,0,0,1,2,0,0,30,0,0,0,0,0,4,2,11
,2023-13861,39.75364262,-105.0089296,4/8/2023 22:24,22:24:00,12,0,0, SPEER BLVD & LITTLE RAVEN ST,1,3,0,0,1,4,0,0,40,0,0,0,0,0,4,3,10
,2023-13862,39.85051746,-104.6796401,3/18/2023 19:10,19:10:00,15,0,0,PENA BLVD & E 84TH AVE,1,3,0,0,1,4,0,0,10,0,0,0,0,0,4,2,16
,2023-13948,39.82352632,-104.7719175,4/8/2023 5:53,5:53:00,5,0,1, TOWER RD & E 70TH AVE,1,2,0,0,3,4,0,0,45,0,0,0,0,1,4,1,14
,2023-13952,39.69101783,-104.9405474,4/9/2023 10:23,10:23:00,12,0,0, COLORADO BLVD & E ARKANSAS AVE,1,1,0,0,1,3,0,0,35,0,0,0,0,0,2,3,3
,2023-13954,39.75624573,-104.9900886,4/8/2023 14:50,14:50:00,12,0,0,MARKET ST & PARK AVE W,1,1,0,0,1,4,0,0,25,0,0,0,0,0,4,2,3
,2023-13957,39.74379685,-104.8987513,4/10/2023 18:32,18:32:00,3,0,1,E 17TH AVE & N SYRACUSE ST,1,1,0,0,1,1,0,0,30,0,0,0,0,2,4,2,16
,2023-13969,39.73669429,-104.974138,4/8/2023 12:10,12:10:00,12,0,0, CORONA ST & E 13TH AVE,1,1,0,0,1,4,0,0,,0,0,0,0,0,4,3,16
,2023-13972,39.76936628,-105.0474305,4/10/2023 7:52,7:52:00,1,0,1,W 38TH AVE & N WINONA CT,1,1,0,0,1,1,0,0,35,0,0,0,1,2,4,2,11
,2023-13981,39.74919411,-104.9852902,4/9/2023 20:00,20:00:00,6,0,0,21ST ST & WELTON ST (APPROX),1,3,0,0,1,4,0,0,,0,0,0,0,0,4,2,16
,2023-13986,39.73999789,-104.9787199,4/9/2023 12:26,12:26:00,15,0,0,E COLFAX AVE & N WASHINGTON ST,1,1,0,0,1,3,0,0,30,0,0,0,0,0,2,2,16
,2023-13988,39.64751739,-104.8849591,4/10/2023 17:40,17:40:00,3,0,0, YOSEMITE ST & E LEHIGH AVE,1,1,0,0,1,1,0,0,40,0,0,0,0,0,4,2,14
,2023-13991,39.72556149,-105.0134003,4/10/2023 16:07,16:07:00,12,0,2,I-25 & W 6TH AVE FWY,1,1,0,0,1,4,0,0,55,0,0,0,0,2,1,3,13
,2023-13996,39.73843188,-104.9874131,4/7/2023 17:05,17:05:00,8,0,0,E 14TH AVE & N BROADWAY,1,1,0,0,1,1,0,0,30,0,0,0,0,0,4,2,8
,2023-13997,39.83201434,-104.7155396,4/10/2023 5:25,5:25:00,5,0,0,E 75TH AVE & N GUN CLUB RD,1,4,0,0,6,1,0,0,45,0,0,0,0,0,4,1,8
,2023-13999,39.72014189,-104.9740822,4/10/2023 9:56,9:56:00,3,0,1,E 3RD AVE & N CORONA ST,1,1,0,0,1,1,0,0,30,0,0,0,0,3,4,2,8
,2023-14001,39.70766809,-105.0250817,4/9/2023 13:10,13:10:00,12,0,1, FEDERAL BLVD & W VIRGINIA AVE,1,1,1,0,1,4,0,0,40,0,0,0,0,1,2,2,3
,2023-14002,39.74001137,-104.9708685,1/9/2023 20:49,20:49:00,12,0,0,E COLFAX AVE & N LAFAYETTE ST,11,3,0,0,1,4,0,0,35,0,0,0,0,0,2,2,16
,2023-14005,39.7382994,-104.9246091,4/10/2023 16:54,16:54:00,2,0,1, GRAPE ST & E 14TH AVE,1,1,0,0,1,1,0,0,25,1,0,0,0,2,4,1,11
,2023-14011,39.78088789,-104.9888717,4/3/2023 13:13,13:13:00,5,0,0,I-25 SB ON RAMP SPLIT & WB I-70 COLLECTOR RAMP,1,1,0,0,6,8,0,0,45,0,0,0,0,0,1,1,16
,2023-14013,39.74563693,-104.9270214,3/24/2023 13:04,13:04:00,2,0,1,FOREST ST PKWY & E 19TH AVE,1,1,0,0,1,1,0,0,25,1,0,0,0,3,4,1,16
,2023-14015,39.75411525,-105.0428286,4/9/2023 18:13,18:13:00,11,0,1, STUART ST & W 26TH ST,1,1,0,0,1,4,0,0,25,0,1,0,0,2,4,1,13
,2023-14020,39.67927678,-105.0532681,4/10/2023 8:41,8:41:00,12,0,0, SHERIDAN BLVD & W EVANS AVE,1,1,0,0,1,3,0,0,40,0,0,0,0,0,2,2,3
,2023-14022,39.74865738,-104.9894546,4/8/2023 16:00,16:00:00,3,0,0,19TH ST & STOUT ST,1,1,0,0,1,1,0,0,25,0,0,0,0,1,4,2,11
,2023-14023,39.75364827,-104.9934266,4/7/2023 18:32,18:32:00,11,0,0,MARKET ST & 20TH ST,1,1,0,0,1,1,0,0,0,0,0,1,0,0,4,1,16
,2023-14024,39.72562399,-104.9787857,4/9/2023 16:15,16:15:00,3,0,0,E 6TH AVE & N WASHINGTON ST,1,1,0,0,1,1,0,0,30,0,0,0,0,0,4,2,3
,2023-14026,39.72570704,-104.9987582,4/10/2023 7:52,7:52:00,12,0,0,W 6TH AVE & N SANTA FE DR,1,1,0,0,1,4,0,0,30,0,0,0,0,0,4,2,16
,2023-14034,39.71299987,-104.9875429,4/2/2023 23:19,23:19:00,3,0,1, BROADWAY ST & E CEDAR AVE,1,3,0,0,1,1,0,0,30,0,0,0,0,2,4,2,2
,2023-14040,39.77288216,-104.9429452,4/10/2023 17:34,17:34:00,3,0,0,E 40TH AVE & N JACKSON ST,1,1,0,0,1,1,0,0,30,0,0,0,0,0,4,2,16
,2023-14041,39.75513066,-105.012718,4/10/2023 12:57,12:57:00,12,0,1,I-25 & N SPEER BLVD,1,1,0,0,1,4,0,0,,0,0,0,0,1,1,2,16
,2023-14053,39.74657879,-105.0045897,3/27/2023 19:04,19:04:00,5,0,0,WALNUT ST & 11TH ST ,1,2,0,0,3,1,0,0,,0,0,0,0,0,4,1,16
,2023-14054,39.75021755,-105.0047702,4/9/2023 17:00,17:00:00,12,0,0, SPEER BLVD & WEWATTA ST,1,1,0,0,1,4,0,0,35,0,0,0,0,0,4,2,3
,2023-14059,39.75846531,-105.0252866,4/8/2023 10:05,10:05:00,3,0,1, FEDERAL BLVD & W 29TH AVE,1,1,0,0,1,1,0,0,30,0,0,0,0,1,2,2,3
,2023-14060,39.75549486,-104.9991913,4/9/2023 2:10,2:10:00,6,0,0,WEWATTA ST & 19TH ST,1,4,0,0,1,4,0,0,30,0,0,0,0,0,4,2,16
,2023-14066,39.72612921,-105.0529619,4/1/2023 10:25,10:25:00,12,0,0,W 6TH AVE WB OFF RAMP & N SHERIDAN BLVD,1,1,0,0,1,8,0,0,25,0,0,0,0,0,2,2,3
,2023-14124,39.72556016,-105.0124136,3/10/2023 16:18,16:18:00,15,0,0,W 6TH AVE & I-25,1,1,0,7,1,4,0,0,65,0,0,0,0,0,2,2,1
,2023-14127,39.72560512,-104.9440085,4/11/2023 9:30,9:30:00,12,0,0,E 6TH AVE & N GARFIELD ST,1,1,0,0,1,1,0,0,30,0,0,0,0,0,4,3,3
,2023-14129,39.78325955,-105.0066746,4/11/2023 7:44,7:44:00,12,0,1,I-70 & N PECOS ST,1,1,1,0,1,4,0,0,55,0,0,0,0,1,1,2,13
,2023-14130,39.76383671,-104.9105979,4/11/2023 16:48,16:48:00,3,0,0,E 33RD AVE & N NIAGARA ST,1,1,0,0,1,1,0,0,30,0,0,0,0,0,4,2,13
,2023-14132,39.74002835,-105.0027275,4/11/2023 12:19,12:19:00,12,0,0,W COLFAX AVE & N MARIPOSA ST,1,1,0,0,1,3,0,0,30,0,0,0,0,0,2,2,1
,2023-14135,39.75079364,-104.9849279,4/11/2023 16:10,16:10:00,3,0,0,22ND ST & CALIFORNIA ST,1,1,0,0,1,1,0,0,30,0,0,0,0,0,4,2,13
,2023-14139,39.76936248,-105.0158697,4/11/2023 16:00,16:00:00,12,0,0,ZUNI ST & W 38TH AVE,1,1,0,0,1,4,0,0,30,0,0,0,0,0,4,2,13
,2023-14147,39.72907203,-104.983832,4/11/2023 8:30,8:30:00,12,0,0,E 8TH AVE & N GRANT ST,1,1,1,0,1,4,0,0,30,0,0,0,0,0,4,3,3
,2023-14150,39.71118226,-105.0110559,4/11/2023 14:35,14:35:00,11,0,3, TEJON ST & W ALAMEDA AVE,1,1,0,0,1,1,1,0,20,1,1,0,0,2,2,1,11
,2023-14153,39.71634932,-104.9407883,4/10/2023 9:57,9:57:00,12,0,0, COLORADO BLVD & E ELLSWORTH AVE,1,1,1,0,1,3,0,0,35,0,0,0,0,0,2,2,2
,2023-14165,39.65308224,-104.8987343,4/11/2023 15:00,15:00:00,1,0,0,E HAMPDEN AVE & S TAMARAC DR,1,1,0,0,1,1,0,0,35,0,0,0,0,0,2,2,3
,2023-14166,39.73999952,-104.990164,4/11/2023 8:17,8:17:00,12,0,0,W COLFAX AVE & N BANNOCK ST,1,1,0,0,1,3,0,0,30,0,0,0,0,0,2,2,16
,2023-14171,39.74195544,-104.9453573,4/11/2023 15:20,15:20:00,3,0,0, MONROE ST & E 16TH AVE,1,1,0,0,1,1,0,0,25,0,0,0,0,0,4,2,13
,2023-14172,39.69876104,-104.9175857,4/10/2023 15:00,15:00:00,12,0,0, KEARNEY ST & E TENNESSEE AVE,1,1,0,0,1,1,0,0,25,0,0,0,0,0,4,2,3
,2023-14174,39.77563305,-104.8658579,4/11/2023 8:12,8:12:00,12,0,0,I-70 & N HAVANA ST,1,1,1,0,1,4,0,0,55,0,0,0,0,0,1,2,14
,2023-14175,39.74198755,-104.8846637,4/10/2023 12:14,12:14:00,3,0,0,E 16TH AVE & N YOSEMITE ST,1,1,0,0,1,1,0,0,25,0,0,0,0,0,4,2,16
,2023-14176,39.74853314,-104.9034375,3/22/2023 17:39,17:39:00,12,0,0,QUEBEC ST & E 21ST AVE,1,1,0,0,1,4,0,0,40,0,0,0,0,0,4,3,16
,2023-14177,39.77714097,-104.8829719,4/11/2023 8:19,8:19:00,12,0,1,I-70 & N CENTRAL PARK BLVD,1,1,0,0,1,4,0,0,55,0,0,0,0,1,1,2,13
,2023-14179,39.67957938,-105.0440825,4/10/2023 9:50,9:50:00,12,0,0,W EVANS AVE & S TENNYSON ST,1,1,0,0,1,1,0,0,30,0,0,0,0,0,4,2,3
,2023-14180,39.78793459,-104.9028633,4/11/2023 12:12,12:12:00,15,0,0,QUEBEC ST & E 51ST AVE,1,1,0,0,1,3,0,0,40,0,0,0,0,0,4,2,16
,2023-14185,39.67846224,-104.9128233,4/3/2023 23:10,23:10:00,3,0,0,E EVANS AVE & S MONACO ST,1,3,0,0,1,1,0,0,35,0,0,0,0,0,4,2,16
,2023-14186,39.7400154,-104.9964624,4/11/2023 13:00,13:00:00,1,0,0,W COLFAX AVE & N GALAPAGO ST,1,1,0,0,1,1,0,0,35,0,0,0,0,0,2,2,3
,2023-14195,39.70225353,-104.988891,4/4/2023 20:12,20:12:00,12,0,0,I-25 & S BROADWAY,1,3,1,0,1,4,0,0,55,0,0,0,0,0,1,2,3
,2023-14199,39.71621376,-104.912859,4/11/2023 10:49,10:49:00,3,0,0, MONACO ST & E LOWRY BLVD,1,1,0,0,1,1,0,0,35,0,0,0,0,0,4,2,11
,2023-14207,39.71118182,-105.0191602,4/11/2023 14:00,14:00:00,10,0,0,W ALAMEDA AVE & S CANOSA CT,1,1,0,0,1,1,0,0,35,0,0,0,0,0,2,2,12
,2023-14210,39.77886418,-104.9241685,4/11/2023 15:07,15:07:00,12,0,0,I-70 & N HOLLY ST,1,1,0,0,1,4,0,0,55,0,0,0,0,0,1,4,3
,2023-14211,39.73999165,-104.9647816,4/3/2023 7:11,7:11:00,12,0,1,E COLFAX AVE & N HIGH ST,1,1,0,0,1,3,0,0,35,0,0,0,0,1,2,2,16
,2023-14216,39.71148957,-104.981535,4/11/2023 13:43,13:43:00,6,0,0, PENNSYLVANIA ST & E ALAMEDA AVE,1,1,0,0,1,4,0,0,30,0,0,0,0,0,4,2,11
,2023-14218,39.76001331,-104.8905319,4/11/2023 6:50,6:50:00,3,0,0,E MLK BLVD & N CENTRAL PARK BLVD,1,1,0,0,1,1,0,0,40,0,0,0,0,0,4,2,13
,2023-14224,39.77633868,-104.8307276,4/10/2023 13:15,13:15:00,5,0,0,E ALBROOK DR & N CORNISH WAY,1,1,0,0,3,4,1,0,25,0,0,0,0,0,4,1,1
,2023-14228,39.69666189,-104.9929227,4/11/2023 9:19,9:19:00,3,0,1,W MISSISSIPPI AVE & S PLATTE RIVER DR,1,1,0,0,1,1,0,0,30,0,0,0,0,2,2,2,11
,2023-14229,39.74166722,-104.981089,4/3/2023 8:35,8:35:00,2,0,1, PENNSYLVANIA ST & E 16TH AVE,1,1,0,0,1,1,0,0,25,1,0,0,0,1,4,1,16
,2023-14230,39.75161331,-105.0030066,4/3/2023 12:45,12:45:00,11,0,1,WEWATTA ST & 15TH ST,1,1,0,0,1,1,0,0,30,0,1,0,0,2,4,1,11
,2023-14232,39.77197687,-104.9697158,4/8/2023 18:35,18:35:00,3,0,0,40TH ST & WALNUT ST,1,2,0,0,1,1,0,0,30,0,0,0,0,0,4,2,1
,2023-14235,39.71656133,-104.986247,4/11/2023 15:43,15:43:00,12,0,0, LINCOLN ST & E ELLSWORTH AVE,1,1,0,0,1,4,0,0,30,0,0,0,0,0,4,2,13
,2023-14238,39.77287036,-104.8338253,4/11/2023 7:10,7:10:00,5,0,1,I-70 & I-225,1,1,1,0,3,4,0,0,55,0,0,0,0,1,1,1,10
,2023-14239,39.70930963,-104.8663414,4/10/2023 16:45,16:45:00,15,0,0,E DAKOTA & S HAVANA ST,1,1,1,0,1,4,0,0,20,0,0,0,0,0,4,2,11
,2023-14240,39.78231901,-104.8279909,4/10/2023 4:55,4:55:00,5,0,0,E ANDREWS DR & N CRYSTAL ST,1,3,0,0,3,4,0,0,25,0,0,0,0,0,4,1,16
,2023-14241,39.72848265,-105.0147666,4/11/2023 6:19,6:19:00,15,0,0,I-25 & SB OFF RAMP GORE PT TO W 6TH AVE FWY,1,1,0,1,1,8,0,0,55,0,0,0,0,0,1,2,8
,2023-14253,39.75137387,-104.9873852,4/4/2023 8:06,8:06:00,11,0,0, BROADWAY ST & STOUT ST,9,1,0,2,1,1,0,0,0,0,0,1,0,0,4,1,16
,2023-14262,39.74019664,-104.9338134,4/10/2023 17:10,17:10:00,3,0,0,E COLFAX AVE & N CHERRY ST,1,1,0,0,1,1,0,0,30,0,0,0,0,0,2,3,3
,2023-14266,39.67257338,-104.8682816,4/11/2023 11:00,11:00:00,3,0,0,E HARVARD AVE & S PARKER RD,1,1,0,0,1,1,0,0,,0,0,0,0,0,2,2,3
,2023-14272,39.76932502,-105.0532476,4/3/2023 16:51,16:51:00,11,0,1, SHERIDAN BLVD & W 38TH AVE,1,1,0,0,3,4,0,0,35,0,1,0,0,2,2,1,16
,2023-14340,39.72568805,-104.9975471,4/12/2023 8:30,8:30:00,3,0,0, INCA ST & W 6TH AVE,1,1,0,0,1,1,0,0,25,0,0,0,0,0,4,2,3
,2023-14343,39.84747745,-104.6739501,4/11/2023 17:10,17:10:00,16,0,0,8300 PENA BLVD,1,1,0,0,5,4,0,0,10,0,0,0,0,0,3,2,11
,2023-14345,39.77927381,-104.98585,4/10/2023 17:33,17:33:00,6,0,0, LINCOLN ST & E 46TH AVE,1,1,0,0,1,3,0,0,,0,0,0,0,0,4,3,16
,2023-14355,39.77282805,-104.790585,4/11/2023 22:47,22:47:00,1,0,2,E 40TH AVE & PENA BLVD,1,3,0,0,1,1,0,0,35,0,0,0,0,2,4,2,11
,2023-14356,39.71908776,-104.9862367,4/5/2023 10:33,10:33:00,12,0,0, LINCOLN ST & E 2ND AVE,1,1,0,0,1,4,0,0,30,0,0,0,0,0,4,2,16
,2023-14358,39.63340121,-104.893195,4/12/2023 17:43,17:43:00,12,0,0,E TUFTS AVE & S DTC BLVD,1,1,0,7,1,4,0,0,45,0,0,0,0,1,4,2,7
,2023-14360,39.78000703,-104.9790645,4/12/2023 9:49,9:49:00,15,0,0,I-70 WB OFF RAMP & N WASHINGTON ST,1,1,0,0,1,1,0,0,35,0,0,0,0,0,1,2,13
,2023-14361,39.77178244,-104.990736,4/11/2023 19:35,19:35:00,12,0,1,I-25 SB ON RAMP FROM -70 & MERGE PT TO SB I-25,1,1,0,0,1,8,0,0,45,0,0,0,0,2,1,2,16
,2023-14363,39.65297654,-104.918483,4/12/2023 6:37,6:37:00,1,0,1,E HAMPDEN AVE & I-25,1,1,1,0,1,1,0,0,40,0,0,0,0,1,2,2,16
,2023-14364,39.68756224,-104.9919398,4/12/2023 5:27,5:27:00,3,0,0, SANTE FE DR & W IOWA AVE,1,3,0,0,1,1,0,0,45,0,0,0,0,0,2,2,14
,2023-14368,39.72932157,-105.0148112,4/12/2023 12:59,12:59:00,15,0,0,I-25 & W 8TH AVE,1,1,0,0,1,4,0,0,55,0,0,0,0,0,1,2,13
,2023-14371,39.73843188,-104.9874131,4/12/2023 11:00,11:00:00,3,0,0,W 14TH AVE & N BROADWAY ST,1,1,0,0,1,1,0,0,25,0,0,0,0,0,4,2,3
,2023-14373,39.74020247,-104.9260415,4/12/2023 6:45,6:45:00,12,0,0,E COLFAX AVE & N GLENCOE ST,1,2,0,0,1,3,0,0,30,0,0,0,0,0,2,2,7
,2023-14377,39.75846531,-105.0252866,4/12/2023 8:43,8:43:00,1,0,0, FEDERAL BLVD & W 29TH AVE,1,1,1,0,1,1,0,0,35,0,0,0,0,0,2,2,10
,2023-14383,39.73668176,-104.9406162,4/12/2023 13:17,13:17:00,3,0,1, COLORADO BLVD & E 13TH AVE,1,1,0,0,1,1,0,0,35,0,0,0,0,1,2,3,13
,2023-14387,39.7398613,-105.0138984,4/11/2023 17:09,17:09:00,12,0,0,I-25 & W COLFAX AVE,1,1,0,0,1,4,0,0,55,0,0,0,0,0,1,2,13
,2023-14390,39.66763194,-104.9128509,4/11/2023 22:11,22:11:00,3,0,0,E YALE AVE & S MONACO ST,14,3,0,0,1,2,0,0,30,0,0,0,0,0,4,2,16
,2023-14392,39.65301957,-104.8756712,4/11/2023 17:32,17:32:00,3,0,0,E HAMPDEN AVE & S DAYTON ST,1,1,0,0,1,1,0,0,45,0,0,0,0,0,2,2,13
,2023-14395,39.72825637,-105.0395608,4/12/2023 13:55,13:55:00,6,0,0,W 7TH AVE & N PERRY ST,1,1,0,0,1,4,0,0,25,0,0,0,0,0,4,2,13
,2023-14408,39.69675846,-105.0250715,4/12/2023 9:53,9:53:00,15,0,0, FEDERAL BLVD & W MISSISSIPPI AVE,1,1,0,0,1,4,0,0,35,0,0,0,0,0,2,2,13
,2023-14410,39.78178428,-104.7744815,4/11/2023 11:30,11:30:00,3,0,0,E 47TH AVE & N YAMPA ST,1,1,0,0,1,1,0,0,30,0,0,0,0,0,4,2,11
,2023-14411,39.77282654,-104.792225,4/11/2023 13:20,13:20:00,3,0,0,E 40TH AVE & AIRPORT BLVD,1,1,0,0,1,1,0,0,,0,0,0,0,1,4,4,1
,2023-14414,39.78018445,-105.0532605,4/12/2023 8:55,8:55:00,1,0,0, SHERIDAN BLVD & W 46TH AVE,1,1,0,0,1,1,0,0,35,0,0,0,0,0,2,2,13
,2023-14416,39.7368208,-104.9634925,4/12/2023 15:14,15:14:00,3,0,0,E 13TH AVE & N RACE ST,1,1,0,0,1,1,0,0,30,0,0,0,0,1,4,2,13
,2023-14417,39.74286754,-104.9476771,4/12/2023 10:00,10:00:00,5,0,0,1661  COOK ST ALLEY & E 17TH AVE,1,1,0,0,3,9,0,0,,0,0,0,0,0,4,1,3
,2023-14429,39.78053818,-104.9496838,4/11/2023 17:24,17:24:00,15,0,0,I-70 & N VASQUEZ BLVD,1,1,0,0,1,4,0,0,55,0,0,0,0,0,1,2,13
,2023-14432,39.72512675,-105.0249505,4/12/2023 8:48,8:48:00,10,0,0, FEDERAL BLVD & W 6TH AVE EB RAMPS,1,1,0,0,1,1,0,0,35,0,0,0,0,0,2,2,13
,2023-14437,39.71101251,-104.9480296,4/12/2023 16:55,16:55:00,12,0,0,E CHERRY CREEK  DR & E ALAMEDA AVE,1,1,0,0,1,1,0,0,30,0,0,0,0,0,4,2,13
,2023-14439,39.73827777,-104.9383988,4/11/2023 18:19,18:19:00,15,0,0,E 14TH AVE & N ASH ST,1,1,3,0,1,1,0,0,30,0,0,0,0,0,4,2,11