id,drcog_id,latitude,longitude,crashtime,time,crashtype,numbkilled,numbinjurd,drcoglocat,rdconditin,lightngcon,roadcntgrd,weatherco,location,roaddescrp,schoolzone,constrzone,splimit,bikeinv,pedinv,sctrinv,motoinv,svrty,rdsystem,ttlvehcls,hcf
,2023-14442,39.69690222,-104.9824729,4/12/2023 14:24,14:24:00,12,0,0,I-25 & S LOGAN ST,1,1,0,0,1,4,0,0,55,0,0,0,0,0,1,4,13
,2023-14443,39.70741955,-104.8659803,4/12/2023 9:45,9:45:00,12,0,0, HAVANA ST & E VIRGINIA AVE,1,1,0,0,1,4,0,0,40,0,0,0,0,0,2,2,10
,2023-14446,39.76920204,-104.7607976,4/12/2023 15:05,15:05:00,3,0,0, ENSENADA ST & E 38TH AVE,1,1,0,0,1,1,0,0,30,0,0,0,0,0,4,2,2
,2023-14448,39.78037685,-104.9670593,4/11/2023 9:10,9:10:00,15,0,0, BRIGHTON BLVD & E 46TH NORTH AVE,1,1,0,0,1,4,0,0,30,0,0,0,0,0,2,2,8
,2023-14450,39.77982915,-104.9496605,4/11/2023 8:15,8:15:00,15,0,0,E 46TH  AVE & N STEELE ST,1,1,0,0,1,8,0,0,30,0,0,0,0,0,1,2,16
,2023-14451,39.68228019,-105.0250196,4/11/2023 18:37,18:37:00,3,0,0, FEDERAL BLVD & W JEWELL AVE,1,2,0,0,1,2,0,0,40,0,0,0,0,0,2,2,1
,2023-14459,39.75208946,-105.0161251,4/10/2023 13:05,13:05:00,12,0,0,I-25 & 23RD AVE,1,1,0,0,1,4,0,0,55,0,0,0,0,0,1,4,16
,2023-14460,39.79025567,-104.809754,4/12/2023 14:08,14:08:00,10,0,0, CHAMBERS RD & E 53RD AVE,1,1,0,0,1,1,0,0,40,0,0,0,0,1,4,2,8
,2023-14467,39.69395665,-105.043734,4/11/2023 18:22,18:22:00,1,0,2, TENNYSON ST & W ARIZONA AVE,1,1,0,0,1,4,0,0,25,0,0,0,0,1,4,2,13
,2023-14469,39.74033741,-105.0393303,4/11/2023 23:40,23:40:00,1,0,0,W COLFAX AVE & N PERRY ST,1,3,0,0,1,1,0,0,35,0,0,0,0,0,2,2,16
,2023-14471,39.68360898,-104.9408767,4/12/2023 9:41,9:41:00,12,0,0,I-25 NB ON RAMP & S COLORADO BLVD,1,1,0,0,1,8,0,0,45,0,0,0,0,0,1,2,13
,2023-14473,39.77643223,-105.0251607,4/12/2023 7:53,7:53:00,12,0,0, FEDERAL BLVD & W 44TH AVE,1,1,0,0,1,4,0,0,35,0,0,0,0,0,2,3,16
,2023-14474,39.77434215,-104.8487715,4/12/2023 0:53,0:53:00,15,0,0,I-70 & N PEORIA ST,1,3,0,0,1,4,0,0,55,0,0,0,0,0,1,2,14
,2023-14476,39.78519826,-104.9635003,4/12/2023 17:57,17:57:00,3,0,2,E 49TH AVE & N RACE ST,1,1,0,0,1,1,0,0,25,0,0,0,0,2,4,2,1
,2023-14479,39.75013778,-104.9840975,4/12/2023 20:39,20:39:00,3,0,0,22ND ST & WELTON ST,1,3,0,0,1,1,0,0,30,0,0,0,0,1,4,2,11
,2023-14480,39.77267041,-104.975804,4/12/2023 16:32,16:32:00,3,0,1, BRIGHTON BLVD & 38TH ST,1,1,0,0,1,9,0,0,,0,0,0,0,1,4,2,16
,2023-14482,39.74021826,-104.899937,2/10/2023 23:26,23:26:00,12,0,2,E COLFAX AVE & N ROSEMARY ST,1,3,0,0,1,4,0,0,30,0,0,0,0,3,2,2,1
,2023-14487,39.74041725,-105.0298019,4/12/2023 18:21,18:21:00,12,0,0,W COLFAX AVE & N IRVING ST,1,1,0,0,1,4,0,0,30,0,0,0,0,0,2,2,13
,2023-14491,39.72562915,-104.9799491,4/12/2023 12:00,12:00:00,15,0,0,E 6TH AVE & N PEARL ST,1,1,0,0,1,1,0,0,30,0,0,0,0,0,4,4,3
,2023-14532,39.7621252,-105.0392836,3/17/2023 12:34,12:34:00,3,0,0,W 32ND AVE & N PERRY ST,1,1,0,0,1,1,0,0,25,0,0,0,0,0,4,3,16
,2023-14544,39.68586435,-104.9316865,4/14/2023 0:14,0:14:00,6,0,0, DAHLIA ST & E MEXICO AVE,1,3,0,0,1,4,0,0,25,0,0,0,0,0,4,2,3
,2023-14548,39.71123674,-105.0312364,4/14/2023 13:04,13:04:00,12,0,0,W ALAMEDA AVE & S JULIAN ST,11,1,0,1,1,1,0,0,30,0,0,0,0,0,2,2,13
,2023-14552,39.67815261,-104.9565153,3/5/2023 1:52,1:52:00,8,0,0, COLUMBINE ST & S EVANS AVE,1,3,0,0,1,4,0,0,30,0,0,0,0,0,4,2,16
,2023-14553,39.65302517,-104.8814202,4/14/2023 18:26,18:26:00,5,0,1,E HAMPDEN AVE & S AKRON ST,11,1,0,1,3,1,0,0,35,0,0,0,0,2,2,1,10
,2023-14554,39.69000634,-104.9738402,4/14/2023 12:23,12:23:00,15,0,0,I-25 & S DOWNING ST,11,1,0,2,1,4,0,0,55,0,0,0,0,0,1,2,13
,2023-14558,39.78657852,-105.0051367,4/13/2023 8:24,8:24:00,6,0,0,OSAGE ST & W 50TH AVE,1,1,0,0,1,4,0,0,30,0,0,0,0,0,4,3,16
,2023-14560,39.72549678,-105.0393748,4/13/2023 2:15,2:15:00,5,0,0,6TH AVE  DR & N PERRY ST,1,3,0,0,2,4,0,0,25,0,0,0,0,0,4,1,1
,2023-14562,39.79502273,-104.7586726,4/14/2023 6:56,6:56:00,12,0,0, ESPANA CT & E MAXWELL PL,1,1,0,0,1,1,0,0,25,0,0,0,0,0,4,2,16
,2023-14563,39.68937147,-104.9205791,4/14/2023 12:43,12:43:00,3,0,0, IVY ST & E FLORIDA AVE,11,1,3,1,1,1,0,0,25,0,0,0,0,0,4,2,13
,2023-14564,39.6551881,-104.8699572,4/14/2023 14:53,14:53:00,1,0,0,E GIRARD AVE & S GALENA ST,11,1,0,2,1,4,0,0,35,0,0,0,0,0,4,2,13
,2023-14566,39.67286643,-105.0417139,4/13/2023 15:04,15:04:00,3,0,2, RALEIGH ST & W HARVARD AVE,1,1,0,0,1,1,0,0,25,0,0,0,0,2,4,2,11
,2023-14567,39.74048868,-105.0393193,4/13/2023 19:47,19:47:00,11,0,0, PERRY ST & W COLFAX AVE,1,4,0,0,1,4,0,0,0,0,0,1,0,0,4,1,16
,2023-14568,39.6531688,-104.9153405,4/12/2023 13:45,13:45:00,3,0,0, LOCUST ST & E HAMPDEN AVE,1,1,0,0,1,1,0,0,25,0,0,0,0,0,2,3,3
,2023-14576,39.79839239,-104.7721287,4/13/2023 12:54,12:54:00,1,0,0,E 56TH AVE & N TOWER RD,1,1,0,0,1,1,0,0,40,0,0,0,0,0,4,2,16
,2023-14577,39.75951994,-104.8642221,4/13/2023 18:54,18:54:00,12,0,0,E MLK JR BLVD & IOLA,1,1,0,0,1,4,0,0,30,0,0,0,0,0,4,3,1
,2023-14578,39.68207972,-104.9129052,4/13/2023 13:10,13:10:00,3,0,0,E JEWELL AVE & S MONACO ST,1,1,0,0,1,1,0,0,30,0,0,0,0,0,4,2,13
,2023-14581,39.72830958,-104.9823674,4/13/2023 15:25,15:25:00,10,0,0, LOGAN ST & E 8TH AVE,1,1,0,0,1,2,0,0,25,0,0,0,0,0,4,2,13
,2023-14586,39.6725902,-104.9734553,4/13/2023 19:40,19:40:00,6,0,0, DOWNING ST & E WESLEY AVE,1,3,3,0,1,4,0,0,30,0,0,0,0,0,4,2,11
,2023-14592,39.73229709,-104.998649,4/13/2023 7:57,7:57:00,6,0,0, SANTA FE DR & W 10TH AVE,1,1,0,0,1,4,0,0,30,0,0,0,0,0,4,2,13
,2023-14594,39.73515358,-104.9823113,4/13/2023 12:04,12:04:00,3,0,0,E 12TH AVE & N LOGAN ST,1,1,0,0,1,1,0,0,25,0,0,0,0,0,4,2,16
,2023-14595,39.7618276,-104.91242,4/13/2023 12:00,12:00:00,15,0,0,E MLK BLVD & N MONACO ST,1,1,0,0,1,1,0,0,30,0,0,0,0,0,4,2,3
,2023-14596,39.63464215,-104.8944038,4/13/2023 14:50,14:50:00,12,0,0,I-225 SB RD & S TAMARAC ST,1,1,1,0,1,8,0,0,35,0,0,0,0,0,4,2,3
,2023-14597,39.76175628,-104.9846543,4/13/2023 9:47,9:47:00,1,0,1,28TH ST & BLAKE ST,1,1,0,0,1,2,0,0,30,0,0,0,1,3,4,2,16
,2023-14601,39.77177601,-105.0064398,4/14/2023 12:27,12:27:00,1,0,0, PECOS ST & W 40TH AVE,11,1,0,1,1,1,0,0,30,0,0,0,0,1,4,2,13
,2023-14606,39.77753454,-104.903793,4/13/2023 8:21,8:21:00,12,0,0,I-70 EB OFF RAMP SLIP & N QUEBEC ST,1,1,0,0,1,8,0,0,40,0,0,0,0,0,1,2,13
,2023-14611,39.68417905,-104.9442416,4/14/2023 14:32,14:32:00,12,0,0,I-25 & S COLORADO BLVD,11,1,0,2,1,8,0,0,45,0,0,0,0,0,1,2,13
,2023-14612,39.707573,-105.0085913,4/14/2023 13:09,13:09:00,3,0,0,W VIRGINIA AVE & S RARITAN ST,11,1,0,1,1,1,0,0,25,0,0,0,0,1,4,2,14
,2023-14620,39.69886431,-104.9035491,2/12/2023 20:47,20:47:00,12,0,0, QUEBEC ST & E LEETSDALE DR,1,3,1,0,1,3,0,0,35,0,0,0,0,0,4,2,13
,2023-14624,39.77283332,-104.8472211,4/13/2023 7:25,7:25:00,12,0,0,I-70 EB OFF RAMP SLIP & N PEORIA ST,1,1,0,0,1,8,0,0,25,0,0,0,0,0,4,2,11
,2023-14625,39.69856602,-105.0507536,4/13/2023 11:17,11:17:00,3,0,0,MORRISON RD & S YATES ST,1,1,3,0,1,1,0,0,30,0,0,0,0,0,4,2,11
,2023-14629,39.76114276,-104.9733503,4/13/2023 18:33,18:33:00,12,0,0,DOWNING AR & STOUT ST,1,1,0,0,1,1,0,0,30,0,0,0,0,0,4,2,13
,2023-14632,39.83185385,-104.6929689,4/13/2023 23:00,23:00:00,12,0,0,E 75TH AVE & N JACKSON GAP ST,1,3,0,0,1,1,0,0,35,0,0,0,0,0,4,2,3
,2023-14633,39.67489387,-104.9734766,4/14/2023 16:17,16:17:00,3,0,0, DOWNING ST & E ILIFF AVE,11,1,0,0,1,1,0,0,25,0,0,0,0,0,4,2,7
,2023-14639,39.71803683,-104.9875005,4/13/2023 17:20,17:20:00,12,0,0,BROADWAY & IRVINGTON PL,1,2,0,0,1,3,0,0,30,0,0,0,0,0,4,2,13
,2023-14640,39.725373,-105.0070916,4/13/2023 14:00,14:00:00,12,0,0,W 6TH AVE & N QUIVAS ST,1,1,0,0,1,1,0,0,30,0,0,0,0,0,4,2,3
,2023-14641,39.75187949,-105.0162487,2/14/2023 21:35,21:35:00,12,0,0,I-25 & W 23RD AVE,4,4,0,2,1,4,0,0,55,0,0,0,0,0,1,4,16
,2023-14642,39.67867189,-105.017977,3/12/2023 20:00,20:00:00,11,0,1,W EVANS AVE & S BRYANT ST,1,3,0,7,1,4,0,0,0,0,1,0,0,3,4,1,16
,2023-14643,39.76765687,-104.9957727,4/12/2023 15:34,15:34:00,12,0,1,I-25 & PARK AVE W,1,1,0,0,1,4,0,0,55,0,0,0,0,1,1,2,13
,2023-14645,39.67878315,-104.9734286,4/13/2023 12:10,12:10:00,12,0,0, DOWNING ST & E EVANS AVE,1,1,0,0,1,3,0,0,30,0,0,0,0,0,4,2,13
,2023-14654,39.70511718,-104.9954296,4/12/2023 22:47,22:47:00,15,0,0,I-25 ON RAMP FROM  SANTA FE DR,1,3,1,0,1,8,0,0,45,0,0,0,0,0,1,2,7
,2023-14666,39.67847956,-104.9663549,4/14/2023 17:56,17:56:00,3,0,2,E EVANS AVE & S WILLIAMS ST,11,2,0,0,1,2,0,0,35,0,0,0,0,2,4,2,11
,2023-14671,39.74482917,-104.974769,4/14/2023 7:57,7:57:00,1,0,1,PARK AVE & E 18TH AVE,11,1,0,1,1,1,0,0,,0,0,0,0,1,4,2,13
,2023-14672,39.74942015,-104.9597613,2/21/2023 1:45,1:45:00,5,0,0,YORK ST & E 22ND AVE,1,3,0,0,3,4,0,0,30,0,0,0,0,0,4,1,16
,2023-14675,39.68510884,-104.903438,4/14/2023 8:24,8:24:00,12,0,0, QUEBEC ST & E CHERRY CREEK S DR,1,1,0,0,1,4,0,0,35,0,0,0,0,0,4,2,16
,2023-14677,39.73503282,-104.9597931,4/13/2023 23:28,23:28:00,3,0,0, YORK ST & E 12TH AVE,1,3,0,0,1,1,0,0,35,0,0,0,0,0,4,2,3
,2023-14680,39.73664923,-104.9752903,4/14/2023 13:20,13:20:00,3,0,0, OGDEN ST & E 13TH AVE,11,1,0,1,1,2,0,0,30,0,0,0,0,0,4,2,11
,2023-14686,39.67844897,-104.9345785,4/14/2023 3:14,3:14:00,12,0,1,I-25 & SB OFF RAMP GORE PT TO E EVANS AVE,1,3,0,0,1,4,0,0,60,0,0,0,1,3,1,2,1
,2023-14687,39.77486741,-104.8472897,4/14/2023 10:12,10:12:00,12,0,0,I-70 WB ON RAMP & N PEORIA ST,1,1,0,1,1,8,0,0,55,0,0,0,0,0,1,2,16
,2023-14688,39.69478992,-104.9796591,4/14/2023 14:39,14:39:00,12,0,0,I-25 & E ARIZONA AVE,11,1,0,2,1,4,0,0,55,0,0,0,0,0,1,2,16
,2023-14698,39.7020345,-104.9950766,4/13/2023 13:21,13:21:00,12,0,1, PLATTE RIVER DR & W TENNESSEE AVE,1,1,0,0,1,4,0,0,45,0,0,0,0,2,2,2,16
,2023-14699,39.77975583,-104.9791588,4/13/2023 9:02,9:02:00,10,0,0,I-70 WB OFF RAMP & N WASHINGTON ST,1,1,0,0,1,1,0,0,35,0,0,0,0,0,4,2,13
,2023-14702,39.72091574,-104.9406279,4/13/2023 23:05,23:05:00,12,0,1, COLORADO BLVD & E 3RD AVE,1,3,2,0,1,3,0,0,35,0,0,0,0,2,2,3,1
,2023-14703,39.77852339,-104.9129004,4/11/2023 8:15,8:15:00,12,0,1,I-70 & N MONACO ST,1,1,1,0,1,4,0,0,55,0,0,0,0,1,1,2,16
,2023-14706,39.77258042,-104.9749196,4/13/2023 7:31,7:31:00,10,0,0,38TH ST & N BRIGHTON BLVD,1,1,0,0,1,9,0,0,30,0,0,0,0,0,4,2,13
,2023-14708,39.78237909,-104.8470104,4/12/2023 20:00,20:00:00,1,0,0, PEORIA ST & E ALBROOK DR,1,3,0,0,1,1,0,0,35,0,0,0,0,0,4,2,16
,2023-14711,39.73687324,-104.9695387,4/13/2023 12:00,12:00:00,15,0,0,E 13TH AVE & N HUMBOLDT ST,1,1,0,0,1,1,0,0,30,0,0,0,0,0,4,2,11
,2023-14714,39.77488764,-104.8572315,4/12/2023 11:53,11:53:00,15,0,2,I-70 & N PEORIA ST,1,1,0,0,1,4,0,0,55,0,0,0,0,1,1,5,7
,2023-14722,39.62411961,-104.8897792,4/14/2023 8:28,8:28:00,1,0,0,E BELLEVIEW AVE & DTC BLVD,1,1,1,0,1,1,0,0,,0,0,0,0,0,4,2,16
,2023-14724,39.75121638,-105.0174206,4/14/2023 12:19,12:19:00,10,0,4,I-25 SB OFF RAMP & W 23RD AVE,11,1,0,1,1,1,0,0,35,0,0,0,0,1,4,2,16
,2023-14726,39.83201435,-104.7155512,4/8/2023 11:10,11:10:00,15,0,0,E 75TH AVE & N GUN CLUB RD,1,1,0,0,1,1,0,0,45,0,0,0,0,0,4,2,8
,2023-14729,39.78289952,-104.9799199,4/13/2023 21:20,21:20:00,6,0,0,E ELK PL & N PEARL ST,1,4,0,0,1,4,0,0,15,0,0,0,0,0,4,3,10
,2023-14731,39.75173858,-105.0029014,4/13/2023 17:45,17:45:00,12,0,0,WEWATTA ST & 15TH ST,1,1,0,0,1,4,0,0,25,0,0,0,0,0,4,2,8
,2023-14732,39.7400092,-104.9685774,4/13/2023 16:25,16:25:00,15,0,0,E COLFAX AVE & PARK AVE,1,1,0,0,1,4,0,0,30,0,0,0,0,0,2,2,13
,2023-14734,39.73686294,-104.9965185,4/14/2023 22:19,22:19:00,5,0,0,W 13TH AVE & N SPEER BLVD,11,3,0,1,3,3,0,0,30,0,0,0,0,0,4,1,16
,2023-14735,39.707366,-104.9406283,4/14/2023 17:27,17:27:00,1,0,1,E VIRGINIA AVE & S COLORADO BLVD,11,1,0,1,1,1,0,0,,0,0,0,0,1,2,2,16
,2023-14736,39.83386024,-104.7518055,4/14/2023 3:50,3:50:00,15,0,0,PENA BLVD & E-470,1,3,0,0,1,4,0,0,65,0,0,0,0,0,4,2,1
,2023-14737,39.69666189,-104.9929227,4/14/2023 5:05,5:05:00,15,0,0,W MISSISSIPPI AVE & S PLATTE RIVER DR,1,3,0,0,1,1,0,0,40,0,0,0,0,0,2,2,16
,2023-14738,39.68167331,-104.9405112,4/14/2023 6:51,6:51:00,3,0,1, COLORADO BLVD & I-25 S FRONTAGE RD,1,1,0,0,1,1,0,0,40,0,0,0,0,2,2,2,7
,2023-14740,39.77442037,-104.8518278,4/14/2023 5:52,5:52:00,12,0,0,I-70 & N PEORIA ST EB OFF RAMP EXIT,1,2,0,0,1,4,0,0,55,0,0,0,0,0,1,2,1
,2023-14742,39.73095706,-104.9874029,4/14/2023 22:36,22:36:00,15,0,0,BROADWAY & E 10TH AVE,11,3,0,1,1,4,0,0,35,0,0,0,0,0,4,2,13
,2023-14745,39.76468239,-104.906972,4/14/2023 16:30,16:30:00,6,0,0, OLIVE ST & E 33RD AVE,11,1,0,1,1,4,0,0,25,0,0,0,0,0,4,2,3
,2023-14746,39.75161343,-105.0029901,4/14/2023 23:16,23:16:00,3,0,0,15TH ST & WEWATTA ST,11,3,0,0,1,1,0,0,30,0,0,0,0,0,4,2,13
,2023-14749,39.76947983,-105.0326926,2/22/2023 16:09,16:09:00,6,0,0,W 38TH AVE & N KING ST,9,1,1,2,1,4,0,0,35,0,0,0,0,0,4,3,13
,2023-14753,39.68229294,-105.0531903,4/14/2023 23:15,23:15:00,1,0,1,W JEWELL AVE & S SHERIDAN BLVD,11,3,2,1,1,1,0,0,35,0,0,0,0,1,2,2,10
,2023-14755,39.66768135,-105.0349504,4/15/2023 14:17,14:17:00,3,0,0,W YALE AVE & S LOWELL BLVD,1,1,0,0,1,1,0,0,30,0,0,0,0,1,4,3,13
,2023-14756,39.75850947,-104.9222905,4/14/2023 20:30,20:30:00,6,0,0,2925  HOLLY ST & 29TH AVE,1,1,0,0,1,4,0,0,,0,0,0,0,0,4,2,16
,2023-14761,39.72570812,-105.0001485,4/5/2023 17:16,17:16:00,12,0,0,W 6TH AVE & N KALAMATH ST,1,1,0,0,1,1,0,0,35,0,0,0,0,0,4,2,16
,2023-14762,39.72579174,-105.042697,4/15/2023 14:30,14:30:00,12,0,0,W 6TH AVE & N STUART ST,1,1,0,0,1,4,0,0,55,0,0,0,0,0,2,2,3
,2023-14763,39.78241724,-104.8017275,4/14/2023 11:27,11:27:00,6,0,0, KITTREDGE ST & E WARNER PL,11,3,0,0,1,4,0,0,25,0,0,0,0,0,4,3,1
,2023-14764,39.71776704,-104.9222627,4/14/2023 20:00,20:00:00,3,0,0, HOLLY ST & N 1ST AVE,11,3,0,2,1,1,0,0,,0,0,0,0,0,4,2,16
,2023-14765,39.78384118,-105.0061334,4/15/2023 1:40,1:40:00,5,0,0,I-70 WB OFF RAMP & N PECOS ST,11,3,0,0,3,8,0,0,25,0,0,0,0,0,1,1,2
,2023-14766,39.7894954,-104.7721423,4/15/2023 21:07,21:07:00,3,0,0, TOWER RD & E 51ST AVE,1,3,0,0,1,1,0,0,40,0,0,0,0,0,4,2,11
,2023-14767,39.78160791,-104.9913791,4/15/2023 15:16,15:16:00,12,0,0,I-25 & I-70,1,1,3,0,1,4,0,0,,0,0,0,0,0,1,2,16
,2023-14788,39.71482875,-105.0227071,4/15/2023 6:47,6:47:00,15,0,0, DECATUR ST & W BAYAUD AVE,1,1,0,0,1,4,0,0,25,0,0,0,0,0,4,2,13
,2023-14790,39.7803055,-104.9409068,4/7/2023 7:34,7:34:00,12,0,1,I-70 & N COLORADO BLVD (APPROX),1,1,0,0,1,4,0,0,55,0,0,0,0,1,1,2,16
,2023-14793,39.79838711,-104.8660525,4/14/2023 23:55,23:55:00,5,0,1,E 56TH AVE & N HAVANA ST,11,3,0,2,6,1,0,0,35,0,0,0,0,1,4,1,16
,2023-14798,39.78516945,-104.9895098,4/14/2023 22:20,22:20:00,5,0,0,I-25 & W 48TH AVE,11,3,0,2,6,8,0,0,55,0,0,0,0,0,1,1,8
,2023-14800,39.71839029,-105.0532807,4/15/2023 15:08,15:08:00,3,0,0,W 1ST AVE & N SHERIDAN BLVD,1,1,0,0,1,3,0,0,30,0,0,0,0,0,2,2,16
,2023-14808,39.77717119,-104.8816071,4/15/2023 10:28,10:28:00,15,0,0,I-70 & I-270 RAMP MERGE PT,1,1,0,0,1,8,0,0,55,0,0,0,0,0,1,3,3
,2023-14809,39.77558304,-104.865279,4/5/2023 8:31,8:31:00,12,0,1,I-70 & N HAVANA ST,1,1,0,0,1,4,0,0,20,0,0,0,0,1,1,3,16
,2023-14810,39.6395534,-104.910871,4/15/2023 9:55,9:55:00,12,0,0,I-25 & NB OFF RAMP MERGE PT TO I-225,1,1,0,0,1,4,0,0,65,0,0,0,0,0,2,4,14
,2023-14811,39.80008756,-104.7721165,4/15/2023 16:38,16:38:00,12,0,0, TOWER RD & E 57TH AVE,1,1,0,0,1,4,0,0,45,0,0,0,0,0,4,2,3
,2023-14812,39.76736485,-104.8996182,4/15/2023 15:09,15:09:00,15,0,0,7602 E 36TH AVE & N SYRACUSE ST,1,1,0,0,1,3,0,0,25,0,0,0,0,0,4,2,3
,2023-14814,39.78017715,-104.9534349,4/15/2023 15:58,15:58:00,3,0,2,E 46TH AVE & N VASQUEZ BLVD,1,1,0,0,1,1,0,0,35,0,0,0,0,2,4,2,16
,2023-14817,39.74153075,-105.0412823,4/14/2023 22:50,22:50:00,5,0,0,W CONEJOS PL & N RALEIGH ST,1,3,0,0,3,4,0,0,25,0,0,0,0,0,4,1,16
,2023-14822,39.6842747,-104.959918,2/22/2023 2:32,2:32:00,5,0,0,I-25 SB OFF RAMP & S UNIVERSITY BLVD,11,4,1,2,3,8,0,0,35,0,0,0,0,0,1,1,16
,2023-14827,39.77928187,-104.9033984,4/2/2023 14:57,14:57:00,15,0,0, NORTHFIELD QUEBEC ST & I-70 WB RAMPS,1,1,0,0,1,1,0,0,35,0,0,0,0,0,2,3,16
,2023-14829,39.68950083,-105.0250605,2/27/2023 19:42,19:42:00,11,0,1, FEDERAL BLVD & W FLORIDA AVE,1,3,0,0,1,3,0,0,0,0,1,0,0,3,2,2,16
,2023-14830,39.77412064,-104.8827886,1/9/2023 16:22,16:22:00,11,0,1,E 40TH AVE & N CENTRAL PARK BLVD,1,1,0,0,1,1,0,0,0,0,1,0,0,3,4,1,16
,2023-14831,39.68226652,-105.0479962,4/7/2023 23:27,23:27:00,5,0,0,1901  WOLFF ST & W JEWELL AVE,1,4,0,0,2,12,0,0,30,0,0,0,0,0,4,1,16
,2023-14833,39.74244303,-104.9909998,3/23/2023 16:00,16:00:00,2,0,1,15TH ST & TREMONT PL,1,1,0,0,1,1,0,0,30,1,0,0,0,1,4,1,16
,2023-14835,39.76445068,-104.9511934,4/7/2023 11:45,11:45:00,11,0,1,E BRUCE RANDOLPH AVE & N ST PAUL ST,1,1,0,0,1,4,0,0,35,0,1,0,0,1,4,1,16
,2023-14837,39.70108744,-105.0324303,4/6/2023 21:53,21:53:00,11,0,1, KNOX CT & W ADA PL,1,3,0,0,1,4,0,0,0,0,1,0,0,2,4,1,16
,2023-14838,39.74013083,-104.9874002,2/25/2023 14:51,14:51:00,11,0,1,W COLFAX AVE & N BROADWAY ST,1,1,0,0,1,3,0,0,30,0,1,0,1,3,2,1,14
,2023-14841,39.74409903,-104.9883711,4/7/2023 14:55,14:55:00,11,0,1,TREMONT PL & 17TH ST,1,1,0,0,1,1,0,0,0,0,0,1,0,2,4,1,16
,2023-14842,39.74003257,-104.9825819,1/13/2023 1:26,1:26:00,11,0,1,E COLFAX AVE & N LOGAN ST,1,3,0,0,1,4,0,0,0,0,1,0,0,3,2,1,16
,2023-14843,39.68605972,-105.0010287,3/19/2023 3:06,3:06:00,5,0,0, PLATTE RIVER DR & W JEWELL AVE,1,3,0,0,3,4,0,0,40,0,0,0,0,0,4,1,16
,2023-14887,39.77641778,-104.7605233,4/16/2023 14:10,14:10:00,3,0,0,E 45TH AVE & N ENSENADA ST,1,1,0,0,1,1,0,0,30,0,0,0,0,0,4,2,13
,2023-14888,39.70570432,-104.9828034,4/16/2023 14:00,14:00:00,3,0,3,E CENTER AVE & S LOGAN ST,1,1,0,0,1,1,0,0,30,0,0,0,0,1,4,2,13
,2023-14889,39.72412159,-105.0001767,3/22/2023 12:45,12:45:00,12,0,0,W 5TH AVE & N KALAMATH ST,1,1,0,0,1,1,0,0,30,0,0,0,0,0,4,2,8
,2023-14891,39.74013458,-105.0052347,3/15/2023 10:16,10:16:00,3,0,2,W COLFAX AVE & N OSAGE ST,1,1,0,0,1,1,0,0,30,0,0,0,0,3,2,2,13
,2023-14894,39.75746358,-104.9815152,3/26/2023 0:30,0:30:00,3,0,0,27TH ST & CURTIS ST,1,3,0,0,1,3,0,0,25,0,0,0,0,1,4,5,1
,2023-14895,39.68228019,-105.0250196,3/25/2023 13:05,13:05:00,15,0,0, FEDERAL BLVD & W JEWELL AVE,1,1,0,6,1,4,0,0,40,0,0,0,0,0,2,2,16
,2023-14896,39.7941913,-104.9877091,4/16/2023 2:35,2:35:00,15,0,0,I-25 & I-70,1,3,0,0,1,4,0,0,55,0,0,0,0,0,1,2,16
,2023-14901,39.73801274,-105.0252737,4/16/2023 13:52,13:52:00,1,0,1, FEDERAL BLVD & W 14TH AVE,1,1,0,0,1,1,0,0,35,0,0,0,0,1,2,2,13
,2023-14902,39.73383252,-104.9836752,4/15/2023 2:00,2:00:00,6,0,0,E 11TH AVE & N GRANT ST,11,4,0,1,1,4,0,0,25,0,0,0,0,0,4,2,16
,2023-14903,39.70463106,-105.0408562,4/16/2023 3:36,3:36:00,6,0,0,645  QUITMAN ST & MORRISON RD,1,3,0,0,1,4,0,0,25,0,0,0,0,0,4,3,16
,2023-14910,39.6786586,-105.0204276,4/15/2023 15:13,15:13:00,12,0,0,W EVANS AVE & S CLAY ST,1,1,0,0,1,4,0,0,,0,0,0,0,0,4,3,16
,2023-14912,39.67846301,-104.9318491,4/5/2023 12:03,12:03:00,15,0,0,E EVANS AVE & S DAHLIA ST,1,1,0,0,1,3,0,0,30,0,0,0,0,0,4,2,11
,2023-14913,39.78618565,-105.0415835,3/31/2023 2:00,2:00:00,6,0,0, RALEIGH ST & W 49TH AVE,1,3,0,0,1,4,0,0,25,0,0,0,0,0,4,2,16
,2023-14914,39.79187995,-104.8190751,4/16/2023 4:57,4:57:00,5,0,1, SABLE ST & N MAXWELL PL,1,3,0,0,6,1,0,0,25,0,0,0,0,3,4,1,14
,2023-14915,39.75079614,-104.9918709,3/22/2023 10:07,10:07:00,6,0,0,ARAPAHOE ST & 19TH ST,1,1,0,0,1,4,0,0,,0,0,0,0,0,4,2,16
,2023-14916,39.64031591,-104.8850976,3/25/2023 7:59,7:59:00,5,0,0, YOSEMITE ST & E OXFORD DR,4,2,0,0,3,1,0,0,25,0,0,0,0,0,4,1,1
,2023-14917,39.77657035,-105.0466443,3/31/2023 2:50,2:50:00,6,0,0,W 44TH AVE & N VRAIN ST,1,3,0,0,1,4,0,0,35,0,0,0,0,0,4,3,16