id,drcog_id,latitude,longitude,crashtime,time,crashtype,numbkilled,numbinjurd,drcoglocat,rdconditin,lightngcon,roadcntgrd,weatherco,location,roaddescrp,schoolzone,constrzone,splimit,bikeinv,pedinv,sctrinv,motoinv,svrty,rdsystem,ttlvehcls,hcf
,2023-14919,39.79013483,-104.8658397,3/30/2023 19:01,19:01:00,3,0,1,E 51ST AVE & N HAVANA ST,1,1,0,0,1,1,0,0,,0,0,0,0,2,4,2,16
,2023-14922,39.70343976,-104.8753352,4/16/2023 7:48,7:48:00,6,0,0,9932 E EXPOSITION AVE & S DAYTON ST,14,5,3,7,1,4,0,0,25,0,0,0,0,0,4,2,3
,2023-14925,39.68207948,-104.9350118,3/14/2023 16:00,16:00:00,6,0,0,E JEWELL AVE & S CHERRY ST,1,1,0,1,1,4,0,0,30,0,0,0,0,0,4,2,16
,2023-14928,39.7384872,-105.0510061,3/23/2023 20:00,20:00:00,6,0,1,W 14TH AVE & N YATES ST,1,3,0,0,1,1,0,0,25,0,0,0,0,2,4,2,16
,2023-14934,39.78416976,-105.027722,4/1/2023 2:10,2:10:00,12,0,0,I-70 & N FEDERAL BLVD,1,3,0,0,1,4,0,0,55,0,0,0,0,0,1,2,16
,2023-14935,39.74007917,-104.9126185,3/25/2023 6:01,6:01:00,3,0,1,E COLFAX AVE & N MONACO ST PKWY,1,2,0,0,1,1,0,0,30,0,0,0,0,1,2,2,13
,2023-14936,39.79849974,-104.772117,4/5/2023 7:45,7:45:00,12,0,0, TOWER RD & E 56TH AVE,1,1,1,0,1,4,0,0,40,0,0,0,0,0,4,2,1
,2023-14937,39.73685918,-104.9873937,3/31/2023 1:56,1:56:00,3,0,0, BROADWAY ST & E 13TH AVE,1,3,0,0,1,1,0,0,,0,0,0,0,0,4,2,16
,2023-14939,39.65744591,-105.0283219,3/21/2023 7:40,7:40:00,6,0,0,W FLOYD AVE & S IRVING ST,1,1,1,0,1,4,0,0,25,0,0,0,0,0,4,2,16
,2023-14940,39.71154872,-104.9406224,4/16/2023 11:24,11:24:00,12,0,0, COLORADO BLVD & E ALAMEDA AVE,1,1,0,0,1,4,0,0,35,0,0,0,0,0,2,2,1
,2023-14941,39.72349863,-105.0250226,4/1/2023 18:45,18:45:00,15,0,0,FEDERAL BLVD & W 5TH AVE,1,1,0,0,1,4,0,0,35,0,0,0,0,0,2,2,16
,2023-14942,39.77482799,-104.7345669,4/16/2023 17:31,17:31:00,10,0,0, PICADILLY RD & E 42ND AVE,1,1,0,0,1,1,0,0,40,0,0,0,0,0,4,2,11
,2023-14943,39.74363411,-105.0165426,4/16/2023 13:26,13:26:00,12,0,1,I-25 & W COLFAX AVE,1,1,0,0,1,4,0,0,55,0,0,0,0,1,2,2,3
,2023-14949,39.75112384,-105.0251374,3/27/2023 12:50,12:50:00,12,0,1, FEDERAL BLVD & W 23RD AVE,11,1,1,0,1,3,0,0,35,0,0,0,0,1,2,2,1
,2023-14950,39.7168102,-105.0252174,3/27/2023 0:30,0:30:00,5,0,0,12  FEDERAL BLVD & W ELLSWORTH AVE,11,3,0,2,3,4,0,0,,0,0,0,0,0,1,1,16
,2023-14951,39.74019036,-104.9415003,3/26/2023 2:38,2:38:00,12,0,1,E COLFAX AVE & N COLORADO BLVD,1,3,0,0,1,4,0,0,35,0,0,0,0,2,2,2,16
,2023-14952,39.75383743,-104.9913177,4/16/2023 1:42,1:42:00,6,0,2,21ST ST & LARIMER ST,1,3,0,0,1,4,0,0,25,0,0,0,0,2,4,3,14
,2023-14953,39.6530314,-104.912921,4/3/2023 16:00,16:00:00,2,0,0, MONACO ST & E HAMPDEN AVE,1,1,0,0,1,1,0,0,,1,0,0,0,0,2,1,16
,2023-14958,39.7255268,-105.0442345,3/31/2023 23:00,23:00:00,5,0,0,W 6TH AVE & N TENNYSON ST,1,3,0,0,2,4,0,0,55,0,0,0,0,0,2,1,16
,2023-14960,39.83339945,-104.6929364,4/5/2023 9:47,9:47:00,12,0,0,7500  JACKSON GAP ST & PENA BLVD,1,1,0,0,1,4,0,0,,0,0,0,0,0,4,2,16
,2023-14961,39.75580348,-104.9597594,4/15/2023 23:48,23:48:00,5,0,1, YORK ST & E 27TH AVE,1,3,0,0,3,3,0,0,30,0,0,0,0,2,4,1,16
,2023-14962,39.78129384,-104.9932217,4/15/2023 21:46,21:46:00,15,0,2,I-70 WB ON RAMP FROM SB -25 & I-70 RAMP ENT,1,3,0,0,1,8,0,0,55,0,0,0,0,1,1,2,13
,2023-14971,39.73044582,-104.9848831,3/31/2023 21:00,21:00:00,6,0,0,E 9TH AVE & N SHERMAN ST,1,4,0,0,1,4,0,0,30,0,0,0,0,0,4,2,16
,2023-14973,39.64102212,-104.8821628,3/21/2023 7:25,7:25:00,15,0,0,I-225 & S YOSEMITE ST,1,1,0,0,1,4,0,0,55,0,0,0,0,0,1,2,16
,2023-14977,39.74745126,-104.9927274,4/7/2023 11:10,11:10:00,11,0,1,17TH ST & CHAMPA ST,1,1,0,0,1,1,0,0,25,0,1,0,0,1,4,1,11
,2023-14978,39.69676253,-105.0153408,4/15/2023 17:39,17:39:00,10,0,0,W MISSISSIPPI AVE & S ZUNI ST,1,1,0,0,1,2,0,0,30,0,0,0,0,0,4,2,7
,2023-14980,39.73514929,-104.9561613,3/24/2023 10:00,10:00:00,6,0,0,E 12TH AVE & N ELIZABETH ST,1,1,0,0,1,4,0,0,25,0,0,0,0,0,4,2,16
,2023-14982,39.74159646,-104.9547655,4/5/2023 7:23,7:23:00,6,0,0,DETROIT ST & E 16TH ST,1,1,1,0,1,4,0,0,25,0,0,0,0,0,4,2,7
,2023-14984,39.74040603,-105.0124577,3/26/2023 22:34,22:34:00,12,0,3,W COLFAX AVE & I-25 NB OFF RAMP,1,3,0,0,1,3,0,0,40,0,0,0,0,2,2,3,3
,2023-14988,39.67838442,-104.9515369,3/28/2023 14:04,14:04:00,15,0,1,E EVANS AVE & S ST PAUL ST,1,1,0,0,1,3,0,0,35,0,0,0,1,3,4,3,1
,2023-14990,39.70024714,-104.9121333,4/5/2023 15:55,15:55:00,6,0,2,E KENTUCKY AVE & S MONACO ST,1,1,0,0,1,2,0,0,25,0,0,0,0,1,4,2,1
,2023-14991,39.77305398,-104.9028684,4/15/2023 19:39,19:39:00,15,0,0, QUEBEC ST & E 40TH AVE,1,3,0,0,1,4,0,0,40,0,0,0,0,0,4,2,3
,2023-14993,39.77846317,-104.8098769,4/1/2023 14:54,14:54:00,12,0,0,15300 E 40TH AVE & N CHAMBERS RD,1,1,0,0,1,4,0,0,,0,0,0,0,0,4,2,16
,2023-15013,39.77944239,-104.9804825,3/31/2023 16:00,16:00:00,15,0,2,I-25 NB TO -70 EB RAMP & N WASHINGTON ST,1,1,1,6,1,8,0,0,55,0,0,0,0,1,1,2,1
,2023-15014,39.71122179,-104.9129192,4/16/2023 11:10,11:10:00,15,0,0, MONACO ST & S ALAMEDA AVE,14,5,3,7,1,4,0,0,,0,0,0,0,0,4,2,16
,2023-15017,39.7608935,-105.0042178,3/19/2023 2:00,2:00:00,12,0,0,W 20TH ST & I-25 NB RAMPS,1,3,0,0,1,1,0,0,25,0,0,0,0,0,4,2,16
,2023-15019,39.74741962,-104.9199662,3/28/2023 19:46,19:46:00,5,0,0,E MONTVIEW BLVD & N IVY ST,1,3,0,0,2,1,0,0,30,0,0,0,0,0,4,1,16
,2023-15021,39.76713646,-104.9948993,4/4/2023 13:23,13:23:00,8,0,1,PARK AVE W & I-25 NB OFF RAMP,11,1,0,2,6,1,0,0,30,0,0,0,0,3,4,2,7
,2023-15024,39.84928942,-104.6726895,4/9/2023 3:08,3:08:00,5,0,0,PENA BLVD & E 86TH AVE,1,3,0,0,2,4,0,0,10,0,0,0,0,0,4,1,16
,2023-15025,39.70941356,-105.0485951,3/26/2023 4:00,4:00:00,6,0,0, WOLFF ST & W ALASKA PL,1,4,1,0,1,4,0,0,25,0,0,0,0,0,4,2,16
,2023-15029,39.73305158,-105.0416572,4/15/2023 21:00,21:00:00,6,0,0,RALEIGH ST & 10TH AVE,1,3,0,0,1,2,0,0,25,0,0,0,0,0,4,2,16
,2023-15031,39.71466214,-104.9499453,3/17/2023 15:40,15:40:00,11,0,1,E BAYAUD AVE & S STEELE ST,1,1,0,0,1,1,0,0,25,0,1,0,0,1,4,1,13
,2023-15033,39.73010889,-104.9752603,3/31/2023 9:45,9:45:00,6,0,0, OGDEN ST & E 8TH AVE,1,1,0,0,1,4,0,0,,0,0,0,0,0,4,2,16
,2023-15034,39.74006933,-104.9218964,4/3/2023 15:50,15:50:00,12,0,0,E COLFAX AVE & IVANHOE ST,1,1,0,0,1,4,0,0,,0,0,0,0,0,2,2,16
,2023-15042,39.7486986,-105.0017164,4/16/2023 0:55,0:55:00,15,0,0,BLAKE ST & 14TH ST,1,3,0,0,1,4,0,0,25,0,0,0,0,0,4,2,11
,2023-15078,39.73525841,-104.991387,4/6/2023 16:31,16:31:00,6,0,0,W 12TH AVE & N CHEROKEE ST,1,1,0,0,1,4,0,0,,0,0,0,0,0,4,2,16
,2023-15081,39.71136724,-104.9992855,4/17/2023 0:55,0:55:00,15,0,0,I-25 & W ALAMEDA AVE,1,3,0,0,1,4,0,0,60,0,0,0,0,0,1,2,3
,2023-15083,39.74743121,-104.9128013,4/14/2023 9:02,9:02:00,12,0,0,E MONTVIEW BLVD & N MONACO ST,1,1,0,0,1,4,0,0,30,0,0,0,0,0,4,2,11
,2023-15085,39.79454065,-104.8837797,4/12/2023 11:31,11:31:00,6,0,1, CENTRAL PARK BLVD & E 53RD AVE,1,1,0,0,1,4,0,0,40,0,0,0,0,2,4,3,14
,2023-15086,39.75577063,-104.9889472,4/16/2023 9:00,9:00:00,8,0,0,LARIMER ST & PARK AVE W,1,1,0,0,1,1,0,0,30,0,0,0,0,0,4,2,13
,2023-15087,39.73309336,-105.05323,4/7/2023 9:21,9:21:00,3,0,0,W 10TH AVE & N SHERIDAN BLVD,1,1,0,0,1,1,0,0,30,0,0,0,0,0,2,2,1
,2023-15088,39.71048972,-105.0397052,4/15/2023 8:05,8:05:00,3,0,0,W NEVADA PL & S PERRY ST,1,1,0,0,1,1,0,0,25,0,0,0,0,1,4,2,13
,2023-15089,39.78014387,-105.0064466,4/7/2023 19:00,19:00:00,12,0,0, PECOS ST & E 46TH AVE,14,5,3,7,1,3,0,0,,0,0,0,0,0,4,2,16
,2023-15090,39.7175673,-105.0043954,4/16/2023 21:19,21:19:00,12,0,1,I-25 & W ALAMEDA AVE,1,3,0,0,1,4,0,0,55,0,0,0,1,3,1,2,16
,2023-15093,39.67786623,-104.9937145,4/14/2023 9:50,9:50:00,15,0,0, SANTA FE DR & W EVANS AVE,1,1,0,0,1,4,0,0,55,0,0,0,0,0,2,2,16
,2023-15096,39.7399816,-104.9599703,4/8/2023 15:07,15:07:00,5,0,0,E COLFAX AVE & N YORK ST,1,1,0,0,3,4,0,0,30,0,0,0,0,0,2,1,16
,2023-15099,39.68952337,-105.0157081,4/16/2023 21:45,21:45:00,5,0,0, ZUNI ST & W FLORIDA AVE,1,3,0,0,3,1,0,0,30,0,0,0,0,0,4,1,2
,2023-15102,39.74322453,-104.9647673,4/17/2023 8:07,8:07:00,8,0,0,E 17TH AVE & N HIGH ST,1,1,0,0,1,1,0,0,30,0,0,0,0,0,4,2,16
,2023-15103,39.68294464,-105.001846,4/10/2023 18:00,18:00:00,10,0,0, PLATTE RIVER DR & W FLORIDA AVE,1,1,0,0,1,3,0,0,40,0,0,0,0,0,4,2,16
,2023-15110,39.66722128,-105.0786846,4/16/2023 21:00,21:00:00,6,0,0, WEBSTER ST & S VANCE WAY,1,3,0,0,1,4,0,0,25,0,0,0,0,0,4,2,16
,2023-15111,39.83345293,-104.6929352,4/17/2023 6:02,6:02:00,15,0,0, JACKSON GAP ST & N PENA BLVD,1,3,0,0,1,4,0,0,,0,0,0,0,0,4,2,16
,2023-15113,39.77951128,-104.9821864,4/17/2023 7:48,7:48:00,12,0,0,I-70 & N WASHINGTON ST,1,1,0,0,1,8,0,0,55,0,0,0,0,0,1,3,7
,2023-15115,39.63657519,-105.0347189,4/17/2023 10:22,10:22:00,12,0,0, LOWELL BLVD & W RADCLIFF AVE,1,1,0,0,1,3,0,0,25,0,0,0,0,0,4,2,16
,2023-15117,39.75613689,-104.9902265,4/16/2023 12:50,12:50:00,15,0,0,MARKET ST & PARK AVE W,1,1,0,0,1,4,0,0,,0,0,0,0,0,4,2,16
,2023-15125,39.75161343,-105.0029901,4/15/2023 11:30,11:30:00,3,0,0,15TH ST & WEWATTA ST,1,1,0,0,1,1,0,0,25,0,0,0,0,0,4,2,11
,2023-15126,39.7197999,-104.8265594,4/16/2023 21:09,21:09:00,12,0,0,I-225 & SB OFF RAMP TO ALAMEDA MERGE PT,1,3,0,0,1,4,0,0,60,0,0,0,0,0,1,2,16
,2023-15127,39.63557696,-104.8937527,4/4/2023 20:25,20:25:00,15,0,0, TAMARAC ST & I-225 OVERPASS,11,3,0,2,1,3,0,0,35,0,0,0,0,0,4,2,16
,2023-15128,39.78922371,-104.978295,4/17/2023 17:25,17:25:00,3,0,1,E 51ST AVE & N WASHINGTON ST,1,1,0,0,1,1,0,0,35,0,0,0,0,1,4,2,8
,2023-15129,39.67836004,-104.9922464,4/13/2023 8:05,8:05:00,6,0,0, DELAWARE ST & W EVANS AVE,1,1,0,0,1,1,0,0,25,0,0,0,0,0,4,2,16
,2023-15130,39.72095109,-104.9406376,4/16/2023 18:55,18:55:00,12,0,0,E 3RD AVE & N COLORADO BLVD,1,1,0,0,1,3,0,0,35,0,0,0,0,0,2,2,16
,2023-15132,39.71820701,-105.0506044,4/16/2023 9:20,9:20:00,10,0,0,W 1ST AVE & N YATES ST,1,1,0,0,1,1,0,0,30,0,0,0,0,0,4,2,16
,2023-15134,39.71115945,-104.9863808,4/15/2023 6:30,6:30:00,8,0,0,E ALAMEDA AVE & S LINCOLN ST,1,1,0,0,1,1,0,0,30,0,0,0,0,0,4,2,13
,2023-15136,39.75962783,-104.995408,3/25/2023 14:25,14:25:00,6,0,0,W 30TH AVE & FOX ST,1,1,0,0,1,4,0,0,,0,0,0,0,0,4,2,16
,2023-15138,39.73281043,-104.8933688,4/4/2023 13:43,13:43:00,2,0,1,E 11TH AVE & N UINTA WAY,11,1,0,0,1,1,0,0,0,1,0,0,0,1,4,1,16
,2023-15139,39.74003635,-104.9835795,4/17/2023 0:52,0:52:00,5,0,0, GRANT ST & E COLFAX AVE,1,3,0,0,3,3,0,0,30,0,0,0,0,0,2,1,14
,2023-15140,39.74738446,-104.9406038,4/13/2023 7:20,7:20:00,15,0,0, COLORADO BLVD & E MONTVIEW BLVD,1,1,0,0,1,1,0,0,,0,0,0,0,0,2,2,16
,2023-15141,39.75695966,-104.9486918,4/17/2023 8:56,8:56:00,6,0,1,E 28TH AVE & N ADAMS ST,1,1,3,0,1,4,0,0,25,0,0,0,0,2,4,2,10
,2023-15146,39.79560853,-104.7962136,4/13/2023 12:10,12:10:00,6,0,0, MEMPHIS ST & E MAXWELL PL,1,1,0,0,1,4,0,0,30,0,0,0,0,0,4,2,10
,2023-15148,39.72165745,-105.037321,3/31/2023 7:03,7:03:00,6,0,0, NEWTON ST & W 3RD AVE,1,1,1,0,1,4,0,0,25,0,0,0,0,0,4,2,3
,2023-15152,39.73858862,-104.8987479,4/17/2023 8:46,8:46:00,12,0,0, SYRACUSE ST & E 14TH AVE,1,1,0,0,1,4,0,0,30,0,0,0,0,0,4,2,16
,2023-15160,39.74196574,-104.999861,4/17/2023 6:50,6:50:00,15,0,0, SPEER BLVD & N KALAMATH ST,1,1,0,0,1,1,0,0,35,0,0,0,0,0,4,2,10
,2023-15206,39.70734312,-104.9222679,4/17/2023 10:14,10:14:00,1,0,0,LEETSDALE DR & S HOLLY ST,1,1,0,0,1,1,0,0,45,0,0,0,0,0,2,2,11
,2023-15209,39.70298327,-104.9129002,4/17/2023 15:20,15:20:00,12,0,0, MONACO ST PKWY & LEETSDALE DR,1,1,0,0,1,1,0,0,30,0,0,0,0,0,2,3,3
,2023-15210,39.7327676,-104.9406207,4/17/2023 13:37,13:37:00,12,0,0, COLORADO BLVD & E 11TH AVE,1,1,0,0,1,3,0,0,35,0,0,0,0,0,2,2,11
,2023-15215,39.78238272,-104.8500509,4/17/2023 12:55,12:55:00,1,0,1,E 47TH AVE & N PARIS ST,1,1,0,0,1,2,1,0,25,0,0,0,1,3,4,2,16
,2023-15216,39.69462533,-104.9128903,4/18/2023 7:14,7:14:00,15,0,0, MONACO ST & E ARIZONA AVE,1,1,0,0,1,4,0,0,35,0,0,0,0,0,4,2,11
,2023-15217,39.73205744,-104.9888517,4/15/2023 19:20,19:20:00,12,0,0, ACOMA ST & W 10TH AVE,1,1,0,0,1,1,0,0,25,0,0,0,0,0,4,2,13
,2023-15221,39.75442082,-104.9873771,3/30/2023 9:20,9:20:00,9,1,0,ARAPAHOE ST & N BROADWAY ST,1,1,0,0,1,1,0,0,25,0,0,0,0,4,2,1,16
,2023-15229,39.74755817,-104.9034467,4/17/2023 7:40,7:40:00,12,0,0, QUEBEC ST & E MONTVIEW BLVD,1,1,0,0,1,3,0,0,35,0,0,0,0,0,4,3,16
,2023-15233,39.7476299,-105.0053583,4/17/2023 14:18,14:18:00,1,0,0,AURARIA PKWY & 11TH ST,1,1,0,0,1,1,0,0,30,0,0,0,0,0,4,2,11
,2023-15234,39.74994397,-105.0171544,4/17/2023 11:56,11:56:00,12,0,0,I-25 & W 23RD AVE,1,1,0,0,1,4,0,0,55,0,0,0,0,0,1,3,3
,2023-15235,39.73883468,-105.0001394,4/16/2023 23:35,23:35:00,15,0,1,KALAMATH ST & W 14TH AVE,1,3,0,0,1,4,0,0,30,0,0,0,0,2,4,3,1
,2023-15237,39.7229443,-105.0105691,4/11/2023 5:58,5:58:00,15,0,0,I-25 & W 6TH AVE,1,2,1,0,1,4,0,0,55,0,0,0,0,0,1,2,1
,2023-15238,39.77462802,-104.9223283,4/17/2023 13:50,13:50:00,12,0,0,E SMITH RD & N HOLLY ST,1,1,0,0,1,1,0,0,35,0,0,0,0,1,4,2,13
,2023-15240,39.79843453,-104.7627065,4/17/2023 16:00,16:00:00,1,0,0,E 56TH AVE & N DUNKIRK ST,1,1,1,0,1,1,0,0,40,0,0,0,0,1,4,2,11
,2023-15242,39.78553015,-104.881369,1/18/2023 16:03,16:03:00,12,0,0,E NORTHFIELD BLVD & N BEELER ST,9,1,0,2,1,4,0,0,35,0,0,0,0,0,4,2,13
,2023-15243,39.74501794,-105.0345767,4/16/2023 17:45,17:45:00,6,0,0,LOWELL BLVD & W 18TH ST,1,1,0,7,1,4,0,0,25,0,0,0,0,0,4,2,16
,2023-15247,39.74000946,-104.9719915,4/18/2023 14:05,14:05:00,15,0,0,E COLFAX AVE & N MARION ST,1,1,0,0,1,4,0,0,30,0,0,0,0,0,2,2,16
,2023-15249,39.69656575,-104.8981113,4/17/2023 7:06,7:06:00,12,0,0,E MISSISSIPPI AVE & S PARKER RD,1,1,0,0,1,3,0,0,40,0,0,0,0,0,4,2,3
,2023-15250,39.70584279,-105.0250857,4/2/2023 20:21,20:21:00,12,0,0, FEDERAL BLVD & W CENTER AVE,1,3,0,0,1,4,0,0,35,0,0,0,0,0,2,2,11
,2023-15251,39.75292948,-104.9874141,4/18/2023 10:17,10:17:00,15,0,0,BROADWAY & 22ND ST,1,1,0,0,1,4,0,0,30,0,0,0,0,0,4,2,13
,2023-15253,39.75995556,-104.8651276,4/17/2023 17:20,17:20:00,10,0,0,E MLK BLVD & N HAVANA ST,1,1,0,0,1,2,0,0,30,0,0,0,0,0,4,2,10
,2023-15254,39.77669299,-104.8470269,4/18/2023 16:20,16:20:00,1,0,0,PEORIA ST & E 45TH AVE,1,1,0,0,1,2,0,0,35,0,0,0,0,0,4,2,11
,2023-15256,39.77663628,-105.0158542,4/18/2023 0:03,0:03:00,6,0,0, ZUNI ST & W 44TH AVE,1,3,0,0,1,4,0,0,25,0,0,0,0,0,4,2,16
,2023-15260,39.73685599,-104.9941095,4/18/2023 15:15,15:15:00,3,0,1,W 13TH AVE & N ELATI ST,1,5,3,7,1,1,0,0,25,0,0,0,1,2,4,3,16
,2023-15263,39.75079364,-104.9849279,4/14/2023 15:45,15:45:00,3,0,0,22ND ST & CALIFORNIA ST,11,1,0,1,1,1,0,0,25,0,0,0,0,0,4,3,11
,2023-15264,39.6802668,-104.9341283,4/18/2023 6:26,6:26:00,1,0,1,E ASBURY AVE & S CHERRY ST,1,1,0,0,1,1,0,0,30,0,0,0,1,2,4,2,11
,2023-15269,39.78347343,-105.0110532,4/18/2023 8:39,8:39:00,12,0,0,I-70 & N PECOS ST,1,1,1,0,1,4,0,0,55,0,0,0,0,0,1,2,11
,2023-15270,39.71868544,-104.9862376,4/18/2023 6:58,6:58:00,12,0,0,LINCOLN ST & E 1ST AVE,1,1,0,0,1,4,0,0,30,0,0,0,0,0,4,2,16
,2023-15271,39.72467406,-105.0531847,4/17/2023 15:00,15:00:00,15,0,0, WADSWORTH BLVD & W CRESTLINE AVE,1,1,0,0,1,4,0,0,45,0,0,0,0,0,2,2,16
,2023-15272,39.76440034,-104.9866363,4/18/2023 12:25,12:25:00,15,0,0, BROADWAY ST & W 10TH AVE,1,1,0,0,1,4,0,0,30,0,0,0,0,0,4,2,11
,2023-15273,39.74010361,-104.9851715,4/16/2023 14:20,14:20:00,15,0,0,E COLFAX AVE & N SHERMAN ST,1,1,1,0,1,4,0,0,30,0,0,0,0,0,2,2,13
,2023-15274,39.78015257,-105.0067146,4/18/2023 15:37,15:37:00,1,0,2,W 46TH AVE & N PECOS ST,1,1,0,0,1,2,0,0,30,0,0,0,0,1,4,2,13
,2023-15275,39.76182251,-104.9105843,4/17/2023 16:35,16:35:00,3,0,2,E MLK BLVD & N NIAGARA ST,1,1,0,0,1,1,0,0,35,0,0,0,0,2,4,2,14
,2023-15279,39.76445659,-104.9407555,4/10/2023 17:30,17:30:00,12,0,0,E BRUCE RANDOLPH AVE & N COLORADO BLVD,1,1,0,0,1,3,0,0,30,0,0,0,0,0,4,2,16
,2023-15280,39.68503046,-104.9631155,4/18/2023 6:01,6:01:00,5,0,0,I-25 & S UNIVERSITY BLVD,1,3,1,0,2,4,0,0,60,0,0,0,0,0,1,1,10
,2023-15283,39.6784648,-104.9304556,4/18/2023 13:09,13:09:00,3,0,1,E EVANS AVE & S DAHLIA ST,1,1,0,0,1,2,0,0,35,0,0,0,0,2,4,2,11
,2023-15284,39.71154145,-104.9828384,4/18/2023 15:00,15:00:00,6,0,0, LOGAN ST & E ALAMEDA AVE,1,1,0,0,1,4,0,0,25,0,0,0,0,0,4,2,11
,2023-15285,39.75622275,-105.0115764,4/18/2023 10:21,10:21:00,12,0,0,I-25 & N SPEER BLVD,1,1,0,0,1,4,0,0,55,0,0,0,0,0,1,3,3
,2023-15286,39.77338398,-104.8469932,4/18/2023 11:35,11:35:00,3,0,0, PEORIA ST & I-70 EB RAMPS,1,1,0,0,1,1,0,0,35,0,0,0,0,0,4,2,16
,2023-15289,39.74743257,-104.884664,4/18/2023 15:40,15:40:00,5,0,0,E MONTVIEW BLVD & N CENTRAL PARK BLVD,1,1,0,0,3,4,0,0,35,0,0,0,0,1,4,1,11
,2023-15290,39.78025182,-105.0064462,4/18/2023 13:46,13:46:00,12,0,1, PECOS ST & W 46TH AVE,1,1,0,0,1,3,0,0,30,0,0,0,1,2,4,2,10
,2023-15292,39.70023316,-104.9593281,4/18/2023 9:50,9:50:00,1,0,0, UNIVERSITY BLVD & E KENTUCKY AVE,1,1,0,0,1,1,0,0,30,0,0,0,0,0,4,2,3
,2023-15293,39.71121549,-105.0299792,4/17/2023 13:25,13:25:00,15,0,0,W ALAMEDA AVE & S IRVING ST,1,1,0,0,1,4,0,0,35,0,0,0,0,0,2,2,16
,2023-15294,39.66728083,-104.9253738,4/18/2023 7:03,7:03:00,15,0,0,I-25 & E YALE AVE,1,1,0,0,1,8,0,0,30,0,0,0,0,0,1,2,11
,2023-15295,39.74013418,-104.9421703,4/17/2023 13:00,13:00:00,12,0,0,E COLFAX AVE & N COLORADO BLVD,1,1,0,0,1,4,0,0,35,0,0,0,0,0,2,2,1
,2023-15296,39.75304593,-104.9854681,4/18/2023 4:32,4:32:00,3,0,0,PARK AVE W & CHAMPA ST,1,3,0,0,1,1,0,0,35,0,0,0,0,0,4,2,13
,2023-15297,39.66764409,-104.9059385,4/18/2023 0:45,0:45:00,12,0,0,E YALE AVE & S ONEIDA ST,1,3,0,0,1,4,0,0,30,0,0,0,0,0,4,2,16
,2023-15298,39.65351567,-104.8684143,4/17/2023 13:30,13:30:00,12,0,0,E HAMPDEN AVE & S GALENA ST,1,1,0,0,1,1,0,0,,0,0,0,0,0,2,2,16
,2023-15299,39.72561083,-104.9526128,4/17/2023 14:47,14:47:00,6,0,0,E 6TH AVE & N MILWAUKEE ST,1,1,0,0,1,4,0,0,30,0,0,0,0,0,4,2,11
,2023-15301,39.68472869,-104.9594472,4/17/2023 17:30,17:30:00,15,0,0, UNIVERSITY BLVD & I-25 SB RAMPS,1,1,0,0,1,1,0,0,,0,0,0,0,0,4,2,16
,2023-15302,39.79831767,-104.7626949,4/18/2023 5:30,5:30:00,12,0,0,E 56TH AVE & N DUNKIRK ST,1,1,0,0,1,4,0,0,45,0,0,0,0,0,4,2,2
,2023-15303,39.77582688,-104.8681024,4/14/2023 6:17,6:17:00,12,0,0,I-70 & N HAVANA ST,1,2,1,0,1,4,0,0,55,0,0,0,0,0,1,4,14
,2023-15305,39.78361588,-105.0530407,3/10/2023 12:50,12:50:00,15,0,0,I-70 & N SHERIDAN BLVD,1,1,1,0,1,4,0,0,55,0,0,0,0,0,1,2,1
,2023-15306,39.7952648,-104.7804246,4/14/2023 0:01,0:01:00,6,0,0,TRUCKEE ST & E ELMENDORF DR,1,1,0,0,6,4,0,0,,0,0,0,0,0,4,2,16
,2023-15307,39.76076379,-105.0041805,4/18/2023 8:30,8:30:00,12,0,0,I-25 NB OFF RAMP & 20TH ST,1,1,1,0,1,8,0,0,20,0,0,0,0,0,1,2,16
,2023-15308,39.70004568,-104.9075586,4/18/2023 10:36,10:36:00,15,0,0,LEETSDALE DR & S ONEIDA ST,1,1,0,0,1,4,0,0,45,0,0,0,0,0,2,2,10
,2023-15312,39.73687625,-105.0001436,4/18/2023 9:35,9:35:00,12,0,0, KALAMATH ST & W 13TH AVE,1,1,0,0,1,1,0,0,30,0,0,0,0,0,4,2,13
,2023-15313,39.78716002,-104.9891145,4/16/2023 2:30,2:30:00,15,0,0,I-25 & I-70,1,3,0,0,1,4,0,0,55,0,0,0,0,0,1,2,13
,2023-15314,39.68278764,-104.9594252,4/18/2023 6:36,6:36:00,3,0,2,E BUCHTEL BLVD & S UNIVERSITY BLVD,1,1,0,0,1,1,0,0,30,0,0,0,0,1,4,2,1
,2023-15315,39.78017247,-104.9900909,4/18/2023 10:34,10:34:00,12,0,0,I-70 & I-25,1,1,0,0,1,4,0,0,55,0,0,0,0,0,1,2,13
,2023-15316,39.68497196,-105.0260833,3/22/2023 18:42,18:42:00,6,0,0,W COLORADO AVE & S FEDERAL BLVD,1,2,0,0,1,2,0,0,30,0,0,0,0,0,4,2,7
,2023-15317,39.67847616,-104.9935299,4/17/2023 11:35,11:35:00,3,0,0,W EVANS AVE & S SANTA FE DR SB RAMPS,1,1,1,0,1,1,0,0,35,0,0,0,0,0,2,2,10
,2023-15319,39.74482816,-104.9688254,4/17/2023 13:55,13:55:00,12,0,0,E 18TH AVE & FRANKLIN ST,1,1,0,0,1,4,0,0,30,0,0,0,0,0,4,2,3