id,drcog_id,latitude,longitude,crashtime,time,crashtype,numbkilled,numbinjurd,drcoglocat,rdconditin,lightngcon,roadcntgrd,weatherco,location,roaddescrp,schoolzone,constrzone,splimit,bikeinv,pedinv,sctrinv,motoinv,svrty,rdsystem,ttlvehcls,hcf
,2023-15842,39.729105,-104.9590272,4/26/2023 12:20,12:20:00,10,0,0, JOSEPHINE ST & E 8TH AVE,1,1,0,0,1,1,0,0,30,0,0,0,0,0,4,2,13
,2023-15843,39.70933647,-104.9875981,4/25/2023 17:35,17:35:00,3,0,0,E DAKOTA AVE & S BROADWAY,11,1,0,1,1,1,0,0,25,0,0,0,0,0,4,2,3
,2023-15848,39.63639307,-104.8937228,4/25/2023 8:36,8:36:00,10,0,1,I-225 WB OFF RAMP & S TAMARAC ST,1,1,3,0,1,1,0,0,,0,0,0,0,1,1,2,16
,2023-15854,39.78363299,-104.7817103,4/26/2023 7:55,7:55:00,1,0,1,E GREEN VALLEY RANCH BLVD & N TELLURIDE ST,11,1,0,0,1,1,0,0,35,0,0,0,0,2,4,2,16
,2023-15868,39.68226967,-105.0251944,4/23/2023 14:39,14:39:00,12,0,0,W JEWELL AVE & S FEDERAL BLVD,1,1,0,0,1,4,0,0,,0,0,0,0,0,4,2,16
,2023-15869,39.76425869,-104.9105896,4/25/2023 20:50,20:50:00,6,0,0, NIAGARA ST & E 33RD AVE,11,3,0,6,1,4,0,0,30,0,0,0,0,0,4,2,14
,2023-15889,39.71817429,-104.9666734,4/23/2023 16:22,16:22:00,2,0,1,E 1ST AVE & N GILPIN ST,1,1,0,0,1,3,0,0,0,1,0,0,0,3,4,1,16
,2023-15921,39.74007422,-104.9406227,4/26/2023 13:50,13:50:00,1,0,1,E COLFAX AVE & N COLORADO BLVD,1,1,0,0,1,1,0,0,30,0,0,0,0,1,2,2,11
,2023-15922,39.68058139,-104.9652147,4/26/2023 19:00,19:00:00,6,0,0, HIGH ST & E ASBURY AVE,1,5,0,0,6,4,0,0,25,0,0,0,0,0,4,2,16
,2023-15924,39.761994,-104.9648688,4/27/2023 8:07,8:07:00,15,0,1,E MLK BLVD & N HIGH ST,1,1,0,0,1,3,0,0,30,0,0,0,0,2,4,2,11
,2023-15925,39.83645784,-104.7154899,4/27/2023 8:41,8:41:00,1,0,0, GUN CLUB RD & E 77TH AVE,1,1,0,0,1,1,0,0,45,0,0,0,0,0,4,2,13
,2023-15926,39.74682834,-104.9597844,4/26/2023 10:15,10:15:00,12,0,0, YORK ST & E 20TH AVE,1,1,0,0,1,4,0,0,30,0,0,0,0,0,4,2,3
,2023-15927,39.74013717,-104.9434492,4/26/2023 14:00,14:00:00,6,0,0,E COLFAX AVE & N GARFIELD ST,1,1,0,0,1,4,0,0,35,0,0,0,0,0,2,2,13
,2023-15931,39.83362775,-104.7136405,4/26/2023 18:15,18:15:00,5,0,0,PENA BLVD & N GUN CLUB ROAD,1,1,0,0,3,4,0,1,65,0,0,0,0,0,4,1,8
,2023-15934,39.74317269,-104.9672167,4/26/2023 20:04,20:04:00,3,0,0, GILPIN ST & E 17TH AVE,1,3,0,0,1,3,0,0,30,0,0,0,0,0,4,2,9
,2023-15935,39.6966599,-104.9918701,4/27/2023 7:21,7:21:00,1,0,3,W MISSISSIPPI AVE & S SANTA FE DR,1,1,0,0,1,1,0,0,35,0,0,0,0,2,2,2,11
,2023-15937,39.67721983,-104.9652359,4/27/2023 12:44,12:44:00,15,0,0, HIGH ST & E WARREN AVE,1,1,0,0,1,4,0,0,25,0,0,0,0,0,4,2,11
,2023-15938,39.72513655,-105.0252488,4/26/2023 14:55,14:55:00,15,0,0,W 6TH AVE EB OFF RAMP & N FEDERAL BLVD,1,1,0,0,1,1,0,0,,0,0,0,0,0,2,2,16
,2023-15941,39.79838492,-104.7863906,4/20/2023 6:01,6:01:00,15,0,0,E 56TH AVE & PENA BLVD,1,1,0,0,1,1,0,0,,0,0,0,0,0,4,2,16
,2023-15945,39.62419817,-104.9087728,4/28/2023 15:06,15:06:00,12,0,0,E BELLEVIEW AVE & S NIAGARA ST,1,1,0,0,1,4,0,0,30,0,0,0,0,0,2,2,13
,2023-15947,39.67846906,-104.9971577,4/27/2023 1:54,1:54:00,12,0,0, HURON ST & W EVANS AVE,1,3,0,0,1,1,0,0,35,0,0,0,0,0,4,2,13
,2023-15951,39.74332583,-104.9727991,4/26/2023 16:37,16:37:00,15,0,0,PARK AVE & E 17TH AVE,1,1,1,0,1,3,0,0,,0,0,0,0,0,4,3,16
,2023-15952,39.70313079,-105.032424,4/25/2023 15:45,15:45:00,3,0,0,W WALSH PL & S KNOX CT,11,1,0,0,1,1,0,0,25,0,0,0,0,0,4,2,11
,2023-15954,39.78793168,-104.8130881,4/27/2023 10:17,10:17:00,6,0,0,E 52ND AVE & N ALTURA ST,1,1,0,0,3,4,0,0,25,0,0,0,0,0,4,2,14
,2023-15958,39.70570238,-104.8659791,4/27/2023 8:40,8:40:00,6,0,0, GALENA WAY & S HAVANA ST,11,4,0,1,1,4,0,0,30,0,0,0,0,0,4,3,16
,2023-15963,39.76001331,-104.8905319,4/26/2023 12:30,12:30:00,3,0,1,E MLK BLVD & N CENTRAL PARK BLVD,1,1,0,0,1,1,0,0,35,0,0,0,0,2,4,2,11
,2023-15964,39.71118438,-105.0006535,4/26/2023 13:30,13:30:00,1,0,0,W ALAMEDA AVE & S PLATTE RIVER DR,1,1,0,0,1,1,0,0,30,0,0,0,0,0,2,2,3
,2023-15965,39.78016041,-104.9571201,4/27/2023 4:13,4:13:00,15,0,0,I-70 & N COLUMBINE ST,1,3,0,0,1,4,0,0,55,0,0,0,0,0,1,2,1
,2023-15966,39.67437062,-105.0298292,4/27/2023 16:19,16:19:00,6,0,0,2345  IRVING ST & W WESLEY AVE,1,1,0,0,1,4,0,0,25,0,0,0,0,0,4,2,16
,2023-15968,39.7112788,-104.9035054,4/27/2023 18:09,18:09:00,3,0,0,E ALAMEDA AVE & S QUEBEC ST,1,1,0,0,1,1,0,0,35,0,0,0,0,0,4,3,13
,2023-15969,39.72541395,-104.9694398,4/22/2023 0:45,0:45:00,6,0,1, HUMBOLDT ST & E 6TH AVE,11,3,0,0,1,4,0,0,25,0,0,0,0,1,4,4,16
,2023-15972,39.75078102,-104.9849277,4/26/2023 17:40,17:40:00,3,0,0,CALIFORNIA ST & 22ND ST,1,1,0,0,1,1,0,0,25,0,0,0,0,0,4,2,13
,2023-15973,39.74750066,-104.9781661,4/26/2023 21:30,21:30:00,10,0,0,20TH AVE & PARK AVE W,1,3,0,0,1,1,0,0,25,0,0,0,0,0,4,2,13
,2023-15974,39.71164246,-105.052052,4/27/2023 9:09,9:09:00,6,0,0, ZENOBIA ST & W ALAMEDA AVE,1,1,1,0,1,4,0,0,25,0,0,0,0,0,4,2,14
,2023-15976,39.78468311,-104.9895148,4/27/2023 8:22,8:22:00,15,0,0,I-25 & W 48TH AVE,1,1,0,0,1,4,0,0,55,0,0,0,0,0,1,2,11
,2023-15978,39.65702178,-104.9594592,4/28/2023 11:52,11:52:00,12,0,0, UNIVERSITY BLVD & E FLORA PL,1,1,0,0,1,3,0,0,35,0,0,0,0,0,4,2,16
,2023-15979,39.72531105,-105.0240855,4/28/2023 8:34,8:34:00,12,0,0,W 6TH AVE FWY EB OFF RAMP & EB RAMP MERGE PT TO I-25,1,1,0,0,1,8,0,0,55,0,0,0,0,0,2,2,16
,2023-15986,39.67694762,-105.0180303,4/28/2023 15:30,15:30:00,13,0,0, BRYANT ST & W WARREN AVE,1,1,0,0,1,4,0,0,25,0,1,0,0,0,4,1,11
,2023-15988,39.70886276,-104.8701258,4/28/2023 0:18,0:18:00,6,0,0, FULTON ST & E GALENA WY,11,3,0,1,1,4,0,0,,0,0,0,0,0,4,2,16
,2023-15989,39.72024861,-105.0152043,4/28/2023 10:08,10:08:00,3,0,1, YUMA ST & W 2ND AVE,1,1,0,0,1,1,0,0,25,0,0,0,0,2,4,2,11
,2023-15990,39.74034202,-105.0334331,4/28/2023 14:03,14:03:00,15,0,0,W COLFAX AVE & N KING ST,1,1,0,0,1,1,0,0,30,0,0,0,0,0,2,2,13
,2023-15991,39.78326795,-105.006235,4/27/2023 20:28,20:28:00,5,0,1,I-70 & N PECOS ST,11,4,0,1,3,4,0,0,65,0,0,0,0,2,1,2,13
,2023-15992,39.65308228,-104.9185287,4/28/2023 1:25,1:25:00,12,0,0,I-25 & E HAMPDEN AVE,11,3,0,1,1,4,0,0,65,0,0,0,0,0,1,3,1
,2023-15993,39.73102863,-104.9406299,4/28/2023 4:09,4:09:00,15,0,0,E 9TH AVE & N COLORADO BLVD,1,3,0,0,1,3,0,0,30,0,0,0,0,0,2,2,16
,2023-15994,39.74041797,-105.0297326,3/29/2023 11:14,11:14:00,15,0,0,W COLFAX AVE & N IRVING ST,1,1,0,0,1,4,0,0,35,0,0,0,0,0,2,2,16
,2023-15997,39.74485896,-104.9823199,3/6/2023 10:35,10:35:00,6,0,0, LOGAN ST & E 18TH AVE,1,1,0,0,1,1,0,0,,0,0,0,0,0,4,2,16
,2023-15998,39.74637554,-105.0315,4/28/2023 15:27,15:27:00,3,0,0,W 19TH AVE & N JULIAN ST,1,1,0,0,1,1,0,0,25,0,0,0,0,1,4,2,13
,2023-15999,39.73683465,-104.983619,4/27/2023 20:21,20:21:00,11,0,1, GRANT ST & E 13TH AVE,11,3,0,1,1,1,0,0,30,0,1,0,0,1,4,1,11
,2023-16000,39.78526389,-104.9039951,4/21/2023 12:00,12:00:00,1,0,0,E 49TH AVE & N SAND CREEK RD,1,1,0,0,1,1,0,0,40,0,0,0,0,0,4,2,11
,2023-16005,39.69664858,-104.9918859,4/27/2023 19:33,19:33:00,3,0,0, PLATTE RIVER DR & W MISSISSIPPI AVE,11,3,0,6,1,1,0,0,35,0,0,0,0,0,2,2,16
,2023-16009,39.72565311,-104.9896543,4/27/2023 9:30,9:30:00,15,0,0,W 6TH AVE & N BANNOCK ST,1,1,0,0,1,4,0,0,35,0,0,0,0,0,4,2,16
,2023-16011,39.68217768,-105.0018278,4/26/2023 9:00,9:00:00,3,0,0,W JEWELL AVE & S PLATTE RIVER DR,11,1,0,1,1,1,0,0,25,0,0,0,0,0,4,2,3
,2023-16014,39.74000002,-104.9861324,4/26/2023 7:55,7:55:00,3,0,1, LINCOLN ST & E COLFAX AVE,11,1,0,1,1,1,0,0,30,0,0,0,0,2,2,3,16
,2023-16015,39.73003659,-104.9034677,4/27/2023 7:56,7:56:00,12,0,0, QUEBEC ST & E 8TH AVE,1,1,0,0,1,4,0,0,25,0,0,0,0,0,4,2,3
,2023-16017,39.69007792,-104.9734802,4/27/2023 17:50,17:50:00,12,0,1,I-25 & S DOWNING ST,1,2,0,0,1,4,0,0,55,0,0,0,0,1,1,3,13
,2023-16020,39.73835472,-104.9799046,4/27/2023 11:40,11:40:00,6,0,0, PEARL ST & E 14TH AVE,1,1,0,0,1,4,0,0,25,0,0,0,0,0,4,2,3
,2023-16025,39.74406317,-104.9931635,4/27/2023 12:45,12:45:00,2,0,1,15TH ST & CALIFORNIA ST,1,1,0,0,1,2,0,0,25,1,0,0,0,1,4,1,11
,2023-16027,39.68303261,-104.9401893,4/27/2023 23:58,23:58:00,12,0,0,I-25 & S COLORADO BLVD,11,3,0,1,1,4,0,0,60,0,0,0,0,0,1,2,13
,2023-16028,39.72530146,-104.9316234,4/28/2023 11:16,11:16:00,10,0,0, DAHLIA ST & E 6TH AVE,1,1,0,0,1,1,0,0,30,0,0,0,0,0,4,2,11
,2023-16036,39.77829706,-104.9224921,4/27/2023 22:10,22:10:00,12,0,3,I-70 & HOLLY ST,11,3,2,1,1,4,0,0,65,0,0,0,0,3,1,3,16
,2023-16038,39.71305141,-105.0121857,4/27/2023 10:42,10:42:00,15,0,0,W BYERS DR & W CEDAR AVE,1,1,0,0,1,4,0,0,25,0,0,0,0,1,4,2,11
,2023-16039,39.70027192,-104.9082099,4/27/2023 14:00,14:00:00,1,0,0,LEETSDALE DR & S ONEIDA ST,1,1,0,0,1,1,0,0,30,0,0,0,0,0,2,2,3
,2023-16047,39.68757121,-104.9828106,4/26/2023 15:45,15:45:00,1,0,0,E IOWA AVE & S LOGAN ST,1,1,0,0,1,1,0,0,25,0,0,0,0,0,4,2,3
,2023-16048,39.73384751,-104.9861301,4/27/2023 21:50,21:50:00,12,0,2,E 11TH AVE,11,3,0,1,1,4,0,0,30,0,0,0,0,2,4,2,3
,2023-16050,39.72092702,-105.0055479,4/27/2023 8:06,8:06:00,3,0,0, OSAGE ST & W 3RD AVE,1,1,0,0,1,1,0,0,25,0,0,0,0,0,4,2,16
,2023-16053,39.7079847,-105.0373646,4/26/2023 15:26,15:26:00,3,0,0,MORRISON RD & S NEWTON ST,1,1,0,0,1,2,0,0,,0,0,0,0,0,4,2,16
,2023-16056,39.67938401,-104.9315988,4/28/2023 16:50,16:50:00,3,0,0, DAHLIA ST & E EVANS AVE,1,1,0,0,1,2,0,0,30,0,0,0,0,0,4,2,13
,2023-16059,39.78375545,-104.8097974,4/26/2023 16:28,16:28:00,11,0,1,E GREEN VALLEY RANCH BLVD & N CHAMBERS RD,1,1,0,0,1,1,0,0,0,0,1,0,0,2,4,1,16
,2023-16060,39.76002668,-104.9339177,4/23/2023 2:03,2:03:00,5,0,1, CHERRY ST & E 30TH AVE,1,3,0,0,3,4,0,0,25,0,0,0,0,2,4,1,2
,2023-16061,39.70594572,-104.9960305,4/28/2023 13:01,13:01:00,15,0,0,I-25 & S SANTA FE DR,1,1,1,0,1,4,0,0,55,0,0,0,0,0,1,2,16
,2023-16063,39.73999801,-104.9785808,3/18/2023 1:40,1:40:00,15,0,0,E COLFAX AVE & N WASHINGTON ST,1,3,0,0,1,4,0,0,,0,0,0,0,0,2,2,16
,2023-16065,39.71156144,-104.9406351,4/28/2023 12:01,12:01:00,5,0,0,E ALAMEDA AVE & S COLORADO BLVD,1,1,0,0,6,1,0,0,35,0,0,0,0,0,2,2,14
,2023-16068,39.78375615,-105.0061419,4/27/2023 12:56,12:56:00,3,0,0,I-70 WB OFF RAMP & N PECOS ST,1,1,0,0,1,6,0,0,20,0,0,0,0,0,1,2,16
,2023-16070,39.69669478,-104.9993825,4/27/2023 12:15,12:15:00,10,0,0,W MISSISSIPPI AVE & S JASON ST,1,1,0,0,1,3,0,0,35,0,0,0,0,0,4,2,13
,2023-16072,39.76259355,-105.0080259,3/20/2023 16:29,16:29:00,6,0,0,QUIVAS ST & W 32ND AVE,1,1,0,0,1,4,0,0,25,0,0,0,0,0,4,2,16
,2023-16074,39.65319389,-104.9047395,4/28/2023 16:47,16:47:00,1,0,0, POPLAR ST & E HAMPDEN AVE,1,1,0,0,1,1,0,0,40,0,0,0,0,0,2,2,13
,2023-16076,39.71836384,-104.9127813,4/22/2023 12:03,12:03:00,3,0,0, MONACO ST & E 1ST AVE,11,1,1,2,1,1,0,0,30,0,0,0,0,0,4,2,7
,2023-16077,39.77819116,-104.9157423,4/27/2023 20:41,20:41:00,12,0,0,I-70 & EB ON RAMP MERGE PT FROM N HOLLY ST,11,3,0,1,1,4,0,0,55,0,0,0,0,0,1,2,14
,2023-16079,39.72408989,-105.0532767,4/28/2023 15:27,15:27:00,3,0,1,W 5TH AVE & N SHERIDAN BLVD,1,1,0,0,1,1,0,0,35,0,0,0,0,2,2,2,13
,2023-16083,39.78050005,-104.9535164,4/28/2023 11:56,11:56:00,12,0,3,I-70 WB ON RAMP & RAMP MERGE PT FROM N VASQUEZ BLVD,1,1,0,0,1,8,0,0,35,0,0,0,0,1,1,3,3
,2023-16084,39.76119049,-105.0048221,4/28/2023 11:47,11:47:00,12,0,0,I-25 & 20TH ST,1,1,0,0,1,13,0,0,55,0,0,0,0,0,1,3,13
,2023-16087,39.76793648,-104.9950517,3/26/2023 19:00,19:00:00,12,0,0,I-25 & PARK AVE W,4,3,0,2,1,4,0,0,55,0,0,0,0,0,1,2,13
,2023-16091,39.75104228,-104.9407761,4/27/2023 21:46,21:46:00,1,0,0,E 23RD AVE & N COLORADO BLVD,11,3,0,1,1,1,0,0,35,0,0,0,0,0,2,2,13
,2023-16092,39.69480267,-104.9876588,4/27/2023 20:00,20:00:00,16,0,0,1165  BROADWAY ST,1,3,3,0,5,7,0,0,15,0,0,0,0,0,3,1,13
,2023-16096,39.72098059,-104.9582626,4/27/2023 23:59,23:59:00,8,0,0,E 3RD AVE & N JOSEPHINE ST,11,3,0,0,1,1,0,0,30,0,0,0,0,0,4,2,13
,2023-16098,39.74486545,-104.9801947,4/28/2023 7:57,7:57:00,6,0,0,E 18TH AVE & N PEARL ST,1,1,0,0,1,4,0,0,,0,0,0,0,0,4,2,16
,2023-16100,39.71803101,-104.952694,3/4/2023 13:30,13:30:00,5,0,0,3000 E 1ST AVE,1,1,0,0,5,7,0,0,,0,0,0,0,0,3,1,11
,2023-16101,39.70585785,-104.9959512,4/28/2023 12:13,12:13:00,12,0,0,I-25 & S SANTA FE DR,1,1,1,0,1,4,0,0,55,0,0,0,0,0,1,3,12
,2023-16105,39.7368614,-104.9922952,4/3/2023 20:25,20:25:00,16,0,0,1331  CHEROKEE ST,1,3,0,0,5,7,0,0,,0,0,0,0,0,3,1,13
,2023-16109,39.77488663,-104.8572199,4/29/2023 12:01,12:01:00,12,0,0,I-70 & N PEORIA ST,1,1,0,0,1,4,0,0,55,0,0,0,0,0,2,2,14
,2023-16110,39.67490131,-104.9811942,4/26/2023 11:56,11:56:00,6,0,0,E ILIFF AVE & S LOGAN ST,1,1,0,0,1,4,0,0,25,0,0,0,0,0,4,2,11
,2023-16112,39.79598981,-104.7976423,4/10/2023 0:45,0:45:00,6,0,0,LEWISTON ST & E MAXWELL PL,1,3,0,0,1,4,0,0,20,0,0,0,0,0,4,2,13
,2023-16114,39.78376614,-104.9406004,4/8/2023 20:15,20:15:00,1,0,0, COLORADO BLVD & E 48TH AVE,1,3,0,0,1,1,0,0,45,0,0,0,0,0,2,2,14
,2023-16115,39.83811801,-104.7144784,4/29/2023 14:03,14:03:00,15,0,1,E 78TH AVE & N GUN CLUB RD,1,1,0,0,1,4,0,0,45,0,0,0,0,2,4,2,8
,2023-16116,39.76183715,-104.9148151,4/29/2023 1:45,1:45:00,5,0,0,E MLK JR BLVD & N LOCUST ST,1,3,0,0,6,4,0,0,35,0,0,0,0,0,4,1,14
,2023-16117,39.74296208,-104.973388,4/24/2023 10:18,10:18:00,10,0,0,DOWNING ST & E 17TH AVE,1,1,0,0,1,2,0,0,30,0,0,0,0,0,4,2,11
,2023-16125,39.75134587,-104.9929364,4/28/2023 21:27,21:27:00,3,0,1,19TH ST & LAWRENCE ST,1,3,0,0,1,1,0,0,35,0,0,0,0,2,4,2,13
,2023-16126,39.66101517,-104.9218118,3/6/2023 8:35,8:35:00,12,0,0,I-25 & E YALE AVE,1,1,0,0,1,4,0,0,45,0,0,0,0,0,1,2,16
,2023-16127,39.77847712,-104.9888179,4/16/2023 3:13,3:13:00,12,0,2,I-25 & I-70,1,3,0,0,1,8,0,0,55,0,0,0,0,3,2,3,16
,2023-16128,39.71331962,-105.0226846,4/22/2023 1:30,1:30:00,6,0,0, DECATUR & W BAYAUD AVE,11,3,0,2,1,4,0,0,15,0,0,0,0,0,4,2,13
,2023-16130,39.77504875,-104.8099096,3/24/2023 14:00,14:00:00,1,0,1,E ANDREWS DR & N CHAMBERS RD,1,1,0,0,1,1,0,0,40,0,0,0,1,3,4,2,11
,2023-16131,39.75046438,-104.9992987,4/27/2023 21:30,21:30:00,12,0,0,BLAKE ST & 16TH ST,11,3,0,1,1,4,0,0,30,0,0,0,0,0,4,2,11
,2023-16132,39.72569757,-104.9752344,4/28/2023 20:57,20:57:00,6,0,0, OGDEN ST & E 5TH AVE,1,3,0,0,1,4,0,0,15,0,0,0,0,0,4,2,11
,2023-16133,39.78235209,-104.8470105,4/29/2023 8:19,8:19:00,12,0,0, PEORIA ST & E 47TH AVE,1,1,0,0,1,3,0,0,,0,0,0,0,0,4,2,16
,2023-16134,39.77975583,-104.9791588,4/29/2023 0:42,0:42:00,12,0,0,I-70 & N WASHINGTON ST (APPROX),1,3,3,0,1,4,0,0,55,0,0,0,0,0,1,3,13
,2023-16141,39.74024432,-105.05321,4/11/2023 9:08,9:08:00,12,0,0, SHERIDAN BLVD & W COLFAX AVE,1,1,0,0,1,4,0,0,30,0,0,0,0,0,2,2,16
,2023-16144,39.71497819,-105.0276029,4/29/2023 2:52,2:52:00,6,0,0,W BAYAUD AVE & S HAZEL CT,1,4,0,0,1,4,0,0,25,0,0,0,0,0,4,5,16
,2023-16149,39.7911437,-105.0346188,4/29/2023 8:56,8:56:00,3,0,0,W 52ND AVE & N LOWELL BLVD,1,1,0,0,1,1,0,0,25,0,0,0,0,0,4,2,16
,2023-16151,39.78389216,-105.0251685,4/29/2023 10:32,10:32:00,1,0,0, FEDERAL BLVD & I-70 EB RAMPS,1,1,0,0,1,1,0,0,35,0,0,0,0,0,2,2,13
,2023-16157,39.78345969,-105.0364984,4/29/2023 9:54,9:54:00,15,0,1,I-70 & N LOWELL BLVD,1,1,3,7,1,4,0,0,55,0,0,0,0,1,1,2,7
,2023-16159,39.78375855,-105.0345717,4/29/2023 12:15,12:15:00,3,0,0,W 48TH AVE & N LOWELL BLVD,1,1,0,0,1,1,0,0,35,0,0,0,0,0,4,2,13
,2023-16160,39.73838755,-104.963476,4/28/2023 17:09,17:09:00,1,0,1, RACE ST & E 14TH AVE,1,1,0,0,1,1,0,0,35,0,0,0,0,2,4,2,13
,2023-16162,39.70886832,-104.9305332,4/29/2023 12:30,12:30:00,3,0,0,LEETSDALE DR & S DAHLIA ST,1,1,0,0,1,2,0,0,35,0,0,0,0,0,2,2,16
,2023-16164,39.74322663,-104.9672165,4/26/2023 20:05,20:05:00,5,0,0, GILPIN & E 17TH AVE,1,2,0,0,2,9,0,0,,0,0,0,0,0,4,1,11
,2023-16165,39.67864401,-105.0250391,4/21/2023 16:18,16:18:00,3,0,2,W EVANS AVE & S FEDERAL BLVD,1,1,0,0,1,1,0,0,35,0,0,0,0,2,2,2,11
,2023-16168,39.67844163,-104.9406289,3/29/2023 11:53,11:53:00,15,0,0, COLORADO BLVD & E EVANS AVE,1,1,0,0,1,1,0,0,30,0,0,0,0,0,2,2,16
,2023-16169,39.78363902,-104.7858142,4/29/2023 17:42,17:42:00,12,0,0,E GREEN VALLEY RANCH BLVD & N PENA BLVD,1,1,0,0,1,4,0,0,,0,0,0,0,0,4,2,16
,2023-16170,39.6966599,-104.9918701,4/28/2023 20:29,20:29:00,1,0,2,W MISSISSIPPI AVE & S SANTA FE DR,1,3,0,0,1,3,0,0,,0,0,0,0,3,2,2,16
,2023-16173,39.74513881,-105.0095614,4/11/2023 20:00,20:00:00,15,0,0,7TH ST & AURARIA PKWY,1,3,0,0,1,3,0,0,,0,0,0,0,0,4,2,16
,2023-16179,39.74379677,-104.8889902,4/3/2023 20:21,20:21:00,3,0,1,E 17TH AVE & N WABASH ST,1,3,0,7,1,9,0,0,15,0,0,0,0,2,4,2,14
,2023-16185,39.73203602,-104.9775986,3/6/2023 22:36,22:36:00,3,0,1,E 10TH AVE & N CLARKSON ST,1,3,0,0,1,1,0,0,25,0,0,0,0,3,4,2,8
,2023-16186,39.73044195,-104.9861338,3/17/2023 6:00,6:00:00,6,0,1, LINCOLN ST & E 9TH AVE,1,2,0,0,1,3,0,0,35,0,0,0,0,3,4,2,13
,2023-16188,39.7459343,-104.9733661,4/24/2023 14:21,14:21:00,11,0,1, DOWNING ST & E 19TH AVE,1,1,0,0,1,1,0,0,0,0,0,1,0,3,4,1,16
,2023-16189,39.76560258,-104.9881677,4/28/2023 3:10,3:10:00,16,0,0,29TH ST & ARKINS CT,1,3,0,0,5,4,0,0,,0,0,0,1,0,3,2,14
,2023-16192,39.74960169,-105.0003506,4/29/2023 2:13,2:13:00,3,0,1,15TH ST & BLAKE ST,1,3,0,0,1,1,0,0,25,0,0,0,0,2,4,3,1
,2023-16193,39.73997688,-104.9605034,3/7/2023 13:15,13:15:00,6,0,0,E COLFAX AVE & N GAYLORD ST,1,1,0,0,1,4,0,0,30,0,0,0,0,0,2,2,16
,2023-16194,39.72388005,-105.0116964,4/29/2023 10:00,10:00:00,12,0,0,I-25 & W 6TH AVE,1,1,0,0,1,4,0,0,55,0,0,0,0,0,1,2,13
,2023-16195,39.71124796,-105.0249449,4/29/2023 2:17,2:17:00,3,0,0, FEDERAL BLVD & W ALAMEDA AVE,1,3,0,0,6,1,0,0,40,0,0,0,0,0,2,2,16
,2023-16196,39.72462844,-104.9202511,4/11/2023 10:00,10:00:00,6,0,0,6  IVY LN & E 6TH AVE,14,5,3,7,1,4,0,0,25,0,0,0,0,0,4,2,1
,2023-16197,39.68042794,-105.0250262,4/12/2023 16:45,16:45:00,12,0,0, FEDERAL BLVD & W ASBURY AVE,1,1,0,0,1,4,0,0,30,0,0,0,0,0,2,2,10
,2023-16199,39.72650049,-104.9349274,4/9/2023 22:44,22:44:00,6,0,0,664  CLERMONT ST & E 6TH AVE,1,3,0,0,1,4,0,0,15,0,0,0,0,0,4,2,16
,2023-16200,39.78286836,-104.7554355,3/13/2023 6:20,6:20:00,16,0,0,4800  HIMALAYA RD & E GREEN VALLEY RANCH BLVD,1,3,0,0,5,7,0,0,,0,0,0,0,0,3,2,16
,2023-16201,39.78245291,-104.8327679,4/16/2023 0:00,0:00:00,6,0,0, CROWN BLVD & N BLACKHAWK WY,1,3,0,0,1,4,0,0,25,0,0,0,0,0,4,2,10
,2023-16203,39.7732931,-104.8387583,4/29/2023 12:09,12:09:00,12,0,0,I-70 & N PEORIA ST,1,1,0,0,1,4,0,0,,0,0,0,0,0,1,2,1
,2023-16204,39.72611096,-105.0134794,4/29/2023 10:27,10:27:00,12,0,0,I-25 & W 6TH AVE FWY,1,1,1,0,1,4,0,0,55,0,0,0,0,0,1,2,10
,2023-16205,39.74466131,-104.9939335,4/28/2023 20:44,20:44:00,6,0,0,15TH ST & CALIFORNIA ST,1,3,0,0,1,4,0,0,25,0,0,0,0,0,4,2,3
,2023-16206,39.72437806,-104.9874745,4/9/2023 2:11,2:11:00,12,0,0,BROADWAY & W 5TH AVE,1,3,0,0,1,4,0,0,35,0,0,0,0,0,4,4,1
,2023-16207,39.78950193,-104.7713021,4/26/2023 11:30,11:30:00,6,0,0,E 50TH PL & N ANDES ST,1,1,0,0,1,4,0,0,25,0,0,0,0,0,4,2,11
,2023-16208,39.6965742,-104.9402402,4/29/2023 12:54,12:54:00,2,0,0,E MISSISSIPPI AVE ALLEY & S HARRISON ST,1,1,0,0,1,9,0,0,0,1,0,0,0,0,4,1,16
,2023-16212,39.78027002,-104.9342047,4/28/2023 20:15,20:15:00,12,0,1,I-70 & COLORADO BLVD,1,3,1,0,1,13,0,0,65,0,0,0,0,2,1,2,16
,2023-16213,39.79027081,-104.8106763,4/9/2023 21:50,21:50:00,5,0,0,E 53RD AVE & N GRANBY ST,1,3,0,0,2,4,0,0,35,0,0,0,0,0,4,1,16
,2023-16214,39.67966975,-104.9367141,4/16/2023 4:36,4:36:00,5,0,0,4775 E COLORADO CENTER DR & S BIRCH ST,1,3,1,0,2,4,0,0,,0,0,0,0,0,4,1,10
,2023-16217,39.66116913,-104.9026699,4/28/2023 21:43,21:43:00,5,0,1, QUEBEC ST & E DARTMOUTH AVE,1,3,0,0,6,4,0,0,35,0,0,0,0,2,4,1,16
,2023-16219,39.74032351,-105.0532251,4/10/2023 19:14,19:14:00,11,0,1,W COLFAX AVE & N SHERIDAN BLVD,1,1,0,0,1,1,0,0,0,0,1,0,0,3,2,1,16