id,drcog_id,latitude,longitude,crashtime,time,crashtype,numbkilled,numbinjurd,drcoglocat,rdconditin,lightngcon,roadcntgrd,weatherco,location,roaddescrp,schoolzone,constrzone,splimit,bikeinv,pedinv,sctrinv,motoinv,svrty,rdsystem,ttlvehcls,hcf
,2023-16292,39.75789026,-104.8903877,4/29/2023 21:12,21:12:00,3,0,0,E 29TH AVE & N CENTRAL PARK BLVD,1,3,0,0,1,3,0,0,25,0,0,0,0,0,4,2,13
,2023-16293,39.71114241,-105.0136934,4/29/2023 23:39,23:39:00,3,0,1,2300 W ALAMEDA AVE S YUMA ST,1,3,0,0,1,2,0,0,35,0,0,0,0,3,4,3,16
,2023-16294,39.74351112,-104.9873807,4/14/2023 13:00,13:00:00,15,0,0,BROADWAY & E 17TH AVE,11,1,0,1,1,4,0,0,30,0,0,0,0,0,4,2,13
,2023-16296,39.72561145,-104.9527465,4/15/2023 8:30,8:30:00,6,0,0,E 6TH AVE & FILLMORE ST,1,1,0,0,1,4,0,0,30,0,0,0,0,0,4,2,16
,2023-16303,39.7110055,-104.9485583,4/24/2023 7:36,7:36:00,3,0,1,E ALAMEDA AVE & E CHERRY CREEK S DR,1,1,0,0,6,3,0,0,25,0,0,0,0,3,4,2,1
,2023-16305,39.67988788,-104.9347753,4/30/2023 7:40,7:40:00,15,0,0,I-25 & E EVANS AVE,1,1,0,0,1,4,0,0,65,0,0,0,0,0,1,2,16
,2023-16306,39.72932215,-105.0150429,4/29/2023 22:06,22:06:00,12,0,0,I-25 & W 8TH AVE,1,3,0,0,1,4,0,0,55,0,0,0,0,0,1,2,13
,2023-16319,39.71496974,-105.034892,4/30/2023 14:52,14:52:00,3,0,0,W BAYAUD AVE & S LOWELL BLVD,1,1,0,0,1,1,0,0,25,0,0,0,0,1,4,2,11
,2023-16320,39.71922379,-104.8756017,4/23/2023 17:53,17:53:00,5,0,0,E 1ST AVE & S DAYTON ST,1,1,3,0,3,6,0,0,,0,0,0,0,0,4,2,16
,2023-16321,39.75027361,-105.0170156,4/29/2023 23:39,23:39:00,15,0,0,I-25 & W 23RD AVE,1,3,0,0,1,4,0,0,55,0,0,0,0,0,1,2,7
,2023-16341,39.67868382,-105.0156956,4/25/2023 5:47,5:47:00,3,0,1,W EVANS AVE & S ZUNI ST,1,2,0,0,1,3,0,0,35,0,0,0,0,2,4,2,13
,2023-16348,39.73438876,-104.9574462,4/30/2023 16:20,16:20:00,3,0,0,1125  COLUMBINE ST & N JOSEPHINE ST,1,1,0,0,1,9,0,0,,0,0,0,0,0,4,2,16
,2023-16349,39.73840024,-105.0138382,4/29/2023 23:28,23:28:00,15,0,0,I-25 & W COLFAX AVE,1,3,0,0,1,4,0,0,55,0,0,0,0,0,1,3,16
,2023-16353,39.67926217,-104.9408905,4/14/2023 13:50,13:50:00,15,0,0, COLORADO BLVD & E EVANS AVE,11,1,3,2,1,4,0,0,35,0,0,0,0,0,2,3,16
,2023-16357,39.65178,-105.0530904,4/19/2023 13:05,13:05:00,3,0,2,W HAMPDEN AVE  FRTG RD & S SHERIDAN BLVD,1,1,0,0,1,1,0,0,30,0,0,0,0,3,2,2,3
,2023-16358,39.83112608,-104.7718822,4/26/2023 16:50,16:50:00,12,0,0,OUTBOUND PENA TO TOWER OFF RAMP & TOWER ROAD,1,1,1,0,1,3,0,0,45,0,0,0,0,0,4,2,13
,2023-16359,39.7111843,-105.0015765,4/14/2023 14:10,14:10:00,12,0,0,1200 W ALAMEDA AVE S LIPAN ST,11,1,0,1,1,4,0,0,,0,0,0,0,0,2,2,16
,2023-16360,39.77320451,-104.8355985,4/24/2023 17:54,17:54:00,12,0,0,I-70 & MM 282.2,1,1,0,0,1,4,0,0,55,0,0,0,0,0,1,5,14
,2023-16362,39.73328961,-104.9810407,4/24/2023 13:52,13:52:00,6,0,0,PENNSYLVANIA ST & E 11TH AVE,1,1,0,0,1,4,0,0,25,0,0,0,0,0,4,2,16
,2023-16369,39.80921915,-104.7626421,4/30/2023 20:26,20:26:00,3,0,0,E 62ND AVE & N DUNKIRK ST,1,3,0,0,1,1,0,0,30,0,0,0,0,0,4,2,11
,2023-16371,39.72054856,-105.0076503,4/30/2023 15:07,15:07:00,12,0,0,I-25 & W 6TH AVE,1,1,1,0,1,4,0,0,55,0,0,0,0,0,1,4,13
,2023-16374,39.72283485,-105.0532685,4/30/2023 4:36,4:36:00,5,0,0,300  SHERIDAN BLVD W 4TH AVE,1,3,0,0,3,4,0,0,35,0,0,0,0,0,4,1,14
,2023-16377,39.67825099,-105.0287916,4/26/2023 6:42,6:42:00,1,0,0,W EVANS AVE & S HOOKER WAY,11,1,0,1,1,1,0,0,30,0,0,0,0,0,4,2,16
,2023-16382,39.79147169,-104.7800531,4/29/2023 22:40,22:40:00,6,0,0,E 52ND AVE & N URAVAN ST,1,4,0,0,1,4,0,0,25,0,0,0,0,0,4,3,14
,2023-16393,39.74064146,-105.0142656,4/29/2023 22:22,22:22:00,12,0,1,I-25 & W COLFAX AVE,1,3,0,0,1,4,0,0,65,0,0,0,0,2,1,2,16
,2023-16394,39.79025567,-104.809754,4/30/2023 3:22,3:22:00,1,0,0, CHAMBERS RD & E 53RD AVE,1,3,0,0,1,1,0,0,40,0,0,0,0,0,4,2,12
,2023-16395,39.74576452,-104.9714705,4/29/2023 2:30,2:30:00,16,0,0,1375 E 19TH AVE & 19TH ST,1,3,0,0,5,7,0,0,,0,0,0,0,0,3,2,10
,2023-16396,39.72932032,-105.0143102,4/25/2023 8:05,8:05:00,12,0,0,W 8TH AVE & N WYANDOT ST,1,1,0,0,1,4,0,0,30,0,0,0,0,0,4,2,13
,2023-16430,39.71815559,-105.0360991,5/1/2023 7:38,7:38:00,3,0,0,W 1ST AVE & N MEADE ST,1,1,0,0,1,1,0,0,25,0,0,0,0,1,4,2,16
,2023-16431,39.68901626,-104.9718355,4/30/2023 23:07,23:07:00,12,0,0,I-25 & S DOWNING ST,1,3,0,0,1,4,0,0,60,0,0,0,0,0,1,2,14
,2023-16432,39.75370407,-105.0251266,4/29/2023 15:28,15:28:00,12,0,0,2400  FEDERAL BLVD W 25TH AVE,1,1,0,0,1,3,0,0,35,0,0,0,0,0,2,2,1
,2023-16434,39.76513119,-104.890476,4/30/2023 8:52,8:52:00,6,0,0,E 35TH AVE & CENTRAL PARK BLVD,1,2,0,0,1,4,0,0,,0,0,0,0,0,4,2,16
,2023-16435,39.73254228,-104.9810347,4/29/2023 7:28,7:28:00,5,0,0,1000  PENNSYLVANIA ST E 10TH AVE,1,1,3,0,3,9,0,0,15,0,0,0,0,0,4,1,3
,2023-16437,39.75000126,-105.0252375,5/1/2023 17:20,17:20:00,12,0,1,W 22ND AVE & N FEDERAL BLVD,1,1,0,0,1,1,0,0,35,0,0,0,0,1,2,2,3
,2023-16438,39.75471106,-104.9151739,4/28/2023 16:27,16:27:00,3,0,0,E 26TH AVE & N LEYDEN ST,1,1,0,0,1,1,0,0,25,0,0,0,0,0,4,2,11
,2023-16439,39.71640123,-104.9173555,4/29/2023 10:12,10:12:00,15,0,0, SOUTHMOOR DR & KEARNEY LN,1,1,0,0,1,4,0,0,25,0,0,0,0,0,4,2,11
,2023-16440,39.75155226,-105.0164335,5/1/2023 12:05,12:05:00,12,0,0,I-25 & W 23RD AVE,1,1,1,0,1,4,0,0,55,0,0,0,0,0,1,2,3
,2023-16442,39.78232987,-104.8828159,4/28/2023 11:24,11:24:00,11,0,0,E 47TH AVE & N CENTRAL PARK BLVD,1,1,0,0,1,1,0,0,25,0,0,1,0,0,4,1,11
,2023-16443,39.72026485,-105.0210948,4/30/2023 7:39,7:39:00,6,0,0,2700 W 2ND AVE N CLAY ST,1,1,0,0,1,4,0,0,30,0,0,0,0,0,4,3,16
,2023-16444,39.67864401,-105.0250391,4/12/2023 9:30,9:30:00,11,0,1,W EVANS AVE & S FEDERAL BLVD,1,1,0,0,1,1,0,0,,0,1,0,0,2,2,1,16
,2023-16445,39.7836139,-104.7723336,4/27/2023 18:20,18:20:00,12,0,0,E GREEN VALLEY RANCH BLVD & N TOWER RD,11,1,0,0,1,4,0,0,40,0,0,0,0,0,4,2,16
,2023-16446,39.78564767,-104.7654246,5/1/2023 14:53,14:53:00,12,0,1, ARGONNE ST & N CATHAY ST,1,1,0,0,1,1,0,0,20,0,0,0,0,2,4,2,14
,2023-16447,39.69666189,-104.9929227,4/30/2023 13:48,13:48:00,3,0,0, PLATTE RIVER DR & W MISSISSIPPI AVE,1,1,0,0,1,1,0,0,40,0,0,0,0,0,2,2,1
,2023-16448,39.67916794,-105.0572431,4/30/2023 16:55,16:55:00,5,0,0, DEPEW ST & W EVANS AVE,1,1,0,0,4,3,0,0,30,0,0,0,0,1,4,1,10
,2023-16452,39.82013141,-104.6654891,4/30/2023 13:33,13:33:00,3,0,0,68TH AVE  & VALLEY HEAD ST,1,1,0,0,1,1,0,0,30,0,0,0,0,0,4,2,8
,2023-16454,39.79920715,-104.8669113,4/30/2023 15:45,15:45:00,6,0,0, HANOVER ST & E 56TH PL,1,1,0,0,2,4,0,0,20,0,0,0,0,0,4,2,16
,2023-16455,39.72164911,-105.0093264,5/1/2023 9:48,9:48:00,12,0,0,I-25 & W 6TH AVE,1,1,0,0,1,4,0,0,55,0,0,0,0,0,1,2,3
,2023-16457,39.79354357,-104.9034281,4/25/2023 15:30,15:30:00,15,0,0, QUEBEC ST & E 53RD PL,1,1,0,0,1,4,0,0,40,0,0,0,0,0,4,2,11
,2023-16458,39.73843627,-104.982328,5/1/2023 7:15,7:15:00,3,0,1,E 14TH AVE & N LOGAN ST,1,1,0,0,1,1,0,0,30,0,0,0,0,2,4,2,13
,2023-16459,39.71297857,-105.0002003,4/29/2023 14:40,14:40:00,12,0,0,I-25 & W ALAMEDA AVE,1,1,0,0,1,4,0,0,,0,0,0,0,0,1,2,16
,2023-16460,39.71418884,-105.000709,5/1/2023 17:37,17:37:00,12,0,1,I-25 & W 6TH AVE,1,1,0,0,1,4,0,0,65,0,0,0,0,2,1,3,11
,2023-16461,39.77512511,-104.8619201,4/30/2023 10:30,10:30:00,15,0,0,I-70 EB ON RAMP ENT & N HAVANA ST,1,1,0,0,1,8,0,0,,0,0,0,0,0,1,2,16
,2023-16462,39.71814778,-105.0396905,5/1/2023 9:02,9:02:00,3,0,0,W 1ST AVE & N PERRY ST,1,1,0,0,1,1,0,0,30,0,0,0,0,0,4,2,13
,2023-16465,39.68911612,-105.0500341,4/30/2023 11:55,11:55:00,15,0,0, XAVIER ST & W FLORIDA AVE,1,1,0,0,1,4,0,0,25,0,0,0,0,0,4,2,13
,2023-16466,39.72207526,-104.8823731,4/30/2023 10:04,10:04:00,15,0,0, YOSEMITE WY & E 5TH PL,1,1,0,0,1,1,0,0,30,0,0,0,0,0,4,2,11
,2023-16467,39.76768537,-105.0322918,4/30/2023 12:26,12:26:00,6,0,0,JULIAN ST & W 37TH AVE,1,2,0,0,1,4,0,0,,0,0,0,0,0,4,2,16
,2023-16468,39.73386557,-104.9874153,5/1/2023 11:40,11:40:00,1,0,0, BROADWAY ST & E 11TH AVE,1,1,1,0,1,1,0,0,30,0,0,0,0,0,4,2,8
,2023-16470,39.72512735,-105.0249732,5/1/2023 8:52,8:52:00,10,0,0, FEDERAL BLVD & W 6TH AVE EB OFF RAMP,1,1,0,0,1,1,0,0,35,0,0,0,0,0,2,2,13
,2023-16473,39.74582799,-104.9406056,4/30/2023 13:35,13:35:00,12,0,1, COLORADO BLVD & E 19TH AVE,1,1,0,0,1,4,0,0,35,0,0,0,0,1,2,2,13
,2023-16474,39.72567398,-104.9932137,5/1/2023 9:49,9:49:00,12,0,0,W 6TH AVE & N DELAWARE ST,1,1,0,0,1,4,0,0,30,0,0,0,0,1,4,4,13
,2023-16479,39.77977179,-104.9797749,4/26/2023 16:47,16:47:00,12,0,0,I-70 & N WASHINGTON ST,1,1,0,0,1,4,0,0,,0,0,0,0,0,1,2,16
,2023-16483,39.77700825,-104.8046698,4/29/2023 18:22,18:22:00,16,0,0,4699  KITTREDGE ST,1,1,0,0,5,7,0,0,10,0,0,0,1,0,3,2,16
,2023-16489,39.75483738,-105.0249396,5/1/2023 8:40,8:40:00,12,0,0,W 26TH AVE & N FEDERAL BLVD,1,1,0,0,1,4,0,0,30,0,0,0,0,0,4,2,3
,2023-16498,39.68959535,-105.0157078,5/1/2023 14:06,14:06:00,12,0,2, ZUNI ST & W FLORIDA AVE,1,1,1,0,1,4,0,0,25,0,0,0,0,2,4,2,10
,2023-16500,39.77228942,-104.9317439,5/1/2023 7:05,7:05:00,15,0,0, DAHLIA ST & E 39TH AVE,1,1,0,0,1,4,0,0,25,0,0,0,0,0,4,2,11
,2023-16520,39.78949826,-104.9875591,4/25/2023 13:36,13:36:00,6,0,0, BROADWAY & E 51ST AVE,1,1,0,0,1,4,0,0,30,0,0,0,0,0,4,2,13
,2023-16534,39.69512299,-104.9800426,4/24/2023 16:04,16:04:00,12,0,1,I-25 & S WASHINGTON ST,1,1,0,0,1,4,0,0,60,0,0,0,0,1,1,2,16
,2023-16544,39.6857081,-104.9537247,4/30/2023 13:44,13:44:00,6,0,1, FILLMORE ST & E MEXICO AVE,1,1,0,0,6,4,0,0,25,0,0,0,0,3,4,3,10
,2023-16549,39.79139765,-104.8384788,4/30/2023 15:38,15:38:00,3,0,1,E ELMENDORF PL & N TULSA WAY,1,1,0,0,1,1,0,0,25,0,0,0,0,2,4,3,1
,2023-16578,39.7564487,-105.016234,3/13/2023 11:12,11:12:00,12,0,0,SPEER BLVD & N ZUNI ST,1,1,1,0,1,3,0,0,35,0,0,0,0,0,4,2,1
,2023-16587,39.79103549,-104.9782743,5/2/2023 7:06,7:06:00,12,0,0, WASHINGTON ST & E 52ND AVE,14,5,3,7,1,1,0,0,,0,0,0,0,0,4,2,16
,2023-16591,39.77338975,-104.8471882,5/2/2023 12:11,12:11:00,12,0,0,I-70 EB OFF RAMP & N PEORIA ST,1,1,0,0,1,1,0,0,35,0,0,0,0,0,4,2,11
,2023-16592,39.78227383,-104.8657409,5/2/2023 14:55,14:55:00,1,0,0,E 47TH AVE & N HAVANA ST,1,1,0,0,1,1,0,0,40,0,0,0,0,0,4,2,11
,2023-16593,39.7758327,-105.0532476,4/26/2023 8:28,8:28:00,11,0,1, SHERIDAN BLVD & W 44TH AVE,11,1,0,1,1,4,0,0,0,0,1,0,0,3,2,1,16
,2023-16595,39.69921118,-104.9052303,5/1/2023 7:51,7:51:00,12,0,0,LEETSDALE DR & S QUEBEC ST,1,1,0,0,1,4,0,0,45,0,0,0,0,0,2,2,10
,2023-16596,39.75000211,-105.033257,5/1/2023 14:52,14:52:00,6,0,0,W 22ND AVE & N. KING ST,1,1,0,0,1,4,0,0,25,0,0,0,0,0,4,2,3
,2023-16597,39.73751993,-104.9124358,4/25/2023 14:50,14:50:00,12,0,0, MONACO ST & E 13TH AVE,1,1,0,0,1,4,0,0,30,0,0,0,0,0,4,3,16
,2023-16598,39.70663631,-105.0460671,4/2/2023 23:53,23:53:00,6,0,1,500  UTICA ST W CUSTER PL,1,3,0,0,1,4,0,0,25,0,0,0,0,1,4,2,16
,2023-16600,39.72927549,-104.9142382,5/1/2023 7:15,7:15:00,15,0,0,E 8TH AVE & N LOCUST ST,1,1,0,0,1,4,0,0,30,0,0,0,0,0,4,2,11
,2023-16601,39.79399373,-105.0251403,4/17/2023 2:17,2:17:00,11,0,1,5300  FEDERAL BLVD W COLUMBINE RD,1,3,1,0,3,4,0,0,35,0,1,0,0,3,2,1,16
,2023-16603,39.67863707,-105.0086643,5/1/2023 13:20,13:20:00,3,0,0, RARITAN ST & W EVANS AVE,1,1,0,0,1,1,0,0,25,0,0,0,0,1,4,2,3
,2023-16604,39.77678076,-105.0439727,5/2/2023 11:06,11:06:00,12,0,0, TENNYSON ST & W 44TH AVE,1,1,0,0,1,4,0,0,30,0,0,0,0,0,4,2,13
,2023-16608,39.74895186,-105.0175721,5/2/2023 12:37,12:37:00,12,0,2,I-25 & W 23RD AVE,1,1,0,0,1,4,0,0,55,0,0,0,0,1,1,2,16
,2023-16610,39.70041901,-105.0250845,5/1/2023 3:31,3:31:00,1,0,1, FEDERAL BLVD & W KENTUCKY AVE,1,3,0,0,1,1,0,0,40,0,0,0,0,2,2,2,16
,2023-16614,39.69596326,-105.0155816,4/20/2023 19:05,19:05:00,3,0,0, ZUNI ST & W MOSIER PL,1,2,0,0,1,1,0,0,30,0,0,0,0,1,4,2,11
,2023-16615,39.78363784,-104.7904896,5/1/2023 20:29,20:29:00,1,0,0,E GREEN VALLEY RANCH BLVD & PENA BLVD INBOUND,1,3,0,0,1,1,0,0,,0,0,0,0,0,4,2,16
,2023-16620,39.72756099,-104.9406268,5/2/2023 7:41,7:41:00,12,0,0, COLORADO BLVD & E 7TH AVE,1,1,0,0,1,3,0,0,30,0,0,0,0,0,2,2,3
,2023-16622,39.72090596,-104.9814494,5/2/2023 10:00,10:00:00,6,0,0,500- E 3RD AVE N PEARL ST,1,1,0,0,1,4,0,0,25,0,0,0,0,0,4,2,16
,2023-16623,39.71120246,-104.9971447,5/1/2023 16:30,16:30:00,15,0,0, SANTA FE DR & W ALAMEDA AVE,1,1,0,0,1,1,0,0,,0,0,0,0,0,2,2,16
,2023-16626,39.77289404,-104.9594126,5/1/2023 8:07,8:07:00,12,0,0,WB E 40TH AVE & N YORK ST,1,1,3,0,1,1,0,0,30,0,0,0,0,0,4,2,13
,2023-16627,39.75483599,-105.0248239,5/1/2023 8:39,8:39:00,6,0,0,W 26TH AVE & N FEDERAL BLVD,1,1,0,0,1,4,0,0,30,0,0,0,0,0,4,4,3
,2023-16628,39.73841906,-104.9768344,4/25/2023 15:05,15:05:00,15,0,0,800 E 14TH AVE EMERSON ST,11,1,0,1,1,4,1,0,35,0,0,0,0,0,4,2,11
,2023-16630,39.76797631,-104.994949,4/22/2023 21:39,21:39:00,15,0,0,I-25 & PARK AVE W,1,3,0,0,1,8,0,0,,0,0,0,0,0,1,2,16
,2023-16631,39.74846118,-105.0033455,5/2/2023 13:37,13:37:00,15,0,0,AURARIA PKWY & N SPEER BLVD,1,1,0,0,1,4,0,0,30,0,0,0,0,0,4,2,16
,2023-16632,39.83340667,-104.7718786,5/1/2023 16:40,16:40:00,1,0,0, TOWER RD & PENA BLVD,1,1,1,0,1,1,0,0,45,0,0,0,0,1,4,2,7
,2023-16634,39.72287746,-104.9928247,5/2/2023 7:15,7:15:00,14,0,0, DELAWARE ST & W 4TH AVE,1,1,0,0,1,4,0,0,25,0,0,0,0,0,4,2,7
,2023-16638,39.77290684,-104.9526529,5/1/2023 10:57,10:57:00,5,0,0,E 40TH AVE & N MILWAUKEE ST,1,1,0,0,3,4,0,0,35,0,0,0,0,0,4,1,16
,2023-16639,39.72622607,-105.051884,5/2/2023 7:44,7:44:00,12,0,0,6TH AVE FR  & N SHERIDAN BLVD,1,1,1,0,1,4,0,0,40,0,0,0,0,0,2,2,11
,2023-16640,39.71333206,-105.0532451,5/2/2023 8:24,8:24:00,11,0,1, SHERIDAN BLVD & W CEDAR AVE,1,1,0,0,1,1,0,0,30,0,1,0,0,2,2,1,13
,2023-16643,39.73188894,-104.9976132,4/26/2023 13:07,13:07:00,10,0,1,900  INCA ST W 10TH AVE,1,1,0,0,1,4,0,0,25,0,0,0,0,1,4,2,16
,2023-16645,39.74947719,-104.9733705,5/2/2023 11:38,11:38:00,1,0,2,E 22ND AVE & N DOWNING ST,1,1,0,0,1,1,0,0,30,0,0,0,0,2,4,2,11
,2023-16646,39.74051678,-104.988497,5/2/2023 11:00,11:00:00,15,0,0,W COLFAX AVE & 15TH ST,1,1,0,0,1,1,0,0,30,0,0,0,0,0,2,2,13
,2023-16648,39.74020306,-104.9989233,5/2/2023 10:44,10:44:00,1,0,0,W COLFAX AVE & N SPEER BLVD,1,1,0,0,1,1,0,0,30,0,0,0,0,0,1,2,8
,2023-16649,39.67844511,-104.9933194,4/26/2023 10:55,10:55:00,15,0,0, SANTA FE DR & W EVANS AVE,1,1,0,0,1,3,0,0,,0,0,0,0,0,2,2,16
,2023-16653,39.77802228,-104.8461283,5/2/2023 13:15,13:15:00,3,0,0,E 45TH AVE & N PEORIA ST,1,1,0,0,1,2,0,0,35,0,0,0,0,0,4,2,7
,2023-16654,39.77286976,-104.9406679,5/1/2023 10:50,10:50:00,12,0,0, COLORADO BLVD & E 40TH AVE,1,1,0,0,1,1,0,0,35,0,0,0,0,0,2,2,13
,2023-16656,39.69997047,-104.9874725,5/2/2023 10:00,10:00:00,12,0,0, BROADWAY & E KENTUCKY AVE,1,1,0,0,1,4,0,0,35,0,0,0,0,0,4,2,7
,2023-16660,39.74009977,-104.9588027,4/12/2023 13:22,13:22:00,11,0,1,E COLFAX AVE & N JOSEPHINE ST,1,1,0,0,1,3,0,0,25,0,1,0,0,3,4,1,13
,2023-16661,39.71124655,-105.025172,4/28/2023 14:20,14:20:00,12,0,0, FEDERAL BLVD & W ALAMEDA AVE,1,1,0,0,1,1,0,0,40,0,0,0,0,0,2,2,16
,2023-16662,39.775796,-104.8657424,5/1/2023 14:10,14:10:00,1,0,0, HAVANA ST & I-70,1,1,0,0,1,1,0,0,40,0,0,0,0,0,4,2,7
,2023-16667,39.78013264,-104.9671135,4/28/2023 10:52,10:52:00,12,0,0,I-70 & N BRIGHTON BLVD,1,3,0,0,1,4,0,0,45,0,0,0,0,0,1,2,16
,2023-16669,39.66760421,-104.9593794,5/2/2023 20:01,20:01:00,12,0,0, UNIVERSITY BLVD & E YALE AVE,1,3,1,0,1,1,0,0,30,0,0,0,0,0,4,2,11
,2023-16670,39.74166971,-104.9861164,5/1/2023 14:45,14:45:00,10,0,0, LINCOLN ST & E 16TH AVE,1,1,1,0,1,1,0,0,30,0,0,0,0,0,4,2,7
,2023-16673,39.67865344,-105.0250484,5/2/2023 12:05,12:05:00,15,0,0, FEDERAL BLVD & W EVANS AVE,1,1,0,0,1,1,0,0,,0,0,0,0,0,2,2,3
,2023-16679,39.76928776,-104.9597542,5/2/2023 9:00,9:00:00,3,0,1,E 38TH AVE & N YORK ST,1,1,0,0,1,1,0,0,25,0,0,0,0,1,4,2,11
,2023-16682,39.74946525,-104.9953418,5/2/2023 9:45,9:45:00,3,0,0,17TH ST & LAWRENCE ST,1,1,0,0,1,1,0,0,30,0,0,0,0,0,4,2,3
,2023-16683,39.72571376,-105.0249022,5/2/2023 6:50,6:50:00,3,0,1, FEDERAL BLVD & W 6TH AVE WB OFF RAMP,1,1,0,0,1,1,0,0,35,0,0,0,0,3,2,2,1
,2023-16684,39.68758343,-104.9875127,5/1/2023 15:00,15:00:00,1,0,0, BROADWAY & E IOWA AVE,1,1,0,0,1,1,0,0,30,0,0,0,0,0,4,2,3
,2023-16685,39.7254048,-104.9862598,5/2/2023 8:36,8:36:00,12,0,0, LINCOLN ST & SPEER BLVD S,1,1,0,0,1,3,0,0,30,0,0,0,0,0,4,2,10
,2023-16686,39.83395669,-104.7609644,5/2/2023 10:40,10:40:00,15,0,0,E470,1,1,0,0,1,4,0,0,65,0,0,0,0,0,4,2,8
,2023-16690,39.7181149,-104.9593197,5/2/2023 13:28,13:28:00,12,0,0, UNIVERSITY BLVD & E 1ST AVE,1,1,0,0,1,4,0,0,35,0,0,0,0,1,4,3,3
,2023-16722,39.68950197,-105.0203671,4/24/2023 19:16,19:16:00,8,0,2,W FLORIDA AVE & S CLAY ST,1,1,0,0,1,1,0,0,25,0,0,0,0,3,4,2,10
,2023-16723,39.68395565,-104.9919916,4/14/2023 18:57,18:57:00,12,0,1, SANTA FE DR & W IOWA AVE,12,4,0,1,1,4,0,0,55,0,0,0,0,2,2,2,11
,2023-16725,39.79837894,-104.7849228,4/18/2023 18:00,18:00:00,12,0,0,E 56TH AVE & N PENA BLVD,1,1,0,0,1,4,0,0,45,0,0,0,0,0,4,2,16
,2023-16726,39.75850676,-104.9871928,4/1/2023 1:06,1:06:00,6,0,0,WALNUT ST & BROADWAY,1,3,0,0,1,4,0,0,25,0,0,0,0,0,4,3,16
,2023-16728,39.78515891,-104.833662,5/3/2023 15:59,15:59:00,3,0,0, BILLINGS ST & E ANDREWS DR,1,1,0,0,1,1,0,0,25,0,0,0,0,0,4,2,13
,2023-16729,39.67529692,-105.0250402,5/3/2023 9:49,9:49:00,3,0,2, FEDERAL BLVD & W ILIFF AVE,1,1,0,0,1,1,0,0,40,0,0,0,0,2,2,2,1
,2023-16730,39.73319226,-105.0298431,4/20/2023 19:12,19:12:00,6,0,0, IRVING ST & W 10TH AVE,1,2,0,0,1,4,0,0,25,0,0,0,0,0,4,2,1
,2023-16731,39.70735035,-104.9407891,4/23/2023 17:00,17:00:00,1,0,0, COLORADO BLVD & CHERRY CREEK N DR,1,1,0,0,1,1,0,0,35,0,0,0,0,0,2,2,1
,2023-16732,39.67860044,-104.9875674,2/22/2023 16:45,16:45:00,12,0,0, BROADWAY & E EVANS AVE,9,1,0,2,1,1,0,0,30,0,0,0,0,0,4,2,1
,2023-16733,39.7400037,-104.9753335,4/16/2023 22:52,22:52:00,1,0,1,E COLFAX AVE & N OGDEN ST,1,3,0,0,1,1,0,0,35,0,0,0,1,3,2,2,1
,2023-16734,39.7856462,-105.0532524,5/3/2023 8:09,8:09:00,12,0,0,W 49TH AVE & N SHERIDAN BLVD,1,1,1,0,1,1,0,0,35,0,0,0,0,0,2,3,3
,2023-16737,39.78075042,-104.8377761,4/5/2023 8:05,8:05:00,3,0,0, CROWN BLVD & E 46TH AVE,1,1,0,0,1,1,0,0,25,0,0,0,0,0,4,2,16
,2023-16738,39.73299502,-105.0251692,4/26/2023 10:27,10:27:00,11,0,1, FEDERAL BLVD & 10TH AVE,1,1,0,0,1,2,0,0,0,0,0,1,0,1,2,1,16
,2023-16743,39.7112643,-105.0324556,4/2/2023 0:56,0:56:00,3,0,0, KNOX CT & W ALAMEDA AVE,1,3,0,0,1,1,0,0,35,0,0,0,0,0,2,2,1
,2023-16745,39.71817429,-104.9666734,4/11/2023 14:20,14:20:00,12,0,0,E 1ST AVE & N GILPIN ST,1,1,0,0,1,3,0,0,30,0,0,0,0,0,4,2,16
,2023-16746,39.67348376,-104.9875799,4/27/2023 15:20,15:20:00,6,0,0, BROADWAY & E ILIFF AVE,1,1,0,0,1,4,0,0,35,0,0,0,0,0,4,3,16
,2023-16748,39.78880673,-104.8175416,4/7/2023 1:20,1:20:00,6,0,0,E 52ND AVE & DURHAM CT,1,4,0,0,3,4,0,0,25,0,0,0,0,0,4,2,1
,2023-16752,39.71149286,-104.9387552,4/12/2023 8:01,8:01:00,15,0,0,E ALAMEDA AVE & LEETSDALE DR,1,1,0,0,1,4,0,0,30,0,0,0,0,0,4,2,16
,2023-16753,39.73835573,-105.0138401,5/2/2023 17:24,17:24:00,12,0,0,I-25 & AURARIA PKWY,1,1,0,0,1,4,0,0,55,0,0,0,0,0,1,3,3
,2023-16754,39.78363758,-104.7904211,5/3/2023 6:55,6:55:00,12,0,0,E GREEN VALLEY RANCH BLVD & PENA BLVD INBOUND,1,1,0,0,1,4,0,0,35,0,0,0,0,0,4,2,11
,2023-16757,39.68555928,-104.9405431,2/28/2023 20:55,20:55:00,15,0,0, COLORADO BLVD & E MEXICO AVE,14,3,0,0,1,3,0,0,,0,0,0,0,0,2,2,16
,2023-16760,39.71755239,-104.940626,5/3/2023 8:09,8:09:00,12,0,0, COLORADO BLVD & E 1ST AVE,1,1,1,0,1,4,0,0,35,0,0,0,0,0,2,2,3
,2023-16761,39.71118407,-105.0039099,5/3/2023 3:15,3:15:00,5,0,0,W ALAMEDA AVE & S NAVAJO ST,1,3,0,0,3,4,0,0,35,0,0,0,0,0,2,1,14
,2023-16762,39.77267977,-104.9034972,4/1/2023 14:20,14:20:00,3,0,0, QUEBEC ST & E 40TH AVE,1,1,0,0,1,1,0,0,,0,0,0,0,0,4,2,1