id,drcog_id,latitude,longitude,crashtime,time,crashtype,numbkilled,numbinjurd,drcoglocat,rdconditin,lightngcon,roadcntgrd,weatherco,location,roaddescrp,schoolzone,constrzone,splimit,bikeinv,pedinv,sctrinv,motoinv,svrty,rdsystem,ttlvehcls,hcf
,2023-16764,39.69674839,-105.0250064,4/14/2023 21:23,21:23:00,5,0,0,W MISSISSIPPI AVE & S FEDERAL BLVD,11,3,0,1,1,4,0,0,,0,0,0,0,0,4,1,16
,2023-16765,39.7253871,-105.0527483,4/3/2023 7:37,7:37:00,12,0,0,W 6TH AVE  DR EB RAMP & S SHERIDAN BLVD,1,1,1,0,1,8,0,0,45,0,0,0,0,0,2,2,16
,2023-16766,39.83345293,-104.6929352,5/3/2023 13:29,13:29:00,1,0,0, JACKSON GAP ST & PENA BLVD INBOUND,1,1,0,0,1,1,0,0,35,0,0,0,0,0,4,2,11
,2023-16767,39.69860202,-104.9035747,4/12/2023 13:56,13:56:00,14,0,1,LEETSDALE DR & S QUEBEC ST,1,1,0,0,1,1,0,0,35,0,0,0,0,1,2,2,1
,2023-16769,39.74039904,-104.8846482,4/13/2023 8:35,8:35:00,10,0,0, YOSEMITE ST & E COLFAX AVE,1,1,0,0,1,9,0,0,25,0,0,0,0,0,4,2,1
,2023-16771,39.65508746,-104.8703082,4/13/2023 0:44,0:44:00,6,0,0,E GIRARD AVE & S HAVANA ST,1,3,0,0,1,4,0,0,25,0,0,0,0,0,4,2,1
,2023-16772,39.77288216,-104.9429452,4/30/2023 16:23,16:23:00,12,0,2,E 40TH AVE & N JACKSON ST,1,1,0,0,1,3,0,0,,0,0,0,0,1,4,2,16
,2023-16773,39.63560802,-105.0821805,5/3/2023 12:28,12:28:00,12,0,1, WADSWORTH BLVD & W STANFORD AVE,1,1,0,0,1,4,0,0,45,0,0,0,0,1,2,2,3
,2023-16775,39.6293525,-104.9049589,4/14/2023 2:10,2:10:00,5,0,0,I-225 SB OFF RAMP & SB ON RAMP GORE PT TO I-25,1,3,0,0,2,8,0,0,55,0,0,0,0,0,1,1,7
,2023-16776,39.77795543,-104.8935562,4/7/2023 0:50,0:50:00,5,0,0,I-70 EB OFF RAMP & N CENTRAL PARK BLVD,1,3,0,0,2,8,0,0,55,0,0,0,0,0,1,1,13
,2023-16777,39.71120721,-104.9991331,5/3/2023 10:39,10:39:00,5,0,0,I-25 & W ALAMEDA AVE,1,1,0,0,1,4,0,0,,0,0,0,0,0,1,4,16
,2023-16779,39.72533016,-105.012951,5/2/2023 21:48,21:48:00,15,0,1,I-25 & W 6TH AVE,1,3,0,0,1,4,0,0,55,0,0,0,0,3,1,3,1
,2023-16781,39.74424315,-104.9934042,5/2/2023 21:00,21:00:00,12,0,0,15TH ST & CALIFORNIA ST,1,3,0,0,1,1,0,0,25,0,0,0,0,0,4,3,3
,2023-16782,39.68217045,-104.9948409,5/2/2023 20:11,20:11:00,5,0,1,W JEWELL AVE & S FOX ST,1,2,0,0,2,3,0,0,20,0,0,0,0,2,4,1,16
,2023-16784,39.83346183,-104.6929233,4/17/2023 14:25,14:25:00,15,0,0,PENA BLVD EB OFF RAMP & N JACKSON GAP ST,1,1,3,0,1,1,0,0,25,0,0,0,0,0,4,2,13
,2023-16785,39.75435879,-105.0103305,4/12/2023 18:00,18:00:00,12,0,0, SPEER BLVD & I-25 EB RAMPS,1,1,0,0,1,3,0,0,35,0,0,0,0,0,4,2,16
,2023-16786,39.73203602,-104.9775986,5/3/2023 6:49,6:49:00,3,0,0,E 10TH AVE & N CLARKSON ST,1,1,0,0,1,1,0,0,25,0,0,0,0,0,4,2,11
,2023-16788,39.77283867,-104.8334557,4/29/2023 2:53,2:53:00,12,0,0,I-70 & I-225 SB ON RAMP MERGE PT,1,3,0,0,1,4,0,0,55,0,0,0,0,0,1,2,1
,2023-16790,39.71817784,-104.95932,5/1/2023 17:45,17:45:00,12,0,0, UNIVERSITY BLVD & E 1ST AVE,1,1,0,0,1,1,0,0,30,0,0,0,0,0,4,2,3
,2023-16793,39.78742649,-105.0216182,5/3/2023 12:30,12:30:00,2,0,0,W 50TH AVE & N DECATUR ST,1,1,0,0,1,1,0,0,30,1,0,0,0,0,4,1,13
,2023-16795,39.71124655,-105.025172,4/30/2023 12:09,12:09:00,11,0,0, FEDERAL BLVD & W ALAMEDA AVE,1,1,0,0,1,1,0,0,35,0,1,0,0,0,2,1,13
,2023-16796,39.72994335,-104.9913764,5/2/2023 19:45,19:45:00,12,0,0, SPEER BLVD & N BANNOCK ST,1,1,0,0,1,4,0,0,30,0,0,0,0,0,4,3,14
,2023-16799,39.7290381,-104.9899276,5/3/2023 12:16,12:16:00,3,0,0, SPEER BLVD & W 8TH AVE,1,1,0,0,1,1,0,0,30,0,0,0,0,0,4,2,13
,2023-16800,39.73288607,-104.9034588,4/26/2023 17:15,17:15:00,12,0,0, QUEBEC ST & E 11TH AVE,1,1,3,0,1,1,0,0,35,0,0,0,0,0,4,5,13
,2023-16802,39.67847075,-104.9239107,5/2/2023 15:20,15:20:00,1,0,0,E EVANS AVE & S HUDSON ST,1,1,0,0,1,1,0,0,30,0,0,0,0,0,4,2,3
,2023-16803,39.67782732,-105.0583274,5/3/2023 8:38,8:38:00,6,0,0, EATON ST & W GREEN MEADOWS PL,1,1,0,0,1,2,0,0,,0,0,0,0,0,4,2,3
,2023-16804,39.73942529,-105.0141434,5/3/2023 13:18,13:18:00,15,0,0,I-25 & W COLFAX AVE,1,1,0,0,1,4,0,0,,0,0,0,0,0,1,2,16
,2023-16805,39.71088248,-104.9035117,4/16/2023 7:20,7:20:00,15,0,0, QUEBEC ST & E ALAMEDA AVE,1,1,0,0,1,4,0,0,30,0,0,0,0,0,4,2,16
,2023-16806,39.72349863,-105.0250226,5/3/2023 7:00,7:00:00,12,0,0, FEDERAL BLVD & W 5TH AVE,1,1,0,0,1,3,0,0,35,0,0,0,0,0,2,2,1
,2023-16810,39.73873129,-105.0141055,5/3/2023 13:01,13:01:00,12,0,4,I-25 & W COLFAX AVE,1,1,1,0,1,4,0,0,55,0,0,0,0,1,1,3,16
,2023-16812,39.7686186,-104.994299,5/3/2023 10:15,10:15:00,12,0,0,I-25 & PARK AVE W,1,1,0,0,1,4,0,0,55,0,0,0,0,0,1,2,1
,2023-16813,39.74892634,-104.9994729,4/29/2023 23:50,23:50:00,11,0,0,1400 15TH ST & 14TH ST,1,3,0,0,1,2,0,0,,0,0,1,0,0,4,1,16
,2023-16814,39.68748163,-104.9405446,5/2/2023 16:30,16:30:00,12,0,0, COLORADO BLVD & E IOWA AVE,1,1,0,0,1,1,0,0,30,0,0,0,0,0,2,2,3
,2023-16816,39.75269954,-104.9971182,4/7/2023 23:30,23:30:00,14,0,1,18TH ST & BLAKE ST,1,3,0,0,1,4,0,0,30,0,0,0,1,3,4,3,1
,2023-16818,39.70200361,-104.9839432,5/3/2023 8:30,8:30:00,3,0,2, GRANT & E OHIO AVE,1,1,0,0,1,9,0,0,25,0,0,0,0,2,4,2,16
,2023-16819,39.78572714,-104.8830783,4/19/2023 18:56,18:56:00,8,0,0,E NORTHFIELD BLVD & N CENTRAL PARK BLVD,1,1,0,0,1,1,0,0,40,0,0,0,0,0,4,3,1
,2023-16820,39.74027781,-105.0299083,4/8/2023 0:12,0:12:00,12,0,0,W COLFAX AVE & N IRVING ST,1,3,0,0,1,3,0,0,35,0,0,0,0,0,2,3,16
,2023-16822,39.71490891,-105.001449,3/23/2023 21:45,21:45:00,12,0,1,I-25 & W ALAMEDA AVE,1,3,0,0,1,4,0,0,65,0,1,0,0,3,1,2,16
,2023-16823,39.72414038,-104.9862633,4/5/2023 22:40,22:40:00,12,0,0,E 5TH AVE & N LINCOLN ST,1,3,0,0,1,3,0,0,35,0,0,0,0,0,4,3,16
,2023-16824,39.62379878,-104.9014122,5/2/2023 14:30,14:30:00,15,0,0,I-25 & BELLEVIEW AVE,1,1,0,0,1,4,0,0,65,0,0,0,0,0,1,2,3
,2023-16826,39.78433493,-104.901082,4/27/2023 14:52,14:52:00,12,0,2,I-270 WB ON RAMP & N NORTHFIELD QUEBEC ST,1,1,0,0,1,8,0,0,45,0,0,0,0,2,1,2,16
,2023-16827,39.67844897,-104.9344741,4/11/2023 23:40,23:40:00,3,0,1,I-25 SB RAMPS & E EVANS AVE,1,3,0,0,1,1,0,0,30,0,0,0,0,2,4,2,1
,2023-16828,39.75198894,-104.9781421,5/2/2023 18:28,18:28:00,3,0,0,TREMONT PL & N WASHINGTON ST,1,1,0,0,1,1,0,0,25,0,0,0,0,0,4,2,13
,2023-16831,39.65303562,-104.9317144,3/5/2023 0:14,0:14:00,15,0,0,E HAMPDEN AVE & E HAPPY CANYON RD,1,3,2,0,1,1,0,0,40,0,0,0,0,0,2,2,13
,2023-16833,39.65308597,-104.9190315,5/3/2023 8:56,8:56:00,1,0,1,E HAMPDEN AVE & I-25 SB RAMPS,1,1,1,0,1,1,0,0,35,0,0,0,0,1,2,2,16
,2023-16838,39.64147278,-104.9115788,4/27/2023 13:18,13:18:00,5,0,1,I-25 & E QUINCY AVE,1,1,0,0,2,4,0,0,65,0,0,0,0,2,1,2,16
,2023-16840,39.75009307,-105.0049617,4/27/2023 23:16,23:16:00,3,0,1, SPEER BLVD & CHOPPER CIR,11,3,1,1,1,1,0,0,35,0,0,0,0,3,4,3,1
,2023-16843,39.73123438,-104.9406225,5/1/2023 17:10,17:10:00,12,0,0, COLORADO BLVD & E 9TH AVE,1,1,0,0,1,4,0,0,,0,0,0,0,0,2,3,16
,2023-16844,39.68228019,-105.0250196,4/11/2023 16:06,16:06:00,12,0,0, FEDERAL BLVD & W JEWELL AVE,1,1,0,0,1,1,0,0,,0,0,0,0,0,2,2,16
,2023-16845,39.75094914,-105.002125,3/28/2023 18:20,18:20:00,15,0,0,WYNKOOP ST & 15TH ST,1,2,0,0,1,3,0,0,,0,0,0,0,0,4,2,16
,2023-16847,39.66290372,-105.0251522,4/5/2023 20:15,20:15:00,12,0,2, FEDERAL BLVD & W BATES AVE,1,3,0,0,1,4,0,0,40,0,0,0,0,1,2,2,16
,2023-16850,39.73714243,-105.0028186,5/3/2023 15:00,15:00:00,1,0,1, MARIPOSA ST & W 13TH AVE,1,1,0,0,1,4,0,0,30,0,0,0,1,2,4,2,16
,2023-16852,39.74699502,-104.9933239,4/27/2023 17:17,17:17:00,12,0,0,CHAMPA ST & 16TH ST,1,1,0,0,1,4,0,0,30,0,0,0,0,0,4,3,16
,2023-16853,39.78379743,-104.801727,5/3/2023 20:55,20:55:00,3,0,2,E GREEN VALLEY RANCH BLVD & N KITTREDGE ST,1,3,0,0,1,1,0,0,25,0,0,0,0,2,4,2,11
,2023-16854,39.62871468,-104.9042959,3/31/2023 9:45,9:45:00,15,0,0,I-25 & E UNION AVE,1,1,0,0,1,4,0,0,65,0,0,0,0,0,1,2,11
,2023-16862,39.70973698,-105.0442543,4/11/2023 21:00,21:00:00,6,0,0,W DAKOTA AVE & S UTICA ST,1,2,0,0,1,4,0,0,25,0,0,0,0,0,4,2,16
,2023-16865,39.68050901,-105.0250251,3/16/2023 16:31,16:31:00,16,0,0, FEDERAL BLVD & W ASBURY AVE,1,1,0,0,5,7,0,0,,0,0,0,0,0,3,2,16
,2023-16867,39.74166971,-104.9861164,4/11/2023 9:05,9:05:00,5,0,0, LINCOLN ST & E 16TH AVE,1,1,1,0,3,1,0,0,30,0,0,0,0,0,4,1,16
,2023-16876,39.7800976,-104.9222872,4/21/2023 14:43,14:43:00,1,0,0, HOLLY ST & E 46TH AVE,1,1,0,0,1,1,0,0,,0,0,0,0,0,4,2,16
,2023-16878,39.68228019,-105.0250196,2/17/2023 15:03,15:03:00,1,0,0, FEDERAL BLVD & W JEWELL AVE,1,1,0,0,1,1,0,0,35,0,0,0,0,0,2,2,16
,2023-16880,39.65387706,-104.8810832,4/3/2023 22:29,22:29:00,6,0,0,E GIRARD AVE & S AKRON ST,1,3,1,0,1,4,0,0,25,0,0,0,0,0,4,3,16
,2023-16881,39.696751,-105.0130573,4/21/2023 18:52,18:52:00,3,0,0,W MISSISSIPPI AVE & S TEJON ST,1,1,0,0,1,2,0,0,30,0,0,0,0,0,4,2,16
,2023-16885,39.77847168,-104.9128793,4/28/2023 14:50,14:50:00,12,0,0,I-70 & MONACO ST (APPROX),1,1,0,0,1,4,0,0,75,0,0,0,0,0,2,2,1
,2023-16887,39.75692165,-104.985723,4/20/2023 22:40,22:40:00,12,0,0,25TH ST & LAWRENCE ST,1,3,0,0,1,3,0,0,25,0,0,0,0,0,4,2,11
,2023-16888,39.75093587,-104.9899839,2/27/2023 21:40,21:40:00,11,0,2,CURTIS ST & 20TH ST,1,3,0,1,1,1,0,0,,0,1,0,0,2,4,1,16
,2023-16890,39.78650376,-104.8203571,4/28/2023 3:49,3:49:00,5,0,0,E 51ST AVE & N DEEPHAVEN CT,11,3,0,0,6,1,0,0,25,0,0,0,0,0,4,1,16
,2023-16892,39.74609315,-105.0357713,4/5/2023 14:25,14:25:00,6,0,0,MEADE ST & W 19TH AVE,1,1,0,0,1,4,0,0,20,0,0,0,0,0,4,2,10
,2023-16907,39.77364317,-104.7905656,4/28/2023 17:42,17:42:00,12,0,0,PENA BLVD & E 40TH AVE,1,1,0,0,1,4,0,0,65,0,0,0,0,0,4,2,13
,2023-16971,39.76468094,-105.0064445,4/2/2023 2:27,2:27:00,6,0,1, PECOS ST & W 34TH AVE,1,3,0,0,1,4,0,0,25,0,0,0,0,2,4,3,16
,2023-16972,39.78739192,-104.7721348,1/27/2023 19:45,19:45:00,3,0,0,E 50TH AVE & N TOWER RD,1,3,0,0,1,1,0,0,30,0,0,0,0,0,4,2,16
,2023-16973,39.70694093,-104.9780772,5/1/2023 21:14,21:14:00,6,0,0, CLARKSON ST & E VIRGINIA AVE,1,3,0,0,1,1,0,0,25,0,0,0,0,0,4,2,12
,2023-16974,39.74013025,-105.0393176,5/3/2023 21:10,21:10:00,12,0,0, PERRY ST & W COLFAX AVE,1,3,0,0,1,4,0,0,25,0,0,0,0,0,4,2,16
,2023-16975,39.73859046,-104.9622436,5/3/2023 14:53,14:53:00,15,0,0, VINE ST & E 14TH AVE,1,1,0,0,1,4,0,0,25,0,0,0,0,0,4,2,8
,2023-16979,39.71465829,-104.9406162,5/4/2023 1:28,1:28:00,12,0,0,LEETSDALE DR & S COLORADO BLVD,1,3,0,0,1,3,0,0,30,0,0,0,0,0,2,2,16
,2023-16980,39.78854603,-104.8282894,5/3/2023 8:41,8:41:00,3,0,0, CROWN BLVD & E 51ST AVE,1,1,0,0,1,1,0,0,25,0,0,0,0,0,4,2,11
,2023-16983,39.65616618,-105.0533112,5/4/2023 11:41,11:41:00,12,0,0,W DARTMOUTH AVE & S SHERIDAN BLVD,1,1,0,0,1,3,0,0,30,0,0,0,0,0,2,2,3
,2023-16990,39.75174659,-105.0011216,5/3/2023 15:05,15:05:00,15,0,0,WYNKOOP ST & 16TH ST,1,1,0,0,1,4,0,0,25,0,0,0,0,0,4,2,16
,2023-16993,39.83345293,-104.6929352,5/4/2023 14:52,14:52:00,1,0,2, JACKSON GAP ST & PENA BLVD,1,1,0,0,1,1,0,0,30,0,0,0,0,2,4,2,11
,2023-16994,39.78366199,-104.9895251,5/3/2023 19:50,19:50:00,12,0,1,I-25 & I-70,1,2,0,0,1,13,0,0,55,0,0,0,1,3,1,2,3
,2023-16996,39.7729113,-104.9684763,5/4/2023 5:46,5:46:00,1,0,0,E 40TH AVE & N FRANKLIN ST,1,1,0,0,1,1,0,0,30,0,0,0,0,0,4,2,13
,2023-16997,39.75469785,-104.9232915,5/4/2023 16:09,16:09:00,15,0,0,E 26TH AVE & HUDSON ST,1,1,0,0,1,4,0,0,,0,0,0,0,0,4,2,16
,2023-16998,39.72560764,-104.960182,3/11/2023 23:30,23:30:00,10,0,0,E 6TH AVE & N YORK ST,1,3,0,0,1,1,0,0,,0,0,0,0,0,4,2,16
,2023-17000,39.71837728,-105.0532808,5/4/2023 21:52,21:52:00,12,0,1, SHERIDAN BLVD & W 1ST AVE,1,3,0,0,1,4,0,0,35,0,0,0,0,2,2,3,16
,2023-17004,39.76118838,-104.9027527,5/4/2023 18:23,18:23:00,3,0,0, QUEBEC ST & E MARTIN LURTHER KING JR. BLVD,1,1,0,0,1,1,0,0,35,0,0,0,0,0,4,2,13
,2023-17006,39.74264361,-105.0252127,5/4/2023 12:44,12:44:00,9,0,0, FEDERAL BLVD & W 16TH AVE,1,1,0,0,1,4,0,0,35,0,0,0,0,0,2,2,13
,2023-17012,39.73685019,-104.9873935,5/4/2023 9:50,9:50:00,12,0,0,E 13TH AVE & N BROADWAY ST,1,1,1,0,1,4,0,0,30,0,0,0,0,0,4,2,8
,2023-17013,39.75912391,-104.9933273,5/4/2023 13:06,13:06:00,12,0,0,PARK AVE W & DELGANY ST,1,1,0,0,1,3,0,0,25,0,0,0,0,0,1,3,14
,2023-17014,39.77353845,-104.8427425,3/2/2023 20:37,20:37:00,12,0,0,I-70 EB ON RAMP FROM PEORIA ST & ON RAMP MERGE PT,1,3,0,0,1,8,0,0,55,0,0,0,0,0,1,4,8
,2023-17017,39.72264799,-105.0101516,3/7/2023 6:57,6:57:00,15,0,0,I-25 & W 6TH AVE,1,1,0,0,1,4,0,0,55,0,0,0,0,0,1,2,16
,2023-17019,39.75290257,-104.9874147,5/4/2023 17:26,17:26:00,10,0,0,BROADWAY & CURTIS ST,1,1,0,0,1,1,0,0,30,0,0,0,0,0,4,2,16
,2023-17020,39.7384788,-105.0532128,4/22/2023 19:36,19:36:00,15,0,0, SHERIDAN BLVD & W 14TH AVE,1,1,0,0,1,1,0,0,35,0,0,0,0,0,2,2,16
,2023-17022,39.7437585,-104.9407925,4/2/2023 18:29,18:29:00,11,0,1,E 17TH AVE & N COLORADO BLVD,1,1,0,0,1,1,0,0,35,0,1,0,0,3,4,1,3
,2023-17025,39.70511144,-104.9951796,5/5/2023 15:56,15:56:00,15,0,0,I-25 & W ALAMEDA AVE,1,1,1,0,1,4,0,0,55,0,0,0,0,0,1,2,3
,2023-17027,39.78171344,-104.7721269,2/17/2023 18:54,18:54:00,12,0,1, TOWER RD & E 47TH AVE,1,3,0,0,1,1,0,0,40,0,0,0,0,2,4,2,3
,2023-17031,39.74762388,-105.0532475,4/13/2023 18:33,18:33:00,2,0,1,W 20TH AVE & N SHERIDAN BLVD,1,1,0,0,1,3,0,0,0,1,0,0,0,2,2,1,16
,2023-17032,39.72561177,-104.9775664,5/5/2023 18:19,18:19:00,15,0,0,E 6TH AVE & N CLARKSON ST,1,1,0,0,1,1,0,0,25,0,0,0,0,0,4,2,8
,2023-17036,39.67845418,-104.9406583,5/5/2023 0:13,0:13:00,12,0,0,E EVANS AVE & S COLORADO BLVD,1,3,0,0,1,1,0,0,35,0,0,0,0,0,2,2,11
,2023-17037,39.72564075,-104.9877128,5/5/2023 8:37,8:37:00,15,0,0,W 6TH AVE & BROADWAY,1,1,0,0,1,4,0,0,30,0,0,0,0,0,4,2,8
,2023-17039,39.68221961,-105.029755,5/5/2023 2:49,2:49:00,5,0,0, IRVING ST & W JEWELL AVE,1,3,0,0,6,4,0,0,,0,0,0,0,0,4,1,16
,2023-17041,39.75826077,-105.0087608,5/5/2023 7:30,7:30:00,12,0,0,I-25 & N SPEER BLVD,1,1,0,0,1,4,0,0,55,0,0,0,0,0,1,5,16
,2023-17042,39.71120439,-104.9983795,5/5/2023 12:37,12:37:00,1,0,0,W ALAMEDA AVE & S KALAMATH ST,1,1,0,0,1,1,0,0,,0,0,0,0,0,2,2,16
,2023-17043,39.74013458,-105.0052347,5/5/2023 13:00,13:00:00,10,0,0,W COLFAX AVE & N OSAGE ST,1,1,0,0,1,1,0,0,35,0,0,0,0,0,2,2,13
,2023-17044,39.74970406,-104.9810845,3/15/2023 17:30,17:30:00,1,0,1,PARK AVE W & TREMONT PL,1,1,0,0,1,1,0,0,30,0,0,0,0,1,4,2,16
,2023-17045,39.77694988,-104.8790345,5/3/2023 16:38,16:38:00,12,0,1,I-70 & N CENTRAL PARK BLVD,1,1,0,0,1,4,0,0,55,0,0,0,0,1,1,3,13
,2023-17047,39.79834573,-104.7793193,3/3/2023 13:25,13:25:00,3,0,1,E 56TH AVE & N TELLURIDE ST,1,1,0,0,1,2,0,0,,0,0,0,0,1,4,2,16
,2023-17051,39.76925974,-105.0252227,5/5/2023 7:29,7:29:00,15,0,0,W 38TH AVE & N FEDERAL BLVD,1,1,0,0,1,1,0,0,30,0,0,0,0,0,2,2,16
,2023-17052,39.78849813,-104.7774799,5/5/2023 8:00,8:00:00,16,0,0,18250 E 51ST AVE,1,1,0,0,5,7,0,0,,0,0,0,0,0,3,2,16
,2023-17054,39.74763472,-105.0026538,5/5/2023 10:31,10:31:00,15,0,0, SPEER BLVD & MARKET ST,1,1,0,0,1,1,0,0,30,0,0,0,0,0,4,2,13
,2023-17055,39.67661795,-104.9403874,5/5/2023 15:40,15:40:00,12,0,0,E WARREN AVE & S COLORADO BLVD,1,1,0,0,1,4,0,0,15,0,0,0,0,0,4,2,13
,2023-17056,39.73582932,-105.0144436,5/5/2023 9:19,9:19:00,12,0,0,I-25 & W COLFAX AVE,1,1,0,0,1,4,0,0,55,0,0,0,0,0,1,3,10
,2023-17057,39.71121549,-105.0299792,5/5/2023 8:37,8:37:00,1,0,0,W ALAMEDA AVE & S IRVING ST,1,1,0,0,1,1,0,0,30,0,0,0,0,0,2,2,13
,2023-17058,39.7443699,-104.9733872,5/5/2023 13:25,13:25:00,3,0,0, DOWNING ST & E 18TH AVE,1,1,0,0,1,2,0,0,25,0,0,0,0,0,4,2,11
,2023-17059,39.73999965,-104.9776527,5/5/2023 21:14,21:14:00,3,0,0,E COLFAX AVE & N CLARKSON ST,1,3,0,0,1,1,0,0,,0,0,0,0,0,2,2,16
,2023-17060,39.81689602,-104.772046,5/5/2023 7:25,7:25:00,3,0,0, TOWER RD & E 67TH AVE,1,1,0,0,1,2,0,0,20,0,0,0,0,0,4,2,11
,2023-17061,39.77280788,-104.8330965,5/5/2023 2:40,2:40:00,5,0,1,I-70 & I-225 SB ON RAMP GORE PT,1,3,0,0,3,8,0,0,55,0,0,0,0,2,1,1,3
,2023-17062,39.73533762,-104.9861234,5/4/2023 10:45,10:45:00,12,0,0, LINCOLN ST & E 12TH AVE,1,1,0,0,1,4,0,0,30,0,0,0,0,1,4,3,11
,2023-17063,39.68214923,-104.9875687,5/4/2023 7:32,7:32:00,3,0,0,W JEWELL AVE & S BROADWAY ST,1,1,0,0,1,1,0,0,30,0,0,0,0,1,4,2,11
,2023-17066,39.71653066,-104.97558,5/4/2023 9:51,9:51:00,6,0,0,E ELLSWORTH AVE & N OGDEN ST,1,1,0,0,1,4,0,0,25,0,0,0,0,0,4,2,16
,2023-17068,39.75237422,-104.9846361,5/3/2023 18:50,18:50:00,12,0,0,STOUT ST & PARK AVE W,1,1,0,0,1,4,0,0,30,0,0,0,0,0,4,2,14
,2023-17070,39.67844796,-104.9343072,5/4/2023 14:05,14:05:00,10,0,0,E EVANS AVE & S DAHLIA ST,1,1,0,0,1,3,0,0,35,0,0,0,0,0,4,2,13
,2023-17071,39.75300446,-105.053253,5/3/2023 16:11,16:11:00,1,0,0, SHERIDAN BLVD & W BYRON PL,1,1,0,0,1,1,0,0,35,0,0,0,0,0,2,2,13
,2023-17072,39.73996874,-104.9406124,5/4/2023 10:16,10:16:00,15,0,0, COLORADO BLVD & E COLFAX AVE,1,1,0,0,1,3,0,0,30,0,0,0,0,0,2,2,11
,2023-17073,39.70673436,-105.0275253,5/5/2023 14:06,14:06:00,11,0,1,W CUSTER PL & S HAZEL CT,1,1,0,0,1,1,0,0,25,0,1,0,0,2,4,1,11
,2023-17074,39.72551657,-105.0131329,5/5/2023 11:29,11:29:00,15,0,0,I-25 & W 6TH AVE,1,1,0,0,1,4,0,0,55,0,0,0,0,0,1,3,13
,2023-17079,39.79147996,-104.7796818,4/29/2023 0:25,0:25:00,6,0,0,178000 E 52ND AVE & N URAVAN ST,1,3,0,0,1,4,0,0,25,0,0,0,0,0,4,2,11
,2023-17080,39.80066556,-104.7863534,5/5/2023 11:00,11:00:00,12,0,0,PENA BLVD & E 56TH AVE,1,1,0,0,1,4,0,0,65,0,0,0,0,0,4,2,1
,2023-17081,39.76202943,-105.0111843,5/5/2023 8:36,8:36:00,10,0,0, TEJON ST & W 32ND AVE,1,1,0,0,1,1,0,0,25,0,0,0,0,0,4,2,11
,2023-17084,39.62408399,-104.9019229,5/5/2023 17:26,17:26:00,9,0,1,I-25 & E BELLEVIEW AVE,1,1,0,0,1,4,0,0,65,0,0,0,1,3,1,3,1
,2023-17085,39.7818878,-105.0064395,3/31/2023 3:05,3:05:00,5,0,0, PECOS ST & W 47TH AVE,1,3,0,0,6,4,0,0,35,0,0,0,0,0,4,1,16
,2023-17087,39.7461269,-104.9684341,3/2/2023 12:00,12:00:00,12,0,0, FRANKLIN ST & E 19TH AVE,1,1,0,0,1,3,0,0,30,0,0,0,0,0,4,2,10
,2023-17088,39.7765193,-104.9876113,5/4/2023 17:03,17:03:00,5,0,1,W 44TH AVE & BROADWAY,1,1,1,0,2,4,0,0,25,0,0,0,0,2,4,1,3
,2023-17089,39.67481196,-104.9407893,5/3/2023 15:30,15:30:00,1,0,0, COLORADO BLVD & E ILIFF AVE,1,1,0,0,1,1,0,0,35,0,0,0,0,0,2,2,3
,2023-17090,39.8245616,-104.6718712,5/4/2023 8:21,8:21:00,10,0,0,E 71ST AVE & SCOTTSBURG ST,1,1,0,0,1,3,0,0,45,0,0,0,0,0,4,2,1
,2023-17092,39.71836431,-104.9037006,3/25/2023 18:53,18:53:00,8,0,1,E 1ST AVE & N QUEBEC ST,1,1,0,0,1,1,0,0,35,0,0,0,0,2,4,3,9
,2023-17093,39.70014995,-104.9924596,5/4/2023 12:25,12:25:00,12,0,0, SANTA FE DR & E MISSISSIPPI AVE,1,1,0,0,1,4,0,0,35,0,0,0,0,0,2,2,13
,2023-17094,39.76049594,-104.9002139,5/2/2023 12:11,12:11:00,12,0,0, ROSLYN ST & E MLK BLVD,1,1,0,0,1,4,0,0,25,0,0,0,0,0,4,2,11
,2023-17095,39.75510644,-105.0131332,5/4/2023 13:32,13:32:00,12,0,0,I-25 & N SPEER BLVD,1,1,0,0,1,4,0,0,55,0,0,0,0,0,1,2,13
,2023-17096,39.68956541,-104.9407867,5/4/2023 12:20,12:20:00,16,0,0,1495  COLORADO BLVD & PRIVATE PROPERTY,1,1,1,0,5,7,0,0,10,0,0,0,0,0,3,2,16
,2023-17097,39.74484422,-104.9761357,3/4/2023 10:15,10:15:00,3,0,0,E 18TH AVE & N EMERSON ST,1,1,0,0,1,1,0,0,25,0,0,0,0,0,4,2,16
,2023-17100,39.70929594,-104.9733878,5/5/2023 7:26,7:26:00,3,0,0,E DAKOTA AVE & S DOWNING ST,1,1,0,0,1,1,0,0,25,0,0,0,0,0,4,2,11
,2023-17103,39.69625559,-104.897422,3/4/2023 0:08,0:08:00,5,0,0,E MISSISSIPPI AVE & S PARKER RD,1,3,0,0,3,12,0,0,30,0,0,0,0,0,4,1,16
,2023-17106,39.697345,-104.9829552,5/5/2023 9:13,9:13:00,15,0,1,I-25 & S LOGAN ST,1,1,0,0,1,4,0,0,60,0,0,0,0,1,1,2,16
,2023-17107,39.77832942,-104.9792557,5/5/2023 14:41,14:41:00,12,0,0,E 45TH AVE & N WASHINGTON ST,1,1,0,0,1,1,0,0,35,0,0,0,0,0,4,2,13
,2023-17110,39.74665225,-105.0184125,5/5/2023 4:51,4:51:00,15,0,1,I-25 & W COLFAX AVE,1,3,0,0,1,4,0,0,55,0,0,0,0,2,1,3,16