id,drcog_id,latitude,longitude,crashtime,time,crashtype,numbkilled,numbinjurd,drcoglocat,rdconditin,lightngcon,roadcntgrd,weatherco,location,roaddescrp,schoolzone,constrzone,splimit,bikeinv,pedinv,sctrinv,motoinv,svrty,rdsystem,ttlvehcls,hcf
,2023-17113,39.72491009,-105.053174,5/4/2023 7:56,7:56:00,12,0,0,W 6TH AVE & N SHERIDAN BLVD,1,1,0,0,1,4,0,0,55,0,0,0,0,0,2,2,3
,2023-17114,39.78545906,-105.0252059,4/1/2023 3:14,3:14:00,10,0,0, FEDERAL BLVD & W 49TH AVE,1,3,0,0,1,2,0,0,35,0,0,0,0,0,2,2,16
,2023-17116,39.66863187,-104.9268716,5/4/2023 12:19,12:19:00,5,0,1,I-25 SB OFF RAMP & E YALE AVE,1,1,0,0,2,8,0,0,55,0,0,0,0,1,1,1,16
,2023-17117,39.73515796,-104.972999,5/3/2023 17:05,17:05:00,3,0,0,E 12TH AVE ALLEY & N DOWNING ST,1,1,0,0,1,9,0,0,25,0,0,0,0,0,4,3,8
,2023-17118,39.67864636,-105.0243288,3/5/2023 12:00,12:00:00,3,0,0,W EVANS AVE & S FEDERAL BLVD,1,1,0,0,1,2,0,0,30,0,0,0,0,0,4,2,16
,2023-17119,39.78313992,-105.0068734,2/24/2023 19:30,19:30:00,15,0,0,I-70 & N PECOS ST,1,3,0,0,1,4,0,0,55,0,0,0,0,0,1,2,16
,2023-17120,39.71106559,-105.0275403,5/3/2023 14:39,14:39:00,1,0,2, HAZEL CT & W ALAMEDA AVE,1,1,0,0,1,2,0,0,25,0,0,0,0,1,4,2,13
,2023-17123,39.70165566,-104.9876751,5/4/2023 15:08,15:08:00,15,0,0,I-25 & S BROADWAY,1,1,2,0,1,4,0,0,55,0,0,0,0,0,1,3,13
,2023-17126,39.77582373,-105.0520851,5/4/2023 16:30,16:30:00,15,0,0, ZENOBIA ST,1,1,0,0,1,4,0,0,35,0,0,0,0,0,4,2,11
,2023-17128,39.73139031,-105.0157361,5/4/2023 15:17,15:17:00,12,0,0,I-25 & W 8TH AVE,1,1,0,0,1,4,0,0,55,0,0,0,0,0,1,2,16
,2023-17132,39.75175005,-105.0163249,5/4/2023 2:58,2:58:00,5,0,0,I-25 & W 23RD AVE,1,3,0,0,3,4,0,0,55,0,0,0,0,0,1,1,16
,2023-17137,39.70766809,-105.0250817,5/3/2023 20:23,20:23:00,1,0,0, FEDERAL BLVD & W VIRGINIA AVE,1,3,0,0,1,1,0,0,40,0,0,0,0,0,2,2,11
,2023-17138,39.75572072,-104.990754,5/5/2023 12:25,12:25:00,12,0,0,MARKET ST & 22ND ST,1,1,0,0,1,4,0,0,25,0,0,0,0,0,4,2,11
,2023-17139,39.74961405,-104.8866838,5/5/2023 3:40,3:40:00,15,0,0, CENTRAL PARK BLVD & E 23RD AVE,1,3,0,0,1,4,0,0,30,0,0,0,0,1,4,2,3
,2023-17140,39.74561772,-104.9011054,5/4/2023 14:48,14:48:00,6,0,0,E 19TH AVE & N ROSLYN ST,1,1,0,0,1,1,0,0,,0,0,0,0,0,4,2,16
,2023-17141,39.7364879,-104.9315534,5/5/2023 8:30,8:30:00,3,0,0,E 13TH AVE & N DAHLIA ST,1,1,0,0,1,1,0,0,30,0,0,0,0,0,4,2,13
,2023-17143,39.76927353,-105.0173296,5/4/2023 16:55,16:55:00,12,0,1,W 38TH AVE & N ALCOTT ST,1,1,0,0,1,4,0,0,35,0,0,0,0,2,4,2,16
,2023-17147,39.74746398,-104.890517,3/20/2023 10:00,10:00:00,10,0,0,E MONTVIEW BLVD & N VERBENA ST,1,1,0,0,1,1,0,0,30,0,0,0,0,0,4,2,10
,2023-17148,39.75456683,-104.9405495,5/5/2023 0:59,0:59:00,5,0,1,E 26TH AVE & N COLORADO BLVD,1,3,0,0,4,1,0,0,35,0,0,0,0,3,2,1,16
,2023-17151,39.78238128,-104.8488819,5/5/2023 15:20,15:20:00,6,0,0, PARIS ST & E 47TH AVE,1,1,0,0,1,4,0,0,30,0,0,0,0,0,4,2,13
,2023-17153,39.73293996,-104.9034586,3/9/2023 13:30,13:30:00,12,0,0,QUEBEC ST & E 11TH AVE,1,1,0,0,1,3,0,0,30,0,0,0,0,0,4,2,13
,2023-17159,39.65307542,-104.8987358,5/4/2023 20:30,20:30:00,1,0,2,7500 E HAMPDEN AVE & S TAMARAC DR,1,3,0,0,1,3,0,0,45,0,0,0,0,2,2,2,13
,2023-17161,39.74056181,-105.0246491,5/5/2023 16:31,16:31:00,12,0,0,W COLFAX AVE & N FEDERAL BLVD,1,1,0,0,1,4,0,0,40,0,0,0,0,0,2,2,13
,2023-17166,39.77229531,-104.9745584,5/4/2023 16:18,16:18:00,3,0,0,WYNKOOP ST & 38TH ST,1,1,0,1,1,1,0,0,25,0,0,0,0,0,4,2,13
,2023-17169,39.67302963,-104.9593967,5/3/2023 16:15,16:15:00,3,0,0,E WESLEY AVE & S UNIVERSITY BLVD,1,1,0,0,1,1,0,0,25,0,0,0,0,0,4,2,3
,2023-17178,39.7289039,-104.9963934,5/5/2023 19:00,19:00:00,6,0,0,W 8TH AVE & N GALAPAGO ST,1,1,0,0,1,4,0,0,25,0,0,0,0,0,4,2,11
,2023-17179,39.68950083,-105.0250605,5/5/2023 22:26,22:26:00,12,0,1, FEDERAL BLVD & W FLORIDA AVE,1,3,0,0,1,3,0,0,30,0,0,0,0,2,2,2,11
,2023-17180,39.72777163,-105.0142587,5/6/2023 11:34,11:34:00,12,0,0,I-25 & W 8TH AVE,1,1,0,0,1,4,0,0,55,0,0,0,0,0,1,4,13
,2023-17181,39.80553434,-104.7656386,5/4/2023 4:00,4:00:00,6,0,0,E 60TH AVE & N CEYLON ST,1,3,0,0,3,4,0,0,35,0,0,0,0,0,4,2,1
,2023-17182,39.72932999,-105.0251344,4/27/2023 21:00,21:00:00,15,0,0,W 6TH AVE & N FEDERAL BLVD,11,3,0,1,1,4,0,0,55,0,0,0,0,0,2,2,7
,2023-17183,39.67866089,-105.0199861,5/5/2023 17:26,17:26:00,10,0,0,W EVANS AVE & CLAY ST,1,1,0,0,1,4,0,0,30,0,0,0,0,0,4,2,16
,2023-17187,39.68399523,-104.9803505,4/7/2023 13:35,13:35:00,6,0,0,E COLORADO AVE & S PEARL ST,1,1,0,7,1,4,0,0,25,0,0,0,0,0,4,2,16
,2023-17191,39.74021143,-104.9124455,4/22/2023 20:00,20:00:00,12,0,0,E COLFAX AVE & MONACO ST PKWY,1,1,0,0,1,1,0,0,30,0,0,0,0,0,2,2,16
,2023-17194,39.69296288,-104.9593547,5/6/2023 8:30,8:30:00,3,0,0,E LOUISIANA AVE & S UNIVERSITY BLVD,1,1,3,0,1,1,0,0,35,0,0,0,0,0,4,2,3
,2023-17195,39.74020281,-104.9989001,5/5/2023 8:50,8:50:00,12,0,0,W COLFAX AVE & N SPEER BLVD,1,1,0,0,1,1,0,0,30,0,0,0,0,0,2,2,14
,2023-17198,39.72563842,-104.987447,5/6/2023 1:52,1:52:00,3,0,0,E 6TH AVE & N BROADWAY ST,1,3,0,0,1,1,0,0,30,0,0,0,0,0,4,3,3
,2023-17199,39.71541925,-104.9582286,4/28/2023 1:10,1:10:00,5,0,0,E CHERRY CREEK  DR & UNIVERSITY BLVD,11,3,1,1,6,4,0,0,30,0,0,0,0,0,4,1,16
,2023-17208,39.73801452,-105.0251002,5/4/2023 17:30,17:30:00,12,0,0, FEDERAL BLVD & HOWARD PL,1,1,0,0,1,3,0,0,40,0,0,0,0,0,2,2,16
,2023-17210,39.78628125,-105.0532512,4/5/2023 6:35,6:35:00,8,0,2, SHERIDAN BLVD & W 49TH AVE,1,1,1,0,6,4,0,0,35,0,0,0,0,3,2,2,2
,2023-17211,39.72534706,-105.0132579,5/5/2023 21:32,21:32:00,12,0,0,I-25 & W 6TH AVE,1,4,0,0,1,8,0,0,55,0,0,0,0,0,1,4,7
,2023-17212,39.71478006,-104.9875255,5/6/2023 16:59,16:59:00,6,0,0,W BAYAUD AVE & S BROADWAY ST,1,1,0,0,3,4,0,0,20,0,0,0,0,0,4,2,14
,2023-17217,39.77287036,-104.8338253,5/5/2023 15:02,15:02:00,12,0,2,I-70 & PEORIA ST,1,1,0,0,1,4,0,0,55,0,0,0,0,2,1,3,3
,2023-17219,39.76073153,-104.9659532,5/5/2023 19:41,19:41:00,3,0,1, WILLIAMS ST & 31ST AVE,1,2,0,0,1,1,0,0,35,0,0,0,0,3,4,2,14
,2023-17220,39.77987651,-104.9673764,4/29/2023 18:45,18:45:00,9,0,0,I-70 & N BRIGHTON BLVD,1,1,0,0,3,4,0,0,55,0,0,0,0,0,1,1,13
,2023-17224,39.67058455,-104.8658052,5/6/2023 18:56,18:56:00,12,0,0, PARKER RD & S HAVANA ST,1,1,0,0,1,3,0,0,50,0,0,0,0,0,2,2,14
,2023-17225,39.72552181,-105.0426952,5/6/2023 16:50,16:50:00,12,0,0,W 6TH AVE & N STUART ST,1,1,0,7,1,4,0,0,55,0,0,0,0,0,2,2,16
,2023-17226,39.77385182,-104.8452568,5/5/2023 4:58,4:58:00,12,0,0,I-70 & N PEORIA ST,1,3,0,0,1,4,0,0,65,0,0,0,0,0,1,2,16
,2023-17227,39.72546801,-105.0215663,5/6/2023 17:09,17:09:00,12,0,0,W 6TH AVE FWY & N FEDERAL BLVD,1,1,0,0,1,4,0,0,55,0,0,0,0,0,2,3,7
,2023-17230,39.67405599,-104.9579459,5/6/2023 4:39,4:39:00,6,0,0, JOSEPHINE ST & E ILIFF AVE,1,4,0,0,1,4,0,0,15,0,0,0,0,0,4,2,7
,2023-17232,39.74484771,-104.9775253,5/6/2023 17:18,17:18:00,3,0,1,E 18TH AVE & N CLARKSON ST,1,1,0,0,1,1,0,0,30,0,0,0,0,2,4,2,7
,2023-17283,39.7823557,-104.8861194,4/27/2023 8:30,8:30:00,12,0,0,E 47TH AVE & N XENIA ST,1,1,0,0,1,3,0,0,25,0,0,0,0,0,4,2,16
,2023-17284,39.729105,-104.9590272,5/7/2023 19:00,19:00:00,15,0,0, JOSEPHINE ST & E 8TH AVE,1,1,1,0,1,1,0,0,30,0,0,0,0,0,4,2,14
,2023-17286,39.69675846,-105.0250715,4/4/2023 23:00,23:00:00,1,0,1, FEDERAL BLVD & W MISSISSIPPI AVE,1,3,0,0,1,1,0,0,40,0,0,0,0,1,2,2,16
,2023-17287,39.78382471,-104.8084247,5/4/2023 16:57,16:57:00,3,0,0,E GREEN VALLEY RANCH BLVD & N CHAMBERS RD,1,1,0,0,1,2,0,0,35,0,0,0,0,0,4,2,11
,2023-17289,39.74003635,-104.9835795,5/6/2023 21:25,21:25:00,10,0,3, GRANT ST & E COLFAX AVE,1,3,0,0,1,1,0,0,30,0,0,0,0,2,2,2,14
,2023-17293,39.74376411,-104.9417511,4/6/2023 20:56,20:56:00,5,0,0,E 17TH AVE & N COLORADO BLVD,1,3,0,0,3,4,0,0,35,0,0,0,0,0,4,1,16
,2023-17294,39.78445027,-104.8373087,4/30/2023 5:59,5:59:00,6,0,1,E ELGIN PL & N TITAN CT,1,1,0,0,1,4,0,0,25,0,0,0,0,1,4,2,1
,2023-17300,39.66831614,-104.9406166,5/1/2023 16:00,16:00:00,1,0,1, COLORADO BLVD & E YALE AVE,1,1,0,0,1,1,0,0,35,0,0,0,0,2,2,4,11
,2023-17305,39.63856792,-105.0352158,4/27/2023 12:54,12:54:00,6,0,0,W QUINCY AVE & S LOWELL BLVD,1,1,0,0,1,1,0,0,,0,0,0,0,0,4,2,16
,2023-17306,39.77363842,-104.8426918,4/30/2023 8:29,8:29:00,12,0,1,I-70 & EB ON RAMP MERGE PT FROM N PEORIA ST,1,1,0,0,1,13,0,0,55,0,0,0,0,2,2,2,16
,2023-17307,39.77654853,-104.8185814,5/3/2023 16:23,16:23:00,6,0,0,E SCOTT PL & N EUGENE WAY,1,1,0,0,1,4,0,0,25,0,0,0,0,0,4,2,16
,2023-17312,39.72878069,-104.9787685,5/4/2023 0:19,0:19:00,6,0,0, WASHINGTON ST & E 8TH AVE,1,3,0,0,1,4,0,0,30,0,0,0,0,0,4,2,13
,2023-17313,39.6591518,-105.0544663,5/6/2023 20:31,20:31:00,6,0,1, DEPEW ST & W COLUMBIA PL,1,2,0,0,1,4,0,0,25,0,0,0,0,2,4,2,1
,2023-17315,39.74527523,-105.00072,5/6/2023 21:50,21:50:00,9,0,1, SPEER BLVD & LAWRENCE ST,1,3,0,0,1,1,0,0,35,0,0,0,1,2,4,1,16
,2023-17316,39.68749542,-104.9398504,5/7/2023 10:58,10:58:00,3,0,0,E IOWA AVE & S ALBION ST,1,1,0,0,1,2,0,0,25,0,0,0,0,0,4,2,16
,2023-17317,39.72265296,-104.8795145,5/7/2023 9:38,9:38:00,5,0,0, ALTON WY & E 5TH AVE,1,1,0,0,2,3,0,0,,0,0,0,0,0,4,1,16
,2023-17318,39.73765283,-105.0139034,5/7/2023 1:15,1:15:00,12,0,0,I-25 & W COLFAX AVE,1,3,0,0,1,4,0,0,,0,0,0,0,0,1,2,16
,2023-17320,39.74316324,-104.9861153,5/6/2023 16:00,16:00:00,12,0,0,LINCOLN ST & E 17TH AVE,1,1,0,0,1,4,0,0,30,0,0,0,0,0,4,2,16
,2023-17321,39.69881769,-105.0414052,4/5/2023 16:22,16:22:00,6,0,0, QUITMAN ST & W TENNESSE AVE,1,1,0,0,1,4,0,0,25,0,0,0,0,0,4,2,14
,2023-17322,39.7400416,-104.9835907,5/6/2023 23:50,23:50:00,3,0,1,E COLFAX AVE & N GRANT ST,1,3,0,0,1,1,0,0,35,0,0,0,0,2,2,2,13
,2023-17323,39.76835074,-104.9948911,4/19/2023 14:30,14:30:00,12,0,0,I-25 & PARK AVE W,1,1,0,0,1,4,0,0,,0,0,0,0,0,1,2,16
,2023-17324,39.78217813,-104.7602696,5/7/2023 11:52,11:52:00,10,0,0, FLANDERS WAY & 47TH PL,1,1,0,0,1,1,0,0,35,0,0,0,0,1,4,2,13
,2023-17325,39.76930719,-105.0532476,5/7/2023 7:38,7:38:00,12,0,1, SHERIDAN BLVD & W 38TH AVE,1,1,0,0,1,3,0,0,35,0,0,0,0,1,2,2,3
,2023-17326,39.71156614,-104.9409119,5/5/2023 14:37,14:37:00,15,0,0,E ALAMEDA AVE & S COLORADO BLVD,1,1,0,0,1,4,0,0,30,0,0,0,0,0,4,2,16
,2023-17327,39.74002732,-105.002867,5/7/2023 2:00,2:00:00,12,0,1,W COLFAX AVE & N MARIPOSA ST,1,3,0,0,1,3,0,0,30,0,0,0,0,1,2,2,16
,2023-17328,39.79758489,-104.8223686,5/5/2023 13:41,13:41:00,1,0,0,E RANDOLPH PL & N CRYSTAL WAY,1,1,0,0,1,1,0,0,25,0,0,0,0,0,4,2,16
,2023-17329,39.6669415,-105.0224474,5/6/2023 23:30,23:30:00,6,0,0,W YALE AVE & S DECATUR ST,1,4,0,0,1,4,0,0,30,0,0,0,0,0,4,2,11
,2023-17330,39.69678709,-104.9141039,5/2/2023 12:00,12:00:00,6,0,0,1065  LOCUST ST & E MISSISSIPPI AVE,1,5,0,7,1,4,0,0,25,0,0,0,0,0,4,2,16
,2023-17331,39.74996045,-105.0171475,5/6/2023 22:50,22:50:00,12,0,0,I-25 & W 23RD AVE,1,3,0,0,1,4,0,0,55,0,0,0,0,0,1,2,16
,2023-17332,39.67531545,-105.0180331,5/4/2023 6:53,6:53:00,6,0,0, BRYANT ST & W ILIFF AVE,1,1,0,0,1,1,0,0,,0,0,0,0,0,4,3,16
,2023-17336,39.77285456,-104.8336411,5/4/2023 6:40,6:40:00,15,0,0,I-70 & I-225 SB RAMP GORE PT,1,1,0,0,1,13,0,0,55,0,0,0,0,0,1,2,16
,2023-17337,39.78106222,-104.84103,5/6/2023 23:37,23:37:00,6,0,1, TULSA CT & E ALBROOK DR,1,4,0,0,3,4,0,0,25,0,0,0,0,3,4,2,16
,2023-17340,39.81640966,-104.7720554,4/20/2023 12:56,12:56:00,15,0,0,E 66TH AVE & N TOWER RD,1,1,0,0,1,4,0,0,45,0,0,0,0,0,4,2,13
,2023-17343,39.69662335,-104.9121913,5/7/2023 12:23,12:23:00,6,0,0,E MISSISSIPPI AVE & S MONACO ST,1,1,0,0,1,4,0,0,30,0,0,0,0,0,4,2,13
,2023-17344,39.72919902,-105.0145181,5/3/2023 9:38,9:38:00,12,0,0,I-25 NB ON RAMP & W 8TH AVE,1,1,0,0,1,8,0,0,35,0,0,0,0,0,1,3,1
,2023-17358,39.78335979,-105.0346167,5/1/2023 13:31,13:31:00,15,0,0,I-70 & N LOWELL BLVD (APPROX),1,1,1,0,1,4,0,0,55,0,0,0,0,0,1,2,11
,2023-17360,39.68486728,-104.9034428,5/1/2023 17:18,17:18:00,11,0,1, QUEBEC ST & E CHERRY CREEK S DR,1,1,0,0,1,1,0,0,40,0,1,0,0,3,4,1,16
,2023-17376,39.78463245,-105.0253096,5/2/2023 8:30,8:30:00,11,0,1, FEDERAL BLVD & I-70 WB RAMPS,1,1,1,0,1,1,0,0,35,0,1,0,0,1,2,1,11
,2023-17381,39.65432858,-104.8749526,5/5/2023 2:56,2:56:00,6,0,0,E GIRARD AVE & S DAYTON ST,1,3,0,0,1,4,0,0,,0,0,0,0,0,4,2,16
,2023-17386,39.7400416,-104.9835907,5/7/2023 2:10,2:10:00,3,0,3,E COLFAX AVE & N GRANT ST,1,3,0,0,1,3,0,0,25,0,0,0,0,1,2,2,14
,2023-17393,39.77487987,-104.8474032,5/7/2023 10:34,10:34:00,5,0,0,I-70 WB ON RAMP & N PEORIA ST,1,1,0,0,3,8,0,0,,0,0,0,0,0,1,1,16
,2023-17397,39.73685599,-104.9941095,5/6/2023 16:39,16:39:00,3,0,1,W 13TH AVE & N ELATI ST,14,1,3,0,1,1,0,0,20,0,0,0,0,2,4,2,14
,2023-17398,39.75831253,-104.9874527,5/2/2023 9:00,9:00:00,11,0,0,WALNUT ST & N BROADWAY ST,1,1,0,0,1,1,0,0,,0,1,0,0,0,4,1,16
,2023-17462,39.66763519,-104.9109436,5/1/2023 13:15,13:15:00,2,0,1,E YALE AVE & S MAGNOLIA ST,1,1,0,0,1,1,0,0,25,1,0,0,0,3,4,1,1
,2023-17466,39.75962516,-105.0016809,5/8/2023 0:23,0:23:00,12,0,2,20TH ST & LITTLE RAVEN ST,1,3,0,0,1,4,0,0,40,0,0,0,1,2,4,3,3
,2023-17467,39.77850043,-104.9200795,5/8/2023 7:27,7:27:00,12,0,1,I-70 & N IVY ST,1,1,0,0,1,13,0,0,55,0,0,0,0,1,1,3,7
,2023-17468,39.77816823,-104.836583,5/7/2023 11:32,11:32:00,6,0,0,E ALBROOK DR & AUCKLAND CT,1,1,0,0,1,4,0,0,,0,0,0,0,0,4,2,16
,2023-17469,39.74879568,-104.9944402,5/8/2023 19:40,19:40:00,3,0,2,ARAPAHOE ST & 17TH ST,1,1,0,0,1,1,0,0,25,0,0,0,0,2,4,2,13
,2023-17471,39.7476299,-105.0053583,5/7/2023 1:37,1:37:00,5,0,0,AURARIA PKWY & 11TH ST,1,3,0,0,6,1,0,0,35,0,0,0,0,0,4,1,14
,2023-17473,39.75005554,-105.0045556,5/6/2023 4:17,4:17:00,5,0,0, SPEER BLVD & WEWATTA ST,1,3,0,0,3,4,0,0,35,0,0,0,0,0,4,1,16
,2023-17474,39.73129341,-105.05313,5/7/2023 7:32,7:32:00,6,0,0,W 9TH AVE & N SHERIDAN BLVD,1,1,0,0,1,4,0,0,25,0,0,0,0,0,4,3,16
,2023-17475,39.72532898,-104.9261089,5/7/2023 9:27,9:27:00,5,0,1,E 6TH AVE & N GLENCOE ST,1,1,0,0,3,1,0,0,30,0,0,0,0,1,4,1,3
,2023-17476,39.69638187,-104.8976125,5/8/2023 17:49,17:49:00,15,0,0, PARKER RD & E MISSISSIPPI AVE,1,1,0,0,1,4,0,0,40,0,0,0,0,0,2,3,1
,2023-17485,39.69656693,-104.9405603,5/7/2023 14:25,14:25:00,3,0,0, COLORADO BLVD & E MISSISSIPPI AVE,1,1,0,0,1,1,0,0,35,0,0,0,0,0,2,2,13
,2023-17487,39.72564838,-105.0135635,5/8/2023 1:34,1:34:00,5,0,1,W 6TH AVE FWY & I-25,1,3,0,0,2,4,0,0,55,0,0,0,0,2,2,1,14
,2023-17488,39.67850838,-104.9722728,5/8/2023 17:29,17:29:00,3,0,0,E EVANS AVE & S MARION ST,1,1,0,0,1,1,0,0,35,0,0,0,0,0,4,2,13
,2023-17492,39.7401806,-104.9574745,5/8/2023 17:23,17:23:00,12,0,1,E COLFAX AVE & N COLUMBINE ST,1,1,0,0,1,4,0,0,35,0,0,0,0,2,2,2,14
,2023-17493,39.76573817,-105.0449498,5/8/2023 8:35,8:35:00,14,0,0,W 35TH AVE & N TENNYSON ST,1,1,0,0,1,4,0,0,20,0,0,0,0,0,4,2,11
,2023-17497,39.77385082,-104.8452453,5/3/2023 15:09,15:09:00,15,0,0,I-70 & N PEORIA ST,1,1,0,0,1,13,0,0,55,0,0,0,0,0,1,5,3
,2023-17504,39.77777083,-104.9812978,4/16/2023 22:19,22:19:00,6,0,0, PENNSYLVANIA ST & E 45TH ST,1,3,0,0,1,4,0,0,25,0,0,0,0,0,4,2,10
,2023-17509,39.72255015,-104.9584982,5/2/2023 12:20,12:20:00,12,0,0,E 4TH AVE & N JOSEPHINE ST,1,1,0,0,1,3,0,0,25,0,0,0,0,0,4,2,16
,2023-17513,39.70926515,-104.9593275,5/8/2023 17:14,17:14:00,12,0,0, UNIVERSITY BLVD & E DAKOTA AVE,1,1,0,0,1,4,0,0,30,0,0,0,0,0,4,3,11
,2023-17515,39.84116072,-104.670127,5/7/2023 22:39,22:39:00,3,0,0,SHADY GROVE ST & E 80TH AVE,1,3,0,0,1,2,0,0,10,0,0,0,0,0,4,2,1
,2023-17516,39.78399909,-105.0281408,5/7/2023 20:37,20:37:00,15,0,0,I-70 & N FEDERAL BLVD,1,2,0,0,1,4,0,0,55,0,0,0,0,0,1,2,7
,2023-17517,39.76992315,-104.9028059,5/5/2023 15:52,15:52:00,12,0,0, QUEBEC ST & E 40TH AVE,1,1,0,0,1,4,0,0,45,0,0,0,0,0,4,3,8
,2023-17522,39.73923738,-105.0295729,5/8/2023 15:19,15:19:00,12,0,0,W 14TH AVE & N IRVING ST,1,1,0,0,1,4,0,0,25,0,0,0,0,0,4,2,3
,2023-17524,39.83061177,-104.7788991,5/8/2023 13:19,13:19:00,15,0,0,PENA BLVD & N TOWER RD,1,1,0,0,1,4,0,0,65,0,0,0,0,0,4,2,11
,2023-17527,39.70237555,-105.0453294,5/3/2023 10:38,10:38:00,6,0,0,MORRISON RD & S UTICA ST,1,1,0,0,1,4,0,0,35,0,0,0,0,0,4,2,16
,2023-17533,39.76722508,-104.9938628,4/25/2023 2:05,2:05:00,5,0,0,I-25 & PARK AVE W,11,3,1,1,3,8,0,0,55,0,0,0,0,0,1,1,16
,2023-17536,39.78377165,-104.9412627,4/29/2023 17:03,17:03:00,16,0,1,4801 . COLORADO BLVD & 48TH ST.,1,1,0,0,5,7,0,0,30,0,1,0,0,2,3,1,14
,2023-17540,39.71847658,-104.8750183,3/26/2023 21:56,21:56:00,5,0,0,E 1ST AVE & S DAYTON ST,11,3,0,2,2,4,0,0,30,0,0,0,0,0,4,1,1
,2023-17544,39.7795964,-104.8468585,5/5/2023 17:08,17:08:00,10,0,0,E 46TH AVE & N PEORIA ST,1,1,0,0,1,3,0,0,25,0,0,0,0,0,4,2,8
,2023-17545,39.74007917,-104.9126185,5/7/2023 12:55,12:55:00,12,0,1,E COLFAX AVE & N MONACO ST PKWY,1,1,0,0,1,3,0,0,30,0,0,0,0,1,2,2,13
,2023-17555,39.65889424,-104.9263872,2/18/2023 2:15,2:15:00,6,0,0, FLAMINGO WAY & EASTMAN AVE,1,3,0,0,1,4,0,0,25,0,0,0,0,0,4,2,16
,2023-17556,39.6971192,-104.8996126,5/8/2023 16:15,16:15:00,15,0,0, PARKER RD & S QUINCE ST,1,1,1,0,1,4,0,0,35,0,0,0,0,0,2,2,7
,2023-17569,39.76939167,-105.0428565,4/3/2023 8:13,8:13:00,5,0,0, STUART ST & W 38TH AVE,1,1,0,0,2,4,0,0,25,0,0,0,0,0,4,1,16
,2023-17586,39.70157014,-105.0215374,4/9/2023 23:00,23:00:00,6,0,0, DALE CT & W OHIO AVE,1,4,0,0,1,4,0,0,,0,0,0,0,0,4,2,16
,2023-17604,39.7532669,-104.9929692,3/31/2023 0:51,0:51:00,11,0,1,20TH ST & MARKET ST,1,3,0,0,1,9,0,0,25,0,1,0,0,1,4,1,14
,2023-17627,39.74190736,-104.968449,5/8/2023 12:23,12:23:00,6,0,0,FRANKLIN ST & E 16TH AVE,1,2,0,0,1,4,0,0,,0,0,0,0,0,4,2,16
,2023-17628,39.78619743,-104.8367886,5/8/2023 15:47,15:47:00,5,0,0,E ANDREWS DR & N URSULA ST,1,1,0,0,2,4,0,0,25,0,0,0,0,1,4,1,1
,2023-17630,39.72094261,-104.9406279,5/8/2023 15:45,15:45:00,12,0,0, COLORADO BLVD & E 3RD AVE,1,1,0,0,1,1,0,0,40,0,0,0,0,0,2,2,3
,2023-17633,39.75108819,-104.9557246,5/8/2023 14:31,14:31:00,12,0,0,E 23RD AVE & N YORK ST,1,1,0,0,1,3,0,0,25,0,0,0,0,0,4,2,11
,2023-17635,39.64064911,-104.9066853,5/9/2023 10:49,10:49:00,3,0,1, OLIVE ST & E PRINCETON AVE,1,1,0,0,1,1,0,0,30,0,0,0,0,2,4,2,11
,2023-17638,39.61754456,-105.0611077,5/8/2023 17:00,17:00:00,6,0,0, GRAY ST & W BERRY AVE,1,4,0,0,1,4,1,0,25,0,0,0,0,0,4,3,16
,2023-17640,39.77197686,-104.9697323,5/8/2023 7:42,7:42:00,3,0,0,WALNUT ST & 40TH ST,1,1,0,0,1,1,0,0,25,0,0,0,0,0,4,2,13
,2023-17642,39.77108652,-104.8470815,5/9/2023 15:49,15:49:00,12,0,0,E 39TH AVE & N PEORIA WAY,1,1,1,0,1,4,0,0,25,0,0,0,0,0,4,2,3
,2023-17643,39.73726947,-104.9093777,5/8/2023 19:50,19:50:00,3,0,0,E 13TH AVE & N NEWPORT ST,1,4,0,0,1,1,0,0,35,0,0,0,0,0,4,2,13
,2023-17644,39.68956403,-104.9923761,5/9/2023 8:24,8:24:00,15,0,0, SANTA FE DR & W FLORIDA AVE,1,1,0,0,1,3,0,0,45,0,0,0,0,0,2,2,16
,2023-17646,39.67475217,-104.8753015,5/9/2023 8:06,8:06:00,12,0,0,E ILIFF AVE & S DAYTON WAY,1,1,1,0,1,4,0,1,35,0,0,0,0,0,4,2,3
,2023-17647,39.65615248,-105.0532234,5/8/2023 14:00,14:00:00,2,0,1, SHERIDAN BLVD & W DARTMOUTH AVE,1,1,0,0,1,1,0,0,0,1,0,0,0,2,2,1,16
,2023-17651,39.68469086,-104.9499572,5/9/2023 10:20,10:20:00,12,0,0,I-25 & S STEELE ST,1,1,0,0,1,4,0,0,55,0,0,0,0,0,1,2,13
,2023-17652,39.6578571,-105.0532252,5/9/2023 15:16,15:16:00,12,0,0, SHERIDAN BLVD & W COLUMBIA PL,1,1,0,0,1,4,0,0,40,0,0,0,0,0,2,3,3
,2023-17656,39.69684144,-105.0532422,5/8/2023 14:25,14:25:00,1,0,1, SHERIDAN BLVD & MORRISON RD,1,1,1,0,1,3,0,0,35,0,0,0,0,1,2,2,16
,2023-17659,39.73286318,-104.8987457,5/8/2023 10:44,10:44:00,3,0,0, SYRACUSE ST & E 11TH AVE,1,1,0,0,1,1,0,0,30,0,0,0,0,1,4,2,16
,2023-17660,39.6852537,-104.9643887,5/8/2023 8:55,8:55:00,12,0,0,I-25 & S UNIVERSTY BLVD SB ON RAMP GORE PT,1,1,0,0,1,4,0,0,60,0,0,0,0,0,1,3,13