id,drcog_id,latitude,longitude,crashtime,time,crashtype,numbkilled,numbinjurd,drcoglocat,rdconditin,lightngcon,roadcntgrd,weatherco,location,roaddescrp,schoolzone,constrzone,splimit,bikeinv,pedinv,sctrinv,motoinv,svrty,rdsystem,ttlvehcls,hcf
,2023-17661,39.71118308,-104.9988839,5/9/2023 8:11,8:11:00,15,0,0,I-25 & W ALAMEDA AVE,1,1,1,0,1,4,0,0,55,0,0,0,0,0,1,2,10
,2023-17662,39.73847431,-105.0324045,5/8/2023 23:14,23:14:00,6,0,0,W 14TH AVE & N KNOX CT,1,3,0,0,1,4,0,0,30,0,0,0,0,0,4,2,3
,2023-17663,39.75837265,-105.0211946,5/9/2023 11:01,11:01:00,1,0,0, SPEER BLVD & W 29TH AVE,1,1,0,0,1,2,0,0,30,0,0,0,0,0,4,2,13
,2023-17664,39.70204975,-104.9687145,5/8/2023 18:00,18:00:00,3,0,0, FRANKLIN ST & E OHIO AVE,1,1,0,0,1,2,0,0,25,0,0,0,0,0,4,2,3
,2023-17668,39.67847104,-104.9653366,5/9/2023 16:00,16:00:00,12,0,0,E EVANS AVE & S HIGH ST,1,1,0,0,1,3,0,0,30,0,0,0,0,0,4,3,13
,2023-17671,39.6517638,-105.0529559,5/8/2023 11:33,11:33:00,1,0,0,W HAMPDEN AVE  FRTG RD & S SHERIDAN BLVD,1,1,0,0,1,1,0,0,40,0,0,0,0,0,2,2,11
,2023-17672,39.77979978,-104.9746938,5/7/2023 16:28,16:28:00,15,0,0,I-70 & N WASHINGTON ST,1,1,0,0,1,4,0,0,,0,0,0,0,0,1,2,16
,2023-17673,39.71939943,-104.9564998,5/9/2023 9:53,9:53:00,15,0,0,E 2ND AVE & N COLUMBINE ST,1,1,0,0,1,4,0,0,25,0,0,0,0,0,4,2,14
,2023-17675,39.70357302,-104.9952635,5/8/2023 7:09,7:09:00,5,0,1, SANTA FE DR & I-25 SB ON RAMP,1,1,0,0,2,3,0,0,45,0,0,0,0,2,2,1,3
,2023-17676,39.71734363,-104.905969,5/9/2023 10:50,10:50:00,10,0,1, PONTIAC ST & E IRVINGTON PL,1,1,0,0,1,2,0,0,25,0,0,0,0,2,4,2,13
,2023-17677,39.72547394,-105.0336259,5/8/2023 7:40,7:40:00,12,0,1,W 6TH AVE & N LOWELL BLVD ON RAMP,1,1,1,0,1,4,0,0,55,0,0,0,0,1,2,3,14
,2023-17678,39.74484771,-104.9775253,5/8/2023 10:28,10:28:00,3,0,0,E 18TH AVE & N CLARKSON ST,1,1,0,0,1,1,0,0,30,0,0,0,0,0,4,2,3
,2023-17680,39.67529692,-105.0250402,5/9/2023 16:07,16:07:00,1,0,0, FEDERAL BLVD & W ILIFF AVE,1,1,2,0,1,1,0,0,40,0,0,0,0,0,2,2,11
,2023-17684,39.66753936,-104.9250635,5/9/2023 12:40,12:40:00,1,0,1,E YALE AVE & I-25 NB RAMPS,1,1,0,0,1,1,0,0,35,0,0,0,1,2,4,2,13
,2023-17687,39.72550138,-105.013365,5/8/2023 15:46,15:46:00,12,0,0,I-25 & W 6TH AVE,1,1,1,0,1,4,0,0,55,0,0,0,0,0,1,2,7
,2023-17692,39.76450299,-104.9672642,5/9/2023 19:03,19:03:00,6,0,1,E BRUCE RANDOLPH AVE & N GILPIN ST,1,1,0,0,1,4,0,0,35,0,0,0,0,2,4,3,16
,2023-17700,39.73002671,-105.0162421,5/9/2023 14:50,14:50:00,1,0,0, ZUNI ST & W 8TH AVE,1,1,0,0,1,3,0,0,30,0,0,0,0,0,4,2,11
,2023-17703,39.74003608,-105.0016785,5/9/2023 8:00,8:00:00,12,0,1,W COLFAX AVE & N LIPAN ST,1,1,0,0,1,4,0,0,30,0,0,0,0,1,2,2,13
,2023-17705,39.75053411,-105.0009186,5/8/2023 13:05,13:05:00,6,0,0,WAZEE ST & 15TH ST,1,1,0,0,1,4,0,0,30,0,0,0,0,0,4,2,13
,2023-17717,39.75846415,-105.0532394,5/9/2023 7:32,7:32:00,1,0,0, SHERIDAN BLVD & W 29TH AVE,1,1,1,0,1,1,0,0,35,0,0,0,0,0,2,4,11
,2023-17718,39.78030623,-104.9409183,5/8/2023 14:55,14:55:00,12,0,0,I-70 & N COLORADO BLVD,1,1,0,0,1,4,0,0,55,0,0,0,0,0,1,2,10
,2023-17719,39.66426774,-104.9233094,5/9/2023 9:58,9:58:00,15,0,2,I-25 & E YALE AVE,1,1,0,0,1,8,0,0,65,0,0,0,0,1,1,2,16
,2023-17728,39.70034832,-105.0274626,5/9/2023 6:15,6:15:00,6,0,0, HAZEL CT & W KENTUCKY AVE,1,1,0,0,1,4,0,0,35,0,0,0,0,0,4,2,16
,2023-17733,39.63813668,-104.9124692,5/8/2023 14:25,14:25:00,12,0,0,E HAPPY CANYON RD & S MONACO ST,1,1,0,0,1,1,0,0,25,0,0,0,0,0,4,2,3
,2023-17735,39.7547161,-104.9124475,5/8/2023 9:05,9:05:00,2,0,1,E 26TH AVE & N MONACO ST,1,1,0,0,1,1,0,0,0,1,0,0,0,2,4,1,16
,2023-17737,39.76731943,-104.8904569,5/8/2023 14:15,14:15:00,3,0,0,E 36TH AVE & N CENTRAL PARK BLVD,1,1,0,0,1,2,0,0,25,0,0,0,0,0,4,2,11
,2023-17746,39.72253716,-104.9862299,5/8/2023 12:42,12:42:00,15,0,1, LINCOLN ST & E 4TH AVE,1,1,3,0,1,1,0,0,30,0,0,0,0,1,4,2,1
,2023-17750,39.73951566,-105.0532112,5/8/2023 14:25,14:25:00,15,0,0, SHERIDAN BLVD & W COLFAX AVE,1,1,0,0,1,3,0,0,35,0,0,0,0,0,2,2,1
,2023-17752,39.69860335,-104.9035548,5/8/2023 16:45,16:45:00,12,0,0, QUEBEC ST & LEETSDALE DR,1,1,0,0,1,1,0,0,30,0,0,0,0,0,2,2,3
,2023-17796,39.74762546,-105.0053683,4/16/2023 23:50,23:50:00,12,0,0,11TH ST & AURARIA PKWY,1,3,1,0,1,1,0,0,25,0,0,0,0,0,4,2,16
,2023-17830,39.74005632,-104.9848576,3/16/2023 0:07,0:07:00,2,0,2,E COLFAX AVE & N SHERMAN ST,11,3,0,1,1,1,0,0,35,1,0,0,0,3,2,1,14
,2023-17831,39.79838685,-104.8658777,5/9/2023 20:20,20:20:00,12,0,0,E 56TH AVE & N HAVANA ST,1,3,0,0,1,4,0,0,40,0,0,0,0,0,4,2,7
,2023-17834,39.75359624,-105.0532502,5/10/2023 14:07,14:07:00,3,0,0,2500  SHERIDAN BLVD,14,5,3,7,1,2,0,0,35,0,0,0,0,0,2,2,13
,2023-17835,39.754869,-105.0159058,5/5/2023 14:58,14:58:00,5,0,0,W 26TH AVE & N ZUNI ST,1,1,1,0,3,4,0,0,30,0,0,0,0,0,4,1,16
,2023-17836,39.71121283,-104.9129298,5/10/2023 13:04,13:04:00,1,0,0,E ALAMEDA AVE & S MONACO ST,1,1,0,0,1,1,0,0,35,0,0,0,0,0,4,2,14
,2023-17838,39.7339114,-104.9935491,2/2/2023 21:15,21:15:00,11,1,0, SPEER BLVD & W 11TH AVE,1,3,0,0,1,1,0,0,40,0,1,0,0,4,4,1,16
,2023-17848,39.69674324,-105.0245303,5/5/2023 7:40,7:40:00,15,0,0,W MISSISSIPPI AVE & S FEDERAL BLVD,1,1,0,0,1,4,0,0,30,0,0,0,0,0,4,2,16
,2023-17854,39.77392692,-104.8470333,5/10/2023 7:43,7:43:00,12,0,0,I-70 & N PEORIA ST,1,1,0,0,1,4,0,0,55,0,0,0,0,0,1,2,3
,2023-17856,39.68544304,-104.9592764,5/10/2023 6:35,6:35:00,15,0,1,I-25 OFF RAMP SLIP & S UNIVERSITY BLVD,1,1,0,0,1,1,0,0,45,0,0,0,0,1,1,2,7
,2023-17858,39.79104981,-105.0064161,5/10/2023 13:16,13:16:00,12,0,0, PECOS ST & W 52ND AVE,11,1,0,1,1,4,0,0,30,0,0,0,0,0,4,2,13
,2023-17859,39.68748163,-104.9405446,5/10/2023 7:37,7:37:00,3,0,1, COLORADO BLVD & E IOWA AVE,1,1,0,0,1,1,0,0,35,0,0,0,0,2,2,2,16
,2023-17861,39.7183553,-104.9036891,5/3/2023 13:20,13:20:00,12,0,1, QUEBEC ST & E 1ST AVE,1,1,0,0,1,1,0,0,,0,0,0,0,1,4,2,16
,2023-17862,39.77857828,-104.9219379,5/9/2023 14:48,14:48:00,12,0,0,I-70 & N HOLLY ST,1,1,0,1,1,4,0,0,55,0,0,0,0,0,1,2,12
,2023-17864,39.77971949,-104.805166,4/22/2023 2:38,2:38:00,6,0,0,E BOLLING DR & N JOPLIN ST,11,3,0,2,1,4,0,0,25,0,0,0,0,0,4,3,1
,2023-17866,39.75238702,-104.9846035,5/9/2023 16:45,16:45:00,12,0,0,PARK AVE W & STOUT ST,1,1,0,0,1,1,0,0,30,0,0,0,0,1,4,3,13
,2023-17867,39.78002593,-104.9891611,5/10/2023 7:19,7:19:00,12,0,0,I-25 & I-70,1,1,0,7,1,4,0,0,,0,0,0,0,0,1,3,16
,2023-17874,39.77732789,-104.8827845,5/9/2023 16:21,16:21:00,12,0,1,I-70 & N CENTRAL PARK BLVD,1,1,0,0,1,4,0,0,55,0,0,0,0,1,1,2,1
,2023-17877,39.7012119,-104.987481,5/9/2023 18:00,18:00:00,15,0,0,I-25 & S BROADWAY,1,1,0,0,1,4,0,0,65,0,0,0,0,0,1,2,3
,2023-17878,39.67475163,-104.8707969,5/9/2023 17:00,17:00:00,3,0,0, PARKER RD & E ILIFF AVE,1,1,0,0,1,1,0,0,,0,0,0,0,0,2,2,16
,2023-17883,39.73209863,-104.9988089,5/1/2023 8:06,8:06:00,6,0,1,W 10TH AVE & N SANTA FE DR,1,1,0,7,1,4,0,0,,0,1,0,0,2,4,2,14
,2023-17884,39.6985903,-104.9035445,5/9/2023 16:00,16:00:00,12,0,0,LEETSDALE DR & S QUEBEC ST,1,1,0,0,1,1,0,0,35,0,0,0,0,0,2,2,3
,2023-17885,39.76956846,-104.9921089,5/8/2023 22:17,22:17:00,5,0,3,I-25 & PARK AVE W,1,3,1,0,2,4,0,0,55,0,0,0,0,3,1,1,16
,2023-17886,39.77306794,-104.9405112,5/7/2023 12:49,12:49:00,15,0,0, COLORADO BLVD & E 40TH AVE,1,1,0,0,1,4,0,0,35,0,0,0,0,0,2,3,16
,2023-17887,39.67484317,-104.9591379,5/9/2023 19:21,19:21:00,3,0,0,E ILIFF AVE & S UNIVERSITY BLVD,1,1,0,7,1,9,0,0,30,0,0,0,0,0,4,2,13
,2023-17888,39.74849282,-105.0251669,5/7/2023 18:28,18:28:00,15,0,0, FEDERAL BLVD & W 21ST AVE,1,1,0,0,1,4,0,0,35,0,0,0,0,0,2,2,16
,2023-17889,39.69310126,-105.0297103,5/5/2023 17:51,17:51:00,2,0,1, IRVING ST & W LOUISANA AVE,1,1,0,7,1,1,0,0,30,1,0,0,0,3,4,1,11
,2023-17890,39.75241441,-104.9874041,5/10/2023 11:35,11:35:00,3,0,0, BROADWAY ST & 22ND ST,11,1,0,1,1,2,0,0,30,0,0,0,0,0,4,2,11
,2023-17893,39.79104129,-104.9851066,5/10/2023 10:58,10:58:00,6,0,0,E 52ND AVE & N SHERMAN ST,11,1,0,1,1,1,0,0,25,0,0,0,0,0,4,2,16
,2023-17898,39.70131595,-104.9876813,5/9/2023 15:08,15:08:00,12,0,0,I-25 & S BROADWAY,1,1,0,0,1,4,0,0,,0,0,0,0,0,1,3,16
,2023-17899,39.74618554,-104.9840091,4/28/2023 18:05,18:05:00,5,0,1,E 19TH AVE & N SHERMAN ST,1,1,1,0,3,4,0,0,25,1,0,0,0,3,4,1,16
,2023-17901,39.71653626,-104.9731683,5/6/2023 2:16,2:16:00,15,0,0,E ELLSWORTH AVE & S DOWNING ST,1,3,0,0,1,4,0,0,,0,0,0,0,0,4,2,16
,2023-17906,39.7403273,-105.0098524,5/5/2023 8:15,8:15:00,15,0,1,W COLFAX AVE & I-25 ON RAMP,1,1,0,0,1,1,0,0,40,0,0,0,0,1,2,3,16
,2023-17911,39.74022456,-104.8852533,4/11/2023 17:15,17:15:00,16,0,0,8835 E COLFAX AVE & COLFAX AVE AND N YOSEMITE,1,1,0,0,5,7,0,0,,0,0,0,0,0,3,2,16
,2023-17914,39.73204046,-104.986139,3/15/2023 22:09,22:09:00,11,0,1,E 10TH AVE & N LINCOLN ST,11,3,0,1,1,1,0,0,35,0,1,0,0,3,4,1,14
,2023-17916,39.68829338,-104.9703718,5/10/2023 8:23,8:23:00,12,0,0,I-25 & S DOWNING ST,1,1,0,0,1,4,0,0,55,0,0,0,0,0,1,2,13
,2023-17925,39.74383077,-105.0164671,5/4/2023 13:54,13:54:00,12,0,0,I-25 & W COLFAX AVE,1,1,0,0,1,4,0,0,55,0,0,0,0,0,1,2,13
,2023-17930,39.70754722,-104.9889397,5/5/2023 13:26,13:26:00,16,0,0,505  BROADWAY ST,1,1,0,0,5,7,0,0,10,0,0,0,0,0,3,3,16
,2023-17932,39.75364827,-104.9934266,5/4/2023 19:51,19:51:00,11,0,1,MARKET ST & 20TH ST,1,2,0,0,1,1,0,0,0,0,0,1,0,3,4,1,16
,2023-17934,39.76323589,-104.9879031,5/5/2023 16:35,16:35:00,5,0,0, BROADWAY ST & 28TH ST,1,1,0,0,2,1,0,0,35,0,0,0,0,0,4,1,16
,2023-17938,39.7347274,-105.0200377,5/10/2023 1:00,1:00:00,6,0,0,W 12TH AVE & N BRYANT ST,1,4,0,0,1,4,0,0,25,0,0,0,0,0,4,2,16
,2023-17955,39.73839227,-104.973019,4/1/2023 9:02,9:02:00,3,0,0, DOWNING ST & E 14TH AVE,1,1,0,0,1,1,0,0,,0,0,0,0,0,4,2,16
,2023-17956,39.76199377,-104.9659436,4/20/2023 17:25,17:25:00,10,0,0,E MLK BLVD & N WILLIAMS ST,1,1,0,0,1,1,0,0,35,0,0,0,0,0,4,2,1
,2023-17960,39.8380262,-104.7013335,5/11/2023 15:40,15:40:00,3,0,0,23842 E 78TH AVE & N GUN CLUB RD,11,1,0,1,1,2,0,0,45,0,0,0,0,0,4,2,11
,2023-17961,39.77797988,-104.9176025,5/10/2023 13:04,13:04:00,3,0,0, KEARNEY ST & E 44TH AVE,1,1,0,0,1,1,0,0,30,0,0,0,0,0,4,2,13
,2023-17962,39.71977647,-104.9510119,5/11/2023 10:41,10:41:00,15,0,0,ST PAUL ST & E 3RD AVE,11,1,0,1,1,4,0,0,25,0,0,0,0,0,4,2,11
,2023-17963,39.66763938,-104.9085085,5/10/2023 16:20,16:20:00,12,0,0,E YALE AVE & S NORMAN CT,11,1,0,1,1,4,0,0,30,0,0,0,0,0,4,2,13
,2023-17968,39.69667633,-104.9956995,5/10/2023 23:38,23:38:00,5,0,0,W MISSISSIPPI AVE & S GALAPAGO ST,11,3,0,1,3,4,0,0,35,0,0,0,0,0,4,1,13
,2023-17971,39.72933857,-105.0251494,5/11/2023 15:04,15:04:00,15,0,0, FEDERAL BLVD & W 6TH AVE,11,1,0,1,1,4,0,0,35,0,0,0,0,0,2,2,13
,2023-17972,39.74020884,-105.005376,5/11/2023 11:24,11:24:00,12,0,0,W COLFAX AVE & N OSAGE ST,11,1,0,1,1,4,0,0,40,0,0,0,0,0,2,2,13
,2023-17973,39.76180229,-104.9405205,5/10/2023 11:35,11:35:00,12,0,0,E MLK JR BLVD & N COLORADO BLVD,1,1,0,0,1,1,0,0,,0,0,0,0,0,2,2,16
,2023-17975,39.74864151,-105.0205306,5/10/2023 14:54,14:54:00,14,0,0,CLAY ST & W 21ST AVE,11,1,0,1,1,4,0,0,30,0,0,0,0,0,4,2,13
,2023-17976,39.71965295,-104.9583735,5/11/2023 8:43,8:43:00,6,0,0, JOSEPHINE & E 2ND AVE,11,1,0,1,1,9,0,0,15,0,0,0,0,0,4,2,11
,2023-17977,39.76984887,-105.0189784,5/11/2023 5:00,5:00:00,6,0,0, BRYANT ST & W 38TH AVE,11,4,0,1,1,4,0,0,,0,0,0,0,0,4,2,16
,2023-17978,39.73369412,-105.0028134,5/11/2023 13:48,13:48:00,3,0,0,W 11TH AVE & N MARIPOSA ST,11,1,0,1,1,1,0,0,25,0,0,0,0,1,4,2,13
,2023-17984,39.76847869,-104.865443,5/10/2023 21:25,21:25:00,5,0,0,E SMITH RD & N HAVANA ST,11,3,0,0,3,1,0,0,35,0,0,0,0,0,4,1,14
,2023-17990,39.77822286,-104.9035318,5/10/2023 23:02,23:02:00,5,0,0,I-70 & N NORTHFIELD QUEBEC ST (APPROX),11,3,0,1,3,4,0,0,65,0,0,0,0,0,1,1,13
,2023-17995,39.77113036,-104.7605568,5/11/2023 18:30,18:30:00,6,0,0, ENSENADA ST & E 39TH AVE,11,2,0,1,1,4,0,0,25,0,0,0,0,0,4,2,16
,2023-17996,39.7729222,-104.8650918,5/11/2023 12:00,12:00:00,3,0,1,E 40TH AVE & N HAVANA ST,11,1,0,0,1,2,0,0,30,0,0,0,0,1,4,2,11
,2023-17998,39.71484597,-105.0014079,2/1/2023 7:42,7:42:00,12,0,0,I-25 & W ALAMEDA AVE,1,1,0,0,1,4,0,0,65,0,0,0,0,0,1,2,16
,2023-18002,39.73013743,-105.0151105,5/10/2023 14:15,14:15:00,12,0,0,I-25 & W 8TH AVE,1,1,0,0,1,4,0,0,55,0,0,0,0,0,1,2,16
,2023-18004,39.65306574,-104.9185206,5/11/2023 4:42,4:42:00,5,0,1,I-25 & E HAMPDEN AVE,11,3,0,1,2,4,0,0,60,0,0,0,0,3,1,1,13
,2023-18019,39.67856082,-104.9852356,5/10/2023 16:30,16:30:00,12,0,0,E EVANS AVE & S SHERMAN ST,11,1,0,1,1,1,0,0,30,0,0,0,0,1,4,2,1
,2023-18025,39.68936938,-104.9962384,5/11/2023 6:36,6:36:00,12,0,0,W FLORIDA AVE & S PLATTE RIVER DR,11,1,0,1,1,4,0,0,30,0,0,0,0,0,4,2,16
,2023-18026,39.77318786,-104.8098906,5/11/2023 7:40,7:40:00,15,0,0,E 40TH AVE & N CHAMBERS RD,11,1,0,1,1,1,0,0,40,0,0,0,0,0,4,2,11
,2023-18028,39.75147563,-104.9979792,5/10/2023 21:07,21:07:00,10,0,1,17TH ST & BLAKE ST,11,3,0,1,1,1,0,0,35,0,0,0,0,2,4,2,13
,2023-18030,39.71102809,-104.9987918,5/11/2023 5:23,5:23:00,15,0,0,I-25 & W ALAMEDA AVE,11,3,1,1,1,4,0,0,55,0,0,0,0,0,1,2,7
,2023-18031,39.74051978,-105.013961,5/11/2023 10:35,10:35:00,15,0,0,I-25 & W COLFAX AVE,11,1,0,1,1,4,0,0,55,0,0,0,0,0,1,2,16
,2023-18032,39.75822954,-104.9597746,5/11/2023 10:12,10:12:00,3,0,0,E 29TH AVE & N YORK ST,11,1,0,0,1,1,0,0,30,0,0,0,0,1,4,2,8
,2023-18034,39.74336433,-104.9873844,5/10/2023 9:20,9:20:00,12,0,0,17TH ST & N BROADWAY,1,1,0,0,1,1,0,0,30,0,0,0,0,0,4,2,3
,2023-18035,39.67841427,-104.9422963,5/11/2023 10:06,10:06:00,16,0,2,3905 E EVANS AVE,11,1,0,1,5,7,0,0,10,0,1,0,0,2,3,1,16
,2023-18038,39.70674331,-105.0275369,5/12/2023 12:16,12:16:00,3,0,0, HAZEL CT & W CUSTER PL,1,1,0,0,1,1,0,0,25,0,0,0,0,0,4,2,13
,2023-18046,39.66188787,-105.0350946,5/12/2023 8:27,8:27:00,12,0,1,W DARTMOUTH AVE & S LOWELL BLVD,11,1,0,0,1,1,0,0,30,0,0,0,0,2,4,2,1
,2023-18051,39.71120439,-104.9983795,5/10/2023 13:00,13:00:00,1,0,0,W ALAMEDA AVE & S KALAMATH ST,1,1,0,0,1,1,0,0,35,0,0,0,0,0,2,2,3
,2023-18053,39.76672726,-104.9981696,5/10/2023 12:19,12:19:00,15,0,0,I-25 & PARK AVE W,11,1,0,1,1,4,0,0,55,0,0,0,0,0,1,2,16
,2023-18054,39.70489551,-105.043188,5/11/2023 18:17,18:17:00,3,0,1, STUART ST & W GILL PL,11,1,0,1,1,3,0,0,25,0,0,0,0,2,4,2,13
,2023-18056,39.75158406,-104.9908225,5/11/2023 8:29,8:29:00,14,0,0,20TH ST & ARAPAHOE ST,11,1,0,1,1,1,0,0,30,0,0,0,0,0,4,2,13
,2023-18065,39.78009399,-104.9895613,5/10/2023 11:52,11:52:00,12,0,0,I-25 & I-70,11,1,1,1,1,4,0,0,55,0,0,0,0,0,1,3,3
,2023-18072,39.7112788,-104.9035054,5/10/2023 18:34,18:34:00,1,0,0,E ALAMEDA AVE & S QUEBEC ST,11,1,0,1,1,1,0,0,35,0,0,0,0,0,4,2,13
,2023-18075,39.7327676,-104.9406207,5/10/2023 12:23,12:23:00,12,0,0, COLORADO BLVD & E 11TH AVE,1,1,0,0,1,4,0,0,30,0,0,0,0,0,2,2,13
,2023-18077,39.74006751,-104.9023192,5/11/2023 8:27,8:27:00,3,0,0, QUINCE ST & E COLFAX AVE,11,2,0,1,1,1,0,0,30,0,0,0,0,0,2,2,13
,2023-18078,39.68680909,-104.9687367,5/10/2023 15:15,15:15:00,3,0,0,E BUCHTEL BLVD & S FRANKLIN ST,11,1,0,1,1,1,0,0,30,0,0,0,0,0,4,2,3
,2023-18081,39.66041641,-105.0404484,5/12/2023 8:27,8:27:00,12,0,0,W DARTMOUTH AVE & S PATTON CT,11,1,3,1,1,4,0,0,30,0,0,0,0,0,4,2,1
,2023-18086,39.62943948,-105.0853772,5/11/2023 21:05,21:05:00,6,0,0, AMMONS ST & W LAYTON AVE,11,3,0,1,1,4,0,0,25,0,0,0,0,0,4,2,16
,2023-18096,39.7588475,-104.8658779,5/10/2023 16:17,16:17:00,15,0,2,E 29TH DR & N HAVANA ST,11,1,0,1,1,1,0,0,,0,0,0,0,2,4,2,16
,2023-18102,39.78456025,-104.9905617,5/12/2023 7:30,7:30:00,12,0,0, BANNOCK ST & W 48TH AVE,11,1,0,1,1,4,0,0,40,0,0,0,0,0,4,2,13
,2023-18104,39.74015073,-104.9493316,5/11/2023 22:47,22:47:00,6,0,0,E COLFAX AVE & STEELE ST,11,3,0,1,1,4,0,0,30,0,0,0,0,0,2,4,13
,2023-18111,39.71313047,-104.950384,5/11/2023 11:24,11:24:00,5,0,0,E CHERRY CREEK  DR & E ALAMEDA AVE,11,1,0,1,3,4,0,0,30,0,0,0,0,0,4,1,10
,2023-18114,39.77988228,-104.9316657,5/12/2023 1:00,1:00:00,15,0,0,I-70 & N DAHLIA ST (APPROX),11,3,0,1,1,4,0,0,55,0,0,0,0,0,1,2,16
,2023-18122,39.69879318,-104.9593287,5/12/2023 11:20,11:20:00,12,0,1, UNIVERSITY BLVD & E TENNESSEE AVE,1,1,3,0,1,3,0,0,30,0,0,0,0,1,4,4,16
,2023-18125,39.71146988,-104.9384304,5/11/2023 17:20,17:20:00,1,0,0,E ALAMEDA AVE & S COLORADO BLVD,11,1,0,1,1,1,0,0,35,0,0,0,0,0,4,2,1
,2023-18135,39.77799481,-104.9072927,5/11/2023 17:17,17:17:00,12,0,0,I-70 & EB OFF RAMP MERGE PT TO N NORTHFIELD BLVD,11,1,0,1,1,8,0,0,55,0,0,0,0,0,1,2,3
,2023-18138,39.77398762,-104.846826,5/11/2023 23:00,23:00:00,12,0,0,I-70 & N PEORIA ST,11,3,0,1,1,4,0,0,25,0,0,0,0,0,1,2,3
,2023-18139,39.74781891,-105.0016031,5/11/2023 22:55,22:55:00,5,0,0,13TH ST & MARKET ST,11,3,0,1,4,4,0,0,25,0,0,0,0,0,4,1,11
,2023-18140,39.74162633,-104.9672323,5/12/2023 8:09,8:09:00,3,0,0,E 16TH AVE & N GILPIN ST,11,1,0,1,1,1,0,0,25,0,0,0,0,0,4,3,11
,2023-18147,39.72731554,-104.9968998,5/12/2023 8:30,8:30:00,8,0,0,W 7TH AVE & N GALAPAGO ST,11,1,0,1,1,9,0,0,25,0,0,0,0,0,4,2,11
,2023-18157,39.76778966,-104.9954303,5/12/2023 9:24,9:24:00,12,0,0,I-25 & PARK AVE W,11,1,0,0,1,4,0,0,55,0,0,0,0,0,1,2,13
,2023-18159,39.78347144,-105.0394057,5/11/2023 15:35,15:35:00,12,0,0,I-70 & N LOWELL BLVD,11,1,0,1,1,4,0,0,55,0,0,0,0,0,1,2,10
,2023-18160,39.74007782,-104.9139417,5/12/2023 12:50,12:50:00,12,0,0,E COLFAX AVE & N LOCUST ST,1,1,0,0,1,4,0,0,35,0,0,0,0,0,2,2,16
,2023-18161,39.78023612,-104.9669975,5/12/2023 7:50,7:50:00,12,0,0,I-70 & N BRIGHTON BLVD,11,1,0,1,1,4,0,0,55,0,0,0,0,0,1,2,7
,2023-18167,39.68228019,-105.0250196,5/9/2023 21:07,21:07:00,1,0,0, FEDERAL BLVD & W JEWELL AVE,1,3,0,0,1,1,0,0,40,0,0,0,0,0,2,2,16
,2023-18170,39.72484852,-105.0156844,5/5/2023 9:48,9:48:00,12,0,0,I-25 NB ON RAMP & I-25 NB,1,1,0,0,1,8,0,0,45,0,0,0,0,0,1,2,16
,2023-18171,39.69839179,-105.0192252,5/5/2023 19:55,19:55:00,6,0,0, CANOSA CT & W TENNESSEE AVE,1,1,0,0,1,4,0,0,25,0,0,0,0,0,4,2,16
,2023-18173,39.75533294,-104.9955961,5/7/2023 6:00,6:00:00,12,0,0,20TH ST & WAZEE ST,1,3,1,0,1,4,0,0,25,0,0,0,0,0,4,2,2
,2023-18179,39.7384788,-105.0532128,5/13/2023 18:26,18:26:00,3,0,0, SHERIDAN BLVD & W 14TH AVE,1,1,0,0,1,1,0,0,35,0,0,0,0,0,2,2,11
,2023-18180,39.77482799,-104.7345669,5/8/2023 13:27,13:27:00,10,0,1, PICADILLY RD & E 42ND AVE,1,1,0,0,1,1,0,0,45,0,0,0,1,2,4,2,14
,2023-18182,39.78057876,-104.9453873,5/13/2023 14:51,14:51:00,12,0,0,I-70 & N MONROE ST,1,1,0,0,1,4,0,0,55,0,0,0,0,0,1,2,10
,2023-18184,39.68320328,-104.9268754,5/13/2023 12:30,12:30:00,6,0,0, FOREST ST & E JEWELL AVE,1,1,0,0,1,4,0,0,15,0,0,0,0,0,4,2,16
,2023-18185,39.79413483,-104.7872559,3/5/2023 1:19,1:19:00,5,1,3,PENA BLVD & 56TH AVE,1,3,0,0,3,4,0,0,65,0,0,0,0,4,4,1,2
,2023-18186,39.73515358,-104.9823113,4/12/2023 10:44,10:44:00,15,0,0,E 12TH AVE & N LOGAN ST,1,1,0,0,1,4,0,0,25,0,0,0,0,0,4,2,1
,2023-18187,39.68479226,-104.959473,5/5/2023 18:00,18:00:00,15,0,0,I-25 & UNIVERSITY BLVD,1,1,0,0,1,4,0,0,65,0,0,0,0,0,1,2,16
,2023-18195,39.74034733,-105.0485788,5/9/2023 17:12,17:12:00,11,0,1,W COLFAX AVE & N WOLFF ST,1,1,0,0,1,4,0,0,0,0,1,0,0,3,2,1,16
,2023-18197,39.72570812,-105.0001485,5/13/2023 1:07,1:07:00,12,0,0,W 6TH AVE & N KALAMATH ST,1,3,1,0,1,3,0,0,30,0,0,0,0,0,2,3,13
,2023-18199,39.78362363,-104.7721489,4/14/2023 22:08,22:08:00,12,0,0,E GREEN VALLEY RANCH BLVD & N TOWER RD,11,3,0,0,1,3,0,0,,0,0,0,0,0,4,2,16
,2023-18200,39.65966148,-105.0660927,5/13/2023 13:31,13:31:00,5,0,1,W DARTMOUTH AVE & S JAY ST,1,1,0,0,3,4,0,0,30,0,0,0,1,3,4,1,10
,2023-18202,39.69807552,-105.051441,4/30/2023 22:59,22:59:00,12,0,0,MORRISON RD & W TENNESSEE AVE,2,3,0,0,1,1,0,0,30,0,0,0,0,0,4,3,11