id,drcog_id,latitude,longitude,crashtime,time,crashtype,numbkilled,numbinjurd,drcoglocat,rdconditin,lightngcon,roadcntgrd,weatherco,location,roaddescrp,schoolzone,constrzone,splimit,bikeinv,pedinv,sctrinv,motoinv,svrty,rdsystem,ttlvehcls,hcf
,2023-18203,39.83655649,-104.7154888,5/13/2023 18:49,18:49:00,10,0,0, GUN CLUB RD & E 77TH AVE,1,2,0,0,1,2,0,0,35,0,0,0,0,0,4,2,8
,2023-18204,39.75529795,-105.0128732,5/13/2023 19:20,19:20:00,12,0,1,I-25 & N SPEER BLVD,1,1,0,0,1,4,0,0,65,0,0,0,0,1,1,3,3
,2023-18205,39.75839495,-105.0158351,5/13/2023 9:00,9:00:00,3,0,0, ZUNI ST & W 29TH AVE,1,1,0,0,1,1,0,0,35,0,0,0,0,0,4,3,13
,2023-18206,39.70846601,-105.0062437,5/13/2023 9:36,9:36:00,3,0,0, PECOS ST & W ALASKA PL,1,1,1,0,1,1,0,0,25,0,0,0,0,0,4,2,7
,2023-18207,39.69674693,-105.0456299,4/12/2023 21:24,21:24:00,6,0,0,4595 W MISSISSIPPI AVE,1,3,0,0,1,1,0,0,25,0,0,0,0,0,4,2,16
,2023-18208,39.75649883,-104.894608,5/7/2023 4:58,4:58:00,6,0,0,E 28TH AVE & N ULSTER ST,1,2,0,0,1,4,0,0,25,0,0,0,0,0,4,4,14
,2023-18209,39.75101654,-104.9034392,5/6/2023 14:53,14:53:00,3,0,0,E 23RD AVE & N QUEBEC ST,1,1,3,0,1,1,0,0,,0,0,0,0,0,4,2,13
,2023-18210,39.71387674,-104.980388,3/20/2023 15:57,15:57:00,13,0,1,150  PEARL ST & E 2ND AVE,1,1,0,0,1,4,1,0,10,0,1,0,0,1,4,1,16
,2023-18212,39.70568252,-104.9733733,5/13/2023 18:55,18:55:00,12,0,0, DOWNING ST & E CENTER AVE,1,1,0,0,1,4,0,0,30,0,0,0,0,0,4,3,13
,2023-18217,39.68796762,-104.9769447,4/26/2023 16:25,16:25:00,14,0,0, EMERSON ST & E FLORIDA AVE,1,1,0,0,1,4,0,0,25,0,0,0,0,0,4,2,13
,2023-18220,39.65297932,-105.0625481,5/5/2023 7:41,7:41:00,12,0,0,W HAMPDEN SERVICE RD  & S HARLAN ST,1,1,0,0,1,1,0,0,,0,0,0,0,0,4,2,16
,2023-18221,39.76323843,-105.0252321,4/18/2023 17:32,17:32:00,1,0,0, FEDERAL BLVD & W 33RD AVE,1,3,0,0,1,3,0,0,35,0,0,0,0,0,2,2,16
,2023-18222,39.78176749,-104.7721266,5/12/2023 22:21,22:21:00,1,0,0, TOWER RD & E 47TH AVE,1,3,0,0,1,1,0,0,40,0,0,0,0,0,4,2,7
,2023-18224,39.68410427,-105.0138163,5/12/2023 21:51,21:51:00,3,0,0, WYANDOT ST & W COLORADO AVE,1,3,0,0,1,1,0,0,25,0,0,0,0,0,4,2,13
,2023-18225,39.66753936,-104.9250635,5/12/2023 22:30,22:30:00,3,0,0,E YALE AVE & I-25 NB RAMPS,1,3,0,0,1,1,0,0,30,0,0,0,0,0,4,2,11
,2023-18226,39.78562331,-104.899678,5/13/2023 15:40,15:40:00,3,0,0, QUEBEC ST & E NORTHFIELD BLVD,1,1,0,0,1,1,0,0,40,0,0,0,0,0,2,2,16
,2023-18227,39.75470389,-104.9924158,4/6/2023 11:15,11:15:00,6,0,0,21ST ST & MARKET ST,1,3,0,0,1,4,0,0,30,0,0,0,0,0,4,2,16
,2023-18228,39.65330529,-104.8690616,5/12/2023 23:30,23:30:00,9,0,1,E HAMPDEN AVE & S GALENA ST,14,3,3,7,3,11,0,0,45,0,0,0,0,2,2,1,16
,2023-18229,39.74020903,-104.9163424,5/7/2023 14:44,14:44:00,3,0,0,E COLFAX AVE & N KRAMERIA ST,1,1,0,0,1,1,0,0,30,0,0,0,0,0,2,2,14
,2023-18233,39.71183411,-104.9923889,5/12/2023 21:57,21:57:00,6,0,0, CHEROKEE ST & W ALAMEDA AVE,1,3,0,0,1,4,0,0,25,0,0,0,0,0,4,2,11
,2023-18234,39.73847426,-105.002808,5/13/2023 10:09,10:09:00,3,0,0,W 14TH AVE & N MARIPOSA ST,1,1,0,0,1,1,0,0,20,0,0,0,0,1,4,2,11
,2023-18238,39.74379786,-104.9521386,5/8/2023 0:00,0:00:00,6,0,0,E 17TH AVE & ST PAUL ST,1,4,0,0,3,4,0,0,30,0,0,0,0,0,4,5,16
,2023-18240,39.73358819,-104.9634961,4/15/2023 16:30,16:30:00,6,0,0,RACE ST & E 11TH AVE,1,1,0,0,1,4,0,0,25,0,0,0,0,0,4,2,16
,2023-18242,39.79277535,-104.8176245,5/6/2023 17:01,17:01:00,6,0,0,E PENSACOLA DR & E MAXWELL PL,1,1,0,0,1,2,0,0,25,0,0,0,0,0,4,3,13
,2023-18272,39.71223858,-104.9976169,5/14/2023 3:15,3:15:00,10,0,0, SANTA FE DR & W BYERS PL,11,3,1,1,1,2,0,0,35,0,0,0,0,0,4,2,11
,2023-18273,39.75220963,-104.9952779,5/13/2023 23:00,23:00:00,16,0,0,1800 MARKET ST,1,3,0,1,5,7,0,0,,0,0,0,0,0,3,2,16
,2023-18277,39.68278764,-104.9594252,5/14/2023 2:00,2:00:00,3,0,0,E BUCHTEL BLVD & S UNIVERSITY BLVD,11,3,0,1,1,1,0,0,30,0,0,0,0,0,4,2,16
,2023-18278,39.74046449,-104.9034565,5/12/2023 16:03,16:03:00,12,0,0, QUEBEC ST & E COLFAX AVE,1,1,0,0,1,3,0,0,,0,0,0,0,0,4,2,16
,2023-18279,39.78491539,-104.815211,5/14/2023 13:24,13:24:00,3,0,0,E GATEWAY AVE & N ENID WAY,1,1,0,0,1,1,0,0,25,0,0,0,0,0,4,2,1
,2023-18280,39.69503412,-104.9593349,5/8/2023 21:33,21:33:00,3,0,2, UNIVERSITY BLVD & E ARIZONA AVE,1,3,0,0,1,2,0,0,30,0,0,0,1,3,4,2,11
,2023-18281,39.77882437,-104.7704382,4/25/2023 1:55,1:55:00,6,0,0, ANDES WAY & N ANDES CT,1,3,0,0,1,4,0,0,20,0,0,0,0,0,4,3,16
,2023-18285,39.68939679,-104.9792861,5/7/2023 13:54,13:54:00,12,0,0, WASHINGTON ST & E FLORIDA AVE,1,1,0,0,1,1,0,0,25,0,0,0,0,0,4,2,3
,2023-18289,39.78065121,-104.9410799,5/7/2023 15:51,15:51:00,1,0,0, COLORADO BLVD & E 46TH AVE N,1,1,0,0,1,1,0,0,25,0,0,0,0,0,2,2,16
,2023-18294,39.78363803,-104.7898469,5/14/2023 14:16,14:16:00,12,0,0, PENA BLVD NB OFF RAMP & E GREEN VALLEY RANCH BLVD,1,1,0,0,1,1,0,0,,0,0,0,0,0,4,2,16
,2023-18295,39.74585398,-104.9930924,5/7/2023 6:30,6:30:00,5,0,0,STOUT ST & 16TH ST,1,1,0,0,2,1,0,0,25,0,0,0,0,0,4,1,16
,2023-18297,39.74139484,-104.9988346,5/14/2023 15:41,15:41:00,3,0,0, SPEER BLVD & STOUT ST,1,1,0,0,1,1,0,0,25,0,0,0,0,0,4,2,13
,2023-18300,39.63975932,-105.0531467,5/14/2023 7:04,7:04:00,5,0,1,W QUINCY AVE & S SHERIDAN BLVD,11,1,0,1,3,4,0,0,40,0,0,0,0,3,4,1,16
,2023-18304,39.67508034,-104.9781442,5/8/2023 17:22,17:22:00,6,0,0, CLARKSON ST & E ILIFF AVE,1,1,0,0,1,4,0,0,25,0,0,0,0,0,4,2,16
,2023-18308,39.6419857,-104.8803183,5/8/2023 6:28,6:28:00,12,0,0,I-225 & S YOSEMITE ST,1,1,1,0,1,4,0,0,55,0,0,0,0,0,1,2,16
,2023-18311,39.78855815,-104.8282941,5/14/2023 18:15,18:15:00,3,0,0,E 51ST AVE & N CROWN BLVD,1,1,0,0,1,3,0,0,25,0,0,0,0,0,4,2,16
,2023-18315,39.70734312,-104.9222679,5/13/2023 21:37,21:37:00,1,0,1,LEETSDALE DR & S HOLLY ST,1,3,0,0,1,1,0,0,30,0,0,0,1,3,2,2,16
,2023-18316,39.75174436,-104.9958604,5/14/2023 2:13,2:13:00,8,0,0,18TH ST & MARKET ST,11,3,0,1,1,1,0,0,30,0,0,0,0,0,4,2,8
,2023-18322,39.74199836,-105.0146303,5/14/2023 5:33,5:33:00,12,0,1,I-25 & AURARIA PKWY,11,2,0,1,1,4,0,0,55,0,0,0,0,2,1,2,13
,2023-18323,39.78384076,-105.0063582,5/14/2023 16:46,16:46:00,12,0,0,W 48TH AVE & N PECOS ST,1,1,0,0,1,4,0,0,25,0,0,0,0,0,4,2,13
,2023-18324,39.69532533,-104.9924143,5/14/2023 0:10,0:10:00,15,0,0, SANTA FE DR & W MISSISSIPPI AVE,11,3,0,1,1,4,0,0,45,0,0,0,0,0,2,2,3
,2023-18325,39.74905801,-104.9924062,5/13/2023 21:55,21:55:00,3,0,0,CURTIS ST & 18TH ST,1,3,0,0,1,1,0,0,25,0,0,0,0,0,4,2,11
,2023-18327,39.71472896,-104.9733924,5/14/2023 10:11,10:11:00,1,0,0, DOWNING ST & E BAYAUD AVE,11,1,0,0,1,1,0,0,25,0,0,0,0,0,4,2,11
,2023-18328,39.75517786,-105.0130377,5/14/2023 11:16,11:16:00,15,0,1,I-25 & SB OFF RAMP GORE PT TO 23RD AVE,11,1,1,1,1,8,0,0,55,0,0,0,0,2,1,2,13
,2023-18329,39.72564683,-104.9862729,5/13/2023 21:36,21:36:00,12,0,0,E 6TH AVE & N LINCOLN ST,1,3,0,0,1,1,0,0,,0,0,0,0,0,4,2,16
,2023-18331,39.72881587,-104.9986106,2/21/2023 13:00,13:00:00,15,0,0, SANTA FE DR & W 8TH AVE,1,1,0,0,1,4,0,0,35,0,0,0,0,0,4,2,16
,2023-18333,39.77160277,-104.9771855,4/28/2023 5:29,5:29:00,5,0,0, BRIGHTON BLVD & 36TH ST,1,3,0,0,1,4,0,0,30,0,0,0,0,0,4,1,11
,2023-18338,39.79479851,-104.812563,4/28/2023 15:30,15:30:00,3,0,0,FAIRPLAY WY & E MAXWELL PL,1,1,0,0,1,1,0,0,,0,0,0,0,0,4,2,16
,2023-18345,39.75617153,-104.9919027,4/30/2023 19:17,19:17:00,3,0,0,BLAKE ST & 22ND ST,1,1,3,0,1,1,0,0,30,0,0,0,0,0,4,3,13
,2023-18347,39.78010943,-104.9638209,5/13/2023 13:25,13:25:00,12,0,0,I-70 & N BRIGHTON BLVD,1,1,0,0,1,8,0,0,55,0,0,0,0,0,1,2,1
,2023-18348,39.70641764,-104.996378,4/23/2023 14:25,14:25:00,15,0,1,I-25 & S SANTA FE DR,14,5,3,7,1,4,0,0,,0,0,0,0,2,4,2,16
,2023-18349,39.68278764,-104.9594252,5/13/2023 20:41,20:41:00,15,0,0,E BUCHTEL BLVD & S UNIVERSITY BLVD,1,3,0,0,1,4,0,0,,0,0,0,0,0,4,2,16
,2023-18353,39.72564683,-104.9862729,5/14/2023 19:44,19:44:00,3,0,0,E 6TH AVE & N LINCOLN ST,11,4,0,1,1,1,0,0,35,0,0,0,0,0,4,2,3
,2023-18355,39.72541381,-105.0516883,5/8/2023 8:05,8:05:00,12,0,0,W 6TH AVE & N SHERIDAN BLVD,1,1,0,0,1,4,0,0,55,0,0,0,0,0,2,2,16
,2023-18356,39.79902025,-104.8685019,5/5/2023 12:26,12:26:00,12,0,1,E 56TH AVE & N GALENA ST,1,1,0,0,1,4,0,0,40,0,0,0,0,1,4,3,12
,2023-18357,39.74720778,-104.9876449,5/13/2023 1:57,1:57:00,3,0,2,19TH ST & WELTON ST,11,3,0,1,1,1,0,0,25,0,0,0,0,2,4,3,11
,2023-18358,39.75595385,-104.8990012,5/14/2023 18:20,18:20:00,15,0,0,E 28TH AVE & N SYRACUSE ST,1,1,0,0,1,1,0,0,30,0,0,0,0,0,4,3,11
,2023-18360,39.78991769,-104.8231526,5/13/2023 20:45,20:45:00,6,0,1,E 52ND AVE & N CRYSTAL ST,1,4,0,0,1,4,0,0,25,0,0,0,0,2,4,3,14
,2023-18361,39.77832942,-104.9792557,5/8/2023 18:38,18:38:00,11,0,1,E 45TH AVE & N WASHINGTON ST,1,1,0,0,1,1,0,0,35,0,1,0,0,2,4,1,11
,2023-18362,39.70041906,-105.0481213,5/5/2023 20:41,20:41:00,12,0,0,MORRISON RD & W KENTUCKY AVE,1,3,0,0,1,3,0,0,35,0,0,0,0,1,4,3,14
,2023-18369,39.7842098,-104.8211262,4/28/2023 2:30,2:30:00,6,0,0,4944  DILLON ST & N SABLE ST,11,3,0,0,3,4,0,0,25,0,0,0,0,0,4,2,16
,2023-18371,39.72827576,-105.0440263,5/14/2023 14:59,14:59:00,6,0,0,W 7TH AVE & N TENNYSON ST,1,1,0,0,1,4,0,0,25,0,0,0,0,0,4,2,10
,2023-18382,39.72906712,-104.986141,5/5/2023 8:17,8:17:00,15,0,0,E 8TH AVE & N LINCOLN ST,1,1,0,0,1,1,0,0,30,0,0,0,0,0,4,2,14
,2023-18387,39.73365344,-104.9124503,5/5/2023 8:54,8:54:00,3,0,0,E 11TH AVE & N MONACO ST,1,1,0,0,1,1,0,0,25,0,0,0,0,1,4,2,8
,2023-18405,39.66677199,-105.0814265,5/11/2023 12:25,12:25:00,1,0,1, WADSWORTH BLVD & W YALE AVE,11,1,0,1,1,2,0,0,40,0,0,0,0,1,2,2,11
,2023-18406,39.72549719,-105.0394441,5/14/2023 23:15,23:15:00,3,0,0,W 6TH AVE  DR & N PERRY ST,11,3,0,1,1,1,0,0,30,0,0,0,0,0,4,2,7
,2023-18408,39.74484092,-104.9756156,5/2/2023 19:20,19:20:00,6,0,0,E 18TH AVE & N DOWNING ST,1,2,0,0,1,4,0,0,30,0,0,0,0,0,4,4,13
,2023-18409,39.68933346,-104.896746,5/11/2023 14:13,14:13:00,12,0,0,E FLORIDA AVE & S QUEBEC WY,11,1,1,1,1,1,0,0,,0,0,0,0,0,4,2,16
,2023-18410,39.83374964,-104.7348752,5/14/2023 19:00,19:00:00,5,0,0,21600 PENA BLVD,11,3,0,1,6,4,0,0,65,0,0,0,0,0,4,1,1
,2023-18411,39.69711266,-104.9827264,5/15/2023 6:27,6:27:00,15,0,0,I-25 & S LOGAN ST,11,1,1,0,1,4,0,0,55,0,0,0,0,0,1,2,1
,2023-18417,39.72560419,-104.9764056,5/11/2023 12:05,12:05:00,15,0,0,E 6TH AVE & N EMERSON ST,11,1,0,1,1,1,0,0,30,0,0,0,0,0,4,2,3
,2023-18418,39.73892654,-105.0138454,5/14/2023 23:30,23:30:00,15,0,1,I-25 & W COLFAX AVE,11,3,0,1,1,4,0,0,55,0,0,0,0,2,1,2,16
,2023-18420,39.79247632,-104.766486,5/14/2023 23:03,23:03:00,6,0,0,E 53RD AVE & N  BISCAY CT,11,3,0,1,1,4,0,0,25,0,0,0,0,0,4,2,14
,2023-18421,39.7423056,-104.9993313,5/11/2023 12:20,12:20:00,3,0,0, SPEER BLVD & CHAMPA ST,11,1,0,1,1,1,0,0,35,0,0,0,0,1,4,2,13
,2023-18424,39.66436486,-104.9129798,5/11/2023 16:37,16:37:00,3,0,0,E BATES AVE & S MONACO ST,11,2,0,1,1,1,0,0,30,0,0,0,0,0,4,2,13
,2023-18425,39.77286976,-104.9406679,5/7/2023 2:43,2:43:00,3,0,0, COLORADO BLVD & E 40TH AVE,1,3,0,0,1,1,0,0,,0,0,0,0,0,2,2,16
,2023-18426,39.70230817,-104.9827928,5/14/2023 15:35,15:35:00,6,0,0, LOGAN ST & E OHIO AVE,1,1,0,0,1,4,0,0,30,0,0,0,0,0,4,2,13
,2023-18428,39.73244039,-105.0351372,5/14/2023 9:13,9:13:00,6,0,0, LOWELL BLVD & W 10TH AVE,11,1,1,2,1,4,0,0,25,0,0,0,0,0,4,2,16
,2023-18430,39.71620986,-104.9104514,5/12/2023 11:56,11:56:00,15,0,0,E LOWRY BLVD & E ARCHER DR,11,1,0,0,1,4,0,0,30,0,0,0,0,0,4,2,11
,2023-18442,39.72906512,-104.9740847,5/14/2023 21:21,21:21:00,3,0,1, CORONA ST & E 8TH AVE,11,3,0,1,1,1,0,0,30,0,0,0,0,3,4,2,16
,2023-18443,39.74829367,-104.9986323,5/14/2023 19:32,19:32:00,15,0,0,LARIMER ST & 15TH ST,1,1,3,0,1,1,0,0,30,0,0,0,0,0,4,2,14
,2023-18445,39.68225591,-105.0273597,5/12/2023 12:03,12:03:00,12,0,0,W JEWELL AVE & S HAZEL CT,1,1,0,0,1,1,0,0,30,0,0,0,0,0,4,4,3
,2023-18446,39.76008256,-104.8705243,5/14/2023 18:46,18:46:00,1,0,1,E MLK JR BLVD & N FULTON ST,11,1,0,1,1,1,0,0,30,0,0,0,0,3,4,2,6
,2023-18447,39.72095294,-104.9874504,5/12/2023 10:01,10:01:00,3,0,0, BROADWAY & E 3RD AVE,11,1,0,0,1,1,0,0,30,0,0,0,0,0,4,2,11
,2023-18449,39.72083569,-104.9570362,4/10/2023 20:00,20:00:00,6,0,0,COLUMBINE ST & E 3RD AVE,1,2,0,0,1,4,0,0,25,0,0,0,0,0,4,2,16
,2023-18451,39.78944005,-105.0251993,5/12/2023 9:00,9:00:00,3,0,0, FEDERAL BLVD & W 51ST AVE,11,1,0,7,1,2,0,0,35,0,0,0,0,0,2,2,11
,2023-18452,39.71128251,-105.0348836,5/14/2023 20:43,20:43:00,3,0,0, LOWELL BLVD & W ALAMEDA AVE,11,3,0,1,1,1,0,0,20,0,0,0,0,0,2,2,11
,2023-18453,39.73685584,-104.9741408,5/12/2023 17:01,17:01:00,3,0,0, CORONA ST & E 13TH AVE,1,1,0,0,1,1,0,0,25,0,0,0,0,1,4,2,8
,2023-18455,39.70112017,-105.0432816,5/12/2023 7:38,7:38:00,6,0,0,W ADA PL & 841 S STUART ST,11,1,0,1,4,4,0,0,25,0,0,0,0,0,4,2,16
,2023-18456,39.76410373,-104.9027424,5/8/2023 11:15,11:15:00,15,0,0, QUEBEC ST & E MLK BLVD,1,1,0,0,1,4,0,0,35,0,0,0,0,0,4,2,11
,2023-18458,39.71507538,-104.9862652,5/11/2023 14:34,14:34:00,10,0,0, LINCOLN ST & E BAYAUD AVE,11,1,0,1,1,2,0,0,30,0,0,0,0,0,4,2,8
,2023-18459,39.74379685,-104.8987513,5/13/2023 8:40,8:40:00,8,0,0,E 17TH AVE & N SYRACUSE ST,1,1,0,0,1,1,0,0,25,0,0,0,0,0,4,2,1
,2023-18463,39.70175373,-105.0462164,4/28/2023 22:30,22:30:00,6,0,0,MORRISON RD & S UTICA ST,1,4,1,1,1,4,0,0,30,0,0,0,0,0,4,3,16
,2023-18465,39.78321435,-105.0055199,5/11/2023 16:00,16:00:00,15,0,0,I-70 & I-25,11,1,0,1,1,4,0,0,55,0,0,0,0,0,1,2,16
,2023-18466,39.71939267,-104.940788,5/11/2023 10:50,10:50:00,12,0,1, COLORADO BLVD & E 2ND AVE,11,1,0,1,1,1,0,0,35,0,0,0,0,1,2,2,3
,2023-18470,39.68756224,-104.9919398,3/16/2023 14:50,14:50:00,1,0,1, SANTA FE DR & W IOWA AVE,1,1,0,0,1,1,0,0,45,0,0,0,0,3,2,2,16
,2023-18471,39.78926881,-104.8470873,4/2/2023 21:54,21:54:00,1,0,2, PEORIA ST & E 51ST AVE,1,3,0,0,1,3,0,0,35,0,0,0,0,3,4,2,1
,2023-18472,39.75484087,-105.0252752,5/14/2023 21:32,21:32:00,1,0,0,W 26TH AVE & N FEDERAL BLVD,11,3,0,1,1,1,0,0,30,0,0,0,0,0,2,2,16
,2023-18480,39.74008598,-104.8893792,5/11/2023 12:53,12:53:00,10,0,2,E COLFAX AVE & WABASH ST,11,1,0,1,1,1,0,0,35,0,0,0,0,1,2,2,11
,2023-18489,39.7676176,-104.9753552,5/12/2023 13:28,13:28:00,3,0,0,35TH ST & WALNUT ST,1,1,0,0,1,1,0,0,25,0,0,0,0,1,4,2,16
,2023-18491,39.72092083,-104.9804138,5/12/2023 9:39,9:39:00,6,0,0,E 3RD AVE & N PEARL ST,11,1,0,0,1,4,0,0,25,0,0,0,0,0,4,2,16
,2023-18494,39.7241314,-104.9862517,5/11/2023 9:45,9:45:00,10,0,0, LINCOLN ST & E 5TH AVE,11,1,0,1,1,1,0,0,30,0,0,0,0,0,4,2,13
,2023-18496,39.67472799,-104.8730675,5/12/2023 14:00,14:00:00,12,0,1,E ILIFF AVE & S DAYTON WY,1,1,1,0,1,3,0,1,35,0,0,0,0,2,4,2,13
,2023-18503,39.76797516,-104.9597459,5/11/2023 15:05,15:05:00,12,0,0, YORK ST & E 37TH AVE,11,1,0,1,1,4,0,0,25,0,0,0,0,1,4,2,13
,2023-18504,39.78052963,-104.9495334,5/15/2023 14:07,14:07:00,3,0,1, STEELE ST & E 46TH N AVE,1,1,0,7,1,1,0,0,,0,0,0,0,2,2,2,16
,2023-18505,39.76644809,-104.9864065,5/12/2023 9:50,9:50:00,15,0,0,ARKINS CT & 38TH ST,1,1,0,0,1,4,0,0,25,0,0,0,0,0,4,2,13
,2023-18506,39.68591083,-105.0250216,5/11/2023 11:26,11:26:00,12,0,1, FEDERAL BLVD & W MEXICO AVE,11,1,0,1,1,3,0,0,35,0,0,0,0,1,2,2,13
,2023-18507,39.71053458,-104.996828,5/12/2023 7:43,7:43:00,10,0,0, SANTA FE DR & W ALAMEDA AVE,11,1,0,1,1,2,0,0,35,0,0,0,0,0,4,2,6
,2023-18508,39.72063105,-104.9793965,5/15/2023 6:39,6:39:00,15,0,0,E SPEER BLVD & N WASHINGTON ST,11,1,0,1,1,4,0,0,35,0,0,0,0,0,4,2,13
,2023-18516,39.78365348,-104.7629282,5/15/2023 15:12,15:12:00,1,0,0,E GREEN VALLEY RANCH BLVD & N ANDES CT,1,1,0,0,1,1,0,0,35,0,0,0,0,0,4,2,11
,2023-18517,39.73020097,-104.9775859,5/4/2023 6:25,6:25:00,6,0,0, CLARKSON ST & EAST 9TH AVE,1,1,0,0,1,4,0,0,25,0,0,0,0,0,4,2,16
,2023-18523,39.74317321,-105.025211,5/6/2023 13:45,13:45:00,16,0,0,1648  FEDERAL BLVD,1,1,0,0,5,7,0,0,,0,0,0,0,0,3,2,13
,2023-18524,39.65615248,-105.0532234,5/12/2023 8:50,8:50:00,1,0,0, SHERIDAN BLVD & W DARTMOUTH AVE,11,1,0,0,1,1,0,0,40,0,0,0,0,0,2,2,16
,2023-18525,39.71819748,-104.9732429,5/11/2023 12:56,12:56:00,10,0,0,E SPEER BLVD & N DOWNING ST,11,1,0,1,1,1,0,0,30,0,0,0,0,0,4,2,11
,2023-18527,39.75120789,-105.0299447,5/11/2023 14:41,14:41:00,3,0,0,W 23RD AVE & N IRVING ST,11,1,0,1,1,1,0,0,25,0,0,0,0,0,4,2,13
,2023-18530,39.63515748,-104.8935973,5/12/2023 11:41,11:41:00,12,0,0, TAMARAC ST & I-225 EB RAMPS,11,1,0,0,1,3,0,0,35,0,0,0,0,0,4,2,3
,2023-18540,39.77871971,-104.9222932,5/12/2023 12:59,12:59:00,3,0,0, HOLLY ST & E STAPLETON N DR,1,1,0,0,1,1,0,0,35,0,0,0,0,0,4,2,16
,2023-18542,39.7736053,-104.8385502,5/15/2023 7:30,7:30:00,12,0,0,I-70 & WB ON RAMP MERGE PT FROM NB I-225,11,1,1,1,1,8,0,0,,0,0,0,0,0,1,2,16
,2023-18545,39.72439148,-105.0533239,5/12/2023 7:25,7:25:00,12,0,0, SHERIDAN BLVD & W 5TH AVE,11,1,1,1,1,3,0,0,40,0,0,0,0,0,2,2,16
,2023-18547,39.69863302,-104.9927182,5/12/2023 9:59,9:59:00,15,0,0, PLATTE RIVER DR & W TENNESSEE AVE,11,1,0,0,1,4,0,0,45,0,0,0,0,0,2,2,13
,2023-18553,39.78182108,-104.8470127,5/10/2023 12:30,12:30:00,3,0,2, PEORIA ST & E ALBROOK DR,11,1,0,0,1,2,0,0,35,0,0,0,0,1,4,2,16
,2023-18554,39.78976792,-104.8384439,5/14/2023 21:45,21:45:00,6,0,0, URSULA WAY & E 51ST AVE,11,3,0,0,1,4,0,0,25,0,0,0,0,0,4,2,16
,2023-18555,39.77348593,-104.8364678,5/12/2023 8:50,8:50:00,12,0,0,PEORIA ST RAMP FROM NB -225,11,1,1,1,1,8,0,0,55,0,0,0,0,0,1,2,16
,2023-18586,39.77981988,-104.9495372,5/15/2023 12:50,12:50:00,1,0,0, STEELE ST & E 46TH AVE S,1,1,0,0,1,1,0,0,35,0,0,0,0,1,4,2,13
,2023-18588,39.69095931,-104.9593451,5/16/2023 11:19,11:19:00,12,0,0, UNIVERSITY BLVD & E ARKANSAS AVE,1,1,0,0,1,4,0,0,30,0,0,0,0,0,4,3,16
,2023-18589,39.71118387,-104.9923866,5/16/2023 11:01,11:01:00,1,0,0,W ALAMEDA AVE & S CHEROKEE ST,1,1,1,0,1,1,0,0,35,0,0,0,0,0,4,2,3
,2023-18595,39.84928942,-104.6726895,5/15/2023 11:52,11:52:00,16,0,0,8400 PENA BLVD,1,1,0,0,5,4,0,0,10,0,0,0,0,0,3,1,8
,2023-18600,39.6604992,-105.0180272,5/16/2023 19:13,19:13:00,3,0,0,W DARTMOUTH AVE & S BRYANT ST,1,1,0,0,1,1,0,0,25,0,0,0,0,0,4,2,13
,2023-18601,39.77971147,-104.9764921,5/16/2023 10:42,10:42:00,12,0,1,I-70 & N WASHINGTON ST,1,1,0,0,1,4,0,1,55,0,0,0,0,1,1,3,3
,2023-18602,39.7642594,-105.0019194,5/8/2023 13:24,13:24:00,15,0,1,I-25 & 20TH ST,1,1,1,0,1,4,0,0,55,0,0,0,0,2,1,2,16
,2023-18603,39.68440554,-104.9875427,5/14/2023 22:00,22:00:00,6,0,0, BROADWAY & W COLORADO AVE,11,3,0,1,1,4,0,0,30,0,0,0,0,0,4,2,16
,2023-18604,39.75144824,-104.9858226,5/8/2023 11:45,11:45:00,11,0,1,STOUT ST & 22ND ST,1,1,0,0,1,1,0,0,30,0,1,0,0,1,4,1,11
,2023-18605,39.68951176,-105.0167867,5/7/2023 13:52,13:52:00,12,0,1,W FLORIDA AVE & S BEACH CT,1,1,0,0,1,4,0,0,30,0,0,0,1,3,4,2,13
,2023-18606,39.77892707,-104.9498066,5/16/2023 7:57,7:57:00,3,0,0,E 45TH AVE & N STEELE ST,1,1,0,0,1,1,0,0,25,0,0,0,0,1,4,2,1
,2023-18607,39.78026173,-104.9458828,5/15/2023 14:16,14:16:00,15,0,0,I-70 & N COLORADO BLVD,1,1,0,0,1,4,0,0,55,0,0,0,0,0,1,2,2
,2023-18608,39.74771023,-104.9034453,5/6/2023 11:33,11:33:00,15,0,1, QUEBEC ST & E MONTVIEW BLVD,1,1,0,0,1,4,0,0,30,0,0,0,0,2,4,2,16
,2023-18617,39.76448947,-104.9597715,5/15/2023 13:25,13:25:00,3,0,0,E BRUCE RANDOLPH AVE & N YORK ST,1,1,0,0,1,1,0,0,30,0,0,0,0,0,4,2,2
,2023-18618,39.75846596,-104.9536554,5/15/2023 13:27,13:27:00,6,0,0, FILLMORE ST & E 29TH AVE,1,1,0,0,1,4,0,0,25,0,0,0,0,0,4,2,16
,2023-18620,39.65304055,-104.8832954,5/16/2023 13:06,13:06:00,15,0,0,E HAMPDEN AVE & S YOSEMITE ST,1,1,0,0,1,4,0,0,35,0,0,0,0,0,2,2,16