id,drcog_id,latitude,longitude,crashtime,time,crashtype,numbkilled,numbinjurd,drcoglocat,rdconditin,lightngcon,roadcntgrd,weatherco,location,roaddescrp,schoolzone,constrzone,splimit,bikeinv,pedinv,sctrinv,motoinv,svrty,rdsystem,ttlvehcls,hcf
,2023-18628,39.78166548,-104.901882,5/16/2023 5:36,5:36:00,15,0,0, QUEBEC ST & N SAND CREEK RD,1,1,0,0,1,3,0,0,40,0,0,0,0,0,2,2,11
,2023-18629,39.77987757,-104.9673539,5/9/2023 9:23,9:23:00,12,0,0,I-70 & N BRIGHTON BLVD,1,1,1,0,1,4,0,0,55,0,0,0,0,0,1,2,16
,2023-18636,39.77799122,-104.9128801,5/15/2023 13:27,13:27:00,3,0,1, MONACO ST & E 44TH AVE,1,1,0,0,1,1,0,0,35,0,0,0,0,1,4,2,13
,2023-18637,39.69672185,-105.0057354,5/15/2023 21:45,21:45:00,15,0,0,W MISSISSIPPI AVE & S PECOS ST,1,3,0,0,1,4,0,0,40,0,0,0,0,0,4,2,1
,2023-18638,39.71436399,-104.9399426,5/16/2023 7:39,7:39:00,12,0,0,LEETSDALE DR & E BAYAUD AVE,1,1,0,0,1,4,0,0,30,0,0,0,0,0,2,2,14
,2023-18640,39.67865344,-105.0250484,5/15/2023 10:22,10:22:00,12,0,0, FEDERAL BLVD & W EVANS AVE,1,1,0,0,1,4,0,0,35,0,0,0,0,0,2,2,16
,2023-18641,39.7110176,-104.9035113,5/16/2023 8:11,8:11:00,12,0,1, QUEBEC ST & E ALAMEDA AVE,1,1,0,0,1,4,0,0,30,0,0,0,0,2,4,2,16
,2023-18642,39.78013268,-104.9316525,5/15/2023 15:24,15:24:00,12,0,0,I-70 & N DAHLIA ST,1,1,0,0,1,4,0,0,55,0,0,0,0,0,1,2,7
,2023-18643,39.70758189,-105.0086031,5/15/2023 11:55,11:55:00,3,0,0, RARITAN ST & W VIRGINIA AVE,1,1,0,0,1,1,0,0,25,0,0,0,0,0,4,2,3
,2023-18644,39.73372444,-104.9986574,5/16/2023 11:50,11:50:00,15,0,0,SANTA FE DR & W 11TH AVE,1,1,0,0,1,3,0,0,30,0,0,0,0,0,4,2,1
,2023-18646,39.77867715,-104.8657545,5/12/2023 9:50,9:50:00,3,0,0, HAVANA ST & E 45TH AVE,1,1,0,0,1,1,0,0,35,0,0,0,0,0,4,2,6
,2023-18647,39.78742693,-105.0275665,5/16/2023 16:25,16:25:00,6,0,0, GROVE ST & W 50TH AVE,1,1,0,0,1,4,0,0,25,0,0,0,0,0,4,2,16
,2023-18650,39.63117238,-104.8924225,5/15/2023 20:30,20:30:00,1,0,1,E UNION AVE & S DTC BLVD,1,3,0,0,1,1,0,0,40,0,0,0,0,2,4,2,16
,2023-18651,39.74747549,-104.9874001,5/15/2023 12:35,12:35:00,15,0,0,BROADWAY & E 19TH AVE,1,1,0,0,1,4,0,0,35,0,0,0,0,0,4,2,16
,2023-18652,39.77973415,-104.9783227,5/16/2023 11:06,11:06:00,12,0,0,I-70 & N WASHINGTON ST,1,1,0,0,1,13,0,0,55,0,0,0,0,0,1,2,13
,2023-18653,39.73832882,-104.9205717,5/15/2023 12:50,12:50:00,10,0,1,E 14TH AVE & N IVY ST,1,1,0,0,1,1,0,0,30,0,0,0,0,2,4,2,11
,2023-18655,39.69478278,-104.9362133,5/14/2023 18:00,18:00:00,6,0,0, BIRCH ST & E MISSISSIPPI AVE,11,3,0,1,1,4,0,0,25,0,0,0,0,0,4,2,16
,2023-18659,39.7418518,-104.9930221,5/15/2023 10:06,10:06:00,15,0,0,GLENARM PL & 14TH ST,1,1,0,0,1,4,0,0,30,0,0,0,0,0,4,2,11
,2023-18660,39.7526877,-104.9946793,5/9/2023 12:59,12:59:00,11,0,1,19TH ST & MARKET ST,1,1,0,0,1,1,0,0,0,0,0,1,0,2,4,1,16
,2023-18662,39.79821926,-104.8269536,5/15/2023 8:10,8:10:00,12,0,0,E 56TH AVE & N POTOMAC WAY,11,1,1,0,1,4,0,1,40,0,0,0,0,0,4,2,10
,2023-18667,39.6985903,-104.9035445,5/16/2023 7:53,7:53:00,2,0,1,LEETSDALE DR & S QUEBEC ST,1,1,1,0,1,1,0,0,,1,0,0,0,2,2,1,16
,2023-18668,39.67009621,-104.8702339,5/14/2023 22:00,22:00:00,6,0,0,E VASSAR DR & S DAYTON WY,11,3,0,1,1,4,0,0,25,0,0,0,0,0,4,2,16
,2023-18669,39.73837703,-104.9535577,5/1/2023 7:40,7:40:00,10,0,0,E 14TH AVE & N FILLMORE ST,1,1,0,0,1,2,0,0,,0,0,0,0,0,4,2,16
,2023-18670,39.66755109,-104.9262436,5/16/2023 12:03,12:03:00,1,0,1,E YALE AVE & I-25 SB RAMPS,1,1,0,0,1,1,0,0,30,0,0,0,0,1,4,2,8
,2023-18672,39.71933949,-104.9797397,5/15/2023 9:38,9:38:00,6,0,0,E 2ND AVE & N PEARL ST,1,1,3,0,1,4,0,0,25,0,0,0,0,0,4,2,16
,2023-18673,39.77426405,-104.847035,5/16/2023 11:45,11:45:00,15,0,0,I-70 & N PEORIA ST (APPROX),1,1,0,0,1,4,0,0,55,0,0,0,0,0,1,2,2
,2023-18674,39.70872128,-104.8761192,5/16/2023 6:10,6:10:00,3,0,2,E ALAMEDA AVE & S DAYTON ST,1,1,0,0,1,2,0,0,35,0,0,0,0,1,4,2,11
,2023-18677,39.75490016,-105.0130447,5/15/2023 7:35,7:35:00,12,0,0,I-25 & SPEER BLVD,11,1,0,0,1,4,0,0,55,0,0,0,0,0,1,2,1
,2023-18679,39.68784732,-104.9690291,5/16/2023 13:45,13:45:00,12,0,0,I-25 & S DOWNING ST,1,1,0,0,1,4,0,0,55,0,0,0,0,0,1,2,16
,2023-18681,39.70346716,-104.912923,5/16/2023 10:01,10:01:00,12,0,0, MONACO ST & E EXPOSITION AVE,1,1,1,0,1,4,0,0,30,0,0,0,0,0,4,3,3
,2023-18682,39.7368558,-104.9752912,5/15/2023 10:33,10:33:00,3,0,1, OGDEN ST & E 13TH AVE,1,1,0,0,1,3,0,0,25,0,0,0,0,2,4,2,11
,2023-18684,39.65615248,-105.0532234,5/15/2023 17:57,17:57:00,15,0,0, SHERIDAN BLVD & W DARTMOUTH AVE,1,1,0,0,1,1,0,0,35,0,0,0,0,0,2,2,11
,2023-18685,39.76936066,-105.0485867,5/16/2023 7:35,7:35:00,3,0,0,W 38TH AVE & N WOLFF ST,1,1,0,0,1,1,0,0,35,0,0,0,0,0,4,2,13
,2023-18686,39.74177833,-104.9896415,5/15/2023 11:24,11:24:00,15,0,0,COURT PL & 15TH ST,1,1,0,0,1,4,0,0,25,0,0,0,0,0,4,2,16
,2023-18687,39.73085504,-104.9861321,5/14/2023 17:00,17:00:00,6,0,0, LINCOLN ST & E 9TH AVE,1,1,0,0,1,4,0,0,30,0,0,0,0,0,4,2,16
,2023-18689,39.78003322,-104.9407636,5/15/2023 12:40,12:40:00,1,0,0, COLORADO BLVD & E 46TH AVE S,1,1,0,0,1,1,0,0,35,0,0,0,0,0,2,2,1
,2023-18690,39.77488609,-104.8550763,5/16/2023 17:48,17:48:00,12,0,1,I-70 & N HAVANA ST,1,1,0,0,1,4,0,0,55,0,0,0,0,2,1,3,13
,2023-18691,39.69801989,-104.9833698,5/15/2023 15:26,15:26:00,12,0,0,I-25 & S LOGAN ST,1,1,0,0,1,4,0,0,55,0,0,0,0,0,1,2,13
,2023-18692,39.77429078,-104.8470348,5/16/2023 7:13,7:13:00,12,0,0,I-70 & N PEORIA ST,1,1,1,0,1,4,0,0,55,0,0,0,0,0,1,2,13
,2023-18696,39.74163092,-104.9721563,5/16/2023 13:30,13:30:00,3,0,3, MARION ST & E 16TH AVE,1,1,0,0,1,1,0,0,30,0,0,0,0,2,4,2,11
,2023-18698,39.76203704,-105.0082699,3/31/2023 3:17,3:17:00,6,0,0,W 32ND AVE & N QUIVAS ST,1,3,0,0,1,4,0,0,25,0,0,0,0,0,4,2,16
,2023-18699,39.76737098,-104.900807,5/16/2023 11:00,11:00:00,3,0,1, ROSLYN ST & E 36TH AVE,1,1,0,0,1,1,0,0,30,0,0,0,0,2,4,2,11
,2023-18701,39.71118397,-105.0047831,5/16/2023 17:22,17:22:00,1,0,2,W ALAMEDA AVE & S NAVAJO ST,1,1,0,0,1,2,0,0,40,0,0,0,0,3,2,3,11
,2023-18702,39.65297939,-105.0625366,5/15/2023 10:43,10:43:00,3,0,0,W HAMPDEN AVE  FRTG & S HARLAN ST,1,1,0,0,1,1,0,0,45,0,0,0,0,0,2,2,11
,2023-18703,39.73499644,-104.9861245,5/16/2023 16:25,16:25:00,6,0,0, LINCON ST & E 12TH AVE,1,1,0,0,1,4,0,0,35,0,0,0,0,0,4,2,2
,2023-18704,39.67846755,-104.9245015,5/16/2023 11:31,11:31:00,3,0,1,E EVANS AVE & S GRAPE ST,1,1,0,0,1,2,0,0,30,0,0,0,0,2,4,2,11
,2023-18706,39.61833297,-105.0919536,5/16/2023 11:37,11:37:00,3,0,0,W CRESTLINE AVE & S WADSORTH BLVD,1,1,0,0,1,2,0,0,,0,0,0,0,0,4,2,11
,2023-18707,39.74442788,-105.0252139,5/9/2023 2:15,2:15:00,5,0,1, FEDERAL BLVD & W 17TH AVE,1,3,0,0,3,4,0,0,35,0,0,0,0,3,2,1,1
,2023-18708,39.62385686,-104.900959,5/9/2023 7:14,7:14:00,15,0,0,E BELLEVIEW AVE & I-25 NB RAMPS,1,1,0,0,1,1,0,0,35,0,0,0,0,0,4,2,16
,2023-18732,39.74329862,-105.0159096,5/16/2023 17:23,17:23:00,6,0,0,I-25 & W 17TH AVE,1,1,0,0,2,4,0,0,55,0,0,0,0,0,1,3,13
,2023-18739,39.77710432,-104.8808297,5/16/2023 21:20,21:20:00,15,0,0,I-70 & I-270 ON RAMP MERGE PT,11,3,0,0,1,8,0,0,65,0,0,0,0,0,1,2,10
,2023-18741,39.70028255,-104.9272668,5/17/2023 10:59,10:59:00,5,0,0,E CHERRY CREEK  DR & E KENTUCKY AVE,1,1,0,0,6,1,0,0,30,0,0,0,0,0,4,1,10
,2023-18744,39.77719315,-104.8818624,5/17/2023 7:49,7:49:00,12,0,1,I-70 & N CENTRAL PARK BLVD (APPROX),1,1,0,0,1,4,0,0,55,0,0,0,0,1,1,2,1
,2023-18745,39.73386155,-104.9916378,5/17/2023 7:40,7:40:00,12,0,0,W 11TH AVE & N CHEROKEE ST,1,1,0,0,1,3,0,0,25,0,0,0,0,0,4,2,13
,2023-18747,39.6678355,-104.9260547,5/14/2023 0:10,0:10:00,15,0,0,I-25 & E YALE AVE,11,4,0,1,1,4,0,0,,0,0,0,0,0,1,2,16
,2023-18748,39.74196928,-104.8858145,5/16/2023 21:33,21:33:00,6,0,0, XENIA ST & E 16TH AVE,11,3,0,1,1,4,0,0,25,0,0,0,0,0,4,2,14
,2023-18754,39.71113165,-104.9822052,5/11/2023 5:55,5:55:00,15,0,0,E ALAMEDA AVE & S LOGAN ST,11,2,0,1,1,4,0,0,30,0,0,0,0,0,4,2,16
,2023-18758,39.78282545,-104.8230133,5/17/2023 7:00,7:00:00,5,0,1, DILLON ST & E DEEPHAVEN CT,1,1,0,0,6,1,0,0,25,0,0,0,0,2,4,1,11
,2023-18759,39.77963746,-104.9790307,5/16/2023 13:39,13:39:00,15,0,0,I-70 & N WASHINGTON ST (APPROX),1,1,0,0,1,4,0,1,55,0,0,0,0,0,1,2,11
,2023-18762,39.72315856,-105.0250336,4/27/2023 17:33,17:33:00,16,0,0,450  FEDERAL BLVD & N FEDERAL BLVD,11,1,0,1,5,7,0,0,,0,0,0,0,0,3,2,13
,2023-18763,39.74034771,-104.9034567,5/5/2023 17:20,17:20:00,12,0,0,QUEBEC ST & E COLFAX AVE,1,1,0,0,1,4,0,0,30,0,0,0,0,0,2,2,12
,2023-18764,39.78573744,-105.0252049,5/17/2023 12:37,12:37:00,15,0,0, FEDERAL BLVD & W 49TH AVE,1,1,3,0,1,4,0,0,35,0,0,0,0,0,2,2,7
,2023-18765,39.79026476,-104.8097654,5/17/2023 8:00,8:00:00,2,0,1,E 53RD AVE & N CHAMBERS RD,1,1,0,0,1,1,0,0,0,1,0,0,0,1,4,1,16
,2023-18779,39.72569478,-105.0397261,5/16/2023 16:48,16:48:00,12,0,0,W 6TH AVE FWY & N PERRY ST,1,1,0,0,1,4,0,0,55,0,0,0,0,0,2,3,13
,2023-18781,39.75121011,-105.0236158,5/15/2023 22:17,22:17:00,3,0,0,W 23RD AVE & N ELIOT ST,1,3,0,0,1,1,0,0,30,0,0,0,0,0,4,2,16
,2023-18782,39.63873646,-105.076791,5/17/2023 11:14,11:14:00,12,0,0,W QUINCY AVE & S PIERCE WAY,1,1,0,0,1,1,0,0,40,0,0,0,0,0,4,2,13
,2023-18783,39.72334844,-105.0107126,5/17/2023 12:57,12:57:00,12,0,3,I-25 & W 6TH AVE FWY,1,1,1,0,1,8,0,0,55,0,0,0,0,1,1,3,16
,2023-18785,39.71701365,-104.8955903,5/17/2023 8:40,8:40:00,15,0,0,E LOWRY BLVD & E FAIRMOUNT DR,1,1,0,0,1,6,0,0,15,0,0,0,0,0,4,2,16
,2023-18786,39.76206691,-104.9736193,5/17/2023 16:08,16:08:00,8,0,0,E MLK BLVD & N DOWNING ST,1,1,0,0,1,4,0,0,30,0,0,0,0,0,4,2,13
,2023-18792,39.78031136,-104.9907982,5/17/2023 12:56,12:56:00,12,0,0,I-70 & I-25,1,1,0,0,1,4,0,0,55,0,0,0,0,0,1,2,13
,2023-18793,39.72517831,-105.0329831,5/17/2023 0:30,0:30:00,8,0,0,W 6TH AVE & N KNOX CT,1,3,0,0,1,4,0,0,55,0,0,0,0,0,2,2,16
,2023-18795,39.75794822,-104.9917994,5/17/2023 12:00,12:00:00,15,0,0,PARK AVE W & WAZEE ST,1,1,0,0,1,1,0,0,30,0,0,0,0,0,4,2,16
,2023-18799,39.66331763,-104.9656647,5/9/2023 18:10,18:10:00,6,0,0, HIGH ST & E AMHERST AVE,1,2,0,0,1,4,0,0,25,0,0,0,0,0,4,2,16
,2023-18801,39.70752392,-104.9840188,5/9/2023 14:30,14:30:00,3,0,0, GRANT ST & E VIRGINIA AVE,1,1,0,0,1,1,0,0,25,0,0,0,0,0,4,2,3
,2023-18802,39.78189565,-104.8166877,5/15/2023 9:30,9:30:00,6,0,1, ENID WAY & E BOLLING DR,1,1,0,0,1,4,0,0,20,0,0,0,0,2,4,3,2
,2023-18828,39.7751175,-104.9004785,5/17/2023 13:53,13:53:00,6,0,0,E 41ST AVE & N ROSEMARY ST,1,1,0,0,1,4,0,0,25,0,0,0,0,0,4,2,2
,2023-18830,39.6531688,-104.9153405,5/10/2023 9:53,9:53:00,11,0,1, LOCUST ST & E HAMPDEN AVE,1,1,0,0,1,1,0,0,35,0,1,0,0,1,2,1,11
,2023-18839,39.68750659,-104.9594063,5/16/2023 7:55,7:55:00,5,0,0,E IOWA AVE & S UNIVERSITY BLVD,1,1,0,0,3,1,0,0,30,0,0,0,0,0,4,1,16
,2023-18844,39.78008195,-104.9415988,5/17/2023 10:48,10:48:00,12,0,0,I-70 & N COLORADO BLVD (APPROX),1,1,0,0,1,4,0,1,55,0,0,0,0,0,1,2,10
,2023-18845,39.67714385,-104.9746107,5/9/2023 16:23,16:23:00,6,0,0, CORONA ST & E WARREN AVE,1,1,0,7,1,4,0,0,25,0,0,0,0,0,4,4,16
,2023-18848,39.77899732,-104.7807315,5/10/2023 5:50,5:50:00,16,0,0,4500 E 45TH  AVE & E 45TH AVE ,1,1,0,0,5,7,0,0,,0,0,0,0,0,3,2,16
,2023-18850,39.68548712,-104.9793035,5/17/2023 12:42,12:42:00,6,0,0, WASHINGTON ST & E MEXICO AVE,1,1,0,0,1,4,0,0,25,0,0,0,0,0,4,2,11
,2023-18852,39.70929351,-104.9407889,5/17/2023 7:51,7:51:00,1,0,0, COLORADO BLVD & E DAKOTA AVE,1,1,0,0,1,1,0,0,35,0,0,0,0,0,2,3,13
,2023-18853,39.78503873,-105.0478726,5/17/2023 12:29,12:29:00,15,0,2,I-70 & N SHERIDAN BLVD,1,1,0,0,1,4,0,0,55,0,0,0,0,1,1,2,16
,2023-18862,39.71200614,-104.9996343,5/17/2023 14:32,14:32:00,15,0,0,I-25 & W ALAMEDA AVE,1,1,0,0,1,4,0,0,55,0,0,0,0,0,1,2,13
,2023-18863,39.71923484,-104.9485841,5/17/2023 13:15,13:15:00,6,0,0, ADAMS ST & E 2ND AVE,1,1,1,0,1,4,0,0,25,0,0,0,0,0,4,2,11
,2023-18874,39.68368969,-104.9594388,5/17/2023 14:56,14:56:00,15,0,0, UNIVERSITY BLVD & E BUCHTEL BLVD,1,1,0,0,1,8,0,0,30,0,0,0,0,0,4,2,13
,2023-18880,39.67845087,-104.9933097,5/17/2023 14:45,14:45:00,15,0,0,W EVANS AVE & S SANTA FE DR,1,1,2,7,1,4,0,0,45,0,0,0,0,0,2,3,11
,2023-18884,39.77803183,-104.847043,5/16/2023 13:00,13:00:00,12,0,0,E 45TH AVE & N PEORIA ST,1,1,0,0,1,1,0,0,35,0,0,0,0,0,4,2,11
,2023-18902,39.73424677,-104.9127257,5/18/2023 15:15,15:15:00,3,0,0, MONOCO PKWY & E RICHTHOFEN PL,11,1,0,0,1,3,0,0,25,0,0,0,0,0,4,2,13
,2023-18903,39.69302019,-104.990976,5/18/2023 14:00,14:00:00,6,0,0,W LOUISIANA AVE & S CHEROKEE ST,1,1,0,0,1,3,0,0,20,0,0,0,0,0,4,2,16
,2023-18906,39.68661411,-104.9558534,5/18/2023 7:00,7:00:00,6,0,0, ELIZABETH ST & E MEXICO AVE,1,1,0,0,1,4,0,0,25,0,0,0,0,0,4,2,3
,2023-18907,39.69882176,-104.9918692,5/18/2023 9:27,9:27:00,12,0,0, SANTA FE DR & W MISSISSIPPI AVE,1,1,0,0,1,4,0,0,35,0,0,0,0,0,2,2,3
,2023-18910,39.84143441,-104.671744,5/18/2023 11:27,11:27:00,15,0,0,PENA BLVD & E 80TH AVE,1,1,0,0,1,4,0,0,45,0,0,0,0,0,4,2,11
,2023-18918,39.76512919,-104.8883137,5/19/2023 16:05,16:05:00,3,0,0, WILLOW ST & E 35TH AVE,1,1,0,0,1,1,0,0,20,0,0,0,0,0,4,2,3
,2023-18919,39.77913724,-104.9792167,5/18/2023 23:01,23:01:00,5,0,2, WASHINGTON ST & I-70 EB RAMPS,11,3,0,1,6,1,0,0,35,0,0,0,0,2,4,1,13
,2023-18920,39.65321066,-104.9129102,5/18/2023 17:40,17:40:00,12,0,0, MONACO ST & E HAMPDEN AVE,1,2,0,0,1,1,0,0,35,0,0,0,0,0,2,2,13
,2023-18924,39.78380707,-104.8042327,5/19/2023 8:00,8:00:00,3,0,0, JOPLIN ST & E GREEN VALLEY RANCH BLVD,1,1,0,0,1,1,0,0,25,0,0,0,0,0,4,2,11
,2023-18928,39.63512312,-104.892888,5/19/2023 10:48,10:48:00,6,0,1,I-225 & S TAMARAC ST,11,1,1,1,3,8,0,0,55,0,0,0,0,2,1,2,10
,2023-18929,39.78707554,-104.7568225,5/18/2023 12:40,12:40:00,5,0,0,E 49TH AVE & N HIMALAYA ST,1,1,0,0,4,1,0,0,25,0,0,0,0,0,4,1,10
,2023-18931,39.75629202,-105.0251303,5/17/2023 16:58,16:58:00,12,0,0, FEDERAL BLVD & W 27TH AVE,1,1,0,0,1,4,0,0,30,0,0,0,0,0,2,2,16
,2023-18937,39.63119649,-105.0347852,5/19/2023 9:19,9:19:00,6,0,0, LOWELL BLVD & W WAGONTRAIL DR,1,4,1,0,1,4,0,0,35,0,0,0,0,0,4,2,16
,2023-18939,39.78463113,-105.0251707,5/19/2023 11:11,11:11:00,1,0,0, FEDERAL BLVD & I-70 WB RAMPS,11,1,0,1,1,1,0,0,35,0,0,0,0,0,2,2,16
,2023-18940,39.77297962,-105.0004521,5/17/2023 18:00,18:00:00,6,0,0,W 41ST AVE & N KALAMATH ST,1,1,0,0,1,4,0,0,25,0,0,0,0,0,4,2,13
,2023-18944,39.84521718,-104.6674044,5/18/2023 13:57,13:57:00,15,0,0,PENA BLVD & E 80TH AVE,11,1,1,1,1,4,0,0,35,0,0,0,0,0,4,2,11
,2023-18945,39.77318786,-104.8098906,5/17/2023 14:21,14:21:00,10,0,0,E 40TH AVE & N CHAMBERS RD,1,1,0,0,1,1,0,0,40,0,0,0,0,0,4,2,13
,2023-18947,39.75928054,-104.9936671,5/18/2023 11:00,11:00:00,12,0,0,PARK AVE W & WEWATTA ST,1,1,0,0,1,4,0,0,35,0,0,0,0,0,4,3,11
,2023-18949,39.75111485,-105.0251374,5/18/2023 12:01,12:01:00,12,0,0, FEDERAL BLVD & W 23RD AVE,1,1,0,0,1,4,0,0,35,0,0,0,0,0,2,3,13
,2023-18951,39.7602617,-105.0252438,5/20/2023 15:00,15:00:00,12,0,0, FEDERAL BLVD & N SPEER BLVD,1,1,0,0,1,1,0,0,25,0,0,0,0,0,2,2,13
,2023-18961,39.73205733,-105.0155779,5/17/2023 16:04,16:04:00,12,0,1,I-25 & W 6TH AVE,1,1,0,0,1,4,0,0,55,0,0,0,0,1,1,2,13
,2023-18962,39.78552165,-104.8880084,5/19/2023 14:06,14:06:00,3,0,0,E NORTHFIELD BLVD & N WILLOW ST,1,1,0,0,1,1,0,0,40,0,0,0,0,0,4,2,3
,2023-18964,39.78054979,-104.9488882,5/19/2023 13:23,13:23:00,12,0,1,I-70 & N STEELE ST,1,1,0,0,1,4,0,0,55,0,0,0,0,1,1,2,3
,2023-18965,39.73682549,-105.0123466,5/18/2023 13:11,13:11:00,12,0,0, UMATILLA ST & W 13TH AVE,1,1,0,0,1,4,0,0,25,0,0,0,0,0,4,2,13
,2023-18966,39.71129721,-104.9989516,5/18/2023 6:46,6:46:00,15,0,1,I-25 & W ALAMEDA AVE,1,1,0,0,1,4,0,0,,0,0,0,0,2,1,4,16
,2023-18973,39.63570247,-104.8937987,5/18/2023 10:45,10:45:00,12,0,0, TAMARAC ST & I-225,1,1,0,0,1,3,0,0,30,0,0,0,0,0,4,2,3
,2023-18975,39.72097033,-104.9485965,5/19/2023 13:40,13:40:00,8,0,0,E 3RD AVE & N ADAMS ST,1,1,0,0,1,1,0,0,25,0,0,0,0,0,4,2,13
,2023-18976,39.6579021,-105.0532252,5/19/2023 7:44,7:44:00,1,0,1, SHERIDAN BLVD & W COLUMBIA PL,11,1,1,1,1,1,0,0,40,0,0,0,0,2,2,2,11
,2023-18982,39.72489791,-105.053176,5/18/2023 13:00,13:00:00,12,0,0, SHERIDAN BLVD & W 6TH AVE,1,1,0,0,1,1,0,0,30,0,0,0,0,0,2,2,3
,2023-18983,39.7113135,-104.9989613,5/18/2023 11:27,11:27:00,12,0,2,I-25 & W ALAMEDA AVE,14,5,3,7,1,4,0,0,60,0,0,0,0,2,4,4,16
,2023-18986,39.61448667,-105.093377,5/19/2023 11:23,11:23:00,3,0,0,W CROSS DR & S WADSWORTH BLVD,11,1,0,1,1,2,0,0,,0,0,0,0,0,4,2,11
,2023-18994,39.71113916,-105.0189082,5/16/2023 14:25,14:25:00,12,0,0,W ALAMEDA AVE & S BRYANT ST,1,1,0,0,1,4,0,0,40,0,0,0,0,0,2,2,16
,2023-18995,39.69787254,-104.9827651,5/18/2023 15:25,15:25:00,3,0,1,E BUCHTEL BLVD & S LOGAN ST,1,1,3,0,1,1,0,0,30,0,0,0,0,2,4,2,13
,2023-18996,39.70041954,-104.9247922,5/18/2023 11:14,11:14:00,6,0,0, GRAPE ST & E VALE DR,1,1,0,0,1,4,0,0,25,0,0,0,0,0,4,2,14
,2023-19000,39.77132687,-104.902347,5/17/2023 16:22,16:22:00,12,0,0, QUEBEC ST & E SMITH RD,1,1,1,0,1,4,0,0,40,0,0,0,0,0,4,2,13
,2023-19006,39.79834548,-104.7793077,5/19/2023 7:40,7:40:00,3,0,2,E 56TH AVE & N TELLURIDE ST,1,1,0,0,1,2,0,0,40,0,0,0,0,2,4,2,11
,2023-19011,39.74051678,-104.988497,5/19/2023 9:26,9:26:00,15,0,0,W COLFAX AVE & 15TH ST,11,1,0,1,1,1,0,0,30,0,0,0,0,0,2,2,16
,2023-19014,39.7111843,-105.0015765,5/18/2023 19:30,19:30:00,3,0,0,W ALAMEDA AVE & S LIPAN ST,11,2,0,1,1,1,0,0,35,0,0,0,0,0,2,2,3
,2023-19017,39.77946756,-104.9809238,5/17/2023 12:35,12:35:00,12,0,1,I-70 EB ON RAMP COLLECTOR & N WASHINGTON ST,1,1,0,0,1,8,0,0,55,0,0,0,0,1,4,2,13
,2023-19018,39.69198799,-104.9128894,5/19/2023 0:08,0:08:00,6,0,1, MONACO ST & E CHERRY CREEK N DR,11,3,0,1,1,4,0,0,40,0,0,0,0,1,4,3,16
,2023-19025,39.77322525,-104.8470279,5/19/2023 9:30,9:30:00,12,0,0, PEORIA ST & I-70 EB RAMPS,1,1,0,0,1,3,0,0,30,0,0,0,0,0,4,3,3
,2023-19028,39.77290855,-104.9538416,5/19/2023 6:45,6:45:00,12,0,0,E 40TH AVE & N CLAYTON ST,1,1,0,0,1,3,0,0,35,0,0,0,0,0,4,3,3
,2023-19029,39.73503251,-105.0151095,5/17/2023 18:34,18:34:00,15,0,0,I-25 & W 12TH AVE,1,1,0,0,1,4,0,0,55,0,0,0,0,0,1,2,13
,2023-19030,39.83185385,-104.6929689,5/19/2023 16:20,16:20:00,12,0,0,E 75TH AVE & N JACKSONS GAP RD,1,1,0,0,1,1,0,0,40,0,0,0,0,0,4,2,11
,2023-19031,39.75689791,-104.9857275,5/19/2023 14:57,14:57:00,3,0,0,LAWRENCE ST & 25TH ST,1,1,0,0,1,1,0,0,25,0,0,0,0,0,4,2,11
,2023-19033,39.73881196,-104.9707062,5/18/2023 6:53,6:53:00,15,0,0, LAFAYETTE ST & E 14TH ST,1,1,0,0,1,4,0,0,20,0,0,0,0,0,4,3,11
,2023-19034,39.76928678,-105.0111905,5/19/2023 10:45,10:45:00,1,0,0,W 38TH AVE & N TEJON ST,11,1,0,1,1,1,0,0,30,0,0,0,0,0,4,2,13
,2023-19035,39.74323565,-104.9672281,5/19/2023 7:27,7:27:00,3,0,0,E 17TH AVE & N GILPIN ST,1,1,0,0,1,1,0,0,25,0,0,0,0,0,4,2,16
,2023-19036,39.763784,-104.9240311,5/3/2023 3:45,3:45:00,16,0,0,3298  HUDSON ST & E 33RD AVE ,1,3,0,0,5,7,0,0,,0,0,0,0,0,3,1,16
,2023-19037,39.65315798,-104.9153482,5/18/2023 8:15,8:15:00,12,0,1,E HAMPDEN AVE & S LOCUST ST,1,1,0,0,1,1,0,0,40,0,0,0,0,1,2,2,3
,2023-19038,39.78238805,-104.847022,5/18/2023 19:03,19:03:00,3,0,0,E 47TH AVE & N PEORIA ST,1,1,0,0,1,1,0,0,40,0,0,0,0,0,4,2,13
,2023-19044,39.75928054,-104.9936671,5/18/2023 10:45,10:45:00,6,0,0,PARK AVE W & WEWATTA ST,1,1,0,0,1,4,0,0,,0,0,0,0,0,4,2,16
,2023-19045,39.72854081,-105.0145356,5/18/2023 17:55,17:55:00,15,0,0,I-25 & W 8TH AVE,1,1,0,0,1,4,0,0,55,0,0,0,0,0,1,2,2
,2023-19046,39.72311405,-105.0532677,5/18/2023 14:00,14:00:00,12,0,0, SHERIDAN BLVD & W 4TH AVE,11,1,0,0,1,1,0,0,30,0,0,0,0,0,2,2,3
,2023-19047,39.63990653,-105.0765459,5/17/2023 20:51,20:51:00,6,0,0, PIERCE ST & W PRINCETON AVE,1,3,0,0,1,4,0,1,30,0,0,0,0,0,4,2,10