id,drcog_id,latitude,longitude,crashtime,time,crashtype,numbkilled,numbinjurd,drcoglocat,rdconditin,lightngcon,roadcntgrd,weatherco,location,roaddescrp,schoolzone,constrzone,splimit,bikeinv,pedinv,sctrinv,motoinv,svrty,rdsystem,ttlvehcls,hcf
,2023-19049,39.69843864,-104.9113532,5/3/2023 21:00,21:00:00,6,0,0,E TENNESSEE AVE & NIAGARA ST,1,3,0,0,1,4,0,0,25,0,0,0,0,0,4,2,16
,2023-19056,39.74739365,-104.9405453,5/18/2023 10:55,10:55:00,12,0,0,E MONTVIEW BLVD & N COLORADO BLVD,1,1,0,0,1,3,0,0,25,0,0,0,0,0,2,2,16
,2023-19060,39.74034586,-105.0251562,5/18/2023 14:46,14:46:00,1,0,0, FEDERAL BLVD & W COLFAX AVE,1,1,0,0,1,2,0,0,35,0,0,0,0,0,2,2,13
,2023-19062,39.76182251,-104.9105843,5/19/2023 18:29,18:29:00,3,0,0,E MLK JR BLVD & N NIAGARA ST,1,1,0,0,1,1,0,0,25,0,0,0,0,0,4,2,16
,2023-19063,39.6292909,-104.9046123,5/19/2023 16:00,16:00:00,12,0,0,I-25 & I-225 OFF RAMP GORE PT,14,5,3,7,1,8,0,0,,0,0,0,0,0,4,5,7
,2023-19064,39.70816208,-104.8784787,5/18/2023 14:10,14:10:00,12,0,0,E ALAMEDA AVE & S CLINTON ST,11,1,3,1,1,4,0,0,30,0,0,0,0,0,4,3,14
,2023-19065,39.75716464,-105.0102006,5/17/2023 15:13,15:13:00,15,0,0,I-25 & 15TH ST,1,1,0,0,1,4,0,0,55,0,0,0,0,0,1,2,1
,2023-19066,39.72910382,-104.987404,5/19/2023 13:41,13:41:00,3,0,0, BROADWAY & E 8TH AVE,1,1,0,0,1,1,0,0,30,0,0,0,0,0,4,2,11
,2023-19067,39.7779926,-104.7744214,5/19/2023 16:50,16:50:00,3,0,0, YAMPA ST & E 45TH AVE,1,1,0,0,1,1,0,0,35,0,0,0,0,0,4,2,16
,2023-19068,39.78324853,-105.006427,5/18/2023 13:55,13:55:00,15,0,0, PECOS ST & I-70,1,1,0,0,1,3,0,0,25,0,0,0,0,0,4,2,13
,2023-19072,39.62408119,-104.8968047,5/19/2023 13:05,13:05:00,1,0,0,E BELLEVIEW AVE & S SPRUCE ST,1,1,0,0,1,1,0,0,30,0,0,0,0,0,4,2,13
,2023-19077,39.70727296,-104.9222811,5/19/2023 15:25,15:25:00,10,0,0, HOLLY ST & E LEETSDALE DR,1,2,0,0,1,1,0,0,30,0,0,0,0,0,2,2,13
,2023-19083,39.74479708,-104.9892215,5/19/2023 11:30,11:30:00,10,0,0,17TH ST & GLENARM PL,11,1,0,1,1,1,0,0,25,0,0,0,0,0,4,2,8
,2023-19085,39.74020306,-104.9989233,5/19/2023 6:42,6:42:00,3,0,0,W COLFAX AVE & N SPEER BLVD,1,1,0,0,1,1,0,0,30,0,0,0,0,0,2,2,13
,2023-19092,39.67845647,-104.9078419,5/19/2023 18:59,18:59:00,12,0,0,E EVANS AVE & S ONEIDA ST,11,1,0,1,1,4,0,1,30,0,0,0,0,0,4,2,14
,2023-19095,39.75120414,-105.0252852,5/19/2023 16:11,16:11:00,1,0,0, FEDERAL BLVD & W 23RD AVE,1,1,0,0,1,1,0,0,35,0,0,0,0,0,2,2,8
,2023-19096,39.63881383,-104.9104086,5/19/2023 11:00,11:00:00,12,0,0,I-25 & E BELLEVIEW AVE OFF RAMP GORE PT,1,1,0,0,1,4,0,0,55,0,0,0,0,0,1,2,13
,2023-19104,39.78589169,-104.7721288,5/20/2023 16:00,16:00:00,3,0,1, TOWER RD & E 49TH AVE,1,3,0,0,1,1,0,0,40,0,0,0,0,2,4,2,3
,2023-19107,39.79023413,-104.9033162,5/20/2023 0:07,0:07:00,1,0,0, QUEBEC ST & E 51ST AVE,1,3,0,4,1,1,0,0,35,0,0,0,0,0,4,3,13
,2023-19111,39.78033919,-104.9914827,5/20/2023 18:00,18:00:00,12,0,0,I-70 EB ON RAMP & SB I-25,1,1,0,0,1,8,0,0,55,0,0,0,0,0,1,3,13
,2023-19114,39.71109365,-105.0299394,5/20/2023 13:42,13:42:00,3,0,1,W ALAMEDA AVE & S IRVING ST,1,1,0,0,1,3,0,0,35,0,0,0,0,2,2,2,3
,2023-19120,39.71686997,-104.891433,5/20/2023 17:50,17:50:00,11,0,1,E SPORTS BLVD & E FAIRMOUNT DR,1,1,0,0,1,4,0,0,0,0,1,0,0,1,4,1,16
,2023-19130,39.77702111,-104.8829762,5/19/2023 17:59,17:59:00,12,0,1,I-270 & N CENTRAL PARK BLVD,1,1,0,0,1,8,0,0,40,0,0,0,0,1,1,2,3
,2023-19132,39.73839845,-104.9646063,5/19/2023 22:30,22:30:00,6,0,0,E 14TH AVE & N HIGH ST,1,3,0,0,1,4,0,0,30,0,0,0,0,0,4,3,14
,2023-19133,39.83527257,-104.7468332,5/19/2023 16:46,16:46:00,12,0,0,E-470 & PENA BLVD,1,1,0,0,1,4,0,0,75,0,0,0,0,0,2,2,1
,2023-19134,39.74371645,-104.9974988,5/20/2023 2:15,2:15:00,12,0,0,13TH ST & CHAMPA ST,1,3,0,0,1,1,0,0,30,0,0,0,0,0,4,2,10
,2023-19148,39.7226427,-105.0324829,5/20/2023 18:03,18:03:00,6,0,0, KNOX CT & W 4TH AVE,1,1,1,0,6,4,0,0,35,0,0,0,0,0,4,3,2
,2023-19149,39.78387409,-105.0453061,3/4/2023 14:39,14:39:00,5,1,0,I-70 & MM 271,1,1,0,0,2,4,0,0,55,0,0,0,1,4,1,2,16
,2023-19167,39.72570812,-105.0001485,5/10/2023 21:19,21:19:00,3,0,0,W 6TH AVE & N KALAMATH ST,11,3,0,1,1,1,0,0,30,0,0,0,0,0,4,2,16
,2023-19173,39.73224722,-104.9729796,3/3/2023 19:28,19:28:00,6,0,1,DOWNING ST & E 10TH AVE,1,3,1,0,1,4,0,0,25,0,1,0,0,3,4,4,14
,2023-19178,39.73670888,-104.9407636,5/13/2023 23:29,23:29:00,3,0,0, COLORADO BLVD & E 13TH AVE,1,3,0,0,1,1,0,0,35,0,0,0,0,0,2,2,16
,2023-19180,39.69806289,-105.0514416,5/13/2023 22:55,22:55:00,6,0,0,W TENNESSEE AVE & 4986 MORRISON RD,1,3,0,0,1,4,0,0,25,0,0,0,0,0,4,2,13
,2023-19185,39.64048669,-104.9114085,5/11/2023 10:26,10:26:00,5,0,0,I-25 & I-225 NB ON RAMP,11,1,0,1,3,4,0,0,55,0,0,0,0,0,1,2,13
,2023-19189,39.76738114,-104.9025448,4/3/2023 17:59,17:59:00,11,0,1,E 36TH AVE & N QUEBEC ST,1,1,0,0,1,1,0,0,25,0,1,0,0,1,4,1,16
,2023-19202,39.74594702,-104.9684356,5/10/2023 13:50,13:50:00,6,0,0,FRANKLIN ST & E 19TH AVE,1,1,0,0,1,4,0,0,25,0,0,0,0,0,4,2,16
,2023-19204,39.74470822,-104.9874159,5/11/2023 23:53,23:53:00,6,0,0, BROADWAY ST & 18TH ST,11,3,0,1,1,3,0,0,45,0,0,0,0,0,4,3,14
,2023-19205,39.6966599,-104.9918701,5/12/2023 9:44,9:44:00,15,0,0,W MISSISSIPPI AVE & S SANTA FE DR,1,1,0,0,1,1,0,0,35,0,0,0,0,0,2,2,16
,2023-19206,39.71939641,-104.9558467,4/20/2023 18:33,18:33:00,12,0,0, CLAYTON ST & E 2ND AVE,1,1,0,0,1,4,0,0,25,0,0,0,0,0,4,2,16
,2023-19207,39.69684144,-105.0532422,5/14/2023 2:58,2:58:00,12,0,2,MORRISON RD & S SHERIDAN BLVD,1,3,0,0,1,1,0,0,35,0,0,0,0,2,2,2,16
,2023-19217,39.76128746,-105.0046514,5/12/2023 21:25,21:25:00,15,0,0,I-25 & 20TH ST,1,3,0,0,1,4,0,0,55,0,0,0,0,0,1,3,16
,2023-19221,39.73801452,-105.0251002,3/24/2023 20:07,20:07:00,11,1,0, FEDERAL BLVD & W HOWARD PL,1,3,0,0,1,1,0,0,0,0,1,0,0,4,2,1,16
,2023-19224,39.6685025,-104.9264497,5/14/2023 4:00,4:00:00,5,0,3,I-25 & E YALE AVE,11,3,1,1,3,8,0,0,65,0,0,0,0,2,1,2,16
,2023-19307,39.69699744,-105.0529936,5/21/2023 2:21,2:21:00,12,0,0,MORRISON RD & S SHERIDAN BLVD,1,3,0,0,1,1,0,0,35,0,0,0,0,0,2,2,13
,2023-19309,39.7336796,-104.9964232,5/21/2023 2:47,2:47:00,12,0,0,W 11TH AVE & N GALAPAGO ST,1,3,0,0,1,4,0,0,25,0,0,0,0,0,4,2,3
,2023-19310,39.83694105,-104.6708234,5/21/2023 13:10,13:10:00,3,0,0,7800  SHADY GROVE ST,1,1,0,0,1,2,0,0,25,0,0,0,0,0,4,2,13
,2023-19314,39.7618286,-104.939418,5/20/2023 21:47,21:47:00,6,0,1,E MLK JR BLVD & N ALBION ST,1,3,0,0,1,4,0,0,20,0,0,0,0,2,4,2,14
,2023-19317,39.68228019,-105.0250196,5/21/2023 10:08,10:08:00,1,0,4, FEDERAL BLVD & W JEWELL AVE,1,1,0,0,1,1,0,0,40,0,0,0,0,2,2,2,16
,2023-19320,39.72252439,-104.9985776,5/21/2023 9:23,9:23:00,3,0,2, SANTA FE DR & W 4TH AVE,1,1,0,0,1,3,0,0,25,0,0,0,0,2,4,2,13
,2023-19322,39.7136711,-105.0300075,5/20/2023 9:00,9:00:00,6,0,2, IRVING ST & W CEDAR AVE,1,1,0,0,1,4,0,0,25,0,0,0,0,2,4,2,14
,2023-19323,39.75617153,-104.9919027,5/20/2023 11:55,11:55:00,3,0,1,BLAKE ST & 22ND ST,1,1,0,7,1,1,0,0,30,0,0,0,0,2,4,2,16
,2023-19326,39.69666189,-104.9929227,5/21/2023 0:58,0:58:00,14,0,1,W MISSISSIPPI AVE & S PLATTE RIVER DR,1,3,0,0,1,1,0,0,35,0,0,0,0,2,2,2,13
,2023-19328,39.73659692,-104.9787172,4/22/2023 11:21,11:21:00,6,0,0,WASHINGTON ST & E 13TH AVE,11,1,0,0,1,4,0,0,25,0,0,0,0,0,4,2,16
,2023-19332,39.76199395,-104.9634377,5/20/2023 15:59,15:59:00,10,0,0,E MLK BLVD & N RACE ST,1,1,0,0,1,1,0,0,35,0,0,0,0,0,4,2,14
,2023-19334,39.71861841,-104.9728756,5/17/2023 0:32,0:32:00,3,0,0,E SPEER BLVD & N DOWNING ST,1,3,0,0,1,1,0,0,,0,0,0,0,0,4,2,16
,2023-19335,39.74000867,-104.9684617,5/20/2023 22:00,22:00:00,12,0,0,E COLFAX AVE & PARK AVE,1,3,0,0,1,1,0,0,30,0,0,0,0,0,2,4,3
,2023-19361,39.69312301,-105.0250363,4/12/2023 1:22,1:22:00,15,0,0, FEDERAL BLVD & W LOUISIANA AVE,1,3,0,0,1,4,0,0,40,0,0,0,0,0,2,4,9
,2023-19363,39.78237721,-104.8464805,5/21/2023 14:10,14:10:00,3,0,0,E ALBROOK DR & N PEORIA ST,1,1,0,0,1,2,0,0,25,0,0,0,0,0,4,2,16
,2023-19375,39.72233853,-105.0097156,5/21/2023 12:18,12:18:00,12,0,2,I-25 & W 6TH AVE,1,1,0,0,1,4,0,0,60,0,0,0,0,1,1,3,13
,2023-19377,39.75285692,-104.9927116,5/10/2023 23:54,23:54:00,6,0,2,LARIMER ST & 20TH ST,11,3,0,0,1,4,0,0,30,0,0,0,0,2,4,3,14
,2023-19387,39.76813879,-104.9954401,5/21/2023 15:59,15:59:00,12,0,0,I-25 & PARK AVE W,1,1,0,0,1,4,0,0,55,0,0,0,1,0,1,2,13
,2023-19401,39.7336587,-104.9161582,5/15/2023 7:49,7:49:00,6,0,0,E 11TH AVE & N KRAMERIA ST,1,1,0,0,1,4,0,0,25,0,0,0,0,0,4,3,3
,2023-19408,39.68124949,-104.9258583,5/21/2023 10:10,10:10:00,6,0,0,E ATLANTIC PL & S HOLLY ST,1,1,0,0,1,4,0,0,20,0,0,0,0,0,4,4,16
,2023-19430,39.78363779,-104.7904781,5/20/2023 18:17,18:17:00,12,0,1,E GREEN VALLEY RANCH BLVD & PENA BLVD INBOUND RAMP,1,1,0,0,1,8,0,0,55,0,0,0,0,1,4,2,7
,2023-19437,39.7544334,-104.9873773,5/20/2023 19:13,19:13:00,1,0,1, BROADWAY ST & PARK AVE W,14,1,3,7,1,1,0,0,30,0,0,0,0,2,4,2,16
,2023-19438,39.67848947,-104.9687254,5/21/2023 18:30,18:30:00,12,0,1,E EVANS AVE & S FRANKLIN ST,1,1,0,0,1,3,0,0,35,0,0,0,0,2,4,2,14
,2023-19439,39.73840254,-104.9660094,5/21/2023 6:26,6:26:00,3,0,0,E 14TH AVE & N WILLIAMS ST,1,1,0,0,1,1,0,0,30,0,0,0,0,0,4,2,16
,2023-19484,39.69617225,-104.9605691,5/9/2023 17:00,17:00:00,6,0,0, YORK ST & E MISSISSIPPI AVE,1,1,0,0,1,4,0,0,25,0,0,0,0,0,4,2,16
,2023-19487,39.75486389,-105.0489285,5/10/2023 6:38,6:38:00,5,0,0,W 26TH AVE & N WOLFF ST,1,2,0,0,3,4,0,0,30,0,0,0,0,0,4,1,1
,2023-19488,39.71810588,-105.0048361,5/21/2023 17:28,17:28:00,12,0,0,I-25 & W 6TH AVE,1,1,0,0,1,4,0,0,55,0,0,0,0,0,1,2,16
,2023-19493,39.73838399,-104.9622449,5/3/2023 15:49,15:49:00,5,0,0, VINE ST & E 14TH AVE,1,1,0,0,3,1,0,0,35,0,0,0,0,0,4,1,13
,2023-19494,39.67843712,-104.9333138,5/20/2023 21:27,21:27:00,10,0,0,I-25 NB RAMPS & E EVANS AVE,1,3,0,0,1,1,0,0,35,0,0,0,0,0,4,2,13
,2023-19499,39.75485747,-105.0359565,5/22/2023 7:37,7:37:00,15,0,0,W 26TH AVE & N MEADE ST,1,1,0,0,1,4,0,0,30,0,0,0,0,0,4,2,13
,2023-19500,39.6842164,-104.9458022,5/21/2023 16:15,16:15:00,15,0,0,I-25 & S COLORADO BLVD,1,1,0,0,1,4,0,0,60,0,0,0,0,0,1,2,10
,2023-19502,39.78435145,-104.9895181,5/19/2023 22:18,22:18:00,15,0,0,I-25 & W 48TH AVE,1,3,0,0,1,4,0,0,55,0,0,0,0,0,1,2,16
,2023-19503,39.69128975,-104.9936052,5/20/2023 8:44,8:44:00,15,0,0, SANTA FE DR & W FLORIDA AVE,1,1,0,0,1,2,0,0,35,0,0,0,0,0,2,2,11
,2023-19504,39.76287959,-105.0022502,5/17/2023 20:10,20:10:00,12,0,0,I-25 & NB ON RAMP GORE PT FROM 20TH ST,1,3,0,0,1,4,0,0,55,0,0,0,0,0,1,2,13
,2023-19508,39.79838677,-104.786599,5/21/2023 10:30,10:30:00,12,0,0,E 56TH AVE & PENA BLVD,1,1,0,0,1,4,0,0,40,0,0,0,0,0,4,2,7
,2023-19510,39.74337388,-104.9945486,5/21/2023 12:20,12:20:00,15,0,0,CALIFORNIA ST & 14TH ST,1,1,0,0,1,4,0,0,30,0,0,0,0,0,4,2,13
,2023-19511,39.67566693,-105.0532644,5/20/2023 12:54,12:54:00,15,0,0, SHERIDAN BLVD & W WARREN AVE,1,1,0,0,1,1,0,0,,0,0,0,0,0,2,2,16
,2023-19513,39.78351655,-104.9891438,5/14/2023 0:35,0:35:00,15,0,0,I-25 & W 48TH AVE,11,3,0,1,1,4,0,0,55,0,0,0,0,0,1,2,13
,2023-19519,39.74041844,-105.0296863,5/22/2023 7:05,7:05:00,12,0,0,W COLFAX AVE & N IRVING ST,1,1,0,0,1,3,0,0,30,0,0,0,0,0,2,2,11
,2023-19520,39.70041138,-104.9086377,5/22/2023 7:15,7:15:00,10,0,0,E LEETSDALE DR & S ONEIDA ST,1,1,0,0,1,2,0,0,35,0,0,0,0,0,2,2,16
,2023-19525,39.73386557,-104.9874153,3/18/2023 22:54,22:54:00,15,0,0, BROADWAY ST & E 11TH AVE,1,3,0,0,1,4,0,0,,0,0,0,0,0,4,2,16
,2023-19527,39.74081096,-104.9761638,5/19/2023 2:21,2:21:00,6,0,1, EMERSON ST & E COLFAX AVE,1,3,0,0,2,4,0,0,25,0,0,0,0,1,4,2,16
,2023-19536,39.71123486,-105.0238576,5/21/2023 20:25,20:25:00,5,0,1,W ALAMEDA AVE & S ELIOT ST,1,2,1,0,6,4,0,0,35,0,0,0,0,2,2,1,14
,2023-19537,39.77866079,-104.9200537,5/19/2023 10:30,10:30:00,12,0,0,E 45TH AVE & N IVY ST,11,1,0,1,1,4,0,0,45,0,0,0,0,0,4,2,16
,2023-19538,39.73688177,-104.9785702,4/24/2023 3:16,3:16:00,6,0,0,E 13TH AVE & N WASHINGTON ST,1,3,0,0,1,4,0,0,30,0,0,0,0,0,4,3,16
,2023-19539,39.68472869,-104.9594472,5/22/2023 8:00,8:00:00,12,0,0,I-25 & S UNIVERSITY BLVD,1,1,1,0,1,4,0,0,55,0,0,0,0,0,1,4,1
,2023-19542,39.70222677,-105.0275174,5/22/2023 19:01,19:01:00,3,0,0,W OHIO AVE & S HAZEL CT,1,1,0,0,1,3,0,0,25,0,0,0,0,0,4,2,11
,2023-19545,39.66504844,-105.0251411,5/22/2023 17:28,17:28:00,3,0,0, FEDERAL BLVD & W AMHERST AVE,1,1,0,0,1,2,0,0,35,0,0,0,0,0,2,2,13
,2023-19550,39.77973415,-104.9783227,4/17/2023 15:46,15:46:00,12,0,0,I-70 & N WASHINGTON ST,1,1,0,0,1,13,0,0,55,0,0,0,0,0,1,2,16
,2023-19551,39.7681509,-104.9659234,5/6/2023 16:01,16:01:00,6,0,0,E 37TH AVE & N WILLIAMS ST,1,1,0,0,1,4,0,0,25,0,0,0,0,0,4,2,14
,2023-19552,39.82189536,-104.7719605,5/22/2023 19:19,19:19:00,3,0,0,E 69TH AVE & N TOWER RD,1,1,0,0,1,1,0,0,,0,0,0,0,0,4,2,8
,2023-19553,39.72526485,-105.0529964,5/20/2023 10:18,10:18:00,12,0,0,W 6TH AVE EB ON RAMP & N SHERIDAN BLVD,1,1,0,0,1,8,0,0,25,0,0,0,0,0,2,2,3
,2023-19554,39.74014594,-104.9472363,5/20/2023 12:00,12:00:00,6,0,0,E COLFAX AVE & N COOK ST,1,1,0,0,1,1,0,0,,0,0,0,0,0,2,2,16
,2023-19559,39.74939435,-105.0173858,5/19/2023 6:33,6:33:00,12,0,1,I-25 & NB OFF RAMP GORE PT TO W 23RD AVE,11,2,1,0,1,8,0,0,55,0,0,0,0,1,1,2,11
,2023-19560,39.69646944,-104.9815765,5/22/2023 16:30,16:30:00,12,0,1,I-25 & S LOGAN ST,1,1,0,0,1,4,0,0,55,0,0,0,0,2,1,3,3
,2023-19561,39.67743912,-104.9327707,5/21/2023 13:27,13:27:00,12,0,3,I-25 & E EVANS AVE,1,1,0,0,1,4,0,0,65,0,0,0,0,2,2,4,10
,2023-19562,39.74005888,-104.9269085,5/2/2023 15:05,15:05:00,3,0,0, FOREST ST & E COLFAX AVE,1,1,0,0,1,1,0,0,,0,0,0,0,0,2,2,16
,2023-19570,39.7093454,-104.9875979,5/22/2023 0:52,0:52:00,5,0,0, BROADWAY ST & E DAKOTA AVE,1,3,0,0,3,1,0,0,30,0,0,0,0,0,4,1,3
,2023-19572,39.77049804,-104.9960404,5/16/2023 18:50,18:50:00,15,0,0,W 39TH AVE & N GALAPAGO ST,1,1,3,0,1,1,0,0,35,0,0,0,0,0,4,2,16
,2023-19573,39.74015239,-104.9584486,5/19/2023 1:01,1:01:00,5,0,0,E COLFAX AVE & N JOSEPHINE ST,11,3,0,0,3,4,0,0,30,0,0,0,0,0,2,1,1
,2023-19574,39.74713902,-104.9747476,5/3/2023 16:28,16:28:00,16,0,0,1990  OGDEN ST,1,1,3,0,5,7,0,0,,0,0,0,0,0,3,2,16
,2023-19575,39.77644811,-104.8732041,5/22/2023 8:31,8:31:00,12,0,2,I-70 & N CENTRAL PARK BLVD,1,1,0,0,1,4,0,0,55,0,0,0,0,1,1,3,16
,2023-19579,39.72552654,-105.0451199,5/22/2023 11:59,11:59:00,9,0,0,W 6TH AVE & UTICA ST,1,1,0,0,1,4,0,0,55,0,0,0,0,0,2,2,14
,2023-19581,39.76778161,-104.995451,5/22/2023 6:51,6:51:00,12,0,1,I-25 & PARK AVE W,1,1,1,0,1,4,0,0,55,0,0,0,0,1,1,2,13
,2023-19583,39.77798416,-104.7708001,5/2/2023 7:40,7:40:00,3,0,0,E 45TH AVE & N ANDES ST,1,1,0,0,1,1,0,0,25,0,0,0,0,0,4,3,7
,2023-19584,39.78572714,-104.8830783,5/22/2023 21:33,21:33:00,3,0,0,E NORTHFIELD BLVD & N CENTRAL PARK BLVD,1,3,0,0,1,1,0,0,35,0,0,0,0,0,4,2,3
,2023-19585,39.71120439,-104.9983795,5/15/2023 20:50,20:50:00,3,0,2,W ALAMEDA AVE & S KALAMATH ST,1,3,0,0,1,3,0,0,30,0,0,0,0,2,2,2,14
,2023-19587,39.65717194,-105.0532039,5/21/2023 22:15,22:15:00,15,0,0,W COLGATE DR & S SHERIDAN BLVD,1,3,0,0,1,4,0,0,25,0,0,0,0,0,4,2,16
,2023-19594,39.74031207,-105.013951,5/14/2023 1:37,1:37:00,12,0,2,W COLFAX AVE & I-25,11,3,0,0,1,4,0,0,35,0,0,0,0,3,2,3,1
,2023-19610,39.75639171,-105.0158341,5/22/2023 13:01,13:01:00,3,0,0,2727  ZUNI ST & N SPEER BLVD,1,1,0,0,1,2,0,0,30,0,0,0,0,0,4,2,1
,2023-19611,39.6524234,-104.9179239,5/23/2023 7:17,7:17:00,12,0,0,I-25 & E HAMPDEN AVE,1,1,0,0,1,4,0,0,65,0,0,0,0,0,1,4,1
,2023-19615,39.78016272,-105.0041418,5/23/2023 11:16,11:16:00,10,0,0,W 46TH AVE & N NAVAJO ST,1,1,0,0,1,1,0,0,30,0,0,0,0,0,4,2,13
,2023-19616,39.73333443,-104.9384031,5/19/2023 13:26,13:26:00,12,0,0, ASH ST & E HALE PKWY,1,1,0,0,1,1,0,0,,0,0,0,0,0,4,2,16
,2023-19618,39.70399789,-104.9216397,5/22/2023 9:15,9:15:00,6,0,0, HOLLY ST & E EXPOSITION AVE,1,1,0,0,1,4,0,0,30,0,0,0,0,0,4,2,3
,2023-19619,39.72935285,-104.9406247,5/17/2023 8:45,8:45:00,12,0,0, COLORADO BLVD & E 8TH AVE,1,1,0,0,1,4,0,0,,0,0,0,0,0,2,2,16
,2023-19620,39.75120414,-105.0252852,5/23/2023 14:33,14:33:00,1,0,1, FEDERAL BLVD & W 23RD AVE,1,1,0,0,1,1,0,0,35,0,0,0,0,1,2,2,13
,2023-19621,39.79817411,-104.8441729,5/22/2023 13:05,13:05:00,12,0,0,E 56TH AVE,1,1,0,0,1,4,0,0,65,0,0,0,0,0,2,5,14
,2023-19622,39.63369703,-104.8932904,5/23/2023 8:49,8:49:00,15,0,0, DTC BLVD & E TUFTS AVE,1,1,0,0,1,3,0,0,30,0,0,0,0,0,4,2,14
,2023-19625,39.7256449,-104.9881865,5/22/2023 11:42,11:42:00,12,0,1,W 6TH AVE & N BROADWAY ST,1,1,0,0,1,3,0,0,30,0,0,0,0,1,4,3,1
,2023-19628,39.7384156,-104.9776239,5/1/2023 20:52,20:52:00,12,0,0,E 14TH AVE & N CLARKSON ST,1,3,0,0,1,1,0,0,30,0,0,0,0,0,4,2,13
,2023-19629,39.78554658,-104.8998121,5/22/2023 10:41,10:41:00,15,0,0, QUEBEC ST & E 49TH AVE,1,1,0,0,1,4,0,0,35,0,0,0,0,0,2,2,3
,2023-19630,39.7080636,-105.0372528,5/23/2023 13:12,13:12:00,15,0,0,MORRISON RD & S NEWTON ST,1,1,0,0,1,4,0,0,35,0,0,0,0,0,4,2,16
,2023-19631,39.74265156,-104.9902562,5/17/2023 17:53,17:53:00,15,0,0,TREMONT PL & 15TH ST,1,1,0,0,1,4,0,0,30,0,0,0,0,0,4,2,8
,2023-19638,39.69300205,-104.9786118,5/22/2023 12:13,12:13:00,3,0,2,E BUCHTEL BLVD & E LOUISIANA AVE,1,1,0,0,1,1,0,0,35,0,0,0,0,1,4,2,8
,2023-19644,39.75418126,-104.9944668,5/23/2023 12:10,12:10:00,6,0,0,BLAKE ST & 20TH ST,1,1,0,0,1,4,0,0,30,0,0,0,0,0,4,2,13
,2023-19647,39.77909996,-104.9883072,5/22/2023 1:21,1:21:00,15,0,2,I-70 EB ON RAMP FROM & I-25 NB OFF RAMP,1,3,0,0,1,8,0,0,55,0,0,0,0,2,1,2,16
,2023-19651,39.76262924,-105.0252255,5/23/2023 10:43,10:43:00,12,0,0, FEDERAL BLVD & W 32ND AVE,1,1,1,0,1,4,0,0,35,0,0,0,0,0,2,2,3
,2023-19652,39.7399982,-104.9787542,5/20/2023 9:47,9:47:00,1,0,0,E COLFAX AVE & N WASHINGTON ST,14,5,3,7,1,1,0,0,,0,0,0,0,0,2,2,16
,2023-19654,39.78362893,-104.7904784,5/22/2023 13:30,13:30:00,12,0,0,PENA BLVD & E GREEN VALLEY RANCH BLVD,1,1,0,0,1,1,0,0,25,0,0,0,0,0,4,2,16
,2023-19656,39.74446142,-104.9913788,5/22/2023 11:20,11:20:00,6,0,0,WELTON ST & 16TH ST,1,1,0,0,1,1,0,0,30,0,0,0,0,0,4,2,13
,2023-19660,39.78017279,-104.9541917,5/19/2023 14:51,14:51:00,15,0,3,I-70 & N STEELE ST,1,1,0,0,1,4,0,0,55,0,0,0,0,1,1,2,13
,2023-19661,39.77276183,-104.9751598,5/22/2023 15:31,15:31:00,12,0,1,38TH ST & N BRIGHTON BLVD,1,1,0,0,1,4,0,0,30,0,0,0,0,1,4,3,3
,2023-19666,39.72311405,-105.0532677,5/23/2023 15:45,15:45:00,12,0,1, SHERIDAN BLVD & W 4TH AVE,1,1,0,0,1,1,0,0,35,0,0,0,0,1,2,2,1
,2023-19668,39.67841606,-104.9451099,5/22/2023 15:17,15:17:00,3,0,0,E EVANS AVE & S MONROE ST,1,1,0,0,1,1,0,0,35,0,0,0,0,0,4,2,3
,2023-19669,39.7400464,-104.9587923,5/23/2023 12:53,12:53:00,12,0,0, JOSEPHINE ST & E COLFAX AVE,1,1,0,0,1,3,0,0,25,0,0,0,0,0,4,2,13
,2023-19670,39.71941233,-104.9594375,5/22/2023 14:45,14:45:00,15,0,0, UNIVERSITY BLVD & E 2ND AVE,1,1,0,0,1,1,0,0,30,0,0,0,0,0,4,2,3
,2023-19671,39.7802135,-105.0345997,5/23/2023 6:30,6:30:00,1,0,0, LOWELL BLVD & W 46TH AVE,1,1,0,0,1,1,0,0,30,0,0,0,0,0,4,2,11
,2023-19673,39.72739287,-104.9874148,5/22/2023 17:50,17:50:00,15,0,0, BROADWAY ST & N SPEER BLVD,1,1,0,0,1,4,0,0,30,0,0,0,0,0,4,2,11
,2023-19675,39.72905537,-104.9601922,5/23/2023 9:00,9:00:00,5,0,0, YORK ST & E 8TH AVE,1,1,0,0,3,4,0,0,25,0,0,0,0,0,4,1,3
,2023-19678,39.78455884,-104.940592,5/23/2023 13:26,13:26:00,12,0,1, COLORADO BLVD & E 50TH AVE,1,1,0,0,1,1,0,0,45,0,0,0,0,1,2,2,13
,2023-19679,39.69674513,-105.0297284,5/23/2023 8:42,8:42:00,3,0,0,W MISSISSIPPI AVE & S IRVING ST,1,1,0,0,1,1,0,0,30,0,0,0,0,0,4,2,11
,2023-19681,39.78363784,-104.7904896,5/23/2023 16:10,16:10:00,1,0,2,E GREEN VALLEY RANCH BLVD & N PENA BLVD INBOUND,1,1,0,0,1,1,0,0,35,0,0,0,0,2,4,2,11