id,drcog_id,latitude,longitude,crashtime,time,crashtype,numbkilled,numbinjurd,drcoglocat,rdconditin,lightngcon,roadcntgrd,weatherco,location,roaddescrp,schoolzone,constrzone,splimit,bikeinv,pedinv,sctrinv,motoinv,svrty,rdsystem,ttlvehcls,hcf
,2023-20684,39.76198501,-104.9647192,5/30/2023 17:00,17:00:00,3,0,0, HIGH ST & E MLK BLVD,1,1,0,0,1,1,0,0,25,0,0,0,0,0,4,2,11
,2023-20685,39.73830663,-104.9929323,5/6/2023 17:55,17:55:00,6,0,0, DELAWARE ST & W 14TH AVE,1,1,0,0,1,4,0,0,25,0,0,0,0,0,4,2,16
,2023-20686,39.77851381,-104.900723,5/31/2023 12:19,12:19:00,5,0,0,I-70 & N NORTHFIELD QUEBEC ST,1,1,1,0,3,8,0,0,55,0,0,0,0,0,1,1,10
,2023-20687,39.77802562,-104.9222928,5/30/2023 9:33,9:33:00,10,0,0,I-70 EB ON RAMP & N HOLLY ST,1,1,0,0,1,1,0,0,45,0,0,0,0,0,4,2,13
,2023-20688,39.7649126,-105.0017342,4/30/2023 2:30,2:30:00,15,0,0, KALAMATH ST & W 35TH AVE,1,3,0,0,1,4,0,0,25,0,0,0,0,0,4,2,13
,2023-20689,39.74377598,-104.9439903,5/14/2023 15:30,15:30:00,10,0,0,E 17TH AVE & N GARFIELD ST,1,1,0,0,1,3,0,0,30,0,0,0,0,0,4,2,13
,2023-20690,39.73801452,-105.0251002,5/31/2023 14:33,14:33:00,12,0,0, FEDERAL BLVD & W HOWARD PL,1,1,0,0,1,4,0,0,35,0,0,0,0,0,2,2,13
,2023-20691,39.65296997,-104.8847865,5/4/2023 16:44,16:44:00,12,0,0, YOSEMITE ST & E HAMPDEN AVE,1,1,0,0,1,3,0,0,,0,0,0,0,0,4,2,16
,2023-20692,39.76337028,-105.0018871,5/22/2023 14:31,14:31:00,15,0,2,I-25 & 20TH ST,1,1,0,0,1,4,0,0,55,0,0,0,0,3,1,4,13
,2023-20694,39.75468992,-104.8939198,5/20/2023 15:00,15:00:00,6,0,0,8060 E 26TH AVE & N ULSTER ST,1,1,0,0,1,4,0,0,,0,0,0,0,0,4,2,16
,2023-20695,39.71776467,-104.9497862,5/31/2023 14:15,14:15:00,3,0,0, STEELE ST & E 1ST AVE,1,1,0,0,1,1,0,0,,0,0,0,0,0,4,2,16
,2023-20696,39.76125046,-105.0039413,5/31/2023 6:21,6:21:00,12,0,1,I-25 & 20TH ST,1,1,0,0,1,4,0,0,55,0,0,0,0,1,1,2,1
,2023-20697,39.65377254,-104.8940808,5/30/2023 19:40,19:40:00,3,0,0,E HAMPDEN AVE & S ULSTER ST,1,3,1,0,1,1,0,0,,0,0,0,0,0,4,2,16
,2023-20698,39.77051272,-105.0118098,5/31/2023 3:53,3:53:00,5,0,0,W 39TH AVE & N UMATILLA ST,1,3,0,0,3,9,0,0,25,0,0,0,0,0,4,1,16
,2023-20699,39.7728587,-105.0532344,5/30/2023 15:33,15:33:00,15,0,0, SHERIDAN BLVD & W 41ST AVE,1,1,0,0,1,3,0,0,35,0,0,0,0,0,2,2,7
,2023-20700,39.7147189,-104.9780854,5/3/2023 13:43,13:43:00,3,0,0, CLARKSON ST & E BAYAUD AVE,1,1,0,0,1,9,0,0,25,0,0,0,0,0,4,2,11
,2023-20702,39.72932093,-105.0251486,5/5/2023 21:24,21:24:00,3,0,0, FEDERAL BLVD & W 8TH AVE,1,3,0,0,1,1,0,0,35,0,0,0,0,0,2,2,16
,2023-20703,39.78371639,-105.0527404,5/15/2023 9:18,9:18:00,12,0,0,I-70 & N SHERIDAN BLVD,1,1,1,0,1,8,0,0,55,0,0,0,0,0,1,2,16
,2023-20704,39.72766889,-105.0278622,5/30/2023 19:16,19:16:00,15,0,0,W 6TH AVE & N FEDERAL BLVD,1,1,0,0,1,4,0,0,55,0,0,0,0,0,2,2,13
,2023-20705,39.66503233,-105.026046,5/31/2023 14:35,14:35:00,3,0,0,W AMHERST AVE & S GREEN CT,1,1,0,0,1,2,0,0,,0,0,0,0,0,4,2,16
,2023-20706,39.74881944,-105.0013919,4/30/2023 1:25,1:25:00,15,0,0,BLAKE ST & 14TH ST,1,3,0,0,1,4,0,0,,0,0,0,0,0,4,2,16
,2023-20707,39.7780329,-104.8472513,5/31/2023 13:22,13:22:00,3,0,0,E 45TH AVE & N PEORIA ST,1,1,0,0,1,2,0,0,20,0,0,0,0,0,4,2,13
,2023-20708,39.83061177,-104.7788991,5/31/2023 15:56,15:56:00,5,0,0,E 56TH AVE,1,1,0,0,3,4,0,0,65,0,0,0,0,0,4,1,16
,2023-20709,39.76041245,-105.0346167,5/7/2023 7:50,7:50:00,6,0,0, LOWELL BLVD & W 30TH AVE,1,1,0,0,1,4,0,0,25,0,0,0,0,0,4,2,16
,2023-20710,39.78379255,-104.8000608,5/30/2023 9:45,9:45:00,12,0,0,GREEN VALLEY RANCH BLVD,1,1,0,0,1,4,0,0,65,0,0,0,0,0,4,3,14
,2023-20711,39.7448679,-104.9823081,5/20/2023 13:00,13:00:00,12,0,1,E 18TH AVE & N LOGAN ST,1,1,0,0,1,1,0,0,,0,0,0,0,1,4,2,16
,2023-20712,39.7191458,-104.987498,5/31/2023 13:24,13:24:00,12,0,2, BROADWAY ST & E 2ND AVE,1,1,0,0,1,4,0,0,30,0,0,0,0,1,4,2,3
,2023-20713,39.69812276,-104.9838101,5/20/2023 9:56,9:56:00,12,0,0,I-25 & S BROADWAY ST,1,1,0,0,1,4,0,0,,0,0,0,0,0,1,2,16
,2023-20714,39.73845086,-104.9930825,5/29/2023 6:30,6:30:00,6,0,0,W 14TH AVE & N DELAWARE ST,1,1,0,0,1,4,0,0,25,0,0,0,0,0,4,2,16
,2023-20715,39.72908891,-104.9871375,5/31/2023 18:51,18:51:00,5,0,1,E 8TH AVE & BROADWAY,1,1,0,0,2,4,0,0,30,0,0,0,0,1,4,1,16
,2023-20716,39.79784013,-104.7864541,5/31/2023 19:40,19:40:00,15,0,0,PENA BLVD & E 56TH AVE,11,2,0,1,1,4,0,0,65,0,0,0,0,0,4,2,11
,2023-20717,39.74459255,-104.962235,5/31/2023 13:36,13:36:00,6,0,0, VINE ST & E 18TH AVE,1,1,0,0,1,4,0,0,20,0,0,0,0,0,4,3,3
,2023-20718,39.77565503,-104.8661125,5/21/2023 2:45,2:45:00,15,0,0,I-70 & N HAVANA ST ON RAMP MERGE PT,1,3,0,0,1,4,0,0,,0,0,0,0,0,1,3,16
,2023-20719,39.68950818,-105.0184405,5/31/2023 6:53,6:53:00,12,0,1,W FLORIDA AVE & S CARLAN CT,1,1,0,0,1,3,0,0,30,0,0,0,1,3,4,2,1
,2023-20720,39.71119975,-104.8966627,5/30/2023 1:57,1:57:00,15,0,0,E ALAMEDA AVE & E FAIRMOUNT DR,1,3,0,0,1,4,0,0,,0,0,0,0,0,4,2,16
,2023-20721,39.70204132,-104.9593338,5/9/2023 14:00,14:00:00,6,0,0,785  UNIVERSITY BLVD & E OHIO AVE,1,1,0,0,1,11,0,0,30,0,0,0,0,0,4,2,13
,2023-20722,39.73998266,-104.9628495,5/29/2023 16:40,16:40:00,6,0,0,2000 E COLFAX AVE,1,1,0,0,1,4,0,0,,0,0,0,0,0,2,2,16
,2023-20724,39.71776467,-104.9497862,5/31/2023 8:15,8:15:00,15,0,0, STEELE ST & E 1ST AVE,1,1,0,0,1,1,0,0,30,0,0,0,0,0,4,2,3
,2023-20727,39.65298097,-104.9364806,5/23/2023 17:29,17:29:00,12,0,0,E HAMPDEN AVE & S BIRCH ST,1,1,0,0,1,4,0,0,40,0,0,0,0,0,2,2,11
,2023-20732,39.75524063,-104.9931284,5/31/2023 6:07,6:07:00,10,0,0,BLAKE ST & 21ST ST,1,1,0,0,1,1,0,0,25,0,0,0,0,0,4,2,13
,2023-20786,39.72174723,-105.0373213,5/15/2023 2:34,2:34:00,6,0,0,319  NEWTON ST & 3RD AVE,11,3,0,1,1,4,0,0,25,0,0,0,0,0,4,2,16
,2023-20788,39.72557501,-104.9407857,5/25/2023 20:50,20:50:00,12,0,2, COLORADO BLVD & E 6TH AVE,11,4,0,0,1,3,0,0,35,0,0,0,0,2,2,2,1
,2023-20791,39.75120789,-105.0299447,5/31/2023 15:07,15:07:00,3,0,0,W 23RD AVE & N IRVING ST,1,1,0,0,1,1,0,0,30,0,0,0,0,0,4,2,13
,2023-20794,39.73203602,-104.9775986,5/31/2023 8:30,8:30:00,3,0,1,E 10TH AVE & N CLARKSON ST,1,1,0,0,1,1,0,0,25,0,0,0,0,1,4,2,11
,2023-20799,39.74019358,-105.0052344,5/11/2023 16:07,16:07:00,12,0,0,7TH ST & W COLFAX AVE,11,1,0,1,1,1,0,0,30,0,0,0,0,0,2,2,14
,2023-20808,39.67843993,-104.9408925,5/31/2023 6:14,6:14:00,3,0,0, COLORADO BLVD & E EVANS AVE,1,1,0,0,1,1,0,0,30,0,0,0,0,0,2,2,16
,2023-20809,39.78051991,-104.961804,5/30/2023 14:05,14:05:00,12,0,0,I-70 & WB OFF RAMP TO N BRIGHTON BLVD,1,1,0,0,1,4,0,0,55,0,0,0,0,0,1,2,14
,2023-20811,39.64775026,-104.8821042,5/14/2023 10:00,10:00:00,5,0,0,9195 E LEHIGH AVE & E KENYON AVE,1,1,0,0,3,9,0,0,,0,0,0,0,0,4,1,16
,2023-20812,39.67843479,-104.9593933,5/20/2023 2:03,2:03:00,3,0,2, UNIVERSITY BLVD & E EVANS AVE,1,3,1,0,1,1,0,0,35,0,0,0,0,2,4,2,1
,2023-20815,39.69663163,-104.9869066,5/31/2023 7:12,7:12:00,3,0,0,E MISSISSIPPI AVE & S BROADWAY ST,1,1,0,0,1,9,0,0,30,0,0,0,0,0,4,2,11
,2023-20817,39.77501497,-104.8587045,5/21/2023 3:24,3:24:00,15,0,0,I-70 & N HAVANA ST,1,3,0,0,1,4,0,0,55,0,0,0,0,0,1,2,11
,2023-20822,39.7400037,-104.9753335,4/29/2023 23:23,23:23:00,14,0,0,E COLFAX AVE & N OGDEN ST,1,3,0,0,6,1,0,0,35,0,0,0,0,0,2,3,16
,2023-20823,39.7740567,-104.8476243,4/25/2023 19:58,19:58:00,12,0,0, PEORIA ST & I-70 EB RAMPS,11,3,0,1,1,4,0,0,40,0,0,0,0,0,4,2,14
,2023-20874,39.74746546,-104.8845826,5/31/2023 12:05,12:05:00,12,0,0,E MONTVIEW BLVD & N CENTRAL PARK BLVD,1,1,0,0,1,3,0,0,30,0,0,0,0,0,4,2,1
,2023-20876,39.67845677,-104.9085623,6/1/2023 17:44,17:44:00,3,0,0,E EVANS AVE & S ONEIDA ST,1,1,1,0,1,2,0,0,35,0,0,0,0,0,4,2,11
,2023-20887,39.6986688,-104.9874562,5/18/2023 12:50,12:50:00,12,0,0, BROADWAY ST & E TENNESSEE AVE,11,1,0,1,1,3,0,0,35,0,0,0,0,0,4,2,13
,2023-20888,39.7644564,-104.9499094,5/15/2023 12:09,12:09:00,3,0,0, STEELE ST & E BRUCE RANDOLPH AVE,1,1,0,0,1,1,0,0,35,0,0,0,0,0,4,2,16
,2023-20890,39.74198755,-104.8846637,5/11/2023 14:42,14:42:00,3,0,2,E 16TH AVE & N YOSEMITE ST,11,1,0,1,1,1,0,0,25,0,0,0,0,1,4,2,16
,2023-20891,39.76015063,-104.9850154,6/1/2023 16:00,16:00:00,12,0,0,WALNUT ST & 27TH ST,1,1,0,0,1,4,0,0,25,0,0,0,0,0,4,2,13
,2023-20893,39.6385472,-105.0415186,6/1/2023 12:44,12:44:00,3,0,0, QUITMAN ST & W QUINCY AVE,1,1,0,0,1,1,0,0,35,0,0,0,0,0,4,2,16
,2023-20895,39.70656199,-104.9965963,6/1/2023 15:05,15:05:00,12,0,0,NB SANTA FE DR & I-25 NB OFF RAMP,1,1,0,0,1,3,0,0,35,0,0,0,0,0,2,2,1
,2023-20898,39.68946626,-104.9453743,5/7/2023 3:04,3:04:00,6,0,0, MONROE ST & E FLORIDA AVE,1,4,0,0,1,4,0,0,25,0,0,0,0,0,4,3,1
,2023-20899,39.71291639,-104.9734087,6/1/2023 9:20,9:20:00,3,0,0,E CEDAR AVE & S DOWNING ST,1,1,0,0,1,1,0,0,25,0,0,0,0,0,4,2,3
,2023-20900,39.71732178,-104.9128484,6/1/2023 16:41,16:41:00,12,0,0, MONACO PKWY & E 17TH AVE,1,1,0,0,1,1,0,0,30,0,0,0,0,0,4,2,13
,2023-20901,39.75851542,-104.9954116,5/9/2023 11:50,11:50:00,3,0,0, FOX ST & W 29TH AVE,1,1,0,0,1,1,0,0,30,0,0,0,0,0,4,2,16
,2023-20902,39.76553847,-104.9948583,6/1/2023 14:20,14:20:00,12,0,3,PARK AVE W & GLOBEVILLE RD,1,1,1,0,1,4,0,0,35,0,0,0,0,1,4,3,13
,2023-20903,39.68592731,-105.0531952,6/1/2023 16:01,16:01:00,3,0,0,W MEXICO AVE & S SHERIDAN BLVD,1,1,0,0,1,1,0,0,40,0,0,0,0,0,2,2,13
,2023-20904,39.75632691,-105.0157229,6/1/2023 17:15,17:15:00,15,0,0, SPEER BLVD & N ZUNI ST,1,1,0,0,1,4,0,0,35,0,0,0,0,0,4,2,11
,2023-20907,39.77726596,-104.8827848,6/1/2023 8:30,8:30:00,12,0,0, CENTRAL PARK BLVD & I-70,1,1,0,0,1,4,0,0,40,0,0,0,0,0,4,2,13
,2023-20908,39.73371676,-104.9827312,5/9/2023 14:08,14:08:00,12,0,0,E 11TH AVE & N LOGAN ST,1,1,0,0,1,4,0,0,25,0,0,0,0,0,4,2,16
,2023-20911,39.65302468,-104.8756592,5/11/2023 13:30,13:30:00,6,0,0, DAYTON ST & E HAMPDEN AVE,11,1,0,1,1,1,0,0,,0,0,0,0,0,4,3,16
,2023-20914,39.67670604,-104.9875741,6/1/2023 10:50,10:50:00,3,0,0,E WARREN AVE & S BROADWAY ST,1,1,0,0,1,1,0,0,35,0,0,0,0,0,4,2,13
,2023-20917,39.74000831,-104.9874016,5/16/2023 18:15,18:15:00,1,0,1,E COLFAX AVE & N BROADWAY ST,1,1,0,0,1,1,0,0,30,0,0,0,1,3,2,2,11
,2023-20918,39.75383986,-104.993181,5/14/2023 21:00,21:00:00,6,0,0,MARKET ST & 20TH ST,11,3,0,1,1,2,0,0,,0,0,0,0,0,4,2,16
,2023-20922,39.74635856,-104.9767276,5/31/2023 15:40,15:40:00,1,0,0,PARK AVE & E 19TH AVE,1,1,3,0,1,2,0,0,30,0,0,0,0,0,4,2,11
,2023-20928,39.71740164,-104.9497467,5/5/2023 11:03,11:03:00,15,0,0, STEELE ST & E 1ST AVE,1,1,0,0,1,4,0,0,30,0,0,0,0,0,4,2,16
,2023-20930,39.70106377,-104.9035195,6/1/2023 14:40,14:40:00,15,0,0, QUEBEC ST & E LEETSDALE DR,1,1,1,0,1,4,0,0,30,0,0,0,0,0,4,2,13
,2023-20931,39.74004789,-105.0000727,6/1/2023 10:23,10:23:00,1,0,0,W COLFAX AVE & KALAMATH ST,1,1,0,0,1,1,0,0,35,0,0,0,0,0,2,2,10
,2023-20932,39.77651773,-104.989223,4/16/2023 1:20,1:20:00,12,0,0,I-25 & W 44TH AVE (APPROX),1,3,0,0,1,4,0,0,55,0,0,0,0,0,1,3,16
,2023-20934,39.69675846,-105.0250715,5/12/2023 20:47,20:47:00,16,0,0,1053  FEDERAL BLVD & W MISSISSIPPI AVE,1,3,0,0,5,7,0,0,,0,0,0,0,0,2,1,16
,2023-20935,39.74032351,-105.0532251,5/20/2023 15:28,15:28:00,1,0,1,W COLFAX AVE & N SHERIDAN BLVD,1,1,0,0,1,1,0,0,,0,0,0,0,1,2,2,13
,2023-20936,39.69819769,-105.006601,5/7/2023 18:09,18:09:00,12,0,0,W TENNESSEE AVE & S QUIVAS ST,1,1,0,0,1,1,0,0,25,0,0,0,0,0,4,2,16
,2023-20937,39.72588235,-104.9862541,6/1/2023 7:30,7:30:00,15,0,0,E SPEER BLVD & N LINCOLN ST,1,1,0,0,1,1,0,0,,0,0,0,0,0,4,2,16
,2023-20939,39.77973699,-104.93167,6/1/2023 8:13,8:13:00,3,0,1, DAHLIA ST & E STAPLETON S DR,1,1,0,0,1,1,0,0,35,0,0,0,0,1,4,2,16
,2023-20940,39.67852431,-104.9128717,5/18/2023 14:30,14:30:00,12,0,0, MONACO ST & E EVANS AVE,11,3,0,1,1,9,0,0,35,0,0,0,0,0,4,2,16
,2023-20944,39.78209894,-104.781947,5/31/2023 8:25,8:25:00,15,0,0,E 47TH AVE & N WALDEN ST,1,1,0,0,1,2,1,0,20,0,0,0,0,0,4,2,1
,2023-20947,39.72578857,-105.0394421,1/12/2023 1:39,1:39:00,3,0,4,W 6TH AVE & N PERRY ST,1,3,0,0,1,1,0,0,25,0,0,0,0,3,4,2,14
,2023-20948,39.68931263,-104.940546,6/1/2023 14:20,14:20:00,15,0,0, COLORADO BLVD & E FLORIDA AVE,1,1,0,0,1,1,0,0,30,0,0,0,0,0,2,2,3
,2023-20949,39.78381937,-104.8078215,6/1/2023 16:00,16:00:00,3,0,0,E GREEN VALLEY RANCH BLVD & N CHAMBERS RD,1,1,0,0,1,2,0,0,35,0,0,0,0,0,4,2,11
,2023-20950,39.78561951,-105.0345798,6/1/2023 18:11,18:11:00,3,0,1,W 49TH AVE & N LOWELL BLVD,1,1,0,0,1,1,0,0,25,0,0,0,0,1,4,2,11
,2023-20951,39.73891756,-105.0138449,6/1/2023 11:26,11:26:00,12,0,0,I-25 & W COLFAX AVE,1,1,0,0,1,4,0,0,55,0,0,0,0,0,1,2,13
,2023-20953,39.73563287,-104.8905882,5/14/2023 20:40,20:40:00,14,0,0,E 12TH AVE & N VERBENA ST,11,4,0,1,1,3,0,0,,0,0,0,0,0,4,2,16
,2023-20955,39.68211954,-104.9924034,6/1/2023 8:23,8:23:00,3,0,0,W JEWELL AVE & S SANTA FE DR,1,1,0,0,1,1,0,0,55,0,0,0,0,0,2,2,13
,2023-20958,39.6558889,-104.919269,6/1/2023 9:59,9:59:00,12,0,1,I-25 NB ON RAMP & E HAMPDEN AVE,1,1,1,0,1,8,0,0,45,0,0,0,0,1,1,3,1
,2023-20961,39.66948761,-104.9816717,5/12/2023 14:10,14:10:00,3,0,0, PENNSYLVANIA ST & E VASSAR AVE,1,1,0,0,1,1,0,0,25,0,0,0,0,0,4,2,13
,2023-20962,39.74890739,-104.9873883,5/26/2023 22:45,22:45:00,15,0,0,20TH ST & N BROADWAY ST,11,3,0,1,1,1,0,0,30,0,0,0,0,0,4,2,16
,2023-20964,39.77245531,-104.9406656,5/12/2023 17:18,17:18:00,12,0,0, COLORADO BLVD & E 40TH AVE,1,1,0,0,1,4,0,0,35,0,0,0,0,0,2,2,13
,2023-20965,39.76923732,-104.9223014,6/1/2023 7:21,7:21:00,3,0,0,E 38TH AVE & N HOLLY ST,1,1,0,0,1,1,0,0,30,0,0,0,0,0,4,2,1
,2023-20971,39.72530653,-105.0129345,6/1/2023 13:53,13:53:00,15,0,0,I-25 & W 6TH AVE FWY,1,1,0,0,1,4,0,0,55,0,0,0,0,0,1,2,13
,2023-20972,39.76538809,-104.902606,6/1/2023 22:30,22:30:00,3,0,0, QUEBEC ST & E 35TH AVE,1,3,0,0,1,1,0,0,35,0,0,0,0,0,4,2,13
,2023-20973,39.73562775,-104.8999233,4/14/2023 1:57,1:57:00,6,0,0,E 12TH AVE & N SYRACUSE ST,1,3,0,0,1,4,0,0,30,0,0,0,0,0,4,2,10
,2023-20976,39.76575725,-104.9938415,5/18/2023 0:51,0:51:00,6,0,0,3490 PARK AVE W & BROADWAY ST,1,3,0,0,5,7,0,0,,0,0,0,0,0,3,2,16
,2023-20977,39.78026422,-104.9895596,6/2/2023 2:39,2:39:00,12,0,0,I-25 & I-70,1,4,1,0,1,4,0,0,,0,0,0,0,0,1,2,16
,2023-20979,39.73656682,-104.9150512,5/3/2023 10:30,10:30:00,3,0,0, LEYDEN ST & E 13TH AVE,1,1,0,0,1,2,0,0,10,0,0,0,0,0,4,2,16
,2023-20982,39.68335885,-105.0452169,6/2/2023 12:28,12:28:00,12,0,0, UTICA ST & W JEWELL AVE,1,1,0,0,1,2,0,0,,0,0,0,0,0,4,2,11
,2023-20983,39.79822876,-104.8471812,6/2/2023 15:44,15:44:00,12,0,1, PEORIA ST & E 56TH AVE,1,1,0,0,1,1,0,0,40,0,0,0,0,1,4,4,3
,2023-20984,39.66242775,-105.0532298,4/17/2023 16:50,16:50:00,15,0,0, SHERIDAN BLVD & W BATES AVE,1,1,1,0,1,4,0,0,,0,0,0,0,0,2,2,16
,2023-20987,39.75652457,-105.0091971,6/2/2023 13:29,13:29:00,12,0,0,PLATTE ST & 15TH ST,1,1,0,0,1,4,0,0,,0,0,0,0,0,4,2,16
,2023-20989,39.73842123,-104.9787386,6/1/2023 22:50,22:50:00,2,0,1,E 14TH AVE & N WASHINGTON ST,1,4,0,0,1,3,0,0,,1,0,0,0,2,4,1,16
,2023-20990,39.7983231,-104.8844567,6/1/2023 12:35,12:35:00,15,0,0,E 56TH AVE & N CENTRAL PARK BLVD,1,1,0,0,1,1,0,0,40,0,0,0,0,0,4,2,3
,2023-20991,39.72571586,-105.0252278,6/1/2023 13:14,13:14:00,3,0,1, FEDERAL BLVD & W 6TH AVE WB RAMPS,11,1,0,1,1,1,0,0,35,0,0,0,0,1,2,2,16
,2023-20992,39.68950083,-105.0250605,5/25/2023 16:25,16:25:00,12,0,1, FEDERAL BLVD & W FLORIDA AVE,11,1,3,1,1,4,0,0,45,0,0,0,0,2,2,3,16
,2023-20993,39.69297167,-104.9734371,5/11/2023 18:25,18:25:00,5,0,0,E LOUISIANA AVE & S DOWNING ST,11,1,0,1,3,1,0,0,,0,0,0,0,0,4,1,16
,2023-20994,39.75453762,-104.9800821,6/2/2023 16:59,16:59:00,6,0,0,CALIFORNIA ST & 26TH ST,1,1,0,0,1,4,0,0,25,0,0,0,0,0,4,2,3
,2023-20995,39.74033346,-105.0440958,5/18/2023 18:03,18:03:00,12,0,0,W COLFAX AVE & N TENNYSON ST,1,1,0,0,1,4,0,0,40,0,0,0,0,0,2,2,16
,2023-20996,39.72570366,-105.0262748,5/28/2023 15:24,15:24:00,12,0,0,W 6TH AVE FWY & N FEDERAL BLVD,1,1,1,0,1,8,0,0,55,0,0,0,0,0,2,2,3
,2023-20999,39.63735081,-105.0817547,6/1/2023 15:10,15:10:00,1,0,4, WADSWORTH BLVD & W QUINCY AVE,1,1,0,0,1,2,0,0,,0,0,0,0,1,2,2,3
,2023-21004,39.6661632,-104.9129629,6/1/2023 7:38,7:38:00,3,0,1,E AMHERST AVE & S MONACO ST,1,1,0,0,1,1,0,0,25,0,0,0,0,1,4,2,16
,2023-21006,39.7183553,-104.9036891,6/1/2023 15:25,15:25:00,12,0,0, QUEBEC ST & E 1ST AVE,1,1,0,0,1,1,0,0,30,0,0,0,0,0,4,2,3
,2023-21008,39.78034101,-104.9651733,6/1/2023 11:11,11:11:00,12,0,0,I-70 & N BRIGHTON BLVD,1,1,0,0,1,4,0,0,55,0,0,0,0,0,1,2,11
,2023-21009,39.75899667,-104.9847744,6/2/2023 10:20,10:20:00,15,0,0,LARIMER ST & 25TH ST,1,1,0,0,1,4,0,0,25,0,0,0,0,0,4,2,16
,2023-21016,39.62407613,-104.9134133,6/1/2023 17:55,17:55:00,12,0,0,E BELLEVIEW AVE & S MONACO ST,1,1,1,0,1,4,0,0,35,0,0,0,0,0,4,2,13
,2023-21020,39.77108653,-104.847035,4/8/2023 0:56,0:56:00,5,0,0, PEORIA ST & E 39TH AVE,1,3,0,0,3,3,0,0,45,0,0,0,0,0,4,1,16
,2023-21028,39.75292067,-105.0077754,6/2/2023 6:47,6:47:00,12,0,0, SPEER BLVD & WEWATTA ST,1,1,0,0,1,4,0,0,35,0,0,0,0,0,4,2,13
,2023-21030,39.72606298,-105.0531314,6/2/2023 10:27,10:27:00,12,0,0, SHERIDAN BLVD & W 6TH AVE WB RAMPS,1,1,0,0,1,1,0,0,35,0,0,0,0,0,2,2,13
,2023-21033,39.77665711,-104.8470268,3/31/2023 15:33,15:33:00,1,0,0, PEORIA ST & E 44TH AVE,1,1,0,0,1,1,0,0,35,0,0,0,0,0,4,2,11
,2023-21034,39.778266,-104.9128796,5/11/2023 14:15,14:15:00,15,0,0,I-70 & N MONACO ST (APPROX),11,1,0,1,1,4,0,0,55,0,0,0,0,0,1,2,7
,2023-21035,39.7469871,-105.0181601,6/1/2023 22:24,22:24:00,15,0,0,I-25 & W 23RD AVE,1,3,0,0,1,4,0,0,55,0,0,0,0,0,1,2,16
,2023-21036,39.74032351,-105.0532251,6/1/2023 19:13,19:13:00,3,0,0,W COLFAX AVE & N SHERIDAN BLVD,1,1,0,0,1,1,0,0,,0,0,0,0,0,2,2,16
,2023-21037,39.72921936,-104.9371505,6/2/2023 9:31,9:31:00,3,0,0, BELLAIRE ST & E 8TH AVE,1,1,0,0,1,1,0,0,30,0,0,0,0,0,4,2,13
,2023-21038,39.74119786,-104.9659926,5/18/2023 21:00,21:00:00,6,0,0, WILLIAMS ST & E 16TH AVE,11,3,0,1,1,4,0,0,20,0,0,0,0,0,4,2,13
,2023-21039,39.73997416,-104.9610267,6/1/2023 15:53,15:53:00,1,0,1,E COLFAX AVE & GAYLORD ST,1,1,0,0,1,9,0,0,30,0,0,0,0,1,2,2,13
,2023-21040,39.68472869,-104.9594472,6/2/2023 15:54,15:54:00,12,0,0,I-25 & S UNIVERSITY BLVD,1,1,0,0,1,4,0,0,60,0,0,0,0,0,1,2,16
,2023-21041,39.71112683,-105.0327097,6/2/2023 10:26,10:26:00,12,0,0,W ALAMEDA AVE & W MORRISON RD,1,1,0,0,1,1,0,0,35,0,0,0,0,0,2,2,16
,2023-21042,39.70278496,-105.0391193,6/1/2023 18:15,18:15:00,6,0,0, PATTON CT & W WALSH PL,1,4,0,0,1,4,0,0,25,0,0,0,0,0,4,2,16
,2023-21043,39.75103044,-104.9898605,6/2/2023 9:51,9:51:00,6,0,0,CURTIS ST & 20TH ST,1,1,0,0,1,4,0,0,25,0,0,0,0,0,4,2,3
,2023-21044,39.73833757,-104.9172672,6/2/2023 7:55,7:55:00,2,0,1, KEARNEY ST & E 14TH AVE,1,1,0,0,1,1,0,0,,1,0,0,0,1,4,1,16
,2023-21045,39.77292551,-104.8344687,6/1/2023 18:14,18:14:00,5,0,0,I-70 & I-225 SB EXIT GORE PT,1,1,0,0,3,4,0,0,65,0,0,0,0,0,1,1,11
,2023-21047,39.68514555,-104.9635813,6/2/2023 17:31,17:31:00,12,0,0,I-25 & S UNIVERSITY BLVD,1,1,0,0,1,4,0,0,55,0,0,0,0,0,1,2,13
,2023-21048,39.69085368,-104.9749543,6/1/2023 16:04,16:04:00,15,0,1,I-25 & S DOWNING ST,1,1,0,0,1,4,0,0,,0,0,0,0,1,1,3,16
,2023-21049,39.73842288,-104.974315,6/2/2023 13:07,13:07:00,15,0,0,E 14TH AVE & N CORONA ST,1,1,0,0,1,4,0,0,30,0,0,0,0,0,4,2,8
,2023-21063,39.70219668,-104.9875231,4/12/2023 23:35,23:35:00,12,0,0, BROADWAY ST & E OHIO AVE,1,3,0,0,1,3,0,0,30,0,0,0,0,0,4,2,6
,2023-21065,39.70625317,-104.9962573,6/1/2023 14:22,14:22:00,12,0,0,I-25 & S SANTA FE DR,1,1,3,0,1,4,0,0,55,0,0,0,0,0,1,2,14
,2023-21067,39.78168902,-104.9952133,6/1/2023 22:51,22:51:00,15,0,0,I-70 WB ON RAMP FROM -25 SB & ON RAMP GORE,1,3,1,0,1,8,0,0,,0,0,0,0,0,1,2,14