id,drcog_id,latitude,longitude,crashtime,time,crashtype,numbkilled,numbinjurd,drcoglocat,rdconditin,lightngcon,roadcntgrd,weatherco,location,roaddescrp,schoolzone,constrzone,splimit,bikeinv,pedinv,sctrinv,motoinv,svrty,rdsystem,ttlvehcls,hcf
,2023-21070,39.68958336,-104.9407865,6/2/2023 11:53,11:53:00,12,0,0, COLORADO BLVD & E FLORIDA AVE,1,1,0,0,1,3,0,0,35,0,0,0,0,0,2,2,16
,2023-21072,39.76711341,-104.9943771,6/2/2023 11:01,11:01:00,5,0,1,I-25 NB ON RAMP & PARK AVE W,1,1,0,0,2,8,0,0,35,0,0,0,0,1,1,1,16
,2023-21073,39.7112788,-104.9035054,6/2/2023 13:54,13:54:00,12,0,0,E ALAMEDA AVE & S QUEBEC ST,1,1,0,0,1,3,0,0,,0,0,0,0,0,4,2,16
,2023-21074,39.70571414,-104.9863031,6/2/2023 18:06,18:06:00,10,0,0, LINCOLN ST & E  CENTER AVE,14,5,3,7,1,1,0,0,30,0,0,0,0,0,4,2,8
,2023-21075,39.78345063,-105.0046124,6/2/2023 11:11,11:11:00,15,0,0,I-70 & N PECOS ST,1,1,0,0,1,4,0,0,65,0,0,0,0,0,1,2,13
,2023-21076,39.63300243,-104.9003294,6/2/2023 7:44,7:44:00,15,0,0, ULSTER ST & E TECHNOLOGY WY,14,5,3,7,1,3,0,0,35,0,0,0,0,0,4,2,16
,2023-21077,39.65311078,-104.9222976,6/2/2023 15:30,15:30:00,12,0,1,E HAMPDEN AVE & S HOLLY ST,1,1,2,0,1,4,0,0,35,0,0,0,0,1,2,2,13
,2023-21078,39.77607786,-104.9034152,4/21/2023 20:57,20:57:00,12,0,2, QUEBEC ST & E SMITH RD,1,3,1,0,1,4,0,0,35,0,0,0,0,3,4,3,1
,2023-21085,39.71657574,-104.9875017,6/2/2023 12:35,12:35:00,15,0,0, BROADWAY ST & E ELLSWORTH AVE,1,1,0,0,1,4,0,0,35,0,0,0,0,0,4,2,13
,2023-21086,39.74630475,-104.9924789,6/1/2023 12:33,12:33:00,3,0,0,1635 STOUT ST & 16TH ST,1,1,0,0,1,2,0,0,25,0,0,0,0,0,4,2,8
,2023-21088,39.77282663,-104.7914832,6/2/2023 12:55,12:55:00,12,0,0,E 40TH AVE,1,1,0,7,1,4,0,0,65,0,0,0,0,0,2,2,11
,2023-21089,39.74163092,-104.9721563,6/1/2023 17:09,17:09:00,3,0,0, MARION ST & E 16TH AVE,1,1,0,0,1,3,0,0,30,0,0,0,0,0,4,2,16
,2023-21093,39.75774292,-104.9985829,6/1/2023 21:30,21:30:00,1,0,0,CHESTNUT PL & 20TH ST,1,3,0,0,1,1,0,0,25,0,0,0,0,0,4,2,13
,2023-21099,39.64125505,-104.8820767,4/28/2023 0:36,0:36:00,5,0,0,I-225 & S YOSEMITE ST,11,3,0,1,3,8,0,0,65,0,0,0,0,0,1,1,2
,2023-21109,39.72095109,-104.9406376,6/3/2023 4:00,4:00:00,12,0,0,E 3RD AVE & N COLORADO BLVD,1,3,0,0,1,1,0,0,,0,0,0,0,0,2,2,16
,2023-21114,39.79838553,-104.7864599,6/3/2023 13:43,13:43:00,12,0,1,E 56TH AVE & PENA BLVD INBOUND,11,1,0,1,1,3,0,0,45,0,0,0,0,1,4,2,7
,2023-21116,39.77340124,-104.9383262,5/29/2023 17:45,17:45:00,12,0,0, ALBION ST & 40TH AVE,1,1,0,0,1,2,0,0,25,0,0,0,0,0,4,2,10
,2023-21119,39.67843479,-104.9593933,6/2/2023 20:38,20:38:00,1,0,0, UNIVERSITY BLVD & E EVANS AVE,1,3,0,0,1,1,0,0,35,0,0,0,0,0,4,2,11
,2023-21125,39.74013532,-104.9426579,5/24/2023 14:50,14:50:00,12,0,0,E COLFAX AVE & JACKSON ST,1,1,0,0,1,3,0,0,35,0,0,0,0,0,2,2,16
,2023-21126,39.6382851,-104.8948058,6/3/2023 9:21,9:21:00,1,0,0, QUINCY AVE & S TAMARAC ST,11,1,0,1,1,3,0,0,35,0,0,0,0,0,4,2,11
,2023-21127,39.74006767,-104.9406123,6/2/2023 14:41,14:41:00,14,0,1, COLORADO BLVD & E COLFAX AVE,1,1,0,0,1,1,0,0,,0,0,0,0,1,2,2,16
,2023-21128,39.74296603,-105.0158546,6/3/2023 0:32,0:32:00,5,0,0,I-25 & W COLFAX AVE,11,3,0,0,2,4,0,0,65,0,0,0,0,0,1,1,16
,2023-21129,39.7198548,-105.0069073,6/2/2023 20:34,20:34:00,15,0,0,I-25 & W 6TH AVE,1,3,0,0,1,4,0,0,55,0,0,0,0,0,1,2,16
,2023-21131,39.77985988,-104.9677279,5/28/2023 2:38,2:38:00,5,0,0,I-70 & N BRIGHTON BLVD (APPROX),1,3,0,0,2,13,0,0,55,0,0,0,0,0,1,1,16
,2023-21138,39.63273992,-104.9061523,6/2/2023 23:27,23:27:00,5,0,2,I-25 & I-225 SB TUNNEL,11,3,0,1,3,4,0,0,65,0,0,0,0,2,1,1,14
,2023-21139,39.75718025,-105.0102422,6/2/2023 20:55,20:55:00,15,0,0,I-25 & N SPEER BLVD,1,3,0,1,1,4,0,0,65,0,0,0,0,0,1,2,16
,2023-21148,39.71121549,-105.0299792,6/2/2023 9:46,9:46:00,3,0,2,W ALAMEDA AVE & S IRVING ST,1,1,0,0,1,1,0,0,30,0,0,0,0,2,2,2,13
,2023-21151,39.73345474,-104.959807,6/3/2023 12:50,12:50:00,3,0,1,E 11TH AVE & N YORK ST,11,1,0,1,1,1,0,0,25,0,0,0,0,1,4,2,11
,2023-21153,39.72904671,-104.989924,6/3/2023 11:35,11:35:00,3,0,0,W 8TH AVE & N SPEER BLVD,1,1,0,0,1,1,0,0,30,0,0,0,0,0,4,2,13
,2023-21155,39.69672506,-105.0065838,6/2/2023 20:55,20:55:00,3,0,0,W MISSISSIPPI AVE & S QUIVAS ST,1,3,0,0,1,1,0,0,35,0,0,0,0,0,4,3,7
,2023-21156,39.79839239,-104.7721287,6/2/2023 18:43,18:43:00,1,0,2,E 56TH AVE & N TOWER RD,1,1,0,0,1,1,0,0,40,0,0,0,0,2,4,2,13
,2023-21157,39.76544772,-105.0251701,6/3/2023 13:11,13:11:00,12,0,0, FEDERAL BLVD & W 35TH AVE,11,1,0,1,1,4,0,0,35,0,0,0,0,0,2,2,3
,2023-21158,39.7835318,-104.9003945,6/3/2023 2:16,2:16:00,1,0,0,NORTHFIELD QUEBEC ST & I-270 WB RAMPS,11,3,0,0,1,1,0,0,35,0,0,0,0,0,2,2,1
,2023-21164,39.77395392,-104.8470336,5/23/2023 15:31,15:31:00,12,0,0,I-70 & N PEORIA ST (APPROX),1,1,0,0,1,4,0,0,55,0,0,0,0,0,1,2,10
,2023-21165,39.70666319,-104.9733736,6/2/2023 23:12,23:12:00,15,0,0,543  DOWNING ST & E VIRGINIA AVE,11,3,3,1,1,4,0,0,30,0,0,0,0,0,4,2,16
,2023-21167,39.84458778,-104.6805139,5/25/2023 5:24,5:24:00,5,0,0,8000   NEWCASTLE ST,1,3,1,0,3,4,0,0,35,0,0,0,0,0,4,1,16
,2023-21168,39.7469871,-105.0181601,6/2/2023 21:54,21:54:00,15,0,0,I-25 & W 23RD AVE,1,3,0,0,1,4,0,0,55,0,0,0,0,0,1,2,16
,2023-21169,39.73844166,-104.9929317,6/2/2023 18:30,18:30:00,2,0,1, DELAWARE ST & W 14TH AVE,1,1,0,0,1,1,0,0,0,1,0,0,0,3,4,1,16
,2023-21171,39.73828507,-104.929227,6/3/2023 12:30,12:30:00,3,0,4, ELM ST & E 14TH AVE,11,1,0,0,1,1,0,0,25,0,0,0,0,1,4,2,8
,2023-21174,39.71386452,-104.9838309,5/25/2023 9:17,9:17:00,3,0,1,E MAPLE AVE & S GRANT ST,1,1,0,0,1,1,0,0,25,0,0,0,0,2,4,2,16
,2023-21177,39.69663399,-104.9082108,5/18/2023 8:43,8:43:00,3,0,0, ONEIDA ST & E MISSISSIPPI AVE,11,2,0,1,1,1,0,0,,0,0,0,0,0,4,2,13
,2023-21181,39.73203144,-104.9861274,5/26/2023 21:43,21:43:00,11,0,1, LINCOLN ST & E 10TH AVE,11,3,0,1,1,1,0,0,30,0,1,0,0,1,4,1,11
,2023-21182,39.74719196,-104.9948194,5/25/2023 15:30,15:30:00,11,0,1,16TH ST & CURTIS ST,1,1,0,0,1,1,0,1,0,1,0,0,0,2,4,1,16
,2023-21185,39.70875174,-105.0062462,5/27/2023 17:10,17:10:00,6,0,0, PECOS ST & W ALASKA PL,1,1,0,0,1,4,0,0,25,0,0,0,0,0,4,2,16
,2023-21186,39.70718686,-105.0350397,5/28/2023 22:12,22:12:00,6,0,0, LOWELL BLVD & W CUSTER PL,1,3,0,0,1,4,0,0,25,0,0,0,0,0,4,2,16
,2023-21187,39.78058942,-104.8417146,5/28/2023 23:57,23:57:00,1,0,0,E ALBROOK DR & N TULSA CT,1,3,0,0,1,3,0,0,25,0,0,0,0,0,4,2,7
,2023-21188,39.75371819,-104.9863695,5/24/2023 8:45,8:45:00,11,0,1,CURTIS ST & PARK AVE W,1,1,0,0,1,1,0,0,30,0,1,0,0,1,4,1,1
,2023-21191,39.78035827,-104.9410886,5/25/2023 14:22,14:22:00,12,0,0,I-70 & N COLORADO BLVD (APPROX),1,1,0,0,1,4,0,0,65,0,0,0,0,0,1,2,16
,2023-21197,39.70375639,-104.9035028,5/24/2023 13:49,13:49:00,2,0,0, QUEBEC ST & E EXPOSITION AVE,1,1,1,0,1,4,0,0,30,1,0,0,0,0,4,1,16
,2023-21198,39.68228019,-105.0250196,5/27/2023 21:35,21:35:00,16,0,1,1860  FEDERAL BLVD & JEWELL AVE,1,3,0,0,5,7,0,0,,0,1,0,0,2,3,1,16
,2023-21200,39.72038515,-105.0501769,5/26/2023 8:50,8:50:00,6,0,0,W 2ND AVE & N YOUNG CT,1,1,1,0,1,4,0,0,25,0,0,0,0,0,4,3,16
,2023-21211,39.68950318,-105.0199957,5/25/2023 16:09,16:09:00,12,0,1,W FLORIDA AVE & S CLAY ST,11,1,0,1,1,4,0,0,35,0,0,0,0,2,4,3,16
,2023-21213,39.74961442,-105.0003506,5/26/2023 23:20,23:20:00,11,0,0,BLAKE ST & 15TH ST,11,3,0,1,1,1,0,0,0,0,1,0,0,0,4,1,16
,2023-21214,39.78048971,-104.9585231,5/25/2023 8:35,8:35:00,12,0,0,I-70 & N YORK ST,1,1,0,0,1,13,0,0,55,0,0,0,0,0,1,2,16
,2023-21215,39.80553437,-104.765627,5/25/2023 15:29,15:29:00,3,0,1,E 60TH AVE & N CEYLON ST,1,1,0,0,1,1,0,0,30,0,0,0,0,1,4,2,16
,2023-21267,39.66172099,-104.8662642,6/2/2023 20:27,20:27:00,1,0,2, HAVANA ST & E CORNELL AVE,1,1,0,0,1,1,0,0,45,0,0,0,0,3,2,2,13
,2023-21284,39.75190097,-105.0009274,6/3/2023 12:05,12:05:00,1,0,0,WYNKOOP ST & 16TH ST,11,3,3,1,1,1,0,0,25,0,0,0,0,0,4,2,16
,2023-21291,39.69677254,-105.0156902,6/4/2023 0:19,0:19:00,3,0,0, ZUNI ST & W MISSISSIPPI AVE,11,3,0,1,1,1,0,0,30,0,0,0,0,0,4,2,13
,2023-21295,39.67566693,-105.0532644,6/4/2023 4:30,4:30:00,5,0,0, SHERIDAN BLVD & W WARREN AVE,11,3,0,1,3,1,0,0,40,0,0,0,0,0,2,1,2
,2023-21315,39.73801274,-105.0252737,5/22/2023 21:48,21:48:00,9,0,0, FEDERAL BLVD & W 14TH AVE,1,3,1,0,1,3,0,0,35,0,0,0,1,0,2,1,14
,2023-21316,39.71158144,-104.947056,6/4/2023 3:20,3:20:00,5,0,0,E CHERRY CREEK  DR & E ALAMEDA AVE,11,4,0,1,3,4,0,0,35,0,0,0,0,0,4,1,8
,2023-21319,39.78408749,-104.8313779,6/4/2023 0:00,0:00:00,5,0,0,4890  CROWN BLVD & ANDREWS DR,11,3,1,0,2,1,0,0,25,0,0,0,0,0,4,1,1
,2023-21320,39.74653886,-104.9939371,6/4/2023 2:23,2:23:00,12,0,0,CHAMPA ST & 16TH ST,11,3,0,1,1,3,0,0,15,0,0,0,0,0,4,2,13
,2023-21324,39.7692875,-105.0083945,6/4/2023 2:33,2:33:00,6,0,1,1815 W 38TH AVE & QUIVAS ST,11,3,1,0,1,4,0,0,35,0,0,0,0,2,4,2,7
,2023-21327,39.65804282,-105.0350725,6/3/2023 18:12,18:12:00,5,0,1, LOWELL BLVD & W GREENWOOD PL,1,1,1,7,3,4,0,0,25,0,0,0,0,2,4,1,14
,2023-21344,39.71124796,-105.0249449,6/3/2023 16:10,16:10:00,10,0,0, FEDERAL BLVD & W ALAMEDA AVE,1,1,0,0,1,2,0,0,35,0,0,0,0,0,2,2,7
,2023-21347,39.78446895,-105.0511884,6/4/2023 8:07,8:07:00,5,0,0,I-70 & N SHERIDAN BLVD,11,1,1,1,3,4,0,0,55,0,0,0,0,0,1,1,7
,2023-21348,39.86384821,-104.6739109,6/4/2023 14:30,14:30:00,9,0,0,PENA BLVD & MM 8,11,1,0,1,3,4,0,0,65,0,0,0,0,0,4,1,14
,2023-21351,39.70946321,-105.0373742,6/4/2023 4:49,4:49:00,3,0,0, NEWTON ST & W DAKOTA AVE,11,2,0,1,1,1,0,0,30,0,0,0,0,0,4,2,13
,2023-21352,39.6557385,-105.0532195,5/31/2023 17:37,17:37:00,15,0,0,3110  SHERIDAN BLVD & W DARTMOUTH AVE,1,1,0,0,1,4,0,0,35,0,0,0,0,0,2,2,13
,2023-21358,39.7289241,-105.0001298,5/31/2023 20:43,20:43:00,14,0,1,W 8TH AVE & N KALAMATH ST,1,3,0,0,6,4,0,0,35,0,0,0,0,2,4,2,14
,2023-21368,39.75444777,-104.9548864,6/4/2023 14:56,14:56:00,5,0,0,E 26TH AVE & N ELIZABETH ST,11,1,0,1,3,4,0,0,25,0,0,0,0,0,4,1,14
,2023-21377,39.77656858,-105.0532509,4/13/2023 7:41,7:41:00,1,0,0, SHERIDAN BLVD & W 44TH AVE,1,1,0,0,1,1,0,0,35,0,0,0,0,0,2,2,1
,2023-21415,39.70282469,-105.0446915,6/1/2023 22:00,22:00:00,6,0,0,MORRISON RD & W OHIO AVE,1,3,1,0,1,4,0,0,35,0,0,0,0,0,4,2,16
,2023-21416,39.71168819,-104.9991839,6/2/2023 15:44,15:44:00,15,0,0,I-25 & W ALAMEDA AVE,1,1,0,0,1,4,0,0,55,0,0,0,0,0,1,2,13
,2023-21417,39.78406139,-104.9895472,6/5/2023 14:22,14:22:00,15,0,0,W 48TH AVE & I-25,1,1,0,0,1,4,0,0,55,0,0,0,0,0,1,2,11
,2023-21424,39.77852505,-105.0520768,5/17/2023 15:30,15:30:00,6,0,0, ZENOBIA ST & W 45TH AVE,1,1,0,0,1,4,0,0,25,0,0,0,0,0,4,2,16
,2023-21427,39.71774765,-104.9802847,5/12/2023 6:00,6:00:00,6,0,0, PEARL ST & E 1ST AVE,11,2,0,1,1,3,0,0,25,0,0,0,0,0,4,2,13
,2023-21428,39.73050422,-104.9986202,6/4/2023 22:35,22:35:00,3,0,0,W 9TH AVE & N SANTA FE DR,1,3,0,0,1,1,0,0,25,0,0,0,0,0,4,2,11
,2023-21429,39.69853131,-104.9035565,5/10/2023 14:00,14:00:00,15,0,0, QUEBEC ST & S PARKER RD,1,1,0,0,1,1,0,0,30,0,0,0,0,0,2,2,3
,2023-21432,39.84083558,-104.6649072,6/5/2023 17:30,17:30:00,5,0,1,E 80TH AVE & VANDRIVER ST,1,1,0,0,6,4,0,0,25,0,0,0,0,2,4,1,2
,2023-21433,39.71646049,-104.9899475,6/5/2023 17:57,17:57:00,1,0,0, BANNOCK ST & ELLSWORTH AVE,11,1,0,1,1,9,0,0,25,0,0,0,1,0,4,2,11
,2023-21434,39.78527305,-104.7682933,6/4/2023 16:37,16:37:00,5,0,1, ARGONNE WY & N ANDES CT,11,1,0,1,3,4,0,0,20,0,0,0,0,3,4,1,1
,2023-21435,39.76120072,-104.9027632,4/19/2023 22:26,22:26:00,3,0,0,E MLK BLVD & N QUEBEC ST,1,3,0,0,1,1,0,0,35,0,0,0,0,0,4,2,14
,2023-21438,39.77291861,-104.8343882,4/14/2023 14:19,14:19:00,12,0,0,I-70 & MM 282.264,11,1,0,1,1,4,0,0,55,0,0,0,0,0,1,2,10
,2023-21443,39.7419773,-104.8987508,5/4/2023 17:06,17:06:00,12,0,0,E 16TH AVE & N SYRACUSE ST,1,1,0,0,1,1,0,0,,0,0,0,0,0,4,2,16
,2023-21445,39.66763906,-104.9128803,5/20/2023 15:48,15:48:00,1,0,1, MONACO ST & E YALE AVE,1,1,0,0,1,1,0,0,40,0,0,0,0,3,4,2,13
,2023-21446,39.79822876,-104.8471812,6/3/2023 20:13,20:13:00,12,0,0, PEORIA ST & E 56TH AVE,1,2,0,0,1,1,0,0,35,0,0,0,0,0,4,3,13
,2023-21450,39.73204046,-104.986139,5/27/2023 1:50,1:50:00,3,0,0,E 10TH AVE & N LINCOLN ST,1,3,0,0,1,1,0,0,30,0,0,0,0,0,4,2,16
,2023-21454,39.65303398,-104.9091113,6/4/2023 15:51,15:51:00,3,0,0,E HAMPDEN AVE & S ONEIDA WY,1,1,0,1,1,1,0,0,40,0,0,0,0,0,2,2,16
,2023-21455,39.71856674,-104.9407881,5/9/2023 8:22,8:22:00,15,0,0, COLORADO BLVD & E 1ST AVE,14,5,3,7,1,4,0,0,35,0,0,0,0,0,2,2,16
,2023-21456,39.78048501,-104.9627943,5/15/2023 16:18,16:18:00,12,0,1,I-70 & N BRIGHTON BLVD,1,1,1,0,1,4,0,1,,0,0,0,0,1,1,2,16
,2023-21457,39.75538612,-105.0127522,6/5/2023 11:36,11:36:00,15,0,0,I-25 & N SPEER BLVD,1,1,0,0,1,13,0,0,55,0,0,0,0,0,1,2,13
,2023-21469,39.75546497,-104.991079,5/3/2023 21:20,21:20:00,12,0,0,MARKET ST & 22ND ST,1,3,0,0,1,4,0,0,30,0,0,0,0,0,4,2,16
,2023-21471,39.70024904,-105.0483587,5/28/2023 9:53,9:53:00,15,0,0,MORRISON RD & W KENTUCKY AVE,1,1,3,0,1,4,0,0,35,0,0,0,0,0,4,2,13
,2023-21477,39.73997416,-104.9610267,6/4/2023 10:28,10:28:00,1,0,0,E COLFAX AVE & GAYLORD ST,11,1,0,1,1,9,0,0,30,0,0,0,0,0,2,2,16
,2023-21480,39.75469803,-105.025128,4/27/2023 10:49,10:49:00,12,0,1, FEDERAL BLVD & W 26TH AVE,1,1,0,0,1,3,0,0,35,0,0,0,0,1,2,2,1
,2023-21483,39.78254188,-104.7648973,6/4/2023 21:45,21:45:00,12,0,0, ARGONNE ST & E 47TH DR,1,3,0,0,1,3,0,0,25,0,0,0,0,0,4,2,13
,2023-21488,39.70641981,-104.9967995,5/24/2023 18:18,18:18:00,15,0,1, KALAMATH ST & I-25 SB FLYOVER,1,1,0,0,1,3,0,0,45,0,0,0,0,2,2,3,16
,2023-21492,39.77674703,-104.8827752,6/4/2023 14:51,14:51:00,12,0,0, CENTRAL PARK BLVD & I-70,11,1,0,0,1,3,0,0,30,0,0,0,0,0,4,3,3
,2023-21494,39.7107104,-104.9989439,6/5/2023 8:38,8:38:00,12,0,0,I-25 & S SANTA FE DR SB OFF RAMP GORE PT,1,1,0,0,1,8,0,0,55,0,0,0,0,0,1,2,16
,2023-21500,39.721435,-105.0086115,5/16/2023 12:11,12:11:00,15,0,0,I-25 & 6TH AVE NB OFF RAMP GORE PT,1,1,0,0,1,4,0,0,55,0,0,0,0,0,4,3,16
,2023-21501,39.73839227,-104.973019,6/4/2023 17:13,17:13:00,3,0,1, DOWNING ST & E 14TH AVE,11,1,0,1,1,1,0,0,30,0,0,0,0,3,4,2,16
,2023-21503,39.74008749,-104.8870145,6/4/2023 3:30,3:30:00,1,0,0,E COLFAX AVE & N XANTHIA ST,11,3,0,0,1,1,0,0,,0,0,0,0,0,2,4,16
,2023-21505,39.84928942,-104.6726895,6/1/2023 21:20,21:20:00,15,0,0,PENA BLVD & JACKSON GAP,1,1,1,0,1,4,0,0,35,0,0,0,0,0,4,2,13
,2023-21508,39.78361656,-104.7721143,6/5/2023 5:27,5:27:00,3,0,0, TOWER RD & E GREEN VALLEY RANCH BLVD,1,1,0,0,1,2,0,0,35,0,0,0,0,0,4,2,16
,2023-21509,39.73845197,-104.8975558,5/13/2023 0:17,0:17:00,14,0,0, SPRUCE ST & E 14TH AVE,1,3,0,0,1,4,0,0,25,0,0,0,0,0,4,2,16
,2023-21510,39.73986454,-104.9787412,4/29/2023 21:22,21:22:00,16,0,0,700 E COLFAX AVE & E COLFAX AVE ,1,3,0,0,5,7,0,0,,0,0,0,0,0,3,3,16
,2023-21513,39.68227953,-105.0500219,6/5/2023 17:11,17:11:00,3,0,1, XAVIER ST & W JEWELL AVE,11,1,2,1,1,3,0,0,30,0,0,0,0,2,4,2,7
,2023-21516,39.74020062,-104.9999656,6/5/2023 1:49,1:49:00,3,0,2, KALAMATH ST & W COLFAX AVE,1,3,0,0,1,1,0,0,35,0,0,0,0,2,2,2,16
,2023-21518,39.70147393,-104.8778033,5/18/2023 5:37,5:37:00,6,0,0, ALTON WY & S DAYTON WY,1,2,0,0,1,4,0,0,25,0,0,0,0,0,4,3,16
,2023-21527,39.74587512,-104.9978978,6/3/2023 23:00,23:00:00,6,0,0,1080 14TH ST & ARAPAHOE ST,11,3,0,1,1,4,0,0,20,0,0,0,0,0,4,2,16
,2023-21542,39.71150061,-104.973394,5/25/2023 23:06,23:06:00,5,0,0, DOWNING ST & E CEDAR AVE,1,3,0,0,3,4,0,0,30,0,0,0,0,0,4,2,16
,2023-21547,39.78418547,-105.0259711,6/3/2023 9:44,9:44:00,1,0,0, FEDERAL BLVD & I-70 WB RAMPS,1,1,0,0,1,1,0,0,35,0,0,0,0,0,2,2,11
,2023-21581,39.78069494,-104.9592944,6/5/2023 15:25,15:25:00,15,0,0,E 46TH AVE  & N YORK ST,1,1,3,0,1,1,0,0,30,0,0,0,0,0,4,2,11
,2023-21582,39.72561258,-104.9823614,6/1/2023 12:17,12:17:00,3,0,1, LOGAN ST & E 6TH AVE,1,1,0,0,1,1,0,0,30,0,0,0,0,1,4,2,16
,2023-21584,39.70385895,-104.9145835,6/5/2023 15:00,15:00:00,12,0,0,LEETSDALE DR & E EXPOSITION AVE,11,1,0,1,1,1,0,0,35,0,0,0,0,0,2,2,3
,2023-21586,39.72674522,-104.9864469,6/5/2023 8:45,8:45:00,15,0,0,E SPEER BLVD & N LINCOLN ST,1,1,0,0,1,4,0,0,35,0,0,0,0,0,4,2,16
,2023-21587,39.71111459,-104.9605637,6/5/2023 17:30,17:30:00,12,0,0,E ALAMEDA AVE & S YORK ST,1,1,0,0,1,1,0,0,,0,0,0,0,0,4,2,16
,2023-21588,39.77277589,-104.8471915,6/5/2023 12:30,12:30:00,12,0,0,I-70 EB OFF RAMP SLIP & N PEORIA ST,1,1,0,0,1,8,0,0,20,0,0,0,0,0,1,2,16
,2023-21590,39.78237909,-104.8470104,6/6/2023 5:59,5:59:00,15,0,0, PEORIA ST & E 47TH AVE,1,1,0,0,1,1,0,0,35,0,0,0,0,0,4,2,11
,2023-21592,39.7290381,-104.9899276,6/5/2023 14:45,14:45:00,10,0,0, SPEER BLVD & W 8TH AVE,1,1,0,0,1,1,0,0,35,0,0,0,0,0,4,2,1
,2023-21598,39.72576755,-105.0350728,6/6/2023 15:40,15:40:00,12,0,0,W 6TH AVE & N LOWELL BLVD,1,1,0,0,1,4,0,0,55,0,0,0,0,0,2,3,13
,2023-21599,39.72432771,-104.9838592,6/6/2023 7:25,7:25:00,15,0,0,E SPEER BLVD & S GRANT ST,1,1,0,0,1,4,0,0,35,0,0,0,0,0,4,3,11
,2023-21600,39.73344576,-104.9597955,6/3/2023 14:46,14:46:00,12,0,0, YORK ST & E 11TH AVE,11,1,0,1,1,1,0,0,30,0,0,0,0,0,4,2,13
,2023-21601,39.78289643,-104.9783846,6/5/2023 8:11,8:11:00,3,0,0,E ELK PL & N WASHINGTON ST,1,1,0,0,1,1,0,0,30,0,0,0,0,0,4,2,11
,2023-21602,39.78760431,-104.881175,6/5/2023 5:30,5:30:00,5,0,0, BEELER ST & E 50TH AVE,1,2,0,0,2,2,0,0,20,0,0,0,0,0,4,1,11
,2023-21603,39.72095821,-104.9461711,6/6/2023 14:22,14:22:00,3,0,0, MADISON ST & E 3RD AVE,1,1,1,0,1,1,0,0,25,0,0,0,0,0,4,2,11
,2023-21604,39.74027807,-105.0295955,6/6/2023 9:36,9:36:00,12,0,1,W COLFAX AVE & N IRVING ST,1,1,0,0,1,3,0,0,30,0,0,0,0,2,2,3,16
,2023-21605,39.71869714,-105.0001853,6/4/2023 12:00,12:00:00,5,0,0, KALAMATH ST & W 2ND AVE,1,1,0,0,1,4,0,0,35,0,0,0,0,0,4,4,11
,2023-21606,39.77927777,-105.001726,6/6/2023 4:09,4:09:00,3,0,0, MARIPOSA WY & N LIPAN ST,1,2,0,0,1,1,0,0,25,0,0,0,0,0,4,2,13
,2023-21609,39.66772831,-105.025111,6/6/2023 15:19,15:19:00,3,0,1, FEDERAL BLVD & W YALE AVE,1,1,0,0,1,2,0,0,,0,0,0,0,2,2,2,10
,2023-21610,39.7217451,-104.9497977,6/6/2023 12:11,12:11:00,3,0,0,E 4TH AVE & ST PAUL ST,1,1,0,1,1,9,0,0,25,0,0,0,0,0,4,2,11
,2023-21611,39.68537787,-104.9591946,6/6/2023 10:09,10:09:00,12,0,0,I-25 OFF RAMP SLIP & S UNIVERSITY BLVD,1,1,1,0,1,8,0,0,45,0,0,0,0,0,1,2,11
,2023-21612,39.66755521,-104.9407895,6/4/2023 12:44,12:44:00,12,0,0, COLORADO BLVD & E YALE AVE,14,1,3,7,1,1,0,0,35,0,0,0,0,0,2,2,16
,2023-21613,39.7783206,-104.9792444,6/6/2023 6:25,6:25:00,3,0,0, WASHINGTON ST & E 45TH AVE,1,1,0,0,1,1,0,0,30,0,0,0,0,0,4,2,16
,2023-21615,39.76992723,-104.9929929,6/6/2023 18:09,18:09:00,12,0,0,I-25 SB OFF RAMP & PARK AVE W,1,1,0,0,1,8,0,0,55,0,0,0,0,0,1,3,13
,2023-21616,39.67845643,-104.9079347,6/5/2023 16:00,16:00:00,12,0,0,E EVANS AVE & S ONEIDA ST,1,1,0,0,1,4,0,0,35,0,0,0,0,0,4,3,3
,2023-21617,39.83061177,-104.7788991,6/6/2023 8:00,8:00:00,12,0,0,7100,1,1,0,0,1,4,0,0,65,0,0,0,0,0,4,2,13
,2023-21618,39.72556713,-104.9588195,6/6/2023 14:46,14:46:00,12,0,0, JOSEPHINE ST & E 6TH AVE,1,1,1,7,1,3,0,0,30,0,0,0,1,0,4,2,12
,2023-21619,39.73800363,-105.0260524,6/5/2023 0:56,0:56:00,5,0,0,3105 W AVONDALE DR & W 14TH AVE,1,3,0,0,3,4,0,0,20,0,0,0,0,0,4,1,16
,2023-21625,39.69498825,-104.9802559,6/6/2023 15:15,15:15:00,12,0,0,I-25 & S WASHINGTON ST,1,1,0,0,1,4,0,0,55,0,0,0,0,0,1,2,13
,2023-21626,39.74483255,-104.973034,6/6/2023 14:40,14:40:00,15,0,0,E 18TH AVE & N DOWNING ST,1,1,0,0,1,4,0,0,30,0,0,0,0,0,4,2,13
,2023-21627,39.76563423,-105.0127802,6/5/2023 15:39,15:39:00,3,0,1, VALLEJO ST & W 35TH AVE,1,1,0,0,1,1,0,0,25,0,0,0,0,1,4,2,11
,2023-21628,39.73932403,-104.9139577,6/5/2023 16:03,16:03:00,12,0,0,LOCUST ST & E COLFAX AVE,14,5,3,7,1,4,0,0,25,0,0,0,0,0,4,2,13