id,drcog_id,latitude,longitude,crashtime,time,crashtype,numbkilled,numbinjurd,drcoglocat,rdconditin,lightngcon,roadcntgrd,weatherco,location,roaddescrp,schoolzone,constrzone,splimit,bikeinv,pedinv,sctrinv,motoinv,svrty,rdsystem,ttlvehcls,hcf
,2023-21629,39.69263892,-104.9924604,6/5/2023 12:15,12:15:00,10,0,0, SANTA FE DR & W ARKANSAS AVE,1,1,0,0,1,2,0,0,45,0,0,0,0,0,2,2,11
,2023-21634,39.75067634,-104.9920444,6/5/2023 22:34,22:34:00,3,0,1,19TH ST & ARAPAHOE ST,1,3,0,0,1,3,0,0,25,0,0,0,0,1,4,2,11
,2023-21647,39.68358261,-104.9594377,6/6/2023 7:59,7:59:00,15,0,0, UNIVERSITY BLVD & E BUCHTEL BLVD,1,1,0,0,1,4,0,0,30,0,0,0,0,0,4,2,11
,2023-21648,39.71132403,-104.8928869,6/6/2023 6:35,6:35:00,15,0,0,E ALAMEDA AVE & S XENIA ST,1,1,0,0,1,4,0,0,40,0,0,0,0,0,4,2,11
,2023-21649,39.73937435,-105.0138708,6/6/2023 14:52,14:52:00,12,0,0,I-25 & W COLFAX AVE,1,1,1,0,1,4,0,0,55,0,0,0,0,0,1,2,13
,2023-21652,39.79629511,-104.8464413,6/5/2023 11:45,11:45:00,3,0,0, QUARI ST & E 55TH AVE,1,1,0,0,1,1,0,0,20,0,0,0,0,0,4,2,10
,2023-21653,39.74855387,-104.908164,6/6/2023 10:28,10:28:00,5,0,0,2025  ONEIDA ST & MONTVIEW BLVD,1,1,0,0,2,3,0,0,25,0,0,0,0,0,4,1,16
,2023-21661,39.70751573,-104.9836418,6/5/2023 12:16,12:16:00,3,0,1,E VIRGINIA AVE & S GRANT ST,1,1,0,0,1,9,0,0,10,0,0,0,0,1,4,2,11
,2023-21662,39.76939647,-105.0296092,6/6/2023 13:11,13:11:00,12,0,2,W 38TH AVE & N IRVING ST,1,1,0,0,1,4,0,0,35,0,0,0,0,1,4,2,13
,2023-21663,39.77774414,-105.0111403,6/5/2023 17:59,17:59:00,3,0,2,W 45TH AVE & N TEJON ST,1,1,0,0,1,1,0,0,25,0,0,0,0,2,4,2,12
,2023-21664,39.78572714,-104.8830783,5/30/2023 14:38,14:38:00,15,0,0,E NORTHFIELD BLVD & N CENTRAL PARK BLVD,1,1,0,0,1,1,0,0,30,0,0,0,0,0,4,2,13
,2023-21667,39.73846634,-104.9976516,6/6/2023 7:55,7:55:00,10,0,0, SPEER BLVD & W 14TH AVE,1,1,0,0,1,1,0,0,35,0,0,0,0,0,4,2,3
,2023-21670,39.75487343,-104.9902548,6/6/2023 16:15,16:15:00,6,0,0,22ND ST & LARIMER ST,1,1,0,0,1,3,0,0,25,0,0,0,0,0,4,3,14
,2023-21674,39.74008365,-104.8928773,5/31/2023 12:30,12:30:00,11,0,1,E COLFAX AVE & N UINTA ST,1,1,0,0,1,1,0,0,0,1,0,0,0,2,2,1,16
,2023-21675,39.79843345,-104.7413642,6/5/2023 12:39,12:39:00,3,0,1, NEPAL ST & E 56TH AVE,1,1,0,0,1,1,0,0,25,0,0,0,0,2,4,2,11
,2023-21678,39.74008566,-104.8858369,5/29/2023 23:27,23:27:00,12,0,0,E COLFAX AVE & N XENIA ST,1,3,0,0,1,1,0,0,45,0,0,0,0,0,2,2,11
,2023-21680,39.71075596,-104.865957,6/6/2023 10:41,10:41:00,3,0,1,E ALAMEDA AVE SLIP & S HAVANA ST,1,1,0,0,1,3,0,0,40,0,0,0,0,1,2,2,11
,2023-21681,39.78094213,-104.8828179,6/3/2023 9:46,9:46:00,3,0,1, CENTRAL PARK BLVD & E 46TH PL,11,1,0,1,1,1,0,0,35,0,0,0,0,1,4,2,11
,2023-21682,39.65303398,-104.9091113,6/6/2023 15:00,15:00:00,1,0,0,E HAMPDEN AVE & S ONEIDA WY,1,1,0,0,1,1,0,0,40,0,0,0,0,0,2,2,13
,2023-21683,39.65303398,-104.9091113,6/6/2023 14:00,14:00:00,1,0,0,E HAMPDEN AVE & S ONEIDA WY,1,1,0,0,1,1,0,0,40,0,0,0,0,0,2,2,1
,2023-21684,39.74004806,-104.9843119,6/6/2023 9:35,9:35:00,12,0,0,E COLFAX AVE & N GRANT ST,1,1,0,0,1,4,0,0,30,0,0,0,0,0,2,2,16
,2023-21685,39.70634424,-104.9967632,6/6/2023 13:41,13:41:00,12,0,1, KALAMATH ST & I-25 SB ON RAMP,1,1,0,0,1,1,0,0,35,0,0,0,0,1,2,2,13
,2023-21686,39.73677255,-104.9461884,6/6/2023 16:34,16:34:00,10,0,0,E 13TH AVE & N MADISON ST,1,1,0,0,1,1,0,0,30,0,0,0,0,0,4,2,13
,2023-21687,39.77799157,-104.7775258,6/1/2023 4:00,4:00:00,5,0,0,E 45TH AVE & N WALDEN CT,1,3,0,0,3,1,0,0,,0,0,0,0,0,4,1,16
,2023-21688,39.74507056,-104.9810797,6/2/2023 16:55,16:55:00,10,0,0, PENNSYLVANIA ST & E 18TH AVE,1,1,0,0,1,2,0,0,25,0,0,0,0,0,4,2,13
,2023-21689,39.71543818,-104.9826464,6/4/2023 14:40,14:40:00,6,0,1, LOGAN ST & E BAYAUD AVE,1,1,0,0,1,4,0,0,30,0,0,0,0,3,4,3,3
,2023-21690,39.68768463,-104.9696761,5/30/2023 14:08,14:08:00,12,0,1,I-25 SB ON RAMP & S FRANKLIN ST,1,1,1,0,1,8,0,0,45,0,0,0,0,2,4,2,16
,2023-21691,39.73567112,-104.9678725,6/4/2023 20:00,20:00:00,6,0,0, FRANKLIN ST & E 13TH AVE,1,1,0,0,1,4,0,0,,0,0,0,0,0,4,3,16
,2023-21697,39.72907128,-104.9717789,6/2/2023 12:32,12:32:00,3,0,0, MARION ST & E 8TH AVE,1,1,0,0,1,1,0,0,25,0,0,0,0,0,4,2,16
,2023-21702,39.71705946,-104.9037056,6/1/2023 14:40,14:40:00,12,0,0, QUEBEC ST & E LOWRY BLVD,1,1,0,0,1,1,0,0,,0,0,0,0,0,4,2,16
,2023-21703,39.76000434,-104.8905206,6/6/2023 12:00,12:00:00,12,0,0, CENTRAL PARK BLVD & E MLK BLVD,1,1,0,0,1,1,0,0,35,0,0,0,0,0,4,2,11
,2023-21704,39.76535244,-104.9748093,4/24/2023 19:45,19:45:00,11,1,0,34TH ST & LAWRENCE ST,1,2,0,0,1,1,0,0,0,0,1,0,0,4,4,1,16
,2023-21708,39.75582635,-104.9873916,5/30/2023 7:48,7:48:00,12,0,0, BROADWAY ST & LAWRENCE ST,1,1,0,0,1,3,0,0,30,0,0,0,0,0,4,2,11
,2023-21714,39.76442642,-104.9597598,6/5/2023 9:50,9:50:00,6,0,0, YORK ST & E BRUCE RANDOLPH AVE,1,1,0,0,1,4,0,0,10,0,0,0,0,0,4,2,11
,2023-21717,39.79836695,-104.7863798,6/5/2023 12:50,12:50:00,12,0,0, OFF RAMP & E 56TH AVE,1,1,0,0,1,1,0,0,25,0,0,0,0,0,4,2,16
,2023-21900,39.75364716,-104.9934097,5/28/2023 21:11,21:11:00,1,0,0,20TH ST & MARKET ST,1,3,0,0,1,1,0,0,25,0,0,0,0,0,4,2,14
,2023-21901,39.78347855,-105.0112983,6/7/2023 9:14,9:14:00,12,0,0,I-70 & EB OFF RAMP MERGE PT TO N PECOS ST,1,1,1,0,1,4,0,0,55,0,0,0,0,0,1,4,16
,2023-21902,39.77289404,-104.9594126,5/17/2023 23:41,23:41:00,5,0,0,E 40TH AVE & N YORK ST,1,3,0,0,3,1,0,0,35,0,0,0,0,0,4,1,16
,2023-21910,39.77313839,-104.8369526,6/1/2023 15:08,15:08:00,12,0,0,I-70 EB ON RAMP MERGE PT FROM & I-225 NB,1,1,0,0,1,4,0,0,55,0,0,0,0,0,1,2,16
,2023-21916,39.62556225,-104.9056363,6/5/2023 12:00,12:00:00,3,0,0,E CHENANGO AVE & S OLIVE ST,1,1,0,0,1,2,0,1,25,0,0,0,0,0,4,2,3
,2023-21917,39.76110841,-105.0048682,6/7/2023 11:05,11:05:00,12,0,0,I-25 & 20TH ST,1,1,0,0,1,4,0,0,55,0,0,0,0,0,1,2,13
,2023-21920,39.71836431,-104.9037006,5/30/2023 2:05,2:05:00,5,0,0,E 1ST AVE & N QUEBEC ST,1,3,0,0,3,1,0,0,,0,0,0,0,0,4,1,16
,2023-21921,39.64944431,-104.9162042,6/7/2023 13:56,13:56:00,12,0,2,I-25 & E HAMPDEN AVE,1,1,0,0,1,4,0,0,65,0,0,0,0,1,1,2,3
,2023-21922,39.73994527,-105.0226735,5/27/2023 17:25,17:25:00,15,0,0,W COLFAX AVE & N ELIOT ST,1,1,0,0,1,1,0,0,35,0,0,0,0,0,2,2,7
,2023-21923,39.69387823,-104.91289,5/25/2023 21:33,21:33:00,6,0,0, MONACO ST & E ARIZONA AVE,1,3,0,0,3,4,0,0,35,0,0,0,0,0,4,3,16
,2023-21925,39.72008555,-104.890753,5/22/2023 3:39,3:39:00,5,0,0,E LOWRY BLVD & N UINTA WAY,1,3,0,0,3,6,0,0,25,0,0,0,0,0,4,1,16
,2023-21926,39.71142754,-104.9990291,6/6/2023 9:58,9:58:00,15,0,0,I-25 & W ALAMEDA AVE,1,1,1,0,1,4,0,0,55,0,0,0,0,0,1,2,1
,2023-21930,39.75983461,-105.0022318,5/21/2023 0:00,0:00:00,5,0,0,20TH ST & LITTLE RAVEN ST,1,3,0,0,2,8,0,0,35,0,0,0,0,0,4,1,14
,2023-21931,39.79736436,-104.8325212,5/29/2023 12:22,12:22:00,6,0,0, VICTOR ST & E RANDOLPH PL,1,1,0,0,1,2,0,0,25,0,0,0,0,0,4,2,10
,2023-21932,39.76021924,-104.9866797,5/30/2023 16:40,16:40:00,16,0,0,2632 BLAKE ST,1,1,3,0,5,7,0,0,,0,0,0,0,0,3,1,16
,2023-21933,39.71781215,-104.946167,6/7/2023 8:28,8:28:00,3,0,0, MADISON ST & E 1ST AVE,1,1,0,0,1,1,0,0,30,0,0,0,0,0,4,2,11
,2023-21934,39.68265439,-104.9923264,5/19/2023 22:04,22:04:00,12,0,0, SANTA FE DR & W JEWELL AVE,1,3,0,0,1,4,0,0,55,0,0,0,0,0,2,2,16
,2023-21937,39.67468911,-104.8753017,5/23/2023 16:23,16:23:00,12,0,0, DAYTON WY & E ILIFF AVE,1,1,1,0,1,1,0,0,,0,0,0,0,0,4,2,16
,2023-21939,39.65189153,-104.8987671,5/30/2023 13:36,13:36:00,12,0,0, TAMARAC DR & E HAMPDEN AVE,1,1,0,0,1,2,0,0,30,0,0,0,0,0,4,2,16
,2023-21941,39.72825616,-105.0396299,5/20/2023 0:51,0:51:00,6,0,0,W 7TH AVE & N PERRY ST,1,3,0,0,6,4,0,0,25,0,0,0,0,0,4,2,16
,2023-21942,39.62391575,-104.8990059,6/7/2023 13:10,13:10:00,12,0,0,E BELLEVIEW AVE & S SYRACUSE ST,1,1,0,0,1,3,0,0,35,0,0,0,0,0,4,2,13
,2023-21943,39.74891879,-105.0124697,5/21/2023 10:50,10:50:00,16,0,0,2000 ELITCH CIR,1,1,0,0,5,7,0,0,,0,0,0,0,0,3,2,16
,2023-21944,39.7838414,-105.0067382,6/7/2023 8:19,8:19:00,3,0,0, PECOS ST & W 48TH AVE,1,1,0,0,1,6,0,0,10,0,0,0,0,0,4,2,11
,2023-21946,39.61827467,-105.0913767,6/3/2023 12:10,12:10:00,12,0,0, WADSWORTH BLVD & W CRESTLINE AVE,11,1,0,1,1,4,0,0,45,0,0,0,0,0,2,4,1
,2023-21949,39.74013857,-104.9440526,5/28/2023 21:56,21:56:00,12,0,0,E COLFAX AVE & N GARFIELD ST,1,3,0,0,1,12,0,0,35,0,0,0,0,0,2,2,16
,2023-21950,39.63968318,-104.8848806,4/30/2023 18:30,18:30:00,15,0,0,I-225 & S YOSEMITE ST,1,1,0,0,1,4,0,0,,0,0,0,0,0,1,2,16
,2023-21953,39.77291838,-104.9395934,5/29/2023 14:23,14:23:00,15,0,0, PENA BLVD & E 40TH AVE,1,1,0,0,1,8,0,0,,0,0,0,0,0,2,2,16
,2023-21954,39.70155013,-104.9216356,6/7/2023 15:45,15:45:00,6,0,0, HOLLY ST & E KENTUCKY AVE,1,1,0,0,1,4,0,0,35,0,0,0,0,0,4,2,16
,2023-21957,39.75875821,-105.0268417,5/21/2023 12:16,12:16:00,15,0,0, GROVE ST & W 29TH AVE,1,1,0,0,1,4,0,0,,0,0,0,0,0,4,2,16
,2023-21958,39.77985226,-104.9739836,5/31/2023 7:00,7:00:00,12,0,0,I-70 WB OFF RAMP TO -25 & OFF RAMP GORE PT FROM I-70,1,1,1,0,1,8,0,0,,0,0,0,0,0,1,2,16
,2023-21959,39.72856049,-105.0147943,6/6/2023 16:36,16:36:00,12,0,0,I-25 & W 8TH AVE,1,1,1,0,1,4,0,0,55,0,0,0,0,0,1,2,1
,2023-21960,39.75242787,-105.0252854,5/27/2023 15:42,15:42:00,12,0,0, FEDERAL BLVD & W 24TH AVE,1,1,0,0,1,1,0,0,35,0,0,0,0,0,2,2,16
,2023-21962,39.78364069,-104.7648971,6/6/2023 21:26,21:26:00,3,0,0, ARGONNE ST & E GREEN VALLEY RANCH BLVD,1,3,0,0,1,1,0,0,,0,0,0,0,0,4,2,16
,2023-21963,39.77766042,-104.8887992,5/25/2023 9:40,9:40:00,15,0,0,I-70 & N CENTRAL PARK BLVD,1,1,0,0,1,4,0,0,55,0,0,0,0,0,1,2,16
,2023-21971,39.71173712,-104.9992129,5/31/2023 10:19,10:19:00,15,0,0,I-25 ON RAMP MERGE PT & S SANTA FE DR,1,1,0,0,1,8,0,0,55,0,0,0,0,0,1,2,1
,2023-21973,39.78030623,-104.9409183,5/24/2023 14:20,14:20:00,12,0,0,I-70 & N COLORADO BLVD,1,1,0,0,1,4,0,0,55,0,0,0,0,0,1,2,1
,2023-21974,39.72882485,-104.9986107,5/26/2023 15:58,15:58:00,12,0,0, SANTA FE DR & W 8TH AVE,1,1,0,0,1,3,0,0,,0,0,0,0,0,4,2,16
,2023-21975,39.68204461,-104.9593785,6/6/2023 17:45,17:45:00,15,0,0, UNIVERSITY BLVD & E JEWELL AVE,1,1,0,0,1,1,0,0,35,0,0,0,0,0,4,2,14
,2023-21976,39.71705946,-104.9037056,6/5/2023 14:00,14:00:00,15,0,0, QUEBEC ST & E LOWRY BLVD,1,1,0,0,1,1,0,0,25,0,0,0,0,0,4,2,13
,2023-21978,39.78236355,-104.8876371,5/31/2023 23:19,23:19:00,6,0,0,E 47TH AVE & N WILLOW ST,1,3,0,0,1,4,0,0,35,0,0,0,0,0,4,4,16
,2023-21980,39.79108814,-105.0216295,6/7/2023 8:10,8:10:00,3,0,0, DECATUR ST & W 52ND AVE,1,1,0,0,1,1,0,0,20,0,0,0,0,0,4,2,11
,2023-21983,39.6912924,-105.0250484,5/27/2023 11:58,11:58:00,8,0,0, FEDERAL BLVD & W ARKANSAS AVE,1,1,0,0,6,1,0,0,35,0,0,0,0,0,2,2,1
,2023-21985,39.67077553,-104.8660462,6/5/2023 10:45,10:45:00,12,0,0, HAVANA ST & S PARKER RD,1,1,0,0,1,1,0,0,30,0,0,0,0,0,2,2,3
,2023-21989,39.74197275,-104.99285,5/20/2023 0:34,0:34:00,15,0,0,14TH ST & GLENARM ST,1,3,0,0,1,1,0,0,25,0,0,0,0,0,4,2,1
,2023-21991,39.77029348,-104.9788863,5/12/2023 20:13,20:13:00,5,0,0, BRIGHTON BLVD & 35TH ST,1,2,0,0,6,4,0,0,30,0,0,0,0,0,4,1,14
,2023-21992,39.69662734,-104.9813972,6/7/2023 9:15,9:15:00,6,0,0,E MISSISSIPPI AVE & E BUCHTEL BLVD,1,1,0,0,1,1,0,0,25,0,0,0,0,0,4,2,3
,2023-21993,39.72361971,-105.0114081,6/2/2023 8:06,8:06:00,12,0,0,I-25 & W 6TH AVE,1,1,0,0,1,8,0,0,35,0,0,0,0,0,1,2,16
,2023-21994,39.72675072,-104.9775573,6/6/2023 8:30,8:30:00,6,0,0, CLARKSON ST & 7TH AVE,1,3,1,0,1,4,0,0,30,0,0,0,0,0,4,2,16
,2023-21995,39.7869422,-105.034573,5/25/2023 22:48,22:48:00,6,0,0, LOWELL BLVD & W 49TH AVE,1,3,0,0,1,4,0,0,25,0,0,0,0,0,4,3,16
,2023-21996,39.78395646,-105.0222355,6/6/2023 14:31,14:31:00,5,0,2,I-70 & N FEDERAL BLVD,1,1,1,0,3,4,0,0,55,0,0,0,0,2,1,1,1
,2023-21997,39.7771963,-104.8835746,6/6/2023 8:15,8:15:00,15,0,0,I-70 & N CENTRAL PARK BLVD (APPROX),1,1,0,0,1,4,0,0,55,0,0,0,0,0,1,2,13
,2023-21999,39.77279484,-104.8832039,6/7/2023 0:34,0:34:00,5,0,1, CENTRAL PARK BLVD & E 40TH AVE,1,3,1,0,1,4,0,0,30,0,0,0,0,2,4,1,16
,2023-22001,39.76027617,-105.0520865,6/7/2023 14:22,14:22:00,6,0,0, ZENOBIA ST & W 30TH AVE,1,1,0,0,1,3,0,0,25,0,0,0,0,0,4,2,16
,2023-22002,39.74377623,-104.9034551,5/17/2023 23:57,23:57:00,12,0,0, QUEBEC ST & E 17TH AVE,11,3,0,7,1,1,0,0,35,0,0,0,0,0,4,2,16
,2023-22004,39.77959785,-104.8470331,6/7/2023 7:45,7:45:00,3,0,0,E 46TH AVE & N PEORIA ST,1,1,0,0,1,1,0,0,25,0,0,0,0,0,4,2,8
,2023-22006,39.76569837,-104.9499228,4/15/2023 12:23,12:23:00,3,0,0,E 35TH AVE & N STEELE ST,1,1,0,0,1,1,0,0,25,0,0,0,0,0,4,3,16
,2023-22008,39.73828726,-104.9034626,6/6/2023 12:30,12:30:00,12,0,0, QUEBEC ST & E 14TH AVE,1,1,0,0,1,3,0,0,30,0,0,0,0,0,4,3,10
,2023-22009,39.85192743,-104.6740501,5/25/2023 15:17,15:17:00,16,0,0,8500 PENA BLVD & DOOR 504,1,1,0,0,5,7,0,0,,0,0,0,0,0,3,2,16
,2023-22010,39.76927631,-104.9045511,6/4/2023 3:32,3:32:00,6,0,0,E 38TH AVE & N POPLAR ST,11,3,0,7,3,1,0,0,,0,0,0,0,0,4,3,16
,2023-22011,39.71483394,-105.0109735,6/7/2023 8:35,8:35:00,1,0,0, TEJON ST & W BAYAUD AVE,1,1,0,0,1,1,0,0,25,0,0,0,0,0,4,2,3
,2023-22014,39.73420777,-104.8905886,6/2/2023 8:02,8:02:00,3,0,0,E RICHTHOFEN PL & N VERBENA ST,1,1,0,0,1,1,0,0,25,0,0,0,0,0,4,2,16
,2023-22015,39.61831863,-105.0903929,6/7/2023 12:32,12:32:00,1,0,0,W CRESTLINE AVE & S WADSWORTH BLVD,1,1,0,0,1,2,0,0,,0,0,0,0,0,4,2,3
,2023-22018,39.75029248,-104.9890523,5/31/2023 13:20,13:20:00,11,0,1,CHAMPA ST & 20TH ST,1,1,0,0,1,2,0,0,0,0,0,1,0,2,4,1,16
,2023-22023,39.74022351,-104.8880479,5/31/2023 8:32,8:32:00,12,0,0,E COLFAX AVE & N WILLOW ST,1,1,0,0,1,3,0,0,35,0,0,0,0,0,2,2,11
,2023-22024,39.76206364,-105.0288118,5/29/2023 15:27,15:27:00,3,0,2, SPEER BLVD & W 32ND AVE,1,1,0,0,1,1,0,0,30,0,0,0,0,3,4,2,16
,2023-22026,39.69657416,-104.8823247,6/4/2023 0:37,0:37:00,15,0,0,E MISSISSIPPI AVE & S ALTON ST,11,3,0,1,1,3,0,0,30,0,0,0,0,0,4,2,16
,2023-22028,39.65615248,-105.0532234,6/1/2023 9:21,9:21:00,12,0,1, SHERIDAN BLVD & W DARTMOUTH AVE,1,1,0,0,1,1,0,0,40,0,0,0,0,1,2,2,16
,2023-22032,39.72026141,-105.0250543,6/4/2023 15:15,15:15:00,15,0,2, FEDERAL BLVD & W 2ND AVE,1,1,0,0,1,3,0,0,35,0,0,0,0,1,2,2,16
,2023-22036,39.78456572,-104.7565709,5/31/2023 11:00,11:00:00,5,0,0,E 48TH DR & N HALIFAX CT,1,1,1,0,2,4,0,0,20,0,0,0,0,0,4,1,1
,2023-22044,39.754901,-105.0358046,6/1/2023 21:50,21:50:00,6,0,0, MEADE ST & 26TH AVE,1,4,0,0,1,4,0,0,20,0,0,0,0,0,4,2,16
,2023-22102,39.77285793,-104.8472338,6/8/2023 7:30,7:30:00,12,0,0,I-70 EB OFF RAMP SLIP & N PEORIA ST,1,1,0,0,1,8,0,0,35,0,0,0,0,0,1,2,3
,2023-22106,39.65304819,-104.9028471,6/8/2023 14:32,14:32:00,15,0,1,E HAMPDEN AVE & S TAMARAC DR,1,1,0,0,1,2,0,0,40,0,0,0,0,2,2,2,3
,2023-22110,39.68032774,-104.9875714,6/8/2023 17:29,17:29:00,3,0,0,E ASBURY AVE & S BROADWAY ST,1,1,0,0,1,1,0,0,25,0,0,0,0,0,4,2,7
,2023-22111,39.67865551,-105.0214174,6/8/2023 14:21,14:21:00,3,0,0,W EVANS AVE & S CLAY ST,1,1,0,0,1,2,0,0,30,0,0,0,0,0,4,2,13
,2023-22114,39.76183983,-104.9133991,6/8/2023 16:29,16:29:00,15,0,0,MLK JR BLVD & N MONACO PKWY,1,1,0,0,1,4,0,0,35,0,0,0,0,0,4,2,13
,2023-22115,39.78560298,-105.0252054,6/8/2023 16:21,16:21:00,1,0,1, FEDERAL BLVD & W 49TH AVE,1,1,0,0,1,1,0,0,35,0,0,0,0,1,2,2,11
,2023-22118,39.74374935,-104.9034552,6/6/2023 22:20,22:20:00,12,0,1, QUEBEC ST & E 17TH AVE,1,3,0,0,1,3,0,0,35,0,0,0,0,2,4,2,12
,2023-22120,39.7289039,-104.9963934,6/8/2023 9:09,9:09:00,15,0,0,W 8TH AVE & N GALAPAGO ST,1,1,0,0,1,1,0,0,35,0,0,0,0,0,4,2,16
,2023-22121,39.73839772,-105.0532129,6/8/2023 10:31,10:31:00,12,0,0, SHERIDAN BLVD & W 14TH AVE,1,1,0,0,1,4,0,0,35,0,0,0,0,0,2,2,13
,2023-22123,39.77584794,-104.8116039,6/7/2023 10:30,10:30:00,6,0,0, FULLERTON CT & E ANDREWS DR,1,1,0,0,1,4,0,0,25,0,0,0,0,0,4,2,11
,2023-22124,39.72564192,-104.9034076,6/8/2023 12:46,12:46:00,3,0,2,E 6TH AVE & N QUEBEC ST,1,1,0,0,1,1,0,0,30,0,0,0,0,1,4,3,8
,2023-22126,39.6985609,-105.0390398,5/20/2023 9:00,9:00:00,3,0,1,W TENNESSEE PL & S PATTON CT,1,1,0,0,1,1,0,0,20,0,0,0,0,1,4,2,13
,2023-22127,39.64967085,-105.0458815,6/6/2023 21:20,21:20:00,8,0,0,4600 W KENYON AVE,1,3,3,0,6,4,0,0,30,0,0,0,0,0,4,2,16
,2023-22131,39.68747079,-104.9593963,6/8/2023 20:35,20:35:00,15,0,0, UNIVERSITY BLVD & E IOWA AVE,1,3,0,0,1,4,0,0,35,0,0,0,0,0,4,2,16
,2023-22133,39.72092424,-104.9985783,6/8/2023 16:14,16:14:00,3,0,1, SANTA FE DR & W 3RD AVE,1,1,0,0,1,1,0,0,30,0,0,0,0,1,4,3,1
,2023-22134,39.67846842,-104.9269979,6/8/2023 18:21,18:21:00,1,0,4,E EVANS AVE & S GRAPE ST,1,1,0,0,1,2,0,0,35,0,0,0,0,1,4,2,11
,2023-22135,39.8001071,-104.7863523,6/8/2023 9:49,9:49:00,12,0,0,E 56TH AVE,1,1,0,0,1,4,0,0,65,0,0,0,0,0,4,3,1
,2023-22138,39.69659749,-104.9317358,6/8/2023 13:20,13:20:00,3,0,0, DAHLIA ST & E MISSISSIPPI AVE,1,1,0,0,1,1,0,0,,0,0,0,0,0,4,2,16
,2023-22144,39.78382264,-105.0064364,6/7/2023 21:35,21:35:00,3,0,0,I-70 WB OFF RAMP & N PECOS ST,1,3,0,0,1,6,0,0,20,0,0,0,0,0,1,2,8
,2023-22148,39.72560503,-104.9461825,6/8/2023 19:21,19:21:00,8,0,0,E 6TH AVE & N MADISON ST,1,1,0,0,6,1,0,0,35,0,0,0,0,0,4,2,1
,2023-22152,39.73044195,-104.9861338,6/7/2023 17:38,17:38:00,12,0,0, LINCOLN ST & E 9TH AVE,1,1,0,0,1,1,0,0,30,0,0,0,0,0,4,2,13
,2023-22155,39.75667362,-104.987765,6/7/2023 17:30,17:30:00,3,0,0,24TH ST & LARIMER ST,1,1,0,0,1,1,0,0,25,0,0,0,0,0,4,2,11
,2023-22159,39.77115525,-104.8141954,6/8/2023 6:45,6:45:00,15,0,1,W 6TH AVE & N KNOX CT,1,1,1,0,1,4,0,0,55,0,0,0,0,1,2,3,1
,2023-22160,39.7618276,-104.91242,6/8/2023 14:51,14:51:00,12,0,0,MLK JR BLVD & MONACO PKWY,1,1,0,0,1,1,0,0,35,0,0,0,0,0,4,2,10
,2023-22164,39.70583733,-105.0324156,6/8/2023 10:25,10:25:00,3,0,3,W CENTER AVE & S KNOX CT,1,1,0,0,1,1,0,0,30,0,0,0,0,2,4,2,11
,2023-22166,39.76073866,-104.9597586,6/7/2023 20:42,20:42:00,1,0,0, YORK ST & E 31ST AVE,1,3,0,0,1,1,0,0,35,0,0,0,0,0,4,2,7
,2023-22168,39.77602175,-104.8827293,6/7/2023 16:37,16:37:00,15,0,0, CENTRAL PARK BLVD & I-70 WB RAMPS,1,1,0,0,1,3,0,0,40,0,0,0,0,0,4,2,7
,2023-22170,39.74069449,-105.0393203,6/7/2023 20:43,20:43:00,6,0,1, PERRY ST & W 13TH AVE,1,3,0,0,1,4,0,0,30,0,0,0,0,3,4,2,14
,2023-22171,39.8001071,-104.7863523,6/8/2023 14:51,14:51:00,12,0,1,E 56TH AVE,1,1,0,0,1,4,0,0,65,0,0,0,0,1,4,2,7
,2023-22172,39.78308553,-104.790493,6/7/2023 0:10,0:10:00,12,0,0, PENA BLVD & GREEN VALLEY RANCH BLVD,1,3,0,0,1,4,0,0,65,0,0,0,0,0,4,2,1
,2023-22173,39.65315798,-104.9153482,6/8/2023 10:30,10:30:00,12,0,0,E HAMPDEN AVE & S LOCUST ST,1,1,0,0,1,1,0,0,40,0,0,0,0,0,2,2,3
,2023-22176,39.72787477,-105.0001866,6/8/2023 13:31,13:31:00,2,0,1,722  KALAMATH ST & W 7TH AVE,1,1,0,0,1,2,0,0,0,1,0,0,0,2,4,1,16
,2023-22186,39.74020322,-104.8975579,6/9/2023 4:00,4:00:00,6,0,0, SPRUCE ST & E COLFAX AVE,1,4,0,0,1,4,0,0,35,0,0,0,0,0,4,2,16
,2023-22190,39.68228908,-105.0227016,6/8/2023 17:02,17:02:00,3,0,1, DECATUR ST & W JEWELL AVE,1,1,0,0,1,1,0,0,30,0,0,0,0,2,4,2,13
,2023-22191,39.73376687,-104.9874148,6/9/2023 12:10,12:10:00,15,0,1, BROADWAY ST & E 11TH AVE,1,1,0,0,1,4,0,0,,0,0,0,0,1,4,2,16
,2023-22194,39.72571713,-105.0001487,6/8/2023 10:56,10:56:00,10,0,0, KALAMATH ST & W 6TH AVE,1,1,0,0,1,1,0,0,30,0,0,0,0,0,4,3,8
,2023-22197,39.67856346,-104.9833636,6/8/2023 7:08,7:08:00,12,0,0,E EVANS AVE & S LOGAN ST,1,1,0,0,1,4,0,0,35,0,0,0,0,0,4,3,3
,2023-22200,39.71815917,-105.0273931,6/8/2023 6:50,6:50:00,3,0,0,W 1ST AVE & N HAZEL CT,1,1,0,0,1,9,0,0,,0,0,0,0,0,4,2,16
,2023-22203,39.71079152,-104.9986513,6/9/2023 10:57,10:57:00,15,0,0,I-25 & W ALAMEDA AVE (APPROX),1,1,0,0,1,4,0,0,55,0,0,0,0,0,1,3,16