id,drcog_id,latitude,longitude,crashtime,time,crashtype,numbkilled,numbinjurd,drcoglocat,rdconditin,lightngcon,roadcntgrd,weatherco,location,roaddescrp,schoolzone,constrzone,splimit,bikeinv,pedinv,sctrinv,motoinv,svrty,rdsystem,ttlvehcls,hcf
,2023-22204,39.66751175,-104.9262174,6/9/2023 12:50,12:50:00,15,0,0,E YALE AVE & I-25 SB RAMPS,1,1,0,0,1,1,0,0,35,0,0,0,0,0,4,2,16
,2023-22207,39.72921658,-104.9394576,6/8/2023 12:39,12:39:00,3,0,2, ALBION ST & E 8TH AVE,1,1,0,0,1,1,0,0,25,0,0,0,0,1,4,2,16
,2023-22209,39.66554258,-105.081433,6/8/2023 12:56,12:56:00,12,0,1, WADSWORTH AVE & W AMHERST AVE,1,1,0,0,1,1,0,0,40,0,0,0,0,2,2,3,1
,2023-22210,39.7425219,-104.9994429,6/5/2023 15:30,15:30:00,12,0,0, SPEER BLVD & CHAMPA ST,11,1,0,1,1,4,0,0,35,0,0,0,0,0,4,3,13
,2023-22212,39.74009977,-104.9588027,6/8/2023 12:12,12:12:00,12,0,0,E COLFAX AVE & N JOSEPHINE ST,1,1,0,1,1,3,0,0,35,0,0,0,0,0,2,2,16
,2023-22214,39.67830711,-104.9406295,6/9/2023 15:39,15:39:00,12,0,0, COLORADO BLVD & E EVANS AVE,1,1,0,7,1,3,0,0,40,0,0,0,0,0,2,2,13
,2023-22215,39.75484724,-105.0358046,6/9/2023 17:19,17:19:00,3,0,0, MEADE ST & W 26TH AVE,1,1,0,0,1,1,0,0,25,0,0,0,0,0,4,2,11
,2023-22216,39.7516798,-104.9907162,6/8/2023 16:58,16:58:00,6,0,0,ARAPAHOE ST & W 20TH ST,1,1,0,0,1,4,0,0,,0,0,0,0,0,4,2,16
,2023-22217,39.67847466,-104.9234474,6/7/2023 21:18,21:18:00,12,0,1,E EVANS AVE & S HUDSON ST,1,3,0,0,1,1,0,0,,0,0,0,0,2,4,2,16
,2023-22218,39.68939482,-104.9804554,6/9/2023 19:26,19:26:00,6,0,0,E FLORIDA AVE & S PEARL ST,14,5,3,7,1,4,0,0,20,0,0,0,0,0,4,2,3
,2023-22219,39.79193997,-104.8145063,6/9/2023 10:15,10:15:00,3,0,0, EAGLE ST & E 52ND AVE,1,1,0,0,1,2,0,0,,0,0,0,0,0,4,2,11
,2023-22220,39.76325518,-105.0346169,6/9/2023 12:37,12:37:00,3,0,0, LOWELL BLVD & W MONCRIEFF PL,1,1,0,0,1,2,0,0,25,0,0,0,0,0,4,2,13
,2023-22221,39.65366745,-105.0465835,6/9/2023 12:35,12:35:00,12,0,1,W HAMPDEN AVE & S SHERIDAN BLVD,1,1,0,0,1,4,0,0,55,0,0,0,0,1,2,2,13
,2023-22222,39.75170695,-104.983736,6/8/2023 17:35,17:35:00,3,0,2,PARK AVE W & CALIFORNIA ST,1,1,0,0,1,1,0,0,30,0,0,0,0,1,4,2,11
,2023-22223,39.76194358,-105.0039609,6/8/2023 10:50,10:50:00,12,0,2,I-25 & 20TH ST,1,1,0,0,1,4,0,0,55,0,0,0,0,1,1,2,16
,2023-22224,39.73505359,-104.9637636,6/9/2023 8:52,8:52:00,6,0,0,E 12TH AVE & RACE ST,1,1,0,1,1,9,0,0,20,0,0,0,0,0,4,2,16
,2023-22225,39.7789057,-104.8880455,6/9/2023 6:40,6:40:00,5,0,0,E 45TH AVE & N WILLOW ST,1,2,0,0,3,4,0,1,20,0,0,0,0,0,4,1,2
,2023-22227,39.78313832,-105.0065043,6/7/2023 17:01,17:01:00,12,0,2,I-70 & N PECOS ST,1,1,0,0,1,4,0,0,55,0,0,0,0,1,1,5,13
,2023-22228,39.66777742,-105.0532563,6/9/2023 8:37,8:37:00,1,0,1, SHERIDAN BLVD & W YALE AVE,1,1,1,0,1,1,0,0,40,0,0,0,0,1,2,2,16
,2023-22229,39.63542132,-104.9032979,6/3/2023 0:30,0:30:00,12,0,0,I-225 SB OFF RAMP & I-25 RAMP N-S SPLIT GORE PT,11,3,0,1,1,8,0,0,65,0,0,0,0,0,1,3,7
,2023-22231,39.77867876,-104.912879,6/8/2023 10:14,10:14:00,3,0,1, MONACO ST & E STAPLETON N DR,1,1,0,0,1,1,0,0,35,0,0,0,0,1,4,2,16
,2023-22232,39.76234129,-105.0035845,6/9/2023 13:50,13:50:00,12,0,0,I-25 & 20TH ST,1,1,0,0,1,4,0,0,55,0,0,0,0,0,1,2,3
,2023-22233,39.74547225,-104.9901274,6/9/2023 2:25,2:25:00,12,0,0,17TH ST & WELTON ST,1,3,0,0,1,3,0,0,25,0,0,0,0,0,4,2,11
,2023-22234,39.74000231,-104.9916669,6/9/2023 7:57,7:57:00,3,0,0,W COLFAX AVE & N CHEROKEE ST,1,1,0,0,1,1,0,0,30,0,0,0,0,0,2,2,16
,2023-22236,39.70110421,-104.9874029,6/8/2023 20:01,20:01:00,15,0,0,I-25 & S BROADWAY,11,3,0,0,1,4,0,0,,0,0,0,0,0,1,2,16
,2023-22237,39.6929602,-104.9640162,6/9/2023 14:30,14:30:00,12,0,0,E LOUISIANA AVE & S VINE ST,1,1,0,0,1,4,0,0,30,0,0,0,0,0,4,2,13
,2023-22239,39.66773552,-105.0809334,6/8/2023 15:30,15:30:00,15,0,0,W YALE AVE & S WADSWORTH BLVD,1,1,0,0,1,11,0,0,35,0,0,0,0,0,4,2,11
,2023-22240,39.72955834,-104.9034688,6/9/2023 16:44,16:44:00,12,0,0, QUEBEC ST & E 8TH AVE,1,1,1,0,1,3,0,0,30,0,0,0,0,0,4,2,16
,2023-22241,39.76083631,-104.9858788,6/9/2023 20:09,20:09:00,3,0,0,BLAKE ST & 27TH ST,1,2,0,0,1,1,0,0,30,0,0,0,0,0,4,2,11
,2023-22242,39.67847235,-104.9316163,6/8/2023 19:30,19:30:00,3,0,0, DAHLIA ST & E EVANS AVE,1,1,0,0,1,1,0,0,30,0,0,0,0,0,4,2,11
,2023-22243,39.74763472,-105.0026538,6/8/2023 12:00,12:00:00,1,0,0, SPEER BLVD & AURARIA PKWY,1,1,0,0,1,1,0,0,35,0,0,0,0,0,4,2,3
,2023-22244,39.71118407,-105.0039099,6/9/2023 12:10,12:10:00,12,0,0,W ALAMEDA AVE & S NAVAJO ST,1,1,0,1,1,4,0,0,30,0,0,0,0,0,2,3,16
,2023-22245,39.72530954,-105.0130906,6/8/2023 23:30,23:30:00,12,0,1,I-25 ON RAMP & W 6TH AVE EB OFF RAMP,11,3,1,0,1,8,0,0,45,0,0,0,0,1,1,2,3
,2023-22246,39.76732023,-105.0532463,6/9/2023 12:53,12:53:00,12,0,1, SHERIDAN BLVD & W 37TH AVE,1,1,0,0,1,4,0,0,35,0,0,0,0,1,2,2,13
,2023-22247,39.75449422,-105.013614,6/8/2023 16:57,16:57:00,12,0,2,I-25 & N SPEER BLVD,1,1,0,0,1,4,0,0,55,0,0,0,0,1,1,3,16
,2023-22248,39.78590046,-104.7721401,6/8/2023 17:39,17:39:00,2,0,0,E 49TH AVE & N TOWER RD,1,1,0,0,1,1,0,0,,1,0,0,0,0,4,1,16
,2023-22249,39.75524063,-104.9931284,6/8/2023 8:30,8:30:00,10,0,0,BLAKE ST & 21ST ST,1,1,0,0,1,1,0,0,30,0,0,0,0,0,4,2,3
,2023-22250,39.68312195,-104.9405741,6/8/2023 7:34,7:34:00,15,0,0,I-25 & S COLORADO BLVD,1,1,0,0,1,4,0,0,55,0,0,0,0,0,1,2,16
,2023-22251,39.74483561,-104.9748005,6/9/2023 9:40,9:40:00,12,0,0,E 18TH AVE & PARK AVE,1,1,0,0,1,4,0,0,20,0,0,0,0,0,4,2,16
,2023-22253,39.68756106,-104.9734357,6/9/2023 18:04,18:04:00,3,0,0,E IOWA AVE & S DOWNING ST,1,1,0,0,1,1,0,0,25,0,0,0,0,0,4,2,11
,2023-22254,39.76808684,-104.9406411,6/8/2023 14:30,14:30:00,1,0,0, COLORADO BLVD & E 37TH AVE,1,1,0,0,1,1,0,0,35,0,0,0,0,0,2,2,11
,2023-22256,39.75648265,-104.940549,6/8/2023 11:05,11:05:00,3,0,1,E 28TH AVE & N COLORADO BLVD,1,1,0,0,1,1,0,0,25,0,0,0,0,1,2,2,11
,2023-22257,39.74015089,-104.9494012,6/8/2023 20:22,20:22:00,9,0,0,3220 E COLFAX AVE & N STEELE ST,1,1,0,0,1,4,0,0,35,0,0,0,0,0,2,1,16
,2023-22259,39.78094213,-104.8828179,6/9/2023 15:07,15:07:00,3,0,0, CENTRAL PARK BLVD & E 46TH PL,1,1,0,0,1,1,0,0,35,0,0,0,0,0,4,2,3
,2023-22260,39.74161503,-104.9610128,6/9/2023 9:03,9:03:00,3,0,1, GAYLORD ST & E 16TH AVE,1,1,0,1,1,1,0,0,20,0,0,0,0,1,4,2,11
,2023-22263,39.74033549,-105.0416718,6/10/2023 11:15,11:15:00,3,0,1,W COLFAX AVE & N RALEIGH ST,1,1,0,0,1,1,0,0,35,0,0,0,0,2,2,2,6
,2023-22264,39.63997854,-104.8849799,6/10/2023 6:22,6:22:00,5,0,0,I-225 SB OFF RAMP & S YOSEMITE ST,1,1,0,0,6,1,0,0,65,0,0,0,0,0,4,1,16
,2023-22265,39.72564547,-104.9864589,6/10/2023 15:46,15:46:00,15,0,0,E 6TH AVE & N LINCOLN ST,1,1,0,0,1,4,0,0,35,0,0,0,0,0,4,2,11
,2023-22268,39.75072562,-104.9757574,6/10/2023 17:11,17:11:00,3,0,0, EMERSON ST & 23RD AVE,1,1,0,0,1,1,0,0,30,0,0,0,0,0,4,2,14
,2023-22269,39.75099859,-104.9034275,6/10/2023 2:10,2:10:00,12,0,0, QUEBEC ST & E 23RD AVE,1,3,0,0,1,3,0,0,,0,0,0,0,0,4,3,16
,2023-22271,39.79838291,-104.8642689,6/9/2023 21:04,21:04:00,10,0,0,E 56TH AVE & N HAVANA ST,1,4,0,0,1,4,0,0,45,0,0,0,1,0,4,2,13
,2023-22274,39.73715785,-104.9124043,6/9/2023 22:59,22:59:00,15,0,0,E 13TH AVE & N MONACO ST,1,3,0,0,1,3,0,0,25,0,0,0,0,0,4,2,13
,2023-22276,39.73046979,-105.0394716,6/10/2023 0:37,0:37:00,6,0,0, PERRY ST & W 9TH AVE,1,3,0,0,1,4,0,0,35,0,0,0,0,0,4,2,16
,2023-22280,39.75853355,-105.0080286,6/9/2023 21:59,21:59:00,12,0,0,I-25 & W 17TH AVE (APPROX),1,3,0,0,1,4,0,0,55,0,0,0,0,0,1,3,13
,2023-22281,39.75153512,-104.9980497,6/3/2023 12:37,12:37:00,5,0,0,17TH ST & BLAKE ST,11,1,0,1,1,4,0,0,20,0,0,0,0,0,4,1,11
,2023-22286,39.69566818,-104.9035147,6/9/2023 21:00,21:00:00,3,0,0, QUEBEC ST & E MISSISSIPPI AVE,1,3,0,0,1,1,0,0,35,0,0,0,0,0,4,2,16
,2023-22287,39.76121518,-104.9027523,6/9/2023 6:41,6:41:00,3,0,0, QUEBEC ST & E MLK BLVD,1,1,0,0,1,1,0,0,45,0,0,0,0,0,4,2,13
,2023-22288,39.78363715,-104.790307,6/10/2023 11:50,11:50:00,3,0,0,E GREEN VALLEY RANCH BLVD & PENA BLVD INBOUND,1,1,0,0,1,1,0,0,35,0,0,0,0,0,4,2,13
,2023-22303,39.70606526,-104.9407892,6/10/2023 6:56,6:56:00,3,0,0, COLORADO BLVD & E CHERRY CREEK S DR,1,1,0,0,1,1,0,0,40,0,0,0,0,0,2,2,11
,2023-22305,39.67923649,-104.9222696,6/6/2023 17:58,17:58:00,3,0,0,E PACIFIC AVE & S HOLLY ST,1,1,0,0,1,1,0,0,30,0,0,0,0,0,4,2,11
,2023-22306,39.78178428,-104.7744815,6/10/2023 18:15,18:15:00,3,0,0,E 47TH PL & N YAMPA ST,1,1,0,0,1,1,0,0,20,0,0,0,0,0,4,2,11
,2023-22307,39.67529692,-105.0250402,6/10/2023 4:41,4:41:00,3,0,0, FEDERAL BLVD & W ILIFF AVE,1,2,0,0,1,1,0,0,40,0,0,0,0,0,2,2,3
,2023-22308,39.78389313,-105.0251466,6/10/2023 16:33,16:33:00,12,0,0, FEDERAL BLVD & I-70 EB RAMPS,1,1,0,0,1,3,0,0,35,0,0,0,0,0,2,2,3
,2023-22311,39.76001331,-104.8905319,6/10/2023 8:46,8:46:00,3,0,0,E MLK JR BLVD & N CENTRAL PARK BLVD,1,1,0,0,1,1,0,0,35,0,0,0,0,0,4,2,13
,2023-22316,39.72564658,-104.9863078,6/10/2023 15:06,15:06:00,10,0,0,E 6TH AVE & N LINCOLN ST,1,1,0,0,1,3,0,0,35,0,0,0,0,0,4,2,7
,2023-22321,39.78277532,-104.8212754,6/10/2023 17:54,17:54:00,3,0,0, DULUTH CT & E BOLLING DR,1,1,3,0,1,1,0,0,25,0,0,0,0,0,4,2,13
,2023-22322,39.7445522,-105.0252172,6/5/2023 1:32,1:32:00,12,0,0,1700  FEDERAL BLVD,1,3,0,0,1,4,0,0,35,0,0,0,0,0,2,2,16
,2023-22327,39.74007252,-104.9408055,6/1/2023 13:10,13:10:00,12,0,2,E COLFAX AVE & N COLORADO BLVD,1,1,0,0,1,3,0,0,35,0,0,0,0,1,2,2,16
,2023-22328,39.75211279,-104.986707,5/10/2023 17:04,17:04:00,2,0,1,CHAMPA ST & 22ND ST,11,1,0,0,1,2,0,0,,1,0,0,0,2,4,1,16
,2023-22329,39.7584445,-104.9979284,6/4/2023 22:00,22:00:00,11,0,1,W 29TH AVE & CHESTNUT PL,1,3,0,0,1,1,0,0,25,0,1,0,0,2,4,1,11
,2023-22332,39.79837333,-104.8972247,6/4/2023 18:04,18:04:00,12,0,0,E 56TH AVE & N SPRUCE ST,11,1,0,0,1,1,0,0,40,0,0,0,0,0,4,2,1
,2023-22383,39.75285692,-104.9927116,5/10/2023 23:54,23:54:00,6,0,2,LARIMER ST & 20TH ST,11,3,0,0,1,4,0,0,30,0,0,0,0,2,4,4,14
,2023-22384,39.78328005,-105.0009227,5/21/2023 17:00,17:00:00,5,0,1,I-70 & N PECOS ST,1,1,0,0,3,4,0,0,55,0,0,0,0,3,1,1,16
,2023-22385,39.70638132,-104.9968015,6/11/2023 2:23,2:23:00,15,0,1, SANTA FE DR & I-25 SB ON RAMP,1,3,0,0,1,1,0,0,45,0,0,0,0,1,2,2,2
,2023-22386,39.75706523,-104.9928834,6/6/2023 19:10,19:10:00,12,0,0,22ND ST & WAZEE ST,1,1,0,0,1,1,0,0,,0,0,0,0,0,4,2,16
,2023-22388,39.7590779,-104.9940044,6/2/2023 0:50,0:50:00,15,0,0,WEWATTA ST & DELGANY ST,11,3,0,1,1,4,0,0,,0,0,0,0,0,4,2,16
,2023-22389,39.68564896,-104.9781086,6/11/2023 10:00,10:00:00,6,0,0, CLARKSON ST & E MEXICO AVE,1,1,0,0,1,4,0,0,20,0,0,0,0,0,4,2,13
,2023-22392,39.70041901,-105.0250845,6/11/2023 2:02,2:02:00,12,0,1, FEDERAL BLVD & W KENTUCKY AVE,1,3,0,0,1,4,0,0,40,0,0,0,0,2,2,3,3
,2023-22393,39.68943701,-105.0345469,6/10/2023 16:33,16:33:00,12,0,0,W FLORIDA AVE & S LOWELL BLVD,1,1,0,0,1,4,0,0,35,0,0,0,0,0,4,2,16
,2023-22394,39.72149851,-104.887695,6/6/2023 16:30,16:30:00,6,0,0,E SPORTS BLVD & E LOWRY BLVD,1,1,0,0,1,1,0,0,,0,0,0,0,0,4,2,16
,2023-22395,39.82189536,-104.7719605,6/11/2023 1:22,1:22:00,3,0,2,E 69TH AVE & N TOWER RD,1,3,0,0,1,1,0,0,45,0,0,0,0,3,4,2,11
,2023-22396,39.72568039,-104.9943927,6/10/2023 15:50,15:50:00,12,0,0,W 6TH AVE & N ELAIT ST,1,1,0,0,1,4,0,0,,0,0,0,0,0,4,3,16
,2023-22397,39.72883465,-105.0146414,4/21/2023 8:48,8:48:00,5,0,0,I-25 & W 8TH AVE (APPROX),1,1,1,0,1,4,0,0,,0,0,0,0,0,1,2,16
,2023-22398,39.78193836,-104.9876037,6/1/2023 9:28,9:28:00,3,0,0,E 47TH AVE & N BROADWAY ST,1,1,1,0,1,1,0,0,25,0,0,0,0,0,4,2,9
,2023-22399,39.77279484,-104.8832039,6/10/2023 23:50,23:50:00,15,0,0, CENTRAL PARK BLVD & E 40TH AVE,1,3,0,0,1,4,0,0,35,0,0,0,0,0,4,2,1
,2023-22401,39.77991099,-105.0041552,6/10/2023 8:31,8:31:00,6,0,0, NAVAJO ST & W 46TH AVE,1,1,0,0,1,4,0,0,20,0,0,0,0,0,4,2,16
,2023-22406,39.7375694,-104.8917,6/7/2023 13:00,13:00:00,5,0,0,1311  VALENCIA ST ALLEY & E 13TH AVE,1,1,0,0,3,9,0,0,,0,0,0,0,0,4,1,13
,2023-22407,39.74093871,-105.0509148,6/3/2023 12:19,12:19:00,6,0,0, YATES ST & E COLFAX AVE,11,1,0,1,1,2,0,0,,0,0,0,0,0,4,2,16
,2023-22409,39.70079285,-104.9874977,6/10/2023 11:05,11:05:00,1,0,0, BROADWAY & I-25 SB RAMPS,1,1,0,0,1,1,0,0,35,0,0,0,0,0,4,2,1
,2023-22410,39.78115751,-104.9268161,5/30/2023 9:11,9:11:00,6,0,0,E 47TH AVE & N FOREST ST,1,1,0,0,1,4,0,0,,0,0,0,0,0,4,3,16
,2023-22411,39.75147538,-104.9979632,6/5/2023 21:11,21:11:00,11,0,0,BLAKE ST & 17TH ST,1,4,0,0,1,1,0,0,0,0,0,1,0,0,4,1,16
,2023-22413,39.77075317,-105.0346164,6/6/2023 10:50,10:50:00,1,0,0, LOWELL BLVD & W 39TH AVE,1,1,0,0,1,1,0,0,30,0,0,0,0,0,4,2,13
,2023-22414,39.70401736,-105.0296906,6/4/2023 19:33,19:33:00,6,0,0,W EXPOSITION AVE & S IRVING ST,1,1,0,0,1,3,0,0,25,0,0,0,0,0,4,2,9
,2023-22417,39.71775887,-104.9406261,6/5/2023 17:14,17:14:00,12,0,1, COLORADO BLVD & E 1ST AVE,11,1,0,1,1,3,0,0,35,0,0,0,0,1,2,2,16
,2023-22418,39.74903294,-105.0024984,6/11/2023 0:55,0:55:00,8,0,0,14TH ST & WAZEE ST,1,3,0,0,6,1,0,0,25,0,0,0,0,0,4,2,3
,2023-22425,39.74942749,-104.9953748,6/6/2023 9:03,9:03:00,10,0,0,LAWRENCE ST & 17TH ST,1,1,0,0,1,4,0,0,30,0,0,0,0,0,4,2,13
,2023-22427,39.72346169,-104.9828425,6/6/2023 17:30,17:30:00,15,0,0,E SPEER BLVD & N GRANT ST,1,1,0,0,1,4,0,0,35,0,0,0,0,0,4,2,16
,2023-22428,39.76179625,-104.9405114,6/11/2023 19:27,19:27:00,1,0,0, COLORADO BLVD & E MLK JR BLVD,1,1,0,0,1,1,0,0,35,0,0,0,0,0,2,2,5
,2023-22429,39.6553298,-104.9159055,6/1/2023 10:26,10:26:00,6,0,0, HOLLY PL & S LOCUST ST,1,1,0,0,1,4,0,0,25,0,0,0,0,0,4,3,16
,2023-22431,39.76379289,-104.9315129,6/11/2023 20:31,20:31:00,2,0,0,E 33RD AVE & N DAHLIA ST,11,4,0,1,1,2,0,0,0,1,0,0,0,0,4,1,16
,2023-22432,39.72341445,-104.9837944,5/27/2023 21:00,21:00:00,15,0,0, GRANT ST & E SPEER BLVD,1,3,0,0,1,1,0,0,30,0,0,0,0,0,4,2,16
,2023-22433,39.70179751,-105.0532523,5/29/2023 19:25,19:25:00,15,0,0, SHERIDAN BLVD & W KENTUCKY AVE,1,2,1,0,1,4,0,0,35,0,0,0,0,0,2,2,16
,2023-22434,39.73997416,-104.9610267,5/21/2023 13:32,13:32:00,3,0,1,E COLFAX AVE & N GAYLORD ST,1,1,0,0,1,1,0,0,30,0,0,0,1,3,2,2,13
,2023-22435,39.67845631,-104.908213,6/6/2023 17:30,17:30:00,12,0,0,E EVANS AVE & S ONEIDA ST,1,1,0,0,1,1,0,0,,0,0,0,0,0,4,2,16
,2023-22437,39.74000831,-104.9874016,5/14/2023 16:49,16:49:00,1,0,1,E COLFAX AVE & N BROADWAY ST,1,1,0,0,1,1,0,0,30,0,0,0,1,3,2,2,11
,2023-22438,39.783639,-104.7858025,6/11/2023 9:23,9:23:00,12,0,0,E GREEN VALLEY RANCH BLVD & N SALIDA ST,1,1,0,0,1,4,0,0,35,0,0,0,0,0,4,4,3
,2023-22440,39.72157558,-105.0300282,6/11/2023 8:51,8:51:00,6,0,0, IRVING ST & W 3RD AVE,1,1,0,0,1,4,0,0,20,0,0,0,0,0,4,2,16
,2023-22441,39.72884589,-105.0148958,5/10/2023 14:37,14:37:00,15,0,0,I-25 & W 8TH AVE,1,1,0,1,1,4,0,0,,0,0,0,0,0,1,2,16
,2023-22442,39.72688281,-104.9124504,5/25/2023 12:00,12:00:00,12,0,0,E 7TH AVE & N MONACO ST,1,1,0,0,1,1,0,0,25,0,0,0,0,0,4,2,3
,2023-22443,39.71118747,-104.9987219,5/26/2023 9:14,9:14:00,12,0,0,I-25 ON RAMP FROM  SANTE FE DE & W ALAMEDA AVE,1,1,0,0,1,8,0,0,55,0,0,0,0,0,1,2,1
,2023-22444,39.73288607,-104.9034588,6/4/2023 9:00,9:00:00,3,0,0, QUEBEC ST & E 11TH AVE,11,1,0,1,1,1,0,0,30,0,0,0,0,0,4,2,13
,2023-22445,39.7755404,-104.8657427,6/6/2023 23:29,23:29:00,5,0,0,I-70 & N HAVANA ST,1,3,0,0,3,4,0,0,55,0,0,0,0,0,1,1,16
,2023-22447,39.74507318,-104.9750796,6/3/2023 15:50,15:50:00,15,0,0,PARK AVE & E 18TH AVE,1,1,0,0,1,4,0,0,30,0,0,0,0,0,4,3,16
,2023-22449,39.73293385,-104.9848549,4/21/2023 12:00,12:00:00,6,0,0,1000  SHERMAN ST,14,5,3,7,1,4,0,0,,0,0,0,0,0,4,2,16
,2023-22451,39.75574009,-105.0158238,6/11/2023 17:28,17:28:00,16,0,1,2601  ZUNI ST,1,2,0,0,5,7,0,0,10,0,0,0,0,1,3,1,16
,2023-22452,39.65952838,-104.9594517,6/10/2023 14:40,14:40:00,15,0,0, UNIVERSITY BLVD & E DARTMOUTH AVE,1,1,0,0,1,4,0,0,,0,0,0,0,0,4,2,16
,2023-22457,39.69873833,-104.9035519,6/10/2023 20:53,20:53:00,12,0,0, QUEBEC ST & LEETSDALE DR,1,3,1,0,1,4,0,0,30,0,0,0,0,0,4,2,14
,2023-22458,39.77323313,-105.0451454,6/11/2023 14:31,14:31:00,14,0,0, UTICA ST & W 41ST AVE,11,1,0,1,1,9,0,0,20,0,0,0,0,0,4,2,13
,2023-22462,39.76202534,-105.0092889,6/10/2023 23:39,23:39:00,6,0,0, 18TH ST & W 32ND AVE,1,3,0,0,1,3,0,0,15,0,0,0,0,0,4,3,16
,2023-22464,39.65316134,-104.9142804,6/11/2023 7:44,7:44:00,12,0,0,6337 E HAMPDEN AVE & S LOCUST ST,1,1,0,0,1,2,0,0,40,0,0,0,0,0,2,2,16
,2023-22466,39.79025978,-104.7458417,6/11/2023 17:03,17:03:00,6,0,0,5116  LISBON WY & E 51ST PL,11,1,0,1,1,4,0,0,,0,0,0,0,0,4,2,16
,2023-22469,39.76074761,-104.9597702,6/4/2023 16:12,16:12:00,3,0,0,E 31ST AVE & N YORK ST,1,1,0,0,1,1,0,0,30,0,0,0,0,0,4,2,1
,2023-22484,39.74015073,-104.9493316,6/11/2023 15:11,15:11:00,15,0,0,E COLFAX AVE & N STEELE ST,11,1,0,1,1,4,0,0,35,0,0,0,0,0,2,2,13
,2023-22493,39.73203347,-104.9819209,6/11/2023 1:07,1:07:00,6,0,0,1000  GRANT ST,1,3,0,0,1,4,0,0,35,0,0,0,0,0,4,3,16
,2023-22498,39.78115759,-104.9645411,6/1/2023 0:25,0:25:00,11,0,2, HIGH ST & E STEAVENSON PL,1,3,0,0,1,4,0,0,25,0,1,0,0,3,4,1,1
,2023-22499,39.74019271,-104.9895627,6/9/2023 0:32,0:32:00,5,0,1,144 W COLFAX AVE & MM 298,1,3,0,0,2,4,0,0,35,0,0,0,0,1,2,1,16
,2023-22509,39.82188644,-104.7719491,6/5/2023 3:29,3:29:00,3,1,4, TOWER RD & E 69TH AVE,1,3,0,0,1,1,0,0,40,0,0,0,0,4,4,4,1
,2023-22580,39.75285692,-104.9927116,5/10/2023 23:54,23:54:00,6,0,1,LARIMER ST & 20TH ST,11,3,0,0,1,4,0,0,30,0,0,0,0,2,4,3,14
,2023-22582,39.72144862,-105.0086265,6/12/2023 7:11,7:11:00,12,0,0,I-25 & W 6TH AVE NB OFF RAMP MERGE PT,1,1,0,0,1,8,0,0,55,0,0,0,0,0,1,2,16
,2023-22640,39.83812112,-104.7168094,6/12/2023 12:58,12:58:00,5,0,1,E 78TH AVE & N GUN CLUB RD,11,1,0,1,2,4,0,0,45,0,0,0,0,3,4,1,14
,2023-22641,39.68292231,-104.9405639,6/12/2023 14:41,14:41:00,12,0,3,I-25 & S COLORADO BLVD,11,1,0,0,1,4,0,0,60,0,0,0,0,1,1,2,16
,2023-22642,39.77657759,-105.0532488,4/29/2023 23:14,23:14:00,3,0,0,W 44TH AVE & SHERIDAN BLVD,1,3,0,0,1,1,0,0,,0,0,0,0,0,2,2,13
,2023-22672,39.74000585,-104.9861475,6/11/2023 21:40,21:40:00,3,0,0,E COLFAX AVE & N LINCOLN ST,11,3,0,1,1,1,0,0,35,0,0,0,0,0,2,2,3
,2023-22676,39.83362775,-104.7136405,6/11/2023 21:50,21:50:00,12,0,0,PENA BLVD & N GUN CLUB RD,11,3,0,1,1,4,0,0,65,0,0,0,0,0,4,2,14
,2023-22678,39.77423416,-104.8496752,6/12/2023 13:40,13:40:00,15,0,1,I-70 & N PEORIA ST,11,1,0,0,1,4,0,0,55,0,0,0,0,2,1,4,14
,2023-22696,39.72494722,-105.0160421,6/12/2023 3:12,3:12:00,5,0,0,I-25 RAMP NB RAMP FROM EB W 6TH AVE & I-25 NB-SB SPLIT,11,3,0,0,3,8,0,0,40,0,0,0,0,0,2,1,16
,2023-22716,39.77999837,-104.9787233,6/12/2023 12:15,12:15:00,12,0,0,I-70 WB OFF RAMP & N WASHINGTON ST,11,1,1,1,1,8,0,0,35,0,0,0,0,0,1,2,13
,2023-22724,39.72026008,-104.9582502,6/7/2023 9:52,9:52:00,6,0,0, JOSEPHINE ST & E 2ND AVE,1,1,0,0,1,4,0,0,30,0,0,0,0,0,4,2,16
,2023-22740,39.73468161,-104.9406185,6/12/2023 12:43,12:43:00,15,0,0, COLORADO BLVD & E 12TH AVE,11,1,0,1,1,1,0,0,35,0,0,0,0,0,2,2,13
,2023-22745,39.68229085,-105.0529466,6/12/2023 15:32,15:32:00,3,0,1,W JEWELL AVE & S SHERIDAN BLVD,1,1,0,0,1,2,0,0,,0,0,0,0,1,4,2,1
,2023-22769,39.7384782,-105.0426365,6/12/2023 9:00,9:00:00,6,0,0,W 14TH AVE & N STUART ST,1,1,0,0,1,4,0,0,25,0,0,0,0,0,4,3,16
,2023-22787,39.65244875,-104.9179359,6/12/2023 0:42,0:42:00,5,0,0,I-25 & E HAMPDEN AVE,11,3,0,1,3,4,0,0,75,0,0,0,0,0,1,1,13
,2023-22935,39.7460137,-105.0180209,6/12/2023 21:21,21:21:00,12,0,1,I-25 & NB OFF RAMP ENT TO W 23RD AVE,1,3,0,0,1,4,0,0,55,0,0,0,0,2,1,2,16
,2023-22941,39.73563031,-104.8894156,6/5/2023 6:50,6:50:00,3,0,0,E 12TH AVE & N WABASH ST,1,1,0,0,1,1,0,0,20,0,0,0,0,0,4,4,1
,2023-22943,39.74324898,-104.9733987,6/13/2023 9:00,9:00:00,3,0,0,E 17TH AVE & N DOWNING ST,1,1,0,0,1,1,0,0,30,0,0,0,0,0,4,2,1