id,drcog_id,latitude,longitude,crashtime,time,crashtype,numbkilled,numbinjurd,drcoglocat,rdconditin,lightngcon,roadcntgrd,weatherco,location,roaddescrp,schoolzone,constrzone,splimit,bikeinv,pedinv,sctrinv,motoinv,svrty,rdsystem,ttlvehcls,hcf
,2023-22944,39.83061177,-104.7788991,6/8/2023 8:35,8:35:00,12,0,0,E 56TH AVE,1,1,0,0,1,4,0,0,65,0,0,0,0,0,4,2,8
,2023-22945,39.76343989,-104.9222916,6/12/2023 8:52,8:52:00,6,0,0, HOLLY ST & E 33RD AVE,1,1,0,0,1,4,0,0,25,0,0,0,0,0,4,2,16
,2023-22947,39.68204605,-104.9522357,6/13/2023 6:10,6:10:00,3,0,0,E JEWELL AVE & S GARFILED ST,1,1,0,0,1,2,0,0,25,0,0,0,0,0,4,2,11
,2023-22949,39.72980024,-105.0148315,6/13/2023 8:45,8:45:00,12,0,1,I-25 ON RAMP FROM EB W 6TH AVE & I-25 RAMP MEGE PT,1,1,3,0,1,8,0,0,45,0,0,0,0,2,1,2,1
,2023-22950,39.69666624,-104.9936756,6/12/2023 11:46,11:46:00,12,0,0,W MISSISSIPPI AVE & S PLATTE RIVER DR,11,1,0,1,1,3,0,0,35,0,0,0,0,0,4,2,16
,2023-22951,39.74163772,-104.9684607,6/13/2023 14:15,14:15:00,12,0,0,E 16TH AVE & N FRANKLIN ST,11,1,0,0,1,1,0,0,,0,0,0,0,0,4,2,16
,2023-22955,39.68931416,-104.9593527,6/12/2023 16:20,16:20:00,15,0,0, UNIVERSITY BLVD & E FLORIDA AVE,1,1,0,0,1,1,0,0,30,0,0,0,0,0,4,2,3
,2023-22956,39.73680811,-104.9610186,6/13/2023 14:20,14:20:00,3,0,0, GAYLORD ST & E 13TH AVE,1,1,0,0,1,1,0,0,30,0,0,0,0,0,4,4,13
,2023-22960,39.61439889,-105.0914182,6/13/2023 14:04,14:04:00,1,0,1, WADSWORTH BLVD & W CROSS DR,1,1,0,0,1,1,0,0,35,0,0,0,0,2,2,2,3
,2023-22961,39.73843809,-104.987413,6/12/2023 6:40,6:40:00,10,0,0, BROADWAY ST & E 14TH AVE,1,1,0,0,1,1,0,0,30,0,0,0,0,0,4,2,8
,2023-22964,39.77798381,-104.7721473,6/11/2023 23:16,23:16:00,12,0,0, TOWER RD & E 45TH AVE,11,3,0,1,1,1,0,0,,0,0,0,0,0,4,2,16
,2023-22966,39.68796054,-105.0297134,5/29/2023 1:58,1:58:00,6,0,0, IRVING ST & W IOWA AVE,1,3,0,0,6,4,0,0,25,0,0,0,0,0,4,3,7
,2023-22967,39.73838028,-104.9597771,6/12/2023 13:45,13:45:00,10,0,0, YORK ST & E 14TH AVE,11,1,0,1,1,1,0,0,30,0,0,0,0,0,4,2,3
,2023-22968,39.78375545,-104.8097974,5/22/2023 9:00,9:00:00,15,0,0, CHAMBERS RD & E GREEN VALLEY RANCH BLVD,1,1,0,0,1,3,0,0,35,0,0,0,0,0,4,2,1
,2023-22969,39.73371517,-104.9717226,6/8/2023 16:00,16:00:00,6,0,0,E 11TH AVE & N MARION ST,14,5,0,7,1,4,0,0,,0,0,0,0,0,4,2,16
,2023-22970,39.78704568,-104.8932062,6/12/2023 12:15,12:15:00,3,0,0,E 49TH PL & N UINTA ST,11,1,0,1,1,1,0,0,20,0,0,0,0,0,4,2,11
,2023-22971,39.73736071,-104.9960946,6/5/2023 16:15,16:15:00,15,0,0,1300  SPEER BLVD,11,1,0,1,1,4,0,0,35,0,0,0,0,0,4,2,16
,2023-22972,39.76737075,-104.9025334,6/13/2023 11:45,11:45:00,12,0,0, QUEBEC ST & E 36TH AVE,1,1,0,0,1,1,0,0,30,0,0,0,0,0,4,2,3
,2023-22973,39.67866057,-105.0200442,6/12/2023 14:21,14:21:00,12,0,0,W EVANS AVE & S CLAY ST,11,1,0,0,1,3,0,0,30,0,0,0,0,0,4,2,16
,2023-22976,39.73838728,-104.9575163,5/21/2023 14:30,14:30:00,6,0,0,E 14TH AVE & N COLUMBINE ST,1,1,0,0,1,4,0,0,30,0,0,0,0,0,4,2,16
,2023-22980,39.78024907,-104.9397172,6/12/2023 23:09,23:09:00,15,0,0,I-70 & N COLORADO BLVD,1,3,0,0,1,4,0,0,65,0,0,0,0,0,1,2,13
,2023-22982,39.69675846,-105.0250715,5/28/2023 14:25,14:25:00,15,0,0, FEDERAL BLVD & W MISSISSIPPI AVE,1,1,0,0,1,4,0,0,40,0,0,0,0,0,2,2,16
,2023-22985,39.67121466,-104.9594018,6/7/2023 12:00,12:00:00,2,0,1,E HARVARD AVE & S UNIVERSITY BLVD,1,1,0,0,1,1,0,0,0,1,0,0,0,2,4,1,16
,2023-22987,39.69128047,-105.0253067,6/9/2023 17:12,17:12:00,6,0,0,3105 W ARKANSAS AVE & S FEDERAL BLVD,1,1,0,0,1,4,0,0,25,0,0,0,0,0,4,2,16
,2023-22989,39.77489508,-104.8551805,6/13/2023 17:15,17:15:00,12,0,0,I-70 & N PEORIA ST,1,1,0,0,1,4,0,0,65,0,0,0,0,0,1,2,1
,2023-22990,39.67486298,-104.9129471,6/12/2023 15:10,15:10:00,1,0,0, MONACO ST & E ILIFF AVE,11,1,0,0,1,1,0,0,30,0,0,0,0,0,4,2,3
,2023-22991,39.76094051,-105.0043135,6/13/2023 11:50,11:50:00,15,0,0,I-25 & 20TH ST,1,1,0,0,1,13,0,0,55,0,0,0,0,0,1,2,13
,2023-22995,39.74321547,-104.9647558,6/12/2023 9:45,9:45:00,3,0,0, HIGH ST & E 17TH AVE,1,1,0,0,1,1,0,0,25,0,0,0,0,0,4,2,13
,2023-22997,39.77994884,-104.945253,6/9/2023 15:45,15:45:00,3,0,0,E 46TH AVE & N MONROE ST,1,1,0,0,1,1,0,0,30,0,0,0,0,0,4,2,1
,2023-23002,39.68228265,-105.0531921,5/23/2023 23:50,23:50:00,3,0,0, SHERIDAN BLVD & W JEWELL AVE,1,3,0,0,1,1,0,0,40,0,0,0,0,0,2,3,16
,2023-23008,39.67649525,-104.9406371,6/13/2023 12:24,12:24:00,12,0,1, COLORADO BLVD & E WARREN AVE,11,1,0,0,1,3,0,0,40,0,0,0,0,1,2,2,3
,2023-23009,39.71818721,-104.9593357,6/12/2023 13:36,13:36:00,12,0,0,E 1ST AVE & N UNIVERSITY BLVD,11,1,0,1,1,1,0,0,30,0,0,0,0,0,4,2,3
,2023-23010,39.74324924,-104.9761521,6/6/2023 14:41,14:41:00,2,0,1,EMERSON ST & E 17TH AVE,1,1,0,0,1,1,0,0,35,1,0,0,0,2,4,1,13
,2023-23012,39.64598221,-105.0720413,5/28/2023 13:16,13:16:00,2,0,1,W MANSFIELD AVE & S PIERCE ST,1,1,0,0,1,6,0,0,,1,0,0,0,2,4,1,16
,2023-23015,39.65311101,-104.9220998,6/13/2023 8:40,8:40:00,15,0,0,E HAMPDEN AVE & S HOLLY ST,1,1,1,0,1,4,0,0,35,0,0,0,0,0,2,2,16
,2023-23019,39.71117173,-104.9901712,6/13/2023 9:58,9:58:00,12,0,0,W ALAMEDA AVE & S BANNOCK ST,11,1,0,0,1,3,0,0,30,0,0,0,0,0,4,2,3
,2023-23021,39.75857313,-105.0089577,6/12/2023 10:40,10:40:00,15,0,0,CENTRAL ST & 16TH ST,11,1,0,1,1,4,0,0,25,0,0,0,0,0,4,2,3
,2023-23023,39.75638181,-104.9776898,6/12/2023 13:43,13:43:00,3,0,0,28TH ST & CALIFORNIA ST,11,1,0,1,1,1,0,0,20,0,0,0,0,0,4,2,13
,2023-23025,39.71079152,-104.9986513,6/13/2023 11:37,11:37:00,15,0,0,I-25 & W ALAMEDA AVE,1,1,1,0,1,4,0,0,55,0,0,0,0,0,1,2,1
,2023-23027,39.67865827,-105.0205324,6/12/2023 10:05,10:05:00,12,0,1,W EVANS AVE & S CLAY ST,1,1,0,0,1,3,0,0,30,0,0,0,0,1,4,2,3
,2023-23029,39.69129518,-104.982796,6/13/2023 11:07,11:07:00,12,0,1, LOGAN ST & E ARKANSAS AVE,1,1,0,0,1,4,0,0,30,0,0,0,0,1,4,2,3
,2023-23030,39.77569201,-104.8665405,6/13/2023 16:11,16:11:00,12,0,0,I-70 & N HAVANA ST,1,1,0,0,1,4,0,0,55,0,0,0,0,0,1,2,13
,2023-23031,39.78029643,-104.9902677,6/13/2023 14:40,14:40:00,12,0,1,I-70 WB OFF RAMP TO SB -25 & I-70 OVERPASS,11,1,0,1,1,8,0,0,45,0,0,0,0,1,1,2,13
,2023-23034,39.73688651,-104.9823139,6/12/2023 11:40,11:40:00,3,0,0,E 13TH AVE & N LOGAN ST,11,1,0,1,1,1,0,0,30,0,0,0,0,0,4,2,3
,2023-23035,39.74021133,-104.9126156,6/12/2023 13:43,13:43:00,15,0,0,E COLFAX AVE & N MONACO ST PKWY,11,1,0,1,1,4,0,0,35,0,0,0,0,0,2,2,16
,2023-23038,39.7002564,-104.9081631,5/25/2023 16:10,16:10:00,12,0,0,LEETSDALE DR & S ONEIDA ST,11,1,0,1,1,3,0,0,35,0,0,0,0,0,2,2,13
,2023-23039,39.71310222,-104.9222914,6/12/2023 12:50,12:50:00,3,0,0,E CEDAR AVE & S HOLLY ST,11,1,0,1,1,1,0,0,25,0,0,0,0,0,4,2,3
,2023-23045,39.79479955,-104.8330753,6/12/2023 10:23,10:23:00,6,0,1,E MAXWELL PL & N VICTOR ST,1,1,0,0,1,4,0,0,30,0,0,0,0,2,4,2,12
,2023-23053,39.70710989,-105.0097786,6/12/2023 23:30,23:30:00,6,0,0, SHOSHONE ST & W VIRGINIA AVE,1,4,0,0,1,4,0,0,20,0,0,0,0,0,4,2,16
,2023-23062,39.72447751,-104.9836268,6/11/2023 10:51,10:51:00,6,0,0, GRANT ST & E 50TH AVE,1,1,0,0,1,4,0,0,20,0,0,0,0,0,4,2,16
,2023-23063,39.71834569,-104.9862383,6/12/2023 14:40,14:40:00,3,0,0, LINCOLN & E 1ST AVE,11,1,0,0,1,9,0,0,25,0,0,0,0,0,4,2,11
,2023-23065,39.67471749,-104.8707597,1/17/2023 21:56,21:56:00,12,0,0, PARKER RD & E ILIFF AVE,10,3,0,2,1,3,0,0,45,0,0,0,0,0,2,2,3
,2023-23071,39.78226451,-104.8657293,6/13/2023 7:25,7:25:00,12,0,0, HAVANA ST & E 47TH AVE,1,1,0,0,1,1,0,0,40,0,0,0,0,0,4,2,3
,2023-23073,39.77840954,-104.98885,6/13/2023 10:31,10:31:00,15,0,0,I-25 NB OFF RAMP & I-70 E-W RAMP SPLIT,1,1,0,0,1,8,0,0,45,0,0,0,0,0,1,2,13
,2023-23074,39.77287718,-104.9409433,6/12/2023 12:55,12:55:00,3,0,0,E 40TH AVE & N COLORADO BLVD,1,1,0,0,1,2,0,0,35,0,0,0,0,0,4,2,11
,2023-23075,39.74791211,-105.0532365,6/13/2023 8:13,8:13:00,14,0,0, SHERIDAN BLVD & W 20TH AVE,1,1,0,0,6,4,0,0,35,0,0,0,0,0,2,2,2
,2023-23098,39.71118634,-105.0145187,6/14/2023 16:27,16:27:00,1,0,1,W ALAMEDA AVE & S YUMA ST,1,1,0,0,1,1,0,0,35,0,0,0,0,2,2,2,11
,2023-23100,39.77535489,-104.862638,6/14/2023 7:45,7:45:00,15,0,0,I-70 & N HAVANA ST,1,1,0,0,1,4,0,0,55,0,0,0,0,0,1,2,11
,2023-23104,39.69662823,-104.986231,6/12/2023 17:09,17:09:00,2,0,0,E MISSISSIPPI AVE & S LINCOLN ST,1,1,0,0,1,1,0,0,0,1,0,0,0,0,4,1,16
,2023-23105,39.74166695,-104.9848548,6/13/2023 23:00,23:00:00,6,0,0, SHERMAN ST & E 16TH AVE,1,4,0,0,6,4,0,0,35,0,0,0,0,0,4,2,16
,2023-23107,39.72512886,-105.02503,6/14/2023 9:25,9:25:00,15,0,0,W 6TH AVE EB RAMPS & N FEDERAL BLVD,1,1,0,0,1,1,0,0,35,0,0,0,0,0,2,2,13
,2023-23108,39.74488971,-104.9861061,5/27/2023 4:54,4:54:00,3,0,7,E 18TH AVE & N LINCOLN ST,1,3,1,7,1,1,0,0,30,0,0,0,0,1,4,2,16
,2023-23109,39.76192993,-105.0252179,6/14/2023 17:27,17:27:00,12,0,0, FEDERAL BLVD & W 32ND AVE,1,3,0,0,1,3,0,0,35,0,0,0,0,0,2,3,13
,2023-23115,39.7225393,-104.9522094,6/14/2023 14:00,14:00:00,3,0,0, MILWAUKEE ST & E 4TH AVE,1,1,0,0,1,1,0,0,25,0,0,0,0,0,4,2,13
,2023-23117,39.77623194,-104.9895668,6/14/2023 17:33,17:33:00,12,0,0,I-25 & W 44TH AVE,1,1,1,0,1,4,0,0,55,0,0,0,0,0,1,2,7
,2023-23118,39.77450812,-104.8506949,6/12/2023 10:30,10:30:00,15,0,0,I-70 & N PEORIA ST,1,1,0,0,1,4,0,0,55,0,0,0,0,0,1,2,16
,2023-23122,39.697858,-104.9016168,6/14/2023 7:14,7:14:00,12,0,0, PARKER RD & S QUEBEC ST,1,1,1,0,1,4,0,0,35,0,0,0,0,0,2,2,3
,2023-23123,39.75585603,-104.9745882,6/13/2023 8:25,8:25:00,6,0,0,29TH ST & GLENARM PL,1,1,0,0,1,4,0,0,35,0,0,0,0,0,4,2,11
,2023-23126,39.71115717,-105.0226681,6/14/2023 10:19,10:19:00,14,0,0,W ALAMEDA AVE & S DECATUR ST,1,1,0,0,1,2,0,0,30,0,0,0,0,0,2,2,13
,2023-23129,39.77365782,-104.8488504,6/14/2023 17:57,17:57:00,12,0,0,I-70 EB OFF RAMP & N PEORIA ST,1,1,1,0,1,8,0,0,,0,0,0,0,0,4,2,16
,2023-23130,39.75115275,-104.9488402,6/14/2023 11:20,11:20:00,11,0,0,DENVER ZOO RD & E 23RD AVE,1,1,3,0,1,1,0,0,15,1,0,0,0,0,4,1,13
,2023-23131,39.77502856,-104.7424701,6/14/2023 15:36,15:36:00,6,0,0, MALAYA ST & E 42ND AVE,1,1,0,0,1,4,0,0,20,0,0,0,0,0,4,2,3
,2023-23132,39.74013842,-104.9439854,6/12/2023 22:55,22:55:00,15,0,1,E COLFAX AVE & N GARFIELD ST,1,3,0,0,1,3,0,0,,0,0,0,1,2,2,2,16
,2023-23133,39.71480645,-104.9985654,6/13/2023 21:50,21:50:00,3,0,0, SANTA FE DR & W BAYAUD AVE,1,3,0,0,1,1,0,0,30,0,0,0,0,0,4,2,16
,2023-23134,39.7671129,-104.9949159,6/12/2023 18:30,18:30:00,12,0,0,I-25 SB OFF RAMP FLY OVER & PARK AVE W,1,1,1,0,1,8,0,0,55,0,0,0,0,0,1,2,14
,2023-23136,39.79836668,-104.8613319,6/14/2023 8:05,8:05:00,3,0,0, JOLIET ST & E 56TH AVE,1,1,0,0,1,1,0,0,25,0,0,0,0,0,4,2,11
,2023-23138,39.7691677,-104.8657918,6/14/2023 7:06,7:06:00,10,0,0, HAVANA ST & E 37TH AVE,1,1,0,0,1,1,0,0,30,0,0,0,0,0,4,2,16
,2023-23146,39.66672256,-104.9362156,6/12/2023 14:11,14:11:00,16,0,0,2750  COLORADO BLVD,1,1,0,0,5,7,0,0,,0,0,0,0,0,3,2,16
,2023-23147,39.72521392,-105.0224464,6/13/2023 15:40,15:40:00,12,0,0,HWY 6 EB OFF RAMP TO -25 & FEDERAL BLVD,1,1,0,0,1,8,0,0,55,0,0,0,0,0,1,2,14
,2023-23148,39.7804517,-104.9636418,6/9/2023 9:35,9:35:00,15,0,0,I-70 & N BRIGHTON BLVD,1,1,0,0,1,4,0,0,55,0,0,0,0,0,1,2,16
,2023-23150,39.75851044,-105.034614,6/14/2023 12:26,12:26:00,1,0,0, LOWELL BLVD & W 29TH AVE,1,1,0,0,1,1,0,0,20,0,0,0,0,0,4,2,16
,2023-23157,39.76109963,-105.0046372,6/13/2023 9:49,9:49:00,12,0,0,I-25 & 20TH ST,1,1,0,0,1,13,0,0,55,0,0,0,0,0,1,2,13
,2023-23160,39.75549658,-104.9910542,6/13/2023 23:37,23:37:00,3,0,2,22ND ST & MARKET ST,1,3,0,0,1,1,0,0,25,0,0,0,0,2,4,2,1
,2023-23169,39.72866258,-104.9874067,6/14/2023 6:02,6:02:00,12,0,1, BROADWAY ST & E 8TH AVE,1,1,0,0,1,4,0,0,35,0,0,0,0,1,4,2,16
,2023-23171,39.75377645,-104.9984896,6/7/2023 21:35,21:35:00,11,0,0,WYNKOOP ST & 18TH ST,1,3,3,0,1,1,0,0,0,0,0,1,0,0,4,1,16
,2023-23172,39.77095204,-104.8470343,6/12/2023 13:15,13:15:00,3,0,0, PEORIA ST & E 39TH AVE,11,1,0,1,1,2,0,0,30,0,0,0,0,0,4,2,11
,2023-23179,39.75161331,-105.0030066,6/12/2023 23:45,23:45:00,12,0,1,WEWATTA ST & 15TH ST,1,3,0,0,1,4,0,0,25,0,0,0,0,1,4,2,14
,2023-23185,39.68984158,-104.9924748,6/3/2023 22:00,22:00:00,15,0,0, SANTA FE DR & W FLORIDA AVE,11,3,0,1,1,4,0,0,45,0,0,0,0,0,2,2,13
,2023-23194,39.76544667,-105.0252987,6/14/2023 8:50,8:50:00,12,0,0, FEDERAL BLVD & W 35TH AVE,1,1,0,0,1,4,0,0,35,0,0,0,0,0,2,2,3
,2023-23198,39.72570776,-104.9997177,6/13/2023 15:45,15:45:00,12,0,0,W 6TH AVE & N KALAMATH ST,1,1,0,0,1,3,0,0,35,0,0,0,0,0,4,3,14
,2023-23199,39.76921017,-104.734592,6/8/2023 19:16,19:16:00,12,0,0, PICADILLY RD & E 38TH AVE,1,2,0,0,1,4,0,0,45,0,0,0,0,0,4,2,16
,2023-23200,39.72927,-104.9124382,6/9/2023 13:00,13:00:00,10,0,1, MONACO ST & E 8TH AVE,1,1,0,0,1,4,0,0,35,0,0,0,1,1,4,2,11
,2023-23202,39.7907868,-104.8139998,6/14/2023 13:52,13:52:00,6,0,0,E 53RD AVE & N ELKHART ST,6,1,0,0,1,4,0,0,20,0,0,0,0,0,4,2,3
,2023-23210,39.78381072,-104.9479155,6/14/2023 12:10,12:10:00,12,0,0,E 48TH AVE & N VASQUEZ BLVD,1,1,1,0,1,3,0,0,25,0,0,0,1,0,4,2,10
,2023-23211,39.70943879,-105.0323582,6/14/2023 17:20,17:20:00,6,0,1,W DAKOTA AVE & S KNOX CT,1,3,0,0,1,4,0,0,25,0,0,0,0,1,4,4,16
,2023-23212,39.74456567,-104.962235,6/7/2023 12:43,12:43:00,6,0,0, VINE ST & E 18TH AVE,1,1,0,0,1,2,0,0,25,0,0,0,0,0,4,2,8
,2023-23219,39.6764479,-104.9129253,6/7/2023 15:00,15:00:00,2,0,1, MONACO ST & E ILIFF AVE,1,1,0,0,1,2,0,0,15,1,0,0,0,2,4,1,13
,2023-23226,39.83061177,-104.7788991,6/14/2023 13:46,13:46:00,12,0,0,E 56TH AVE,1,1,0,0,1,4,0,0,65,0,0,0,0,0,4,2,11
,2023-23252,39.76825837,-104.9942667,6/8/2023 17:50,17:50:00,5,0,2,I-25 & I-70 ON RAMP GORE PT,1,1,0,0,3,4,0,0,55,0,0,0,0,2,1,1,16
,2023-23254,39.69826324,-105.051178,6/10/2023 23:33,23:33:00,3,0,0,MORRISON RD & W TENNESSEE AVE,1,3,0,0,1,2,0,0,35,0,0,0,0,0,4,2,16
,2023-23255,39.74274419,-105.0393307,4/7/2023 12:58,12:58:00,10,0,1, PERRY ST & W 16TH AVE,1,1,0,0,1,1,0,0,25,0,1,0,0,3,4,2,1
,2023-23256,39.72550736,-104.9587391,6/10/2023 3:02,3:02:00,5,0,0, JOSEPHINE ST & E 6TH AVE,1,3,0,0,3,4,0,0,35,0,0,0,0,0,4,1,16
,2023-23262,39.77665711,-104.8470268,6/9/2023 15:30,15:30:00,1,0,0, PEORIA ST & E 44TH AVE,1,1,0,0,1,1,0,0,30,0,0,0,0,0,4,2,8
,2023-23264,39.83431655,-104.7155138,6/7/2023 23:45,23:45:00,1,0,0,GUN CLUB RD & WENATCHEE ST,1,3,0,0,1,1,0,0,35,0,0,0,0,0,4,2,8
,2023-23266,39.77986097,-104.9677048,6/8/2023 4:25,4:25:00,5,0,0,I-70 & N BRIGHTON BLVD (APPROX),1,3,0,0,2,13,0,0,55,0,0,0,0,0,1,1,16
,2023-23268,39.73400055,-104.9874139,6/15/2023 13:10,13:10:00,15,0,0, BROADWAY ST & E 11TH AVE,1,1,0,0,1,4,0,0,35,0,0,0,0,0,4,2,13
,2023-23269,39.78308553,-104.790493,6/7/2023 0:15,0:15:00,12,0,1,PENA BLVD & GREEN VALLEY RANCH BLVD,1,3,0,0,1,4,0,0,65,0,0,0,0,3,4,2,1
,2023-23274,39.77194594,-104.9767415,5/22/2023 17:20,17:20:00,12,0,0, BRIGHTON BLVD & 38TH AVE,1,1,0,0,1,4,0,0,30,0,0,0,0,0,4,2,1
,2023-23275,39.776122,-104.9792638,6/10/2023 23:51,23:51:00,5,0,0,3665 RINGSBY CT & N WASHINGTON ST,1,3,0,0,3,4,0,0,25,0,0,0,0,0,4,1,7
,2023-23276,39.82965093,-104.7718695,5/14/2023 2:46,2:46:00,5,0,0, TOWER RD & E 72ND AVE,11,4,0,1,6,4,0,0,45,0,0,0,0,0,4,1,16
,2023-23277,39.7728258,-104.7988452,6/4/2023 19:15,19:15:00,16,0,0,16221 E 40TH AVE & N LEWISTON ST,1,3,0,0,5,7,0,0,,0,0,0,0,0,3,2,16
,2023-23278,39.7765967,-104.8749302,5/23/2023 23:46,23:46:00,5,0,0,I-70 & N CENTRAL PARK BLVD,1,3,0,0,3,4,0,0,55,0,0,0,0,0,1,3,16
,2023-23279,39.72549719,-105.0394441,6/15/2023 8:30,8:30:00,12,0,0,W 6TH AVE & N PERRY ST,1,1,0,0,1,1,0,0,55,0,0,0,0,0,2,4,3
,2023-23280,39.68034219,-104.9805189,6/8/2023 13:40,13:40:00,2,0,0,E ASBURY AVE & S PEARL ST,1,1,0,0,1,1,0,0,0,1,0,0,0,0,4,1,16
,2023-23286,39.74167583,-104.9823433,5/29/2023 1:52,1:52:00,12,0,0,E 16TH AVE & N LOGAN ST,1,3,0,0,1,1,0,0,25,0,0,0,0,0,4,2,16
,2023-23288,39.67012454,-105.0813399,6/14/2023 13:26,13:26:00,12,0,3, WADSWORTH BLVD & W VASSAR AVE,1,1,1,0,1,1,0,0,45,0,0,0,0,2,2,3,1
,2023-23290,39.77992727,-104.9866507,4/19/2023 20:00,20:00:00,15,0,0,I-70 & I-25,1,3,0,0,1,4,0,0,55,0,0,0,0,0,1,2,16
,2023-23291,39.73482659,-104.9597934,6/14/2023 9:30,9:30:00,6,0,0, YORK ST & E 12TH AVE,1,1,0,0,1,4,0,0,,0,0,0,0,0,4,2,16
,2023-23293,39.76926628,-104.912707,6/15/2023 15:25,15:25:00,3,0,0,E 38TH AVE & N MONACO ST,1,1,0,0,1,1,0,0,30,0,0,0,0,0,4,2,13
,2023-23296,39.74296634,-104.9406089,4/28/2023 23:28,23:28:00,12,0,0, COLORADO BLVD & E COLFAX AVE,1,3,0,0,1,4,0,0,35,0,0,0,0,0,2,2,16
,2023-23297,39.74419408,-104.9882481,5/24/2023 15:40,15:40:00,15,0,0,TREMONT PL. & 17TH ST,1,1,0,0,1,4,0,0,30,0,0,0,0,0,4,2,13
,2023-23301,39.76038379,-105.0058291,6/15/2023 7:36,7:36:00,15,0,0,I-25 & W 20TH ST,1,1,0,0,1,13,0,0,55,0,0,0,0,0,1,2,13
,2023-23302,39.78194267,-104.9581471,6/14/2023 18:05,18:05:00,5,0,0, JOSEPHINE ST & E 47TH AVE,1,1,0,0,4,4,0,0,25,0,0,0,0,0,4,1,16
,2023-23304,39.73838708,-104.9574471,6/10/2023 14:36,14:36:00,10,0,0,E 14TH AVE & N COLUMBINE ST,1,1,0,0,1,1,0,0,35,0,0,0,0,0,4,2,13
,2023-23306,39.7350084,-104.9874034,6/1/2023 16:45,16:45:00,12,0,0, BROADWAY ST & E 12TH AV,1,1,0,0,1,4,0,0,35,0,0,0,0,0,4,4,1
,2023-23308,39.7115067,-104.9425598,5/16/2023 6:49,6:49:00,3,0,1, JACKSON ST & E ALAMEDA AVE,1,1,0,0,1,1,0,0,25,0,0,0,1,3,4,2,11
,2023-23309,39.76444632,-104.9405009,6/2/2023 9:23,9:23:00,15,0,0, COLORADO BLVD & E BRUCE RANDOLPH AVE,1,1,0,0,1,1,0,0,40,0,0,0,0,0,2,2,16
,2023-23310,39.69309445,-105.0343199,3/1/2023 17:39,17:39:00,6,0,0,W LOUISIANA AVE & S LOWELL BLVD,1,2,0,0,1,4,0,0,,0,0,0,0,0,4,2,16
,2023-23314,39.67843479,-104.9593933,6/14/2023 17:15,17:15:00,12,0,0, UNIVERSITY BLVD & E EVANS AVE,1,1,0,0,1,1,0,0,30,0,0,0,0,0,4,2,13
,2023-23315,39.74782919,-105.0015465,6/15/2023 10:00,10:00:00,12,0,0,MARKET ST & 14TH ST,1,1,0,0,1,1,0,0,25,0,0,0,0,0,4,2,3
,2023-23317,39.67876238,-104.9875678,6/15/2023 16:47,16:47:00,11,0,1, BROADWAY ST & E EVANS AVE,1,1,0,0,3,2,0,0,0,0,0,1,0,2,4,1,16
,2023-23318,39.70388972,-104.987489,6/15/2023 15:11,15:11:00,10,0,0, BROADWAY ST & E EXPOSITION AVE,1,1,0,0,1,1,0,0,35,0,0,0,0,0,4,2,13
,2023-23319,39.77811004,-104.7443129,6/11/2023 3:16,3:16:00,6,0,0,E 44TH AVE & N LIVERPOOL ST,1,3,0,0,1,4,0,0,20,0,0,0,0,0,4,2,16
,2023-23320,39.78000688,-104.979053,6/8/2023 12:29,12:29:00,10,0,0,I-70 WB RAMPS & N WASHINGTON ST,1,1,0,0,1,1,0,0,35,0,0,0,0,0,1,2,16
,2023-23322,39.61832135,-105.0911087,6/15/2023 11:37,11:37:00,3,0,0, WADSWORTH BLVD & W CRESTLINE AVE,1,1,0,0,1,1,0,0,40,0,0,0,0,0,2,2,13
,2023-23323,39.81461813,-104.7720774,4/12/2023 12:22,12:22:00,12,0,0,E 65TH AVE & N TOWER RD,1,1,0,0,1,1,0,0,,0,0,0,0,0,4,2,16
,2023-23324,39.77383746,-104.8827955,6/10/2023 23:05,23:05:00,5,0,0, CENTRAL PARK BLVD & E 40TH AVE,1,3,1,0,3,4,0,0,35,0,0,0,0,0,4,1,16
,2023-23325,39.62825786,-104.904045,6/15/2023 10:23,10:23:00,12,0,0,I-25 & E UNION AVE,1,1,0,0,1,4,0,0,60,0,0,0,0,0,1,3,16
,2023-23328,39.72569357,-104.9963898,6/15/2023 10:21,10:21:00,3,0,4,W 6TH AVE & N GALAPAGO ST,1,1,0,0,1,1,0,0,30,0,0,0,0,1,4,2,13
,2023-23329,39.71818721,-104.9593357,6/14/2023 14:00,14:00:00,15,0,0,E 1ST AVE & S UNIVERSITY BLVD,1,1,0,0,1,1,0,0,35,0,0,0,0,0,4,2,13
,2023-23331,39.75648966,-105.0220553,5/13/2023 8:58,8:58:00,6,0,0, DECATUR ST & W 27TH AVE,1,4,0,0,1,4,0,0,25,0,0,0,0,0,4,2,16
,2023-23332,39.73202004,-104.9810305,6/11/2023 17:11,17:11:00,3,0,0, PENNSYLVANIA ST & E 10TH AVE,1,1,0,0,1,1,0,0,35,0,0,0,0,0,4,2,16
,2023-23333,39.74919411,-104.9852902,6/15/2023 11:35,11:35:00,3,0,0,21ST ST & WELTON ST,1,1,0,0,1,1,0,1,20,0,0,0,0,0,4,2,11