id,drcog_id,latitude,longitude,crashtime,time,crashtype,numbkilled,numbinjurd,drcoglocat,rdconditin,lightngcon,roadcntgrd,weatherco,location,roaddescrp,schoolzone,constrzone,splimit,bikeinv,pedinv,sctrinv,motoinv,svrty,rdsystem,ttlvehcls,hcf
,2023-24092,39.72907208,-104.9848575,6/20/2023 0:08,0:08:00,5,0,0,E 8TH AVE & N SHERMAN ST,1,3,1,0,3,4,0,0,30,0,0,0,0,0,4,1,14
,2023-24093,39.65302499,-104.8812341,6/19/2023 8:23,8:23:00,12,0,0,E HAMPDEN AVE & S AKRON ST,1,1,0,0,1,3,0,0,45,0,0,0,0,0,2,2,3
,2023-24096,39.76567335,-104.9948629,6/9/2023 21:10,21:10:00,12,0,0,PARK AVE W & N GLOBEVILLE RD,1,3,0,0,1,3,0,0,35,0,0,0,0,0,4,2,7
,2023-24105,39.78028252,-104.966143,6/20/2023 4:46,4:46:00,15,0,0,I-70 & N BRIGHTON BLVD (APPROX),1,3,0,0,1,4,0,0,55,0,0,0,0,0,1,2,7
,2023-24109,39.64374632,-104.9132861,6/20/2023 17:46,17:46:00,12,0,1,I-25 & MM 200.9,1,1,0,0,1,4,0,0,65,0,0,0,1,2,1,2,11
,2023-24110,39.63854374,-105.040984,5/29/2023 21:40,21:40:00,12,0,0,W QUINCY AVE & S QUITMAN ST,1,3,0,0,1,4,0,0,35,0,0,0,0,0,4,2,16
,2023-24111,39.72922751,-104.9406317,6/20/2023 15:45,15:45:00,10,0,0,E 8TH AVE & N COLORADO BLVD,1,1,0,0,1,1,0,0,30,0,0,0,0,0,2,2,3
,2023-24112,39.7074852,-104.9407891,6/20/2023 13:45,13:45:00,12,0,0, COLORADO BLVD & CHERRY CREEK N DR,1,1,0,0,1,3,0,0,40,0,0,0,0,0,2,2,1
,2023-24115,39.68947836,-105.0416118,6/20/2023 11:51,11:51:00,8,0,2,W FLORIDA AVE & S RALEIGH ST,1,1,0,0,6,4,0,0,30,0,0,0,0,2,4,2,10
,2023-24116,39.61832135,-105.0911087,6/19/2023 12:02,12:02:00,12,0,0, WADSWORTH BLVD & W CRESTLINE AVE,1,1,0,0,1,1,0,0,40,0,0,0,0,0,2,2,3
,2023-24117,39.7463718,-105.028253,6/12/2023 10:30,10:30:00,6,0,0,W 19TH AVE & N HOOKER ST,1,3,0,0,1,4,0,0,20,0,0,0,0,0,4,2,16
,2023-24118,39.75103111,-104.9405996,6/20/2023 12:20,12:20:00,1,0,0, COLORADO BLVD & E 23RD AVE,1,1,0,0,1,1,0,0,35,0,0,0,0,0,2,2,3
,2023-24120,39.72927899,-104.9124497,6/19/2023 16:28,16:28:00,12,0,0,E 8TH AVE & N MONACO PKWY,1,1,0,0,1,1,0,0,30,0,0,0,0,0,4,2,13
,2023-24122,39.75228264,-104.9916991,6/20/2023 10:45,10:45:00,3,0,0,LAWRENCE ST & 20TH ST,1,1,0,0,1,1,0,0,25,0,0,0,0,0,4,2,8
,2023-24127,39.75948812,-104.9865525,6/9/2023 8:19,8:19:00,6,0,0,26TH ST & WALNUT ST,1,1,1,0,1,4,0,0,25,0,0,0,0,0,4,2,16
,2023-24129,39.75613585,-104.979761,6/19/2023 16:33,16:33:00,3,0,0,27TH ST & STOUT ST,1,1,0,0,1,1,0,0,25,0,0,0,0,0,4,2,11
,2023-24137,39.70723494,-104.9745622,5/29/2023 1:39,1:39:00,6,0,0, CORONA ST & E VIRGINIA AVE,1,4,0,0,1,4,0,0,,0,0,0,0,0,4,2,16
,2023-24140,39.77555362,-104.8649384,6/19/2023 11:40,11:40:00,15,0,0,I-70 & N HAVANA ST,1,1,0,0,1,4,0,0,55,0,0,0,0,0,1,3,11
,2023-24148,39.72932427,-105.0158892,6/19/2023 13:53,13:53:00,3,0,0, ZUNI ST & W 8TH AVE,1,1,0,0,1,1,0,0,30,0,0,0,0,0,4,2,11
,2023-24149,39.77871091,-104.9222931,6/19/2023 15:19,15:19:00,3,0,1, HOLLY ST & E 45TH N DR,1,1,0,0,1,1,0,0,30,0,0,0,0,1,4,2,14
,2023-24150,39.71309505,-104.9254499,6/19/2023 18:20,18:20:00,6,0,0,E CEDAR AVE & S GLENCOE ST,1,1,0,0,1,4,0,0,20,0,0,0,0,0,4,2,16
,2023-24151,39.78148173,-104.8406105,6/11/2023 5:10,5:10:00,9,0,0, TULSA CT & E 46TH AVE,1,2,0,0,1,4,0,0,25,0,0,0,0,0,4,3,14
,2023-24154,39.68918073,-104.9128968,6/19/2023 13:08,13:08:00,12,0,1, MONACO ST & E FLORIDA AVE,1,1,0,0,1,3,0,0,35,0,0,0,0,1,4,2,3
,2023-24155,39.75967152,-105.0017782,6/17/2023 19:31,19:31:00,12,0,0,20TH ST & LITTLE RAVEN ST,1,1,0,0,1,4,0,0,,0,0,0,0,0,4,2,16
,2023-24156,39.65308003,-104.891846,5/23/2023 21:20,21:20:00,3,0,0,E HAMPDEN AVE & S VERBENA ST,1,3,0,0,1,1,0,0,,0,0,0,0,0,2,2,1
,2023-24158,39.73839004,-104.9584499,6/14/2023 11:05,11:05:00,12,0,0,E 14TH AVE & N JOSEPHINE ST,1,1,0,0,1,2,0,0,35,0,0,0,0,0,4,2,16
,2023-24163,39.83431655,-104.7155138,6/18/2023 15:00,15:00:00,12,0,0, GUN CLUB RD,1,1,0,0,1,4,0,0,65,0,0,0,0,0,4,2,14
,2023-24165,39.75613619,-104.8885837,6/2/2023 23:45,23:45:00,6,0,0,8594 E 28TH AVE & N WILLOW ST,1,3,0,0,1,4,0,0,20,0,0,0,0,0,4,2,11
,2023-24178,39.77954004,-104.9291866,6/19/2023 0:22,0:22:00,5,0,1,I-70 & N HOLLY ST EB OFF RAMP ENT,1,3,0,0,6,4,0,0,55,0,0,0,0,2,1,1,3
,2023-24179,39.69664858,-104.9918859,6/20/2023 15:38,15:38:00,15,0,0, SANTA FE DR & W MISSISSIPPI AVE,1,1,0,0,1,1,0,0,45,0,0,0,0,0,2,2,16
,2023-24181,39.78060846,-104.9407527,6/19/2023 16:49,16:49:00,10,0,0,I-70 WB OFF RAMP & N COLORADO BLVD,1,1,0,0,1,1,0,0,30,0,0,0,0,0,2,2,13
,2023-24186,39.72542512,-105.0133128,6/20/2023 14:20,14:20:00,15,0,0,I-25 & W 6TH AVE (APPROX),1,1,0,0,1,4,0,0,55,0,0,0,0,0,1,2,13
,2023-24188,39.71781224,-104.9351352,6/20/2023 14:00,14:00:00,6,0,0,E 1ST AVE & N CLERMONT ST,1,1,0,0,1,1,0,0,25,0,0,0,0,0,4,2,3
,2023-24191,39.71223476,-104.9997674,6/14/2023 11:46,11:46:00,12,0,0,I-25 & W ALAMEDA AVE,1,1,0,0,1,4,0,0,55,0,0,0,0,0,1,2,13
,2023-24193,39.70251053,-104.985105,4/22/2023 21:10,21:10:00,6,0,1, SHERMAN ST & E EXPOSITION AVE,1,4,0,0,2,4,0,0,30,0,0,0,1,2,4,7,9
,2023-24194,39.74317385,-104.9798923,5/11/2023 17:15,17:15:00,14,0,0, PEARL ST & E 17TH AVE,11,1,0,1,1,3,0,0,,0,0,0,0,0,4,2,16
,2023-24195,39.75491566,-105.044022,6/13/2023 3:08,3:08:00,6,0,0, TENNYSON ST & W 26TH AVE,1,3,0,0,1,4,0,0,25,0,0,0,0,0,4,3,16
,2023-24196,39.75249466,-104.9874059,6/20/2023 7:42,7:42:00,15,0,0, BROADWAY ST & 22ND ST,1,1,0,0,1,3,0,0,30,0,0,0,0,0,4,2,13
,2023-24203,39.67915936,-105.0530663,6/20/2023 16:34,16:34:00,3,0,0,W EVANS AVE & S SHERIDAN BLVD,1,1,0,0,1,2,0,0,30,0,0,0,0,0,4,2,11
,2023-24205,39.74021883,-104.8987675,6/18/2023 3:41,3:41:00,1,0,1,E COLFAX AVE & N SYRACUSE ST,1,3,0,0,1,1,0,0,45,0,0,0,0,2,2,2,16
,2023-24206,39.71295181,-104.9757441,5/29/2023 1:32,1:32:00,6,0,0, OGDEN ST & E CEDAR AVE,1,4,0,0,1,4,0,0,25,0,0,0,0,0,4,2,13
,2023-24207,39.70496369,-104.9950024,6/19/2023 10:45,10:45:00,12,0,0,I-25 ON RAMP FROM  SANTA FE DR,1,1,1,0,1,8,0,0,55,0,0,0,0,0,1,2,10
,2023-24209,39.727268,-104.9823643,6/20/2023 16:35,16:35:00,15,0,0, LOGAN ST & E 7TH AVE,1,1,0,0,1,1,0,0,30,0,0,0,0,0,4,2,3
,2023-24210,39.73990416,-104.9407879,6/20/2023 11:55,11:55:00,12,0,0, COLORADO BLVD & E COLFAX AVE,1,1,0,0,1,3,0,0,35,0,0,0,0,0,2,3,11
,2023-24211,39.72294728,-105.039116,6/20/2023 6:40,6:40:00,5,0,0,W 4TH AVE & 406 N PERRY ST,1,1,0,0,4,1,0,0,30,0,0,0,0,0,4,1,10
,2023-24219,39.73868053,-104.976465,6/19/2023 10:00,10:00:00,6,0,0, EMERSON ST & E 14TH AVE,1,1,0,0,1,3,0,0,25,0,0,0,0,0,4,2,16
,2023-24220,39.65310693,-104.8940826,6/19/2023 16:30,16:30:00,3,0,1, ULSTER ST & E HAMPDEN AVE,1,1,1,0,1,1,0,0,45,0,0,0,0,2,2,2,11
,2023-24222,39.65396026,-104.9317005,6/17/2023 2:52,2:52:00,6,0,0, DAHLIA ST & HAMPDEN AVE,1,4,0,0,3,4,0,0,25,0,0,0,0,0,4,3,16
,2023-24229,39.698943,-104.904497,6/19/2023 14:01,14:01:00,15,0,0,LEETSDALE DR & S QUEBEC ST,1,1,0,0,1,4,0,0,35,0,0,0,0,0,2,2,11
,2023-24230,39.77526213,-104.8615645,5/21/2023 1:29,1:29:00,15,0,2,I-70 & N HAVANA ST,1,3,0,0,1,8,0,0,55,0,0,0,0,3,1,3,8
,2023-24237,39.72887543,-104.9928577,6/20/2023 15:15,15:15:00,12,0,0, DELAWARE ST & W 8TH AVE,1,1,0,0,1,3,0,0,25,0,0,0,0,0,4,2,13
,2023-24238,39.75831253,-104.9874527,5/29/2023 8:40,8:40:00,12,0,0,WALNUT ST & N BROADWAY ST,1,2,0,0,1,1,0,0,30,0,0,0,0,0,4,2,3
,2023-24239,39.83412854,-104.7718812,6/20/2023 15:56,15:56:00,9,0,2, TOWER RD,1,1,0,0,1,4,0,0,65,0,0,0,0,1,4,2,14
,2023-24269,39.7686886,-104.9938272,6/20/2023 7:12,7:12:00,15,0,2,I-25 & PARK AVE W,1,1,1,0,1,13,0,0,,0,0,0,0,1,1,2,16
,2023-24270,39.68767023,-104.9919383,6/20/2023 8:47,8:47:00,12,0,0, SANTA FE DR & W IOWA AVE,1,1,0,0,1,3,0,0,45,0,0,0,0,0,2,4,16
,2023-24271,39.66425997,-104.9688127,6/19/2023 17:41,17:41:00,6,0,0,2900  FRANKLIN ST,1,1,0,0,1,4,0,0,30,0,0,0,0,0,4,2,1
,2023-24274,39.72911398,-104.9590157,6/21/2023 6:48,6:48:00,12,0,0,E 8TH AVE & N JOSEPHINE ST,1,1,0,0,1,1,0,0,35,0,0,0,0,0,4,2,16
,2023-24275,39.76120072,-104.9027632,6/21/2023 9:40,9:40:00,3,0,2,E MLK BLVD & N QUEBEC ST,1,1,0,0,1,1,0,0,35,0,0,0,0,2,4,2,1
,2023-24276,39.83527257,-104.7468332,6/21/2023 4:20,4:20:00,5,0,0,E-470 & PENA BLVD,1,3,0,0,3,4,0,0,75,0,0,0,0,0,2,1,10
,2023-24277,39.78025623,-104.9353584,1/16/2023 15:22,15:22:00,15,0,2,I-70 & N COLORADO BLVD WB OFF RAMP GORE PT,1,1,0,0,1,8,0,0,65,0,0,0,0,1,1,2,1
,2023-24280,39.71120907,-104.9315772,6/21/2023 7:25,7:25:00,3,0,1,E ALAMEDA AVE & S DAHLIA ST,1,1,0,0,1,1,0,0,35,0,0,0,0,2,4,3,13
,2023-24281,39.70214313,-104.9875274,6/21/2023 7:25,7:25:00,3,0,0, BROADWAY ST & E OHIO AVE,1,1,0,0,1,1,0,0,30,0,0,0,0,0,4,2,16
,2023-24285,39.65060898,-104.9167376,6/21/2023 4:23,4:23:00,16,0,0,3635  MONACO ST,1,3,0,0,5,7,0,0,15,0,0,0,0,0,3,1,2
,2023-24288,39.78589169,-104.7721288,6/20/2023 16:24,16:24:00,1,0,1, TOWER RD & E 49TH AVE,1,3,0,0,1,1,0,0,45,0,0,0,0,2,4,2,14
,2023-24289,39.7703438,-104.9719753,6/21/2023 6:01,6:01:00,12,0,0,38TH ST & WALNUT ST,1,1,0,0,1,3,0,0,30,0,0,0,0,0,4,2,11
,2023-24290,39.77567102,-104.8662976,6/21/2023 17:40,17:40:00,12,0,0,I-70 & N HAVANA ST,1,1,0,0,1,4,0,0,55,0,0,0,0,0,1,3,10
,2023-24292,39.78436931,-104.9530154,6/20/2023 3:30,3:30:00,5,0,0,4850  FILLMORE ST & 49TH AVE,1,4,0,0,1,4,0,0,,0,0,0,0,0,4,1,16
,2023-24293,39.73287259,-104.9020515,6/21/2023 17:07,17:07:00,3,0,0,E 11TH AVE & N ROSLYN ST,1,1,0,0,1,1,0,0,25,0,0,0,0,0,4,2,1
,2023-24294,39.83061177,-104.7788991,6/21/2023 14:50,14:50:00,12,0,0,E 56TH AVE,1,1,0,0,1,4,0,0,65,0,0,0,0,0,4,2,11
,2023-24295,39.73842123,-104.9787386,6/21/2023 12:55,12:55:00,3,0,0,E 14TH AVE & N WASHINGTON ST,1,1,0,0,1,1,0,0,30,0,0,0,0,0,4,2,3
,2023-24296,39.72011389,-104.9775466,6/21/2023 12:35,12:35:00,3,0,0, CLARKSON ST & E SPEER BLVD,1,1,0,0,1,1,0,0,25,0,0,0,0,0,4,2,16
,2023-24298,39.7177857,-104.9407881,6/21/2023 13:00,13:00:00,3,0,2, COLORADO BLVD & E 1ST AVE,1,1,0,0,1,1,0,0,35,0,0,0,0,2,2,2,13
,2023-24299,39.67843479,-104.9593933,6/21/2023 15:45,15:45:00,12,0,0, UNIVERSITY BLVD & E EVANS AVE,1,1,0,0,1,1,0,0,30,0,0,0,0,0,4,2,3
,2023-24300,39.78353876,-105.0141809,6/21/2023 8:24,8:24:00,15,0,0,I-70 & N PECOS ST,1,1,0,0,1,4,0,0,55,0,0,0,0,0,1,3,16
,2023-24304,39.71120816,-104.9316588,6/21/2023 9:17,9:17:00,12,0,0,E ALAMEDA AVE & S DAHLIA ST,1,1,0,0,1,3,0,0,35,0,0,0,0,0,4,2,13
,2023-24305,39.78968846,-104.9522663,6/20/2023 4:38,4:38:00,6,0,0,5133  MILWAUKEE ST & E 51ST AVE,1,4,0,0,1,4,0,0,20,0,0,0,0,0,4,3,14
,2023-24307,39.78238036,-104.8526459,6/20/2023 12:05,12:05:00,1,0,5,E 47TH AVE & N NOME ST,1,1,0,0,1,1,0,0,35,0,0,0,0,2,4,2,16
,2023-24308,39.76731068,-104.890457,6/20/2023 19:17,19:17:00,3,0,0, CENTRAL PARK BLVD & E 36TH AVE,1,1,0,0,1,1,0,0,30,0,0,0,0,0,4,3,3
,2023-24309,39.63018716,-104.8852307,6/21/2023 8:59,8:59:00,12,0,1, YOSEMITE ST & E UNION AVE,1,1,0,0,1,4,0,0,35,0,0,0,0,2,4,2,16
,2023-24310,39.77867715,-104.8657545,6/21/2023 15:32,15:32:00,1,0,0, HAVANA ST & E 45TH AVE,1,1,0,0,1,1,0,0,40,0,0,0,0,0,4,4,7
,2023-24317,39.73839355,-104.965998,6/12/2023 10:57,10:57:00,3,0,1, WILLIAMS ST & E 14TH AVE,1,1,0,0,1,1,0,0,25,0,0,0,0,3,4,2,10
,2023-24320,39.68952169,-105.0479848,5/22/2023 23:06,23:06:00,9,0,0,W FLORIDA AVE & S WOLFF ST,1,3,0,0,1,1,0,0,25,0,0,0,0,0,4,2,16
,2023-24326,39.7475734,-105.0299379,6/21/2023 9:20,9:20:00,3,0,2, IRVING ST & W 20TH AVE,1,1,0,0,1,1,0,0,25,0,0,0,0,2,4,2,13
,2023-24328,39.78363862,-104.7906956,6/21/2023 12:50,12:50:00,12,0,1,E GREEN VALLEY RANCH BLVD & PENA BLVD,1,1,0,0,1,4,0,0,40,0,0,0,0,1,4,2,16
,2023-24329,39.7193443,-104.9814513,6/21/2023 8:35,8:35:00,3,0,0,E 2ND AVE & N PENNSYLVANIA ST,1,1,0,0,1,1,0,0,25,0,0,0,0,0,4,2,11
,2023-24330,39.78363784,-104.7904896,6/21/2023 6:29,6:29:00,1,0,1,E GREEN VALLEY RANCH BLVD & PENA BLVD INBOUND,1,1,0,0,1,1,0,0,35,0,0,0,0,1,4,2,11
,2023-24332,39.74007305,-104.889369,6/13/2023 6:38,6:38:00,3,0,0, WABASH ST & E COLFAX AVE,1,2,0,0,1,1,0,0,25,0,0,0,0,0,2,2,11
,2023-24337,39.73839355,-104.965998,6/21/2023 9:59,9:59:00,3,0,0, WILLIAMS ST & E 14TH AVE,1,1,0,0,1,1,0,0,20,0,0,0,0,0,4,2,13
,2023-24341,39.77665711,-104.8470268,6/16/2023 7:20,7:20:00,12,0,0, PEORIA ST & E 44TH AVE,11,1,0,1,1,1,0,0,35,0,0,0,0,0,4,2,16
,2023-24342,39.70884119,-105.046075,6/21/2023 8:17,8:17:00,15,0,0, UTICA ST & W ALASKA PL,1,1,1,0,1,3,0,0,25,0,0,0,0,0,4,2,3
,2023-24347,39.79107338,-105.0158212,6/21/2023 7:02,7:02:00,1,0,0,W 52ND AVE & N ZUNI ST,1,1,0,0,1,1,0,0,30,0,0,0,0,0,4,2,16
,2023-24348,39.71109408,-105.0249414,6/18/2023 12:21,12:21:00,12,0,0, FEDERAL BLVD & W ALAMEDA AVE,1,1,0,0,1,1,0,0,35,0,0,0,0,0,2,2,16
,2023-24349,39.69664858,-104.9918859,6/21/2023 14:35,14:35:00,12,0,0, SANTA FE DR & W MISSISSIPPI AVE,1,1,0,0,1,1,0,0,40,0,0,0,0,0,2,3,3
,2023-24352,39.79354357,-104.9034281,6/19/2023 15:45,15:45:00,5,0,0, QUEBEC ST & E 53RD PL,1,1,0,0,3,1,0,0,40,0,0,0,0,0,2,1,16
,2023-24354,39.73590406,-104.8846767,4/21/2023 0:09,0:09:00,6,0,0, YOSEMITE ST & E 12TH AVE,1,3,0,0,1,4,0,0,,0,0,0,0,0,4,2,16
,2023-24355,39.76105636,-105.004194,6/20/2023 17:52,17:52:00,12,0,0,I-25 & 20TH ST,1,1,0,0,1,4,0,0,55,0,0,0,0,0,1,3,13
,2023-24357,39.78094213,-104.8828179,6/16/2023 15:16,15:16:00,1,0,0, CENTRAL PARK BLVD & E 46TH AVE,11,1,0,1,1,3,0,0,35,0,0,0,0,0,4,2,11
,2023-24358,39.77567102,-104.8662976,6/21/2023 16:52,16:52:00,12,0,0,I-70 & N HAVANA ST,1,1,0,0,1,4,0,0,55,0,0,0,0,0,1,2,10
,2023-24359,39.75305864,-104.9854682,5/17/2023 19:45,19:45:00,3,0,1,CHAMPA ST & PARK AVE W,1,2,0,0,1,1,0,0,30,0,0,0,0,1,4,2,16
,2023-24364,39.78362627,-104.7775502,6/21/2023 18:21,18:21:00,10,0,1,E GREEN VALLEY RANCH BLVD & N WALDEN ST,1,1,0,0,1,1,0,0,30,0,0,0,0,3,4,2,13
,2023-24369,39.76697173,-104.971757,6/19/2023 12:05,12:05:00,6,0,0,E 36TH AVE & N MARION ST,1,1,0,0,1,4,0,0,20,0,0,0,0,0,4,2,14
,2023-24382,39.75283746,-105.0128244,6/12/2023 21:45,21:45:00,11,0,1,906 WATER ST & N SPEER BLVD,1,3,0,0,1,2,0,0,25,0,0,1,0,2,4,1,11
,2023-24385,39.79459124,-104.8220925,6/20/2023 17:25,17:25:00,3,0,2, BLACKHAWK WY & N CROWN BLVD,1,1,0,0,1,1,0,0,25,0,0,0,0,1,4,3,13
,2023-24386,39.68979292,-105.0117578,6/2/2023 16:17,16:17:00,6,0,0,1450  TEJON ST & W FLORIDA AVE,1,1,0,0,2,4,0,0,25,0,0,0,0,0,4,2,16
,2023-24387,39.69149295,-104.97694,4/26/2023 10:41,10:41:00,3,0,1, EMERSON ST & E BUCHTEL BLVD,1,1,0,0,1,1,0,0,25,0,0,0,0,2,4,2,16
,2023-24388,39.69404826,-104.9788262,6/16/2023 7:26,7:26:00,12,0,0,I-25 & OFF RAMP GORE PT TO S BROADWAY ST,1,1,0,0,1,8,0,0,,0,0,0,0,0,1,3,16
,2023-24391,39.69135964,-105.0532002,6/20/2023 22:20,22:20:00,1,0,2, SHERIDAN BLVD & W ARKANSAS AVE,1,3,0,0,1,1,0,0,45,0,0,0,0,1,2,2,16
,2023-24426,39.61832865,-105.0913762,6/23/2023 11:12,11:12:00,12,0,0, WADSWORTH BLVD & W CRESTLINE AVE,1,1,0,0,1,1,0,0,45,0,0,0,0,0,2,2,14
,2023-24427,39.79088245,-104.8378998,4/19/2023 6:06,6:06:00,6,0,0, TULSA WY & N URSULA WY,1,2,0,0,1,4,0,0,25,0,0,0,0,0,4,3,1
,2023-24432,39.67845309,-104.9337099,6/21/2023 23:40,23:40:00,15,0,0,I-25 & E EVANS AVE,11,3,1,1,1,4,0,0,60,0,0,0,0,0,1,2,13
,2023-24439,39.63563128,-104.9079899,6/23/2023 5:21,5:21:00,12,0,0,I-25 & SB OFF RAMP MERGE PT TO E BELLEVIEW AVE,1,1,0,0,1,8,0,0,60,0,0,0,0,0,1,2,13
,2023-24440,39.76115306,-105.004746,6/23/2023 7:37,7:37:00,12,0,0,I-25 & 20TH ST,1,3,0,0,1,4,0,0,55,0,0,0,0,0,1,2,3
,2023-24443,39.73685831,-104.9986901,6/23/2023 18:30,18:30:00,3,0,0, SANTA FE DR & W 13TH AVE,1,1,0,0,1,1,0,0,30,0,0,0,0,0,4,2,16
,2023-24444,39.74545336,-104.990103,6/23/2023 21:35,21:35:00,15,0,0,17TH ST & WELTON ST,1,3,0,0,1,1,0,0,25,0,0,0,0,0,4,2,8
,2023-24445,39.78256766,-104.876265,6/24/2023 16:40,16:40:00,1,0,0,E NORTHFIELD BLVD & N DALLAS ST,1,1,0,0,1,1,0,0,35,0,0,0,0,0,4,2,13
,2023-24449,39.70009216,-104.9934866,6/22/2023 15:29,15:29:00,12,0,0, SANTA FE DR & W TENNESSEE AVE,11,1,0,1,1,4,0,0,45,0,0,0,0,0,2,2,16
,2023-24450,39.66949406,-104.9875843,6/22/2023 17:43,17:43:00,1,0,1, BROADWAY ST & W VASSAR DR,1,1,0,0,1,1,0,0,35,0,0,0,1,3,4,2,10
,2023-24454,39.75355378,-104.9933016,6/23/2023 18:31,18:31:00,12,0,0,20TH ST & MARKET ST,1,1,0,0,1,3,0,0,25,0,0,0,0,0,4,2,8
,2023-24455,39.68931579,-104.9500517,6/23/2023 16:30,16:30:00,12,0,1,E FLORIDA AVE & S STEELE ST,1,1,0,0,1,4,0,0,30,0,0,0,0,1,4,2,13
,2023-24456,39.61831472,-105.0896795,6/24/2023 12:57,12:57:00,1,0,0,W CRESTLINE AVE & S WADSWORTH BLVD,1,1,0,0,1,2,0,0,35,0,0,0,0,0,4,2,16
,2023-24460,39.74139484,-104.9988346,6/23/2023 21:24,21:24:00,15,0,0, SPEER BLVD & STOUT ST,1,3,0,0,1,1,0,0,35,0,0,0,0,0,4,2,11
,2023-24461,39.68587768,-105.0263973,6/24/2023 18:24,18:24:00,3,0,0,3131 W MEXICO AVE & S FEDERAL BLVD,1,1,0,0,1,2,0,0,20,0,0,0,0,0,4,2,13
,2023-24463,39.70258191,-105.0450363,6/4/2023 2:19,2:19:00,5,0,0,MORRISON RD & W OHIO AVE,11,3,0,0,3,12,0,0,25,0,0,0,0,0,4,1,16
,2023-24466,39.7242651,-104.9811293,6/23/2023 0:55,0:55:00,6,0,0, PENNSYLVANIA ST & E 5TH AVE,11,4,0,0,1,4,0,0,25,0,0,0,0,0,4,3,3
,2023-24480,39.76944891,-105.0314442,6/22/2023 21:01,21:01:00,6,0,0,W 38TH AVE & N JULIAN ST,11,3,1,1,1,4,0,0,30,0,0,0,0,0,4,2,14
,2023-24485,39.70543025,-105.0517019,6/23/2023 22:19,22:19:00,6,0,0,5024 W CENTER DR & S SHERIDAN BLVD,1,4,0,0,1,2,0,0,25,0,0,0,0,0,4,2,3
,2023-24489,39.6567365,-105.0452114,6/23/2023 15:50,15:50:00,6,0,0,3223  VRAIN ST & S HAMILTON PL,1,1,0,0,1,4,0,0,20,0,0,0,0,0,4,2,11
,2023-24490,39.78363784,-104.7904896,6/23/2023 16:01,16:01:00,1,0,2,E GREEN VALLEY RANCH BLVD & PENA BLVD,1,1,0,0,1,1,0,0,40,0,0,0,0,2,4,5,11
,2023-24491,39.725636,-104.9811195,6/20/2023 18:00,18:00:00,16,0,0,500 E 6TH AVE,14,5,3,7,6,14,0,0,,0,0,0,0,0,4,1,16
,2023-24492,39.73533046,-104.8858537,6/11/2023 19:10,19:10:00,6,0,0,1200 1186  XENIA ST,1,3,0,0,1,4,0,0,0,1,0,0,0,0,4,1,16
,2023-24496,39.79838492,-104.7863906,6/19/2023 12:17,12:17:00,12,0,0,E 56TH AVE & PENA BLVD,1,1,0,0,1,1,0,0,40,0,0,0,0,0,4,3,1
,2023-24500,39.67179008,-105.0220992,6/13/2023 4:54,4:54:00,6,0,0,W HARVARD AVE & S DECATUR ST,1,3,0,0,1,4,0,0,20,0,0,0,0,0,4,2,16
,2023-24503,39.72766889,-105.0278622,6/23/2023 7:52,7:52:00,12,0,0,W 6TH AVE & N FEDERAL BLVD,1,1,0,0,1,4,0,0,50,0,0,0,0,0,2,2,13
,2023-24516,39.7450009,-105.0094698,6/23/2023 17:48,17:48:00,10,0,0,AURARIA PKWY & 7TH ST,1,1,0,0,1,1,0,0,35,0,0,0,0,0,4,2,8
,2023-24517,39.75512415,-104.850431,6/23/2023 9:10,9:10:00,6,0,1,E MLK BLVD & E 26TH AVE,1,1,0,0,3,4,0,0,35,0,0,0,0,1,4,2,6
,2023-24521,39.77821115,-104.9087222,6/23/2023 17:09,17:09:00,12,0,1,I-70 & QUEBEC ST,1,1,0,0,1,13,0,0,55,0,0,0,0,1,1,3,13
,2023-24526,39.74980247,-104.9862011,6/23/2023 7:49,7:49:00,12,0,0,CALIFORNIA ST & 21ST ST,1,1,0,0,1,4,0,0,30,0,0,0,0,0,4,3,16
,2023-24532,39.72922564,-104.9327283,6/21/2023 14:23,14:23:00,3,0,3, DEXTER ST & E 8TH AVE,1,1,0,0,1,1,0,0,25,0,0,0,0,1,4,3,16
,2023-24538,39.67865885,-105.0203578,6/22/2023 7:10,7:10:00,10,0,0,W EVANS AVE & S CLAY ST,1,1,0,0,1,1,0,0,30,0,0,0,0,0,4,2,1
,2023-24540,39.77291419,-104.8658148,6/22/2023 8:30,8:30:00,1,0,0, HAVANA ST & E 40TH AVE,1,1,0,7,1,1,0,0,25,0,0,0,0,0,4,2,13
,2023-24542,39.76648507,-104.9733517,6/21/2023 22:40,22:40:00,5,0,2, DOWNING ST & LAWRENCE ST,11,3,0,1,3,1,0,0,35,0,0,0,1,2,4,2,14
,2023-24545,39.73726103,-104.9034577,6/22/2023 8:21,8:21:00,3,0,0, QUEBEC ST & E 13TH AVE,1,1,0,0,1,1,0,0,30,0,0,0,0,0,4,2,3
,2023-24547,39.77832942,-104.9792557,4/26/2023 11:19,11:19:00,3,0,0,E 45TH AVE & N WASHINGTON ST,1,1,0,0,1,1,0,0,35,0,0,0,0,0,4,2,16
,2023-24555,39.66760421,-104.9593794,6/22/2023 10:15,10:15:00,3,0,1, UNIVERSITY BLVD & E YALE AVE,1,1,0,0,1,1,0,0,30,0,0,0,0,1,4,2,3