id,drcog_id,latitude,longitude,crashtime,time,crashtype,numbkilled,numbinjurd,drcoglocat,rdconditin,lightngcon,roadcntgrd,weatherco,location,roaddescrp,schoolzone,constrzone,splimit,bikeinv,pedinv,sctrinv,motoinv,svrty,rdsystem,ttlvehcls,hcf
,2023-24557,39.78282172,-105.00707,6/22/2023 8:28,8:28:00,15,0,0,I-70 EB OFF RAMP & N PECOS ST,1,1,1,0,1,8,0,0,10,0,0,0,0,0,1,2,1
,2023-24561,39.74002758,-105.0028323,3/13/2023 17:09,17:09:00,1,0,1,W COLFAX AVE & N MARIPOSA ST,1,1,0,0,1,1,0,0,30,0,0,0,1,3,2,2,13
,2023-24564,39.74409903,-104.9883711,6/22/2023 1:26,1:26:00,12,0,1,TREMONT PL & 17TH ST,11,3,0,7,1,1,0,0,25,0,0,0,0,1,4,2,16
,2023-24565,39.78384114,-105.0061563,6/22/2023 11:40,11:40:00,3,0,0,W 48TH AVE & N PECOS ST,1,1,0,0,1,6,0,0,25,0,0,0,0,0,1,2,8
,2023-24567,39.77272443,-104.9034975,6/21/2023 5:15,5:15:00,10,0,0, QUEBEC ST & E SANDOWN RD,1,1,0,0,1,1,0,0,35,0,0,0,0,0,4,2,16
,2023-24569,39.68922596,-105.0431906,6/22/2023 15:42,15:42:00,6,0,0,1517  STUART ST & W FLORIDA AVE,11,1,0,0,1,4,0,0,25,0,0,0,0,0,4,2,3
,2023-24574,39.69840618,-104.9593288,6/22/2023 12:00,12:00:00,12,0,0, UNIVERSITY BLVD & E TENNESSEE AVE,1,1,0,0,1,1,0,0,30,0,0,0,0,0,4,2,3
,2023-24577,39.79624213,-104.8173885,6/22/2023 7:35,7:35:00,3,0,0,E ROBINS DR & N EAGLE ST,1,1,0,0,1,1,0,0,25,0,0,0,0,0,4,3,11
,2023-24578,39.71110879,-104.9735651,6/22/2023 9:47,9:47:00,15,0,0,E ALAMEDA AVE & S DOWNING ST,1,1,0,0,1,4,0,0,35,0,0,0,0,0,4,2,1
,2023-24579,39.72550138,-105.013365,6/22/2023 17:00,17:00:00,12,0,0,I-25 & W 6TH AVE,1,1,0,0,1,4,0,0,,0,0,0,0,0,1,2,16
,2023-24580,39.73839118,-104.9610278,6/15/2023 9:05,9:05:00,10,0,0,E 14TH AVE & N GAYLORD ST,1,1,0,0,1,1,0,0,,0,0,0,0,0,4,2,16
,2023-24581,39.7423056,-104.9993313,6/21/2023 17:45,17:45:00,15,0,0, SPEER BLVD & CHAMPA ST,1,1,0,0,1,1,0,0,35,0,0,0,0,0,4,2,3
,2023-24582,39.76073866,-104.9597586,6/22/2023 15:17,15:17:00,1,0,0, YORK ST & E 31ST AVE,11,1,0,1,1,1,0,0,35,0,0,0,0,0,4,2,11
,2023-24586,39.74016905,-104.9823275,6/19/2023 20:11,20:11:00,6,0,0, LOGAN ST & E COLFAX AVE,1,2,0,0,1,3,0,0,30,0,0,0,0,0,2,4,14
,2023-24587,39.71118379,-105.0397104,6/22/2023 15:18,15:18:00,12,0,0,W ALAMEDA AVE & S PERRY ST,11,1,0,0,1,3,0,0,30,0,0,0,0,0,2,2,3
,2023-24588,39.75045226,-105.0169404,6/22/2023 0:02,0:02:00,12,0,0,I-25 & W 23RD AVE,11,3,0,1,1,4,0,0,55,0,0,0,0,0,1,2,16
,2023-24589,39.67742824,-104.9406332,6/22/2023 12:19,12:19:00,15,0,0, COLORADO BLVD & E EVANS AVE,1,1,0,0,1,4,0,0,35,0,0,0,0,0,2,2,16
,2023-24592,39.71427702,-105.0007665,6/22/2023 0:09,0:09:00,5,0,0,W 6TH AVE & I-25,11,3,0,1,2,4,0,0,55,0,0,0,0,0,1,2,14
,2023-24599,39.73679726,-104.9562788,6/21/2023 23:06,23:06:00,11,0,1, ELIZABETH ST & E 13TH AVE,11,3,0,0,1,1,0,0,0,0,0,1,0,3,4,1,16
,2023-24605,39.75287712,-105.0252855,6/22/2023 8:45,8:45:00,12,0,0, FEDERAL BLVD & W 24TH AVE,1,1,0,0,1,4,0,0,35,0,0,0,0,0,2,3,3
,2023-24610,39.78869323,-104.8470797,6/22/2023 4:11,4:11:00,5,0,0,5005  PEORIA ST & E 51ST AVE,1,2,0,0,3,4,0,0,40,0,0,0,0,0,4,1,16
,2023-24613,39.67846339,-104.9316281,6/21/2023 17:40,17:40:00,1,0,0,E EVANS AVE & S DAHLIA ST,1,1,0,0,1,2,0,0,35,0,0,0,0,0,4,2,13
,2023-24615,39.74001675,-104.9873901,6/22/2023 0:03,0:03:00,3,0,3, BROADWAY ST & E COLFAX AVE,11,3,0,1,1,1,0,0,35,0,0,0,0,1,2,2,3
,2023-24622,39.75828447,-104.9406882,6/21/2023 21:26,21:26:00,12,0,0, COLORADO BLVD & E 29TH AVE,11,3,0,1,1,1,0,0,35,0,0,0,0,0,2,2,14
,2023-24623,39.75361466,-105.0205105,6/22/2023 8:30,8:30:00,3,0,0,W 25TH AVE & N CLAY ST,1,1,0,0,1,3,0,0,25,0,0,0,0,0,4,2,13
,2023-24625,39.67848594,-104.9675814,6/22/2023 15:40,15:40:00,10,0,0,E EVANS AVE & S GILPIN ST,11,1,0,1,1,1,0,0,30,0,0,0,0,0,4,2,3
,2023-24629,39.76199759,-104.9678439,6/22/2023 9:44,9:44:00,15,0,0,E MLK JR BLVD & N GILPIN ST,1,1,0,0,1,4,0,0,20,0,0,0,0,0,4,2,16
,2023-24630,39.78379701,-104.8015871,6/22/2023 8:45,8:45:00,5,0,1,E GREEN VALLEY RANCH BLVD & N KITTREDGE ST,1,1,0,0,3,4,0,0,35,0,0,0,0,2,4,1,2
,2023-24632,39.76730226,-104.996687,6/15/2023 22:19,22:19:00,5,0,0,I-25 & I-70,11,3,0,1,2,4,0,0,,0,0,0,0,0,1,1,16
,2023-24634,39.77282663,-104.7914832,6/21/2023 21:14,21:14:00,10,0,0,E 40TH AVE,11,3,0,1,1,1,0,0,,0,0,0,0,0,4,2,16
,2023-24636,39.75304593,-104.9854681,6/15/2023 7:02,7:02:00,15,0,0,PARK AVE W & CHAMPA ST,1,1,0,0,1,1,0,0,20,0,0,0,0,0,4,2,16
,2023-24637,39.71842843,-104.9985635,6/22/2023 17:45,17:45:00,1,0,0,W 1ST AVE & N SANTA FE DR,1,1,0,0,1,1,0,0,35,0,0,0,0,0,4,2,16
,2023-24638,39.73285318,-104.8879837,6/22/2023 12:35,12:35:00,12,0,0,E 11TH AVE & N WILLOW ST,1,1,0,0,1,4,0,0,30,0,0,0,0,0,4,2,13
,2023-24645,39.71665575,-105.0532855,6/21/2023 21:41,21:41:00,8,0,2, SHERIDAN BLVD & W ELLSWORTH AVE,11,3,0,1,6,4,0,0,35,0,0,0,0,1,2,3,16
,2023-24647,39.78950244,-104.7714772,6/19/2023 12:00,12:00:00,6,0,0,18591 E 50TH PL & N ANDES ST,1,1,0,0,1,4,0,0,,0,0,0,0,0,4,2,16
,2023-24649,39.8001071,-104.7863523,6/22/2023 15:42,15:42:00,12,0,2,E 56TH AVE,1,1,0,0,1,4,0,0,65,0,0,0,0,2,2,2,3
,2023-24651,39.73305849,-105.0476386,6/24/2023 14:05,14:05:00,6,0,1,W 10TH AVE & N WINONA CT,1,1,0,0,1,4,0,0,25,0,0,0,0,1,4,2,11
,2023-24652,39.63579665,-104.9081044,6/16/2023 20:09,20:09:00,15,0,1,I-25 & SB OFF RAMP MERGE PT TO E BELLEVIEW AVE,11,4,0,1,1,4,0,0,65,0,0,0,0,2,1,2,7
,2023-24654,39.75312716,-105.0080449,6/23/2023 16:19,16:19:00,1,0,0, SPEER BLVD & ELITCH CIR,1,1,0,0,1,1,0,0,35,0,0,0,0,0,4,2,13
,2023-24655,39.72024861,-105.0152043,6/23/2023 21:35,21:35:00,3,0,0, YUMA ST & W 2ND AVE,1,3,0,0,1,1,0,0,25,0,0,0,0,0,4,2,1
,2023-24656,39.75027397,-105.0048449,6/23/2023 20:06,20:06:00,12,0,0, SPEER BLVD & WEWATTA ST,1,2,0,0,1,4,0,0,45,0,0,0,0,0,4,2,11
,2023-24657,39.71842843,-104.9985635,6/14/2023 10:00,10:00:00,11,0,1,W 1ST AVE & N SANTA FE DR,1,1,0,0,1,1,0,0,25,0,1,0,0,1,4,1,16
,2023-24658,39.73801274,-105.0252737,4/21/2023 17:42,17:42:00,15,0,0, FEDERAL BLVD & W 14TH AVE,1,1,1,0,1,4,0,0,35,0,0,0,0,0,2,2,16
,2023-24660,39.70713304,-104.9792674,5/4/2023 22:06,22:06:00,6,0,0, WASHINGTON ST & E CENTER AVE,1,3,0,0,1,4,0,0,30,0,0,0,0,0,4,2,16
,2023-24661,39.70815409,-104.9269618,6/23/2023 17:41,17:41:00,12,0,1,LEETSDALE DR & S FOREST ST,1,1,1,0,1,1,0,0,35,0,0,0,0,2,2,3,10
,2023-24662,39.75621685,-105.0115851,6/9/2023 21:31,21:31:00,12,0,2,I-25 & N SPEER BLVD,1,3,0,0,1,4,0,0,55,0,0,0,0,2,1,4,1
,2023-24663,39.74545336,-104.990103,6/23/2023 18:46,18:46:00,10,0,0,17TH ST & WELTON ST,1,1,0,0,1,1,0,0,35,0,0,0,0,0,4,2,11
,2023-24666,39.67877192,-104.9828837,6/24/2023 6:14,6:14:00,5,0,1, LOGAN ST & E EVANS AVE,1,1,0,0,3,3,0,0,25,0,0,0,0,1,4,1,16
,2023-24678,39.77873814,-104.9891766,5/2/2023 7:35,7:35:00,5,0,0,I-70 EB OFF RAMP TO NB -25 & I-25,1,1,1,0,3,8,0,0,45,0,0,0,0,0,1,1,16
,2023-24679,39.74007949,-104.8987757,5/16/2023 21:55,21:55:00,11,0,1,E COLFAX AVE & N SYRACUSE ST,1,3,0,0,1,4,0,0,0,0,1,0,0,3,2,1,16
,2023-24680,39.7402975,-105.052088,6/5/2023 14:45,14:45:00,15,0,0,W COLFAX AVE & N ZENOBIA ST,1,1,0,0,1,1,0,0,,0,0,0,0,0,2,2,16
,2023-24681,39.90430284,-104.6753387,6/5/2023 23:10,23:10:00,5,0,1, QUEENSBURG ST & E 114TH AVE,1,4,0,0,4,3,0,0,45,0,0,0,0,1,4,1,10
,2023-24682,39.75617153,-104.9919027,5/27/2023 22:00,22:00:00,3,0,0,BLAKE ST & 22ND ST,11,3,0,1,1,2,0,0,,0,0,0,0,0,4,2,16
,2023-24683,39.62981465,-105.0254366,6/4/2023 22:47,22:47:00,9,0,1, FEDERAL BLVD & W LAYTON AVE,1,3,0,0,1,4,0,0,35,0,0,0,1,1,2,1,16
,2023-24684,39.68229606,-105.0203549,5/31/2023 16:14,16:14:00,3,0,2,W JEWELL AVE & S CLAY ST,1,1,0,0,1,1,0,0,30,0,0,0,0,1,4,2,16
,2023-24685,39.75966364,-105.0017832,5/31/2023 19:45,19:45:00,2,0,0,LITTLE RAVEN ST & 20TH ST,11,2,0,1,1,1,0,0,25,1,0,0,0,0,4,1,16
,2023-24686,39.74545336,-104.990103,6/15/2023 22:06,22:06:00,11,0,1,17TH ST & WELTON ST,11,3,0,1,1,1,0,0,0,0,1,0,0,1,4,1,16
,2023-24695,39.76386965,-105.0300528,6/16/2023 23:40,23:40:00,14,0,0,W 33RD AVE & N IRVING ST,1,3,0,0,1,4,0,0,25,0,0,0,0,0,4,4,16
,2023-24702,39.74054316,-105.0177484,6/15/2023 13:25,13:25:00,11,0,2,AURARIA PKWY & W COLFAX AVE,1,1,1,0,1,1,0,0,25,0,0,1,0,2,2,1,13
,2023-24704,39.77639346,-104.9492544,5/9/2023 17:00,17:00:00,3,0,0,E 43RD AVE & N STEELE ST,1,1,0,0,1,9,0,0,25,0,0,0,0,0,4,2,16
,2023-24706,39.70299509,-105.0423735,5/27/2023 21:06,21:06:00,6,0,0,769  RALEIGH ST & W WALSH PL,11,3,0,0,1,4,0,0,25,0,0,0,0,0,4,2,16
,2023-24709,39.78348294,-105.0115083,2/12/2023 19:59,19:59:00,11,1,0,I-70 & N PECOS ST,1,3,0,0,1,4,0,0,0,0,1,0,0,4,1,2,16
,2023-24711,39.68591083,-105.0250216,6/14/2023 5:43,5:43:00,2,0,1, FEDERAL BLVD & W MEXICO AVE,1,1,1,0,1,12,0,0,0,1,0,0,0,2,2,1,16
,2023-24714,39.7399973,-104.966002,6/17/2023 0:04,0:04:00,11,0,1,E COLFAX AVE & N WILLIAMS ST,1,3,0,0,1,9,0,0,10,0,1,0,0,2,2,1,11
,2023-24717,39.74000831,-104.9874016,4/9/2023 0:01,0:01:00,11,0,1,E COLFAX AVE & N BROADWAY ST,1,3,0,0,1,1,0,0,0,0,0,1,0,3,2,1,16
,2023-24718,39.73685599,-104.9941095,6/9/2023 19:31,19:31:00,2,0,1,W 13TH AVE & N ELATI ST,1,2,1,0,1,1,0,0,25,1,0,0,0,2,4,1,8
,2023-24719,39.75113914,-104.9407639,6/14/2023 7:54,7:54:00,12,0,2, COLORADO BLVD & E 23RD AVE,1,1,0,0,1,3,0,0,35,0,0,0,0,1,2,2,3
,2023-24721,39.6890156,-104.9713426,6/13/2023 16:55,16:55:00,12,0,0,I-25 & S DOWNING ST,1,1,0,0,1,4,0,0,55,0,0,0,0,0,1,2,16
,2023-24754,39.7294278,-104.9874037,6/22/2023 16:45,16:45:00,12,0,1, BROADWAY ST & W 8TH AVE,1,1,0,0,1,4,0,0,35,0,0,0,0,1,4,4,11
,2023-24755,39.75185621,-104.9887658,6/25/2023 16:10,16:10:00,3,0,1,21ST ST & CURTIS ST,1,1,0,0,1,1,0,0,30,0,0,0,0,2,4,2,11
,2023-24758,39.7289305,-104.9905653,6/23/2023 11:40,11:40:00,10,0,0,W 8TH AVE & N SPEER BLVD,1,1,0,0,1,1,0,0,30,0,0,0,0,0,4,2,8
,2023-24759,39.77846867,-104.9888219,6/24/2023 3:40,3:40:00,15,0,0,I-25 RAMP TO -70 & I-70,1,3,0,0,1,8,0,0,55,0,0,0,0,0,1,2,11
,2023-24760,39.7672718,-104.9025314,6/23/2023 11:45,11:45:00,12,0,0, QUEBEC ST & E 36TH AVE,1,1,0,0,1,4,0,0,35,0,0,0,0,0,4,2,11
,2023-24761,39.67957938,-105.0440825,6/24/2023 13:09,13:09:00,1,0,0,W EVANS AVE & S TENNYSON ST,1,1,0,0,1,1,0,0,30,0,0,0,0,0,4,2,14
,2023-24763,39.78238809,-104.8470104,6/18/2023 20:38,20:38:00,2,0,1,E ALBROOK DR & N PEORIA ST,1,2,0,0,1,1,0,0,0,1,0,0,0,3,4,1,16
,2023-24764,39.76136975,-105.0045612,6/24/2023 22:19,22:19:00,12,0,0,I-25 & 20TH ST,1,3,0,0,1,4,0,0,55,0,0,0,0,0,1,3,3
,2023-24768,39.75665394,-104.9972433,6/25/2023 2:32,2:32:00,12,0,2,20TH ST & WEWATTA ST,1,3,0,0,1,4,0,0,30,0,0,0,0,2,4,2,14
,2023-24769,39.74893259,-104.9994812,6/25/2023 8:44,8:44:00,10,0,0,15TH ST & MARKET ST,1,1,0,0,1,1,0,0,25,0,0,0,0,0,4,2,13
,2023-24775,39.7400194,-104.9811134,6/19/2023 17:55,17:55:00,11,0,1,E COLFAX AVE & N PENNSYLVANIA ST,1,1,0,0,1,1,0,0,35,0,0,1,0,1,2,1,11
,2023-24781,39.7494548,-104.9671764,6/24/2023 9:15,9:15:00,3,0,1, GILPIN ST & E 22ND AVE,1,1,0,0,1,1,0,0,20,0,0,0,0,1,4,2,7
,2023-24786,39.76115306,-105.004746,6/17/2023 14:54,14:54:00,1,0,0,20TH ST & I-25 SB RAMPS,1,1,1,0,1,1,0,0,30,0,0,0,0,0,4,2,11
,2023-24788,39.75821034,-104.9305527,6/17/2023 16:45,16:45:00,6,0,0, EUDORA ST & E 29TH AVE,1,1,0,0,1,4,0,0,25,0,0,0,0,0,4,2,16
,2023-24796,39.68948776,-105.0254254,6/25/2023 16:43,16:43:00,10,0,0,W FLORIDA AVE & S FEDERAL BLVD,1,1,0,0,1,2,0,0,30,0,0,0,0,0,4,2,13
,2023-24797,39.73669346,-104.9695252,6/25/2023 12:00,12:00:00,6,0,0, HUMBOLDT ST & E 13TH AVE,1,1,0,0,1,4,0,0,25,0,0,0,0,0,4,3,1
,2023-24798,39.75840663,-104.9873271,6/24/2023 20:42,20:42:00,6,0,0,WALNUT ST & N BROADWAY ST,1,3,0,0,1,4,0,0,35,0,0,0,0,0,4,2,14
,2023-24799,39.72252736,-104.9874855,6/22/2023 18:35,18:35:00,10,0,0, BROADWAY ST & E 4TH AVE,11,2,0,1,1,3,0,0,30,0,0,0,0,0,4,2,13
,2023-24800,39.7572126,-104.9873733,6/24/2023 20:10,20:10:00,15,0,0, BROADWAY ST & LARIMER ST,1,1,0,0,1,4,0,0,35,0,0,0,0,0,4,2,3
,2023-24803,39.77477135,-104.8558864,6/15/2023 2:13,2:13:00,12,0,4,I-70 & N PEORIA ST,1,3,1,0,1,4,0,0,,0,0,0,0,1,1,2,16
,2023-24804,39.77395392,-104.8470336,6/25/2023 16:45,16:45:00,12,0,0,I-70 & N PEORIA ST (APPROX),1,1,0,0,1,4,0,0,65,0,0,0,0,0,1,4,11
,2023-24806,39.68222634,-105.0412479,6/24/2023 18:37,18:37:00,1,0,1,W JEWELL AVE & S QUITMAN ST,1,1,0,0,1,1,0,0,30,0,0,0,0,2,4,2,14
,2023-24808,39.70929594,-104.9733878,6/23/2023 15:15,15:15:00,3,0,0,E DAKOTA AVE & S DOWNING ST,1,1,0,0,1,1,0,0,25,0,0,0,0,0,4,2,13
,2023-24809,39.75679227,-104.9806353,6/22/2023 12:23,12:23:00,3,0,0,27TH ST & CHAMPA ST,1,1,0,0,1,1,0,0,25,0,0,0,0,0,4,2,16
,2023-24810,39.69675846,-105.0250715,6/25/2023 1:12,1:12:00,5,0,2, FEDERAL BLVD & W MISSISSIPPI AVE,1,3,0,0,3,3,0,0,40,0,0,0,0,3,1,1,14
,2023-24811,39.6785105,-104.9875673,6/23/2023 18:20,18:20:00,12,0,0, BROADWAY ST & E EVANS AVE,1,2,0,0,1,3,0,0,30,0,0,0,0,0,4,2,13
,2023-24814,39.7575326,-104.9983113,6/25/2023 3:02,3:02:00,12,0,1,20TH ST & CHESTNUT PL,1,3,1,0,1,4,0,0,20,0,0,0,0,2,4,2,14
,2023-24815,39.70674331,-105.0275369,6/24/2023 6:41,6:41:00,3,0,0, HAZEL CT & W CUSTER PL,1,1,0,0,1,1,0,0,20,0,0,0,0,0,4,2,13
,2023-24816,39.736817,-104.9684821,6/25/2023 13:50,13:50:00,11,0,0, FRANKLIN ST & E 13TH AVE,1,1,0,0,1,1,0,0,0,0,0,1,0,0,4,1,16
,2023-24832,39.68280356,-104.9401396,6/25/2023 16:20,16:20:00,12,0,1,I-25 & S COLORADO BLVD,1,1,0,0,1,4,0,0,60,0,0,0,0,2,1,2,13
,2023-24834,39.7308055,-104.9888573,6/23/2023 12:00,12:00:00,6,0,0, ACOMA ST & W 9TH AVE,1,1,0,0,1,4,0,0,,0,0,0,0,0,4,2,16
,2023-24837,39.75013778,-104.9840975,6/23/2023 12:50,12:50:00,1,0,0,22ND ST & WELTON ST,1,1,0,0,1,1,0,0,20,0,0,0,0,0,4,2,13
,2023-24839,39.75518578,-104.9809718,6/24/2023 11:15,11:15:00,3,0,0,26TH ST & STOUT ST,1,1,0,0,1,1,0,0,20,0,0,0,0,0,4,2,11
,2023-24843,39.80559485,-104.7863797,6/25/2023 18:12,18:12:00,12,0,0,PENA BLVD & E 56TH AVE,1,1,0,0,1,1,0,0,65,0,0,0,1,0,4,2,1
,2023-24844,39.67845454,-104.940635,6/24/2023 22:42,22:42:00,1,0,1,E EVANS AVE & S COLORADO BLVD,1,3,0,0,1,1,0,0,40,0,0,0,0,2,4,2,16
,2023-24845,39.73364631,-104.9194554,6/23/2023 10:25,10:25:00,3,0,1, JERSEY ST & E 11TH AVE,1,1,0,0,1,1,0,0,20,0,0,0,0,1,4,2,11
,2023-24847,39.75466455,-104.8468868,6/25/2023 11:00,11:00:00,12,0,0, PEORIA ST & E MLK JR BLVD,1,1,1,0,1,1,0,0,35,0,0,0,0,0,4,2,13
,2023-24848,39.73994474,-104.9823266,6/25/2023 14:15,14:15:00,12,0,0, LOGAN ST & E COLFAX AVE,1,1,0,0,1,4,0,0,30,0,0,0,0,0,4,2,13
,2023-24851,39.75122111,-104.9927704,6/25/2023 0:03,0:03:00,5,0,0,19TH ST & LAWRENCE ST,1,3,0,0,1,4,0,0,25,0,1,0,0,0,4,1,16
,2023-24861,39.77249293,-105.0437612,6/17/2023 13:05,13:05:00,2,0,1,W 41ST AVE & N TENNYSON ST,1,1,0,0,1,4,0,0,20,1,0,0,0,2,4,1,13
,2023-24933,39.75690426,-104.9892319,6/16/2023 11:35,11:35:00,12,0,0,WALNUT ST & 23RD ST,1,1,0,0,1,4,0,0,,0,0,0,0,0,4,2,16
,2023-24935,39.71119342,-104.8930498,6/10/2023 5:04,5:04:00,5,0,0,E ALAMEDA AVE & E FAIRMONT DR,1,2,0,0,3,4,0,0,,0,0,0,0,0,4,1,1
,2023-24937,39.69513141,-104.9035621,6/15/2023 21:31,21:31:00,11,1,0, QUEBEC WY & E MISSISSIPPI AVE,11,3,3,1,1,4,0,0,0,0,1,0,0,4,4,1,16
,2023-24940,39.73283842,-104.8846977,6/23/2023 6:59,6:59:00,1,0,0, YOSEMITE ST & E 11TH AVE,1,1,0,0,1,1,0,0,,0,0,0,0,0,4,2,16
,2023-24944,39.74017915,-104.9622361,6/12/2023 5:00,5:00:00,6,0,0, VINE ST & E COLFAX AVE,1,3,0,1,1,4,0,0,20,0,0,0,0,0,4,2,16
,2023-24945,39.78050112,-104.959503,5/11/2023 15:09,15:09:00,15,0,0,I-70 & N BRIGHTON BLVD,11,1,0,1,1,4,0,0,55,0,0,0,0,0,1,2,16
,2023-24946,39.79485793,-104.8072714,6/10/2023 0:30,0:30:00,6,0,0, HELENA ST & E MAXWELL PL,1,3,0,0,1,4,0,0,25,0,0,0,0,0,4,2,16
,2023-24952,39.78363779,-104.78987,6/19/2023 19:11,19:11:00,12,0,1, OFF RAMP & GREEN VALLEY RANCH BLVD,1,1,0,0,1,1,0,0,,0,0,0,0,1,4,2,16
,2023-24955,39.77215727,-104.9900075,6/26/2023 9:22,9:22:00,15,0,0,I-25 & I-70,1,1,0,0,1,4,0,0,55,0,0,0,0,0,1,2,13
,2023-24956,39.71124655,-105.025172,6/9/2023 16:10,16:10:00,12,0,0, FEDERAL BLVD & W ALAMEDA AVE,1,1,0,0,1,1,0,0,35,0,0,0,0,0,2,2,13
,2023-24958,39.73649022,-104.8999716,6/13/2023 7:19,7:19:00,5,0,0, ROSEMARY ST & E 14TH AVE,1,3,0,0,2,4,0,0,20,0,0,0,0,0,4,1,16
,2023-24960,39.78193528,-104.9667062,6/11/2023 3:10,3:10:00,5,0,0,E 47TH AVE & N BRIGHTON BLVD,1,3,0,0,2,1,0,0,,0,0,0,0,0,2,1,16
,2023-24961,39.77282663,-104.7914832,6/16/2023 6:34,6:34:00,15,0,0, RAMP & E 40TH AVE,1,1,0,0,1,8,0,0,65,0,0,0,0,0,4,2,1
,2023-24963,39.72321397,-104.8753344,5/21/2023 21:28,21:28:00,15,0,0, DAYTON ST & E 5TH AVE,1,3,0,0,1,3,0,0,35,0,0,0,0,0,4,3,16
,2023-24966,39.78012706,-104.9887343,6/26/2023 17:40,17:40:00,12,0,0,I-25 & I-70,1,1,0,0,1,4,0,0,50,0,0,0,0,0,1,2,13
,2023-24968,39.75170677,-104.9837525,6/5/2023 18:42,18:42:00,11,0,0,CALIFORNIA ST & PARK AVE W,1,1,0,0,1,1,0,0,25,0,0,0,0,0,4,1,16
,2023-24969,39.6530247,-104.9129332,6/10/2023 0:11,0:11:00,12,0,1,E HAMPDEN AVE & S MONACO ST,1,3,0,0,1,1,0,0,40,0,0,0,0,1,2,2,16
,2023-24971,39.68950083,-105.0250605,5/28/2023 20:38,20:38:00,12,0,0, FEDERAL BLVD & W FLORIDA AVE,1,3,1,0,1,1,0,0,,0,0,0,0,0,2,2,16
,2023-24972,39.71115439,-104.9852059,6/26/2023 3:58,3:58:00,5,0,1,E ALAMEDA AVE & S SHERMAN ST,1,3,0,0,3,1,0,0,30,0,0,0,0,3,4,1,16
,2023-24973,39.77423791,-104.8470352,6/26/2023 6:48,6:48:00,12,0,0,I-70 & N PEORIA ST (APPROX),1,1,0,0,1,4,0,0,55,0,0,0,0,0,1,2,13
,2023-24974,39.76928951,-105.0005775,6/22/2023 11:45,11:45:00,10,0,0,W 38TH AVE & N KALAMATH ST,1,1,0,0,3,1,0,0,,0,0,0,0,0,4,2,16
,2023-24976,39.75559137,-105.0124708,3/19/2023 15:56,15:56:00,12,0,0,I-25 & N SPEER BLVD,1,1,0,0,1,4,0,0,,0,0,0,0,0,1,2,16
,2023-24977,39.74374735,-104.9407835,6/21/2023 23:57,23:57:00,5,0,1, COLORADO BLVD & E 17TH AVE,11,3,0,1,3,1,0,0,35,0,0,0,0,1,2,1,16
,2023-24980,39.67469961,-105.0318444,5/8/2023 15:57,15:57:00,6,0,0, KNOX CT & W WESLEY AVE,1,1,0,0,1,4,0,0,25,0,0,0,0,0,4,3,14
,2023-24981,39.77970826,-104.9773242,6/21/2023 17:02,17:02:00,12,0,1,I-70 & N WASHINGTON ST,1,1,0,0,1,4,0,0,55,0,0,0,0,2,1,2,1
,2023-24984,39.76736508,-104.8996531,6/17/2023 8:35,8:35:00,1,0,0,SYRACUSE ST & E 36TH AVE,1,1,0,0,1,2,0,0,15,0,0,0,0,0,4,2,14
,2023-24988,39.66937744,-104.9272714,5/28/2023 22:45,22:45:00,5,2,1,I-25 SB OFF RAMP & E YALE AVE,1,3,0,0,2,8,0,0,65,0,0,0,0,4,1,1,13
,2023-24990,39.74000874,-104.9876219,5/9/2023 15:28,15:28:00,15,0,0,E COLFAX AVE & N BROADWAY ST,1,1,0,0,1,4,0,0,,0,0,0,0,0,2,2,16
,2023-24993,39.74152049,-105.0331307,6/23/2023 2:06,2:06:00,6,0,0,W CONEJOS PL & N KING ST,11,3,0,0,1,4,0,0,25,0,0,0,0,0,4,4,16
,2023-24996,39.76927302,-105.0174107,6/18/2023 18:27,18:27:00,15,0,1,W 38TH AVE & N ALCOTT ST,1,1,0,0,1,1,0,0,35,0,0,0,0,2,4,2,14
,2023-25001,39.65318932,-104.9047552,6/16/2023 22:50,22:50:00,15,0,0,E HAMPDEN AVE & S POPLAR ST,11,3,0,1,1,3,0,0,45,0,0,0,0,0,2,2,13
,2023-25005,39.73526036,-104.9874007,5/25/2023 17:00,17:00:00,12,0,0,W 12TH AVE & N BROADWAY ST,11,1,0,1,1,4,0,0,25,0,0,0,0,0,4,2,16
,2023-25008,39.74512697,-104.9945353,3/6/2023 14:20,14:20:00,6,0,0,15TH ST & STOUT ST,1,1,0,0,1,4,0,0,30,0,0,0,0,0,4,2,13
,2023-25010,39.72153714,-105.0087242,5/5/2023 21:07,21:07:00,5,0,0,I-25 & W 6TH AVE NB OFF RAMP GORE PT,1,3,2,0,3,8,0,0,65,0,0,0,1,0,1,1,16
,2023-25011,39.73847428,-105.0323471,4/23/2023 1:24,1:24:00,6,0,0,W 14TH AVE & N KNOX CT,1,4,0,0,1,4,0,0,25,0,0,0,0,0,4,2,16
,2023-25014,39.75260536,-104.9982499,6/20/2023 23:44,23:44:00,16,0,0,1743 WAZEE ST & WAZEE ST.,1,4,0,0,5,7,0,0,,0,0,0,0,0,3,1,3
,2023-25017,39.77958904,-104.8470218,6/22/2023 16:00,16:00:00,3,0,0, PEORIA ST & E 46TH AVE,11,1,0,1,1,1,0,0,,0,0,0,0,0,4,2,16