id,drcog_id,latitude,longitude,crashtime,time,crashtype,numbkilled,numbinjurd,drcoglocat,rdconditin,lightngcon,roadcntgrd,weatherco,location,roaddescrp,schoolzone,constrzone,splimit,bikeinv,pedinv,sctrinv,motoinv,svrty,rdsystem,ttlvehcls,hcf
,2023-25018,39.74000231,-104.9916669,3/21/2023 15:15,15:15:00,15,0,0,W COLFAX AVE & N CHEROKEE ST,1,1,0,0,1,1,0,0,30,0,0,0,0,0,2,2,16
,2023-25021,39.69673404,-105.0065954,6/26/2023 8:51,8:51:00,3,0,0, QUIVAS ST & W MISSISSIPPI AVE,1,1,0,0,1,1,0,0,25,0,0,0,0,0,4,2,11
,2023-25023,39.78236706,-104.960275,5/16/2023 19:15,19:15:00,6,0,0,4747  CLAUDE CT & E 47TH AV,1,2,3,0,1,4,0,0,,0,0,0,0,0,4,2,16
,2023-25025,39.78451826,-104.8269498,6/25/2023 20:55,20:55:00,16,0,0,14255 E ANDREWS DR,1,3,0,0,5,7,0,0,,0,0,0,0,0,3,4,1
,2023-25029,39.80192129,-104.772117,6/22/2023 14:33,14:33:00,16,0,1,5800  TOWER RD,1,1,0,0,5,7,0,0,10,0,0,0,0,2,3,2,16
,2023-25032,39.68899213,-105.0532683,6/19/2023 8:22,8:22:00,5,0,1, SHERIDAN BLVD & W FLORIDA AVE,1,1,0,0,3,4,0,0,40,0,0,0,0,1,2,2,16
,2023-25034,39.74021466,-104.8905412,6/23/2023 22:09,22:09:00,3,0,0, VERBENA ST & E COLFAX AVE,1,3,0,0,1,1,0,0,35,0,0,0,0,0,2,3,16
,2023-25035,39.70224285,-105.0298054,5/29/2023 20:34,20:34:00,3,0,0, IRVING ST & W OHIO AVE,1,3,0,0,1,1,0,0,,0,0,0,0,0,4,2,16
,2023-25038,39.77543912,-104.9222989,6/12/2023 6:51,6:51:00,12,0,0, HOLLY ST & E 42ND AVE,1,1,0,0,1,4,0,0,30,0,0,0,0,0,4,2,7
,2023-25040,39.74047743,-105.0498065,6/3/2023 21:05,21:05:00,6,0,0, XAVIER ST & W COLFAX AVE,11,3,0,0,1,4,0,0,20,0,0,0,0,0,4,2,11
,2023-25041,39.77519284,-104.7714261,6/15/2023 15:30,15:30:00,14,0,0, ANDES ST & E MITCHELL PL,1,1,0,0,1,4,0,0,25,0,0,0,0,0,4,2,3
,2023-25043,39.72975551,-105.0510393,6/22/2023 8:28,8:28:00,6,0,0, YATES ST & W 8TH AVE,1,5,1,7,1,4,0,0,25,0,0,0,0,0,4,2,16
,2023-25044,39.72927489,-104.9139609,6/26/2023 17:46,17:46:00,3,0,1,E 8TH AVE & N LOCUST ST,1,1,0,0,1,1,0,0,30,0,0,0,0,2,4,2,14
,2023-25046,39.69973667,-104.9035306,6/7/2023 4:24,4:24:00,8,0,0,E KENTUCKY AVE & S QUEBEC ST,1,4,1,0,6,4,0,0,10,0,0,0,0,0,4,2,16
,2023-25047,39.71014878,-104.9899898,5/20/2023 12:15,12:15:00,6,0,0,357  BANNOCK ST & W ALAMEDA AVE,1,1,0,0,1,4,0,1,20,0,0,0,0,0,4,2,16
,2023-25048,39.7384842,-105.0488389,6/14/2023 13:23,13:23:00,6,0,0,W 14TH AVE & N WOLFF ST,1,1,0,0,6,4,0,0,25,0,0,0,0,0,4,3,1
,2023-25052,39.68515887,-104.9875379,6/9/2023 11:11,11:11:00,3,0,0, BROADWAY ST & E MEXICO AVE,1,1,0,0,1,2,0,0,30,0,0,0,0,0,4,2,16
,2023-25053,39.77029461,-104.9719239,6/19/2023 11:57,11:57:00,3,0,6,WALNUT ST & 38TH ST,1,1,3,0,1,1,0,0,30,0,0,0,0,1,4,3,9
,2023-25178,39.67846811,-104.9218606,6/26/2023 7:45,7:45:00,12,0,0,E EVANS AVE & S HOLLY ST,1,1,0,0,1,3,0,0,35,0,0,0,0,0,4,2,3
,2023-25179,39.68354679,-105.0418126,6/26/2023 21:15,21:15:00,6,0,1,1848  RALEIGH ST & W JEWELL AVE,1,3,1,0,1,4,0,0,25,0,0,0,0,3,4,2,14
,2023-25180,39.7837423,-104.7939473,6/3/2023 23:38,23:38:00,12,0,0,E GREEN VALLEY RANCH BLVD & N AIRPORT WY,11,3,0,1,1,4,0,0,35,0,0,0,0,0,4,2,16
,2023-25183,39.74011832,-105.0001491,6/27/2023 16:10,16:10:00,1,0,0, KALAMATH ST & W COLFAX AVE,1,1,0,0,1,1,0,0,35,0,0,0,0,0,2,2,13
,2023-25184,39.77509904,-104.9223016,6/26/2023 12:44,12:44:00,12,0,1, HOLLY ST & E 42ND AVE,1,1,0,0,1,1,0,0,35,0,0,0,0,1,4,2,16
,2023-25185,39.67865344,-105.0250484,6/24/2023 0:34,0:34:00,12,0,0, FEDERAL BLVD & W EVANS AVE,1,3,0,0,1,1,0,0,40,0,0,0,0,0,2,2,13
,2023-25186,39.63402368,-104.9070314,6/26/2023 7:04,7:04:00,12,0,0,I-25 & I-225 FLYOVER,1,1,0,0,1,4,0,0,65,0,0,0,0,0,1,2,1
,2023-25187,39.78236331,-104.7999997,6/26/2023 0:01,0:01:00,6,0,0,16091 E WARNER PL & N KITTREDGE ST,1,1,0,0,1,9,0,0,10,0,0,0,0,0,4,2,16
,2023-25188,39.78080788,-104.882734,6/26/2023 14:20,14:20:00,12,0,3, CENTRAL PARK BLVD & E 46TH PL,1,1,0,0,1,4,0,0,35,0,0,0,0,1,4,2,11
,2023-25189,39.75629482,-105.0158354,6/26/2023 10:23,10:23:00,3,0,0, ZUNI ST & N SPEER BLVD,1,1,0,0,1,1,0,0,30,0,0,0,0,0,4,2,1
,2023-25190,39.69855836,-105.0203653,6/12/2023 20:35,20:35:00,3,0,0, CLAY ST & W TENNESSEE AVE,1,1,0,0,1,1,0,0,35,0,0,0,0,0,4,2,13
,2023-25193,39.74961405,-104.8866838,6/27/2023 9:10,9:10:00,12,0,0, CENTRAL PARK BLVD & E 23RD AVE,1,1,0,0,1,3,0,0,35,0,0,0,0,0,4,2,16
,2023-25195,39.78896538,-104.978288,6/27/2023 15:50,15:50:00,3,0,2,E 51ST AVE & N WASHINGTON ST,1,1,0,0,1,1,0,0,35,0,0,0,0,2,4,2,13
,2023-25197,39.77754841,-104.9034015,6/27/2023 11:25,11:25:00,12,0,0, NORTHFIELD QUEBEC ST & I-70 WB RAMPS,1,1,0,0,1,3,0,1,35,0,0,0,0,0,2,2,14
,2023-25200,39.76798129,-104.9733393,6/27/2023 9:55,9:55:00,15,0,0, DOWNING ST & E 36TH ST,1,1,0,0,1,4,0,0,30,0,0,0,0,0,4,2,11
,2023-25201,39.7507769,-105.0170342,6/24/2023 22:38,22:38:00,15,0,0,I-25 & W 23RD AVE,1,3,0,0,1,4,0,0,55,0,0,0,0,0,1,3,1
,2023-25203,39.7290959,-104.9652021,6/25/2023 14:30,14:30:00,12,0,0,E 8TH AVE & N HIGH ST,1,1,1,0,1,4,0,0,30,0,0,0,0,0,4,2,1
,2023-25204,39.7692677,-105.0254786,6/12/2023 21:10,21:10:00,10,0,0,W 38TH AVE & N FEDERAL BLVD,11,3,0,0,1,4,0,0,35,0,0,0,0,0,4,2,1
,2023-25205,39.73113012,-105.0298222,6/24/2023 0:38,0:38:00,6,0,0, IRVING ST & W 9TH AVE,1,3,0,0,1,3,0,0,20,0,0,0,0,0,4,2,16
,2023-25206,39.69006621,-105.0203807,6/24/2023 18:12,18:12:00,6,0,0, CLAY ST & W FLORIDA AVE,1,1,0,0,1,4,0,0,25,0,0,0,0,0,4,2,16
,2023-25207,39.76200977,-104.9721044,6/27/2023 12:12,12:12:00,3,0,0,MLK JR BLVD & N MARION ST,1,1,0,0,1,1,0,0,30,0,0,0,0,0,4,2,16
,2023-25211,39.74162404,-104.9610243,6/26/2023 16:55,16:55:00,2,0,1,E 16TH AVE & N GAYLORD ST,1,1,0,0,1,1,0,0,25,1,0,0,0,2,4,1,11
,2023-25212,39.69686501,-105.0215542,6/27/2023 17:32,17:32:00,6,0,0, DALE CT & W MISSISSIPPI AVE,1,1,0,0,1,4,0,0,25,0,0,0,0,0,4,2,14
,2023-25218,39.75996868,-104.8788047,6/26/2023 21:03,21:03:00,1,0,2,E MLK BLVD & N BEELER ST,1,3,0,0,1,1,0,0,35,0,0,0,0,1,4,2,13
,2023-25220,39.65304245,-104.8720122,5/28/2023 18:34,18:34:00,14,0,1,E HAMPDEN AVE & S FLORENCE ST,1,3,0,0,6,1,0,0,45,0,0,0,0,1,2,3,13
,2023-25221,39.71115471,-104.9840145,6/22/2023 15:07,15:07:00,3,0,1, GRANT ST & E ALAMEDA AVE,1,1,0,0,1,1,0,0,30,0,0,0,0,1,4,2,8
,2023-25222,39.74167595,-104.9848664,6/26/2023 9:30,9:30:00,12,0,0,E 16TH AVE & N SHERMAN ST,1,1,0,0,1,1,0,0,25,0,0,0,0,0,4,2,3
,2023-25224,39.75006175,-105.0173357,6/27/2023 13:12,13:12:00,12,0,0,I-25 & W 23RD AVE,1,1,0,0,1,4,0,0,55,0,0,0,0,0,1,2,13
,2023-25226,39.78946626,-104.8721534,6/26/2023 8:40,8:40:00,6,0,0, FLORENCE ST & E 47TH AVE,1,1,0,0,1,2,0,0,35,0,0,0,0,0,4,2,16
,2023-25229,39.73697419,-104.9046403,6/22/2023 17:49,17:49:00,5,0,1, POPLAR ST & E 13TH AVE,1,1,0,0,2,4,0,0,25,0,0,0,0,3,4,1,3
,2023-25230,39.78267799,-104.9898014,6/26/2023 22:37,22:37:00,9,0,1,I-25 SB OFF RAMP TO EB -70 & I-70,1,3,0,0,3,8,0,0,55,0,0,0,0,2,1,1,13
,2023-25231,39.71116687,-104.9875748,6/25/2023 13:00,13:00:00,3,0,2, BROADWAY ST & E ALAMEDA AVE,1,1,0,0,1,1,0,0,30,0,0,0,0,2,4,3,3
,2023-25236,39.65296545,-104.9184716,6/27/2023 7:28,7:28:00,12,0,0,I-25 & E HAMPDEN AVE,1,1,0,0,1,4,0,0,65,0,0,0,0,0,1,2,16
,2023-25238,39.73344136,-104.9586131,6/26/2023 10:44,10:44:00,10,0,0, JOSEPHINE ST & E 11TH AVE,1,1,0,0,1,2,0,0,35,0,0,0,0,0,4,2,16
,2023-25244,39.76837353,-104.9222906,6/27/2023 16:54,16:54:00,11,0,1,3673  HOLLY ST & E 38TH AVE,1,1,0,0,1,4,0,0,0,0,1,0,0,2,4,1,16
,2023-25249,39.75928054,-104.9936671,6/27/2023 15:54,15:54:00,12,0,0,PARK AVE W & WEWATTA ST,1,1,0,0,1,3,0,0,30,0,0,0,0,0,4,2,3
,2023-25252,39.68540997,-104.9875363,6/27/2023 13:39,13:39:00,11,0,1, BROADWAY ST & E COLORADO AVE,1,1,0,0,1,9,0,0,35,0,1,0,0,2,4,1,16
,2023-25258,39.74889375,-104.9921743,5/5/2023 21:24,21:24:00,11,1,0,18TH ST & CURTIS ST,1,3,0,0,1,4,0,0,0,0,1,0,0,4,4,1,16
,2023-25260,39.74025318,-105.0111104,6/24/2023 16:37,16:37:00,9,0,0,W COLFAX AVE & I-25,1,1,1,0,1,4,0,0,,0,0,0,1,0,2,1,16
,2023-25261,39.70375598,-104.9920702,6/23/2023 12:09,12:09:00,12,0,0,I-25 & S SANTA FE DR SB OFF RAMP GORE PT,1,1,1,0,1,4,0,0,55,0,0,0,0,0,1,3,14
,2023-25269,39.70040357,-105.0253005,6/27/2023 16:42,16:42:00,3,0,2,W KENTUCKY AVE & S FEDERAL BLVD,1,1,0,0,1,2,0,0,30,0,0,0,0,1,4,2,11
,2023-25275,39.77045568,-105.0252337,6/27/2023 14:05,14:05:00,12,0,3, FEDERAL BLVD & W 39TH AVE,1,1,0,0,1,4,0,0,35,0,0,0,0,1,2,3,10
,2023-25277,39.70815409,-104.9269618,6/21/2023 21:19,21:19:00,1,0,2,LEETSDALE DR & S FOREST ST,11,3,0,1,1,1,0,0,35,0,0,0,0,2,2,2,1
,2023-25278,39.78363784,-104.7904896,6/23/2023 15:00,15:00:00,1,0,0,E GREEN VALLEY RANCH BLVD & PENA BLVD,1,1,0,0,1,1,0,0,35,0,0,0,0,0,4,2,13
,2023-25280,39.69664858,-104.9918859,6/23/2023 11:23,11:23:00,12,0,1, SANTA FE DR & W MISSISSIPPI AVE,1,1,3,0,1,3,0,0,40,0,0,0,0,1,2,2,16
,2023-25285,39.7093333,-104.9864039,6/27/2023 7:47,7:47:00,3,0,2,E DAKOTA AVE & S LINCOLN ST,1,1,0,0,1,1,0,0,25,0,0,0,0,1,4,2,16
,2023-25287,39.72354641,-105.0113234,6/26/2023 13:40,13:40:00,12,0,0,I-25 & W 5TH AVE,1,1,0,0,1,4,0,0,55,0,0,0,0,0,1,3,10
,2023-25288,39.76574565,-104.9597583,6/27/2023 8:55,8:55:00,3,0,0,E 35TH AVE & N YORK ST,1,1,0,1,1,1,0,0,20,0,0,0,0,0,4,2,8
,2023-25289,39.74000872,-104.9684733,6/26/2023 11:05,11:05:00,12,0,0,E COLFAX AVE & FRANKLIN ST,1,1,0,0,1,1,0,0,30,0,0,0,0,0,2,2,11
,2023-25293,39.72568897,-104.9955855,6/27/2023 17:46,17:46:00,12,0,0,W 6TH AVE & N FOX ST,1,1,0,0,1,4,0,0,35,0,0,0,0,0,2,3,13
,2023-25294,39.78092697,-104.7756182,6/22/2023 8:35,8:35:00,6,0,0,467  WALDEN WY & E 47TH AVE,1,1,0,0,1,4,0,0,25,0,0,0,0,0,4,2,16
,2023-25295,39.77286976,-104.9406679,6/19/2023 8:29,8:29:00,15,0,0, COLORADO BLVD & E 40TH AVE,1,1,0,0,1,1,0,0,40,0,0,0,0,0,2,2,13
,2023-25309,39.71825434,-104.9735701,6/27/2023 9:23,9:23:00,12,0,0,E SPEER BLVD & N DOWNING ST,1,1,0,0,1,3,0,0,30,0,0,0,0,0,4,3,16
,2023-25310,39.72533792,-104.9127934,6/25/2023 9:50,9:50:00,15,0,0, MONACO ST & E 6TH AVE,1,1,0,0,1,4,0,0,35,0,0,0,0,0,4,2,13
,2023-25311,39.78384063,-105.0064254,6/27/2023 13:06,13:06:00,3,0,0,W 48TH AVE & N PECOS ST,1,1,0,0,1,6,0,0,25,0,0,0,0,0,1,2,13
,2023-25349,39.67856471,-104.9828973,6/27/2023 16:00,16:00:00,3,0,0,E EVANS AVE & S LOGAN ST,1,1,0,0,1,1,0,0,30,0,0,0,0,0,4,2,13
,2023-25350,39.71215016,-105.0016002,6/28/2023 7:45,7:45:00,1,0,0, LIPAN ST & W BYERS PL,1,1,0,0,1,1,0,0,25,0,0,0,0,0,4,2,13
,2023-25353,39.73838757,-104.9576201,6/28/2023 16:59,16:59:00,10,0,0,E 14TH AVE & N COLUMBINE ST,1,1,0,0,1,1,0,0,30,0,0,0,0,0,4,2,13
,2023-25357,39.78284418,-104.7554506,6/28/2023 18:52,18:52:00,1,0,1, HIMALAYA RD & E GREEN VALLEY RANCH BLVD,1,1,0,0,1,1,0,0,30,0,0,0,0,1,4,2,16
,2023-25358,39.7254747,-104.9034448,5/5/2023 15:48,15:48:00,11,0,1,E 6TH AVE & N QUEBEC ST,1,1,0,0,1,1,0,0,0,0,1,0,0,2,4,1,16
,2023-25359,39.73712668,-104.9953066,5/26/2023 9:50,9:50:00,11,0,1,1330  FOX ST & W 13TH AVE,1,1,0,0,1,4,0,0,30,0,1,0,0,1,4,1,14
,2023-25366,39.65317803,-104.9405955,6/28/2023 11:27,11:27:00,15,0,0,E HAMPDEN AVE SLIP & S COLORADO BLVD,1,1,0,0,1,1,0,0,40,0,0,0,0,0,2,2,16
,2023-25369,39.76925351,-105.0158685,6/28/2023 9:18,9:18:00,3,0,0, ZUNI ST & W 38TH AVE,1,1,0,0,1,3,0,0,30,0,0,0,0,0,4,2,7
,2023-25370,39.75576048,-104.9548843,6/27/2023 23:52,23:52:00,6,0,1, CLAYTON ST & E 27TH AVE,1,3,0,0,1,4,0,0,25,0,0,0,0,2,4,2,10
,2023-25378,39.72561571,-104.9567165,6/27/2023 15:50,15:50:00,15,0,1,E 6TH AVE & N ELIZABETH ST,1,1,0,0,1,1,0,0,30,0,0,0,0,1,4,2,11
,2023-25385,39.76392048,-105.0440108,6/28/2023 19:03,19:03:00,5,0,1, TENNYSON ST & W 33RD AVE,1,2,0,0,3,4,0,0,30,0,0,0,0,1,4,1,16
,2023-25386,39.68756224,-104.9919398,6/14/2023 19:00,19:00:00,14,0,0, SANTA FE DR & W IOWA AVE,1,2,0,0,1,1,0,0,45,0,0,0,0,0,2,2,1
,2023-25387,39.71119986,-104.9097007,6/27/2023 8:45,8:45:00,5,0,1,E ALAMEDA AVE & S NIAGARA ST,1,1,0,0,3,1,0,0,30,0,0,0,0,1,4,1,2
,2023-25389,39.71132307,-105.0532578,6/27/2023 14:35,14:35:00,15,0,0, SHERIDAN BLVD & W ALAMEDA AVE,1,1,0,0,1,1,0,0,35,0,0,0,0,0,2,2,1
,2023-25391,39.73735225,-105.0251215,4/16/2023 20:32,20:32:00,11,1,0,1300 N  FEDERAL BLVD,1,3,0,0,1,4,0,0,0,0,1,0,0,4,2,1,16
,2023-25392,39.81653576,-104.7720529,6/28/2023 19:06,19:06:00,15,0,1, TOWER RD & E 66TH AVE,1,1,0,0,1,4,0,0,,0,0,0,1,2,4,3,16
,2023-25393,39.62733236,-104.9035162,1/3/2023 1:28,1:28:00,15,1,0,I-25 & E UNION AVE,8,3,1,0,1,4,0,0,65,0,0,0,0,4,1,2,13
,2023-25394,39.65615248,-105.0532234,6/27/2023 11:37,11:37:00,12,0,0, SHERIDAN BLVD & W DARTMOUTH AVE,1,1,0,0,1,1,0,0,40,0,0,0,0,0,2,2,3
,2023-25397,39.69674509,-105.0260826,6/17/2023 12:54,12:54:00,12,0,0,W MISSISSIPPI AVE & S GROVE ST,1,1,0,0,1,4,0,0,,0,0,0,0,0,4,2,7
,2023-25399,39.75709514,-104.9907059,6/25/2023 11:23,11:23:00,10,0,0,PARK AVE W & BLAKE ST,1,1,0,0,1,1,0,0,30,0,0,0,0,0,4,2,11
,2023-25400,39.69675846,-105.0250715,6/27/2023 18:30,18:30:00,3,0,2, FEDERAL BLVD & W MISSISSIPPI AVE,1,1,0,0,1,1,0,0,45,0,0,0,0,2,2,3,3
,2023-25401,39.67850357,-104.9711047,6/27/2023 12:50,12:50:00,12,0,0,E EVANS AVE & S LAFAYETTE ST,1,1,0,0,1,1,0,0,30,0,0,0,0,0,4,2,3
,2023-25407,39.75844588,-104.998253,6/19/2023 22:40,22:40:00,11,0,1,CHESTNUT PL & W 29TH AVE,1,3,0,0,1,1,0,0,25,0,1,0,0,2,4,1,16
,2023-25412,39.65308281,-104.8987252,6/26/2023 10:30,10:30:00,12,0,0, TAMARAC DR & E HAMPDEN AVE,1,1,0,0,1,1,0,0,,0,0,0,0,0,2,2,16
,2023-25413,39.74000575,-104.9929209,6/26/2023 16:45,16:45:00,15,0,0,W COLFAX AVE & N DELAWARE ST,1,1,0,0,1,1,0,0,35,0,0,0,0,0,2,2,3
,2023-25414,39.63867966,-104.8926845,6/27/2023 15:00,15:00:00,1,0,0, TAMARAC DR & E QUINCY AVE,1,1,0,0,1,1,0,0,30,0,0,0,0,0,4,2,3
,2023-25416,39.67566693,-105.0532644,6/28/2023 10:24,10:24:00,12,0,1, SHERIDAN BLVD & W WARREN AVE,1,1,1,0,1,1,0,0,25,0,0,0,0,1,2,2,3
,2023-25417,39.74009977,-104.9588027,6/20/2023 15:02,15:02:00,1,0,0,E COLFAX AVE & N JOSEPHINE ST,1,1,0,0,1,1,0,0,30,0,0,0,0,0,2,2,8
,2023-25421,39.80741542,-104.7832719,6/26/2023 16:58,16:58:00,12,0,2,E 56TH AVE,1,1,0,0,1,4,0,0,65,0,0,0,0,2,4,2,2
,2023-25424,39.70754464,-104.9876226,6/28/2023 13:50,13:50:00,2,0,1, BROADWAY ST & E VIRGINIA AVE,1,1,0,0,1,1,0,0,30,1,0,0,0,1,4,1,3
,2023-25426,39.68469199,-104.9554992,6/17/2023 22:30,22:30:00,15,0,0,I-25 & MM 205,1,3,0,0,1,4,0,0,60,0,0,0,0,0,2,2,16
,2023-25429,39.68033671,-104.9875714,6/20/2023 7:01,7:01:00,1,0,0, BROADWAY ST & W ASBURY AVE,1,1,0,0,1,1,0,0,35,0,0,0,0,0,4,3,11
,2023-25431,39.67809895,-105.0345713,6/21/2023 8:15,8:15:00,6,0,0, LOWELL BLVD & W EVANS AVE,1,1,0,0,1,4,0,0,25,0,0,0,0,0,4,2,16
,2023-25432,39.69491792,-105.0265749,6/27/2023 20:53,20:53:00,6,0,1,W ARIZONA AVE & S GROVE ST,1,3,0,0,1,3,0,0,25,0,0,0,0,2,4,2,3
,2023-25436,39.70080228,-104.9128892,6/21/2023 12:41,12:41:00,12,0,0, MONACO ST & E KENTUCKY AVE,1,1,0,0,1,4,0,0,35,0,0,0,0,0,4,2,14
,2023-25442,39.73841483,-104.9752965,6/28/2023 20:27,20:27:00,3,0,0, OGDEN ST & E 14TH AVE,1,1,0,0,1,1,0,0,25,0,0,0,0,0,4,2,8
,2023-25445,39.78168642,-104.7721271,6/28/2023 7:05,7:05:00,12,0,0, TOWER RD & E 47TH AVE,1,1,0,0,1,3,0,0,40,0,0,0,0,0,4,2,14
,2023-25448,39.72532668,-104.9081564,6/27/2023 14:00,14:00:00,3,0,0, ONEIDA ST & E 6TH AVE,1,1,0,0,1,1,0,0,25,0,0,0,0,0,4,2,3
,2023-25450,39.77797267,-104.9222927,6/28/2023 9:55,9:55:00,15,0,0, HOLLY ST & E 44TH AVE,1,1,0,0,1,1,0,0,25,0,0,0,0,0,4,2,16
,2023-25451,39.71079152,-104.9986513,6/28/2023 15:15,15:15:00,12,0,0,I-25 & W ALAMEDA AVE (APPROX),1,1,0,0,1,4,0,0,,0,0,0,0,0,1,2,16
,2023-25452,39.6531688,-104.9153405,6/26/2023 12:45,12:45:00,11,0,1, LOCUST ST & E HAMPDEN AVE,1,1,0,0,1,1,0,0,25,0,1,0,0,1,2,1,3
,2023-25453,39.70625317,-104.9962573,6/26/2023 15:15,15:15:00,15,0,0,I-25 & S SANTA FE DR,1,1,0,0,1,4,0,0,65,0,0,0,0,0,1,2,3
,2023-25455,39.74008598,-104.8893792,6/25/2023 1:40,1:40:00,12,0,0,E COLFAX AVE & N WABASH ST,1,3,0,0,1,3,0,0,30,0,0,0,0,0,2,2,7
,2023-25456,39.7401656,-104.9559309,6/12/2023 18:40,18:40:00,6,0,0,E COLFAX AVE & ELIZABETH ST,1,1,0,0,1,4,0,0,35,0,0,0,0,0,4,2,14
,2023-25464,39.67846105,-104.9945393,6/20/2023 19:45,19:45:00,14,0,0,W EVANS AVE & S GALAPAGO ST,1,1,1,0,6,4,0,0,35,0,0,0,0,0,4,3,16
,2023-25497,39.66121911,-105.0575854,3/8/2023 7:26,7:26:00,15,0,0, GOLDEN WY & W BATES AVE,1,1,0,0,1,4,0,0,25,0,0,0,0,0,4,2,16
,2023-25500,39.78469176,-105.0239414,5/31/2023 3:44,3:44:00,5,0,0,W 48TH AVE & N ELIOT ST,1,3,0,0,2,1,0,0,25,0,0,0,0,0,4,1,9
,2023-25506,39.65670861,-105.0497153,6/28/2023 19:17,19:17:00,12,0,0,W DARTMOUTH AVE & S ZENOBIA ST,1,2,0,0,1,4,0,0,30,0,0,0,0,0,4,2,7
,2023-25510,39.75840694,-105.0212622,6/29/2023 8:57,8:57:00,15,0,0, SPEER BLVD & W 29TH AVE,1,1,0,0,1,4,0,0,35,0,0,0,0,0,4,3,16
,2023-25511,39.7241314,-104.9862517,6/29/2023 14:34,14:34:00,3,0,2, LINCOLN ST & E 5TH AVE,1,1,0,0,1,9,0,0,25,0,0,0,0,2,4,2,13
,2023-25516,39.76814624,-104.959746,6/27/2023 11:55,11:55:00,15,0,0, YORK ST & E 37TH ST,1,1,0,0,1,1,0,0,35,0,0,0,0,0,4,2,16
,2023-25517,39.77767428,-104.9582487,6/29/2023 17:16,17:16:00,3,0,0,E 44TH AVE & N JOSEPHINE ST,11,1,0,1,1,1,0,0,25,0,0,0,0,0,4,2,13
,2023-25520,39.74017938,-104.9573703,6/27/2023 12:37,12:37:00,6,0,0,E COLFAX AVE & N COLUMBINE ST,1,1,0,0,1,4,0,0,35,0,0,0,0,0,2,2,16
,2023-25522,39.62970608,-105.0348062,6/29/2023 16:20,16:20:00,6,0,1, LOWELL BLVD & W LAYTON AVE,1,1,0,0,1,4,0,0,,0,0,0,0,2,4,3,2
,2023-25524,39.77851657,-104.9027075,6/23/2023 8:27,8:27:00,12,0,0, NORTHFIELD QUEBEC ST & I-70,1,1,0,0,1,3,0,0,35,0,0,0,0,0,2,2,13
,2023-25526,39.67845792,-104.9334118,6/29/2023 11:01,11:01:00,12,0,0,E EVANS AVE & I-25 NB RAMPS,1,1,0,0,1,3,0,0,35,0,0,0,0,0,4,2,16
,2023-25527,39.74890613,-104.9874051,6/29/2023 18:45,18:45:00,11,0,0,CALIFORNIA ST & N BROADWAY ST,1,1,0,0,1,1,0,0,0,0,0,1,0,0,4,1,16
,2023-25529,39.79838313,-104.7721172,6/23/2023 13:23,13:23:00,12,0,0, TOWER RD & E 56TH AVE,1,1,0,0,1,1,0,0,40,0,0,0,0,0,4,2,13
,2023-25531,39.71112374,-104.9724243,6/29/2023 16:38,16:38:00,3,0,1, MARION PKWY & E ALAMEDA AVE,1,1,0,0,1,1,0,0,25,0,0,0,0,2,4,2,13
,2023-25533,39.72373816,-104.9740643,6/29/2023 17:34,17:34:00,3,0,0, CORONA ST & E 5TH AVE,1,1,0,0,1,1,0,0,40,0,0,0,0,0,4,2,13
,2023-25534,39.76973672,-105.0532479,6/29/2023 14:26,14:26:00,3,0,1, SHERIDAN BLVD & W 38TH AVE,1,1,0,0,1,2,0,0,30,0,0,0,0,1,2,2,16
,2023-25535,39.7389647,-104.9139546,6/27/2023 7:10,7:10:00,6,0,0, LOCUST ST & E 14TH ST,1,1,0,0,1,4,0,0,20,0,0,0,0,0,4,2,3
,2023-25539,39.75883124,-104.8645346,6/29/2023 18:40,18:40:00,3,0,0, IOLA ST & E 29TH DR,11,1,0,1,1,1,0,0,30,0,0,0,0,0,4,2,11
,2023-25549,39.69675092,-105.0203599,6/30/2023 10:18,10:18:00,3,0,0, CLAY ST & W MISSISSIPPI AVE,1,1,0,0,1,1,0,0,30,0,0,0,0,0,4,2,13
,2023-25559,39.7382524,-104.9350053,6/29/2023 10:32,10:32:00,6,0,0, CLERMONT ST & E 14TH AVE,1,1,0,0,1,4,0,0,,0,0,0,0,0,4,2,16
,2023-25561,39.70134495,-105.0275236,6/30/2023 9:40,9:40:00,10,0,0, HAZEL CT & W ADA PL,11,1,0,1,1,1,0,0,,0,0,0,0,0,4,2,16
,2023-25562,39.71779997,-104.9425408,6/30/2023 11:18,11:18:00,3,0,0, JACKSON ST & E 1ST AVE,1,1,0,0,1,1,0,0,30,0,0,0,0,0,4,2,11
,2023-25563,39.75482287,-105.0532444,6/27/2023 18:51,18:51:00,12,0,0, SHERIDAN BLVD & W 26TH AVE,1,1,0,0,1,1,0,0,40,0,0,0,0,0,2,2,13
,2023-25564,39.83431655,-104.7155138,6/30/2023 10:19,10:19:00,15,0,0, GUN CLUB RD,1,1,0,0,1,8,0,0,65,0,0,0,0,0,2,2,11
,2023-25567,39.77144829,-104.847437,6/23/2023 11:37,11:37:00,12,0,0, PEORIA ST & E 39TH AVE,1,1,0,0,1,4,0,0,,0,0,0,0,0,4,2,16
,2023-25568,39.71121077,-104.9031155,6/30/2023 13:58,13:58:00,12,0,3,E ALAMEDA AVE & S QUEBEC ST,1,1,0,0,1,4,0,0,35,0,0,0,0,1,4,2,16