id,drcog_id,latitude,longitude,crashtime,time,crashtype,numbkilled,numbinjurd,drcoglocat,rdconditin,lightngcon,roadcntgrd,weatherco,location,roaddescrp,schoolzone,constrzone,splimit,bikeinv,pedinv,sctrinv,motoinv,svrty,rdsystem,ttlvehcls,hcf
,2023-25569,39.74738446,-104.9406038,6/29/2023 16:02,16:02:00,12,0,0, COLORADO BLVD & E MONTVIEW BLVD,11,1,0,0,1,1,0,0,,0,0,0,0,0,2,3,16
,2023-25572,39.72088204,-105.0120683,6/29/2023 7:47,7:47:00,16,0,1,W 3RD AVE & N UMATILLA ST,1,1,0,0,5,1,0,0,15,0,0,0,0,2,3,1,3
,2023-25573,39.70734312,-104.9222679,6/29/2023 14:00,14:00:00,12,0,0,LEETSDALE DR & S HOLLY ST,1,1,0,0,1,1,0,0,30,0,0,0,0,0,2,2,3
,2023-25578,39.68931263,-104.940546,6/30/2023 17:00,17:00:00,12,0,0, COLORADO BLVD & E FLORIDA AVE,1,1,0,0,1,1,0,0,45,0,0,0,0,0,2,2,16
,2023-25579,39.76165198,-104.8990432,6/29/2023 5:00,5:00:00,6,0,0, ROSLYN WY & E MLK BLVD,1,2,0,0,1,4,0,0,25,0,0,0,0,0,4,2,16
,2023-25580,39.64005589,-104.8835065,6/29/2023 23:29,23:29:00,12,0,0,I-225 & S YOSEMITE ST,11,4,0,1,1,4,0,0,65,0,0,0,0,0,1,2,16
,2023-25581,39.63896853,-104.910098,6/28/2023 16:30,16:30:00,12,0,0,I-25 & E QUINCY AVE,1,1,0,0,1,4,0,0,55,0,0,0,0,0,1,2,13
,2023-25582,39.72730305,-104.9975647,6/30/2023 15:32,15:32:00,3,0,0, INCA ST & W 7TH AVE,11,1,0,1,1,1,0,0,20,0,0,0,0,0,4,2,11
,2023-25587,39.66585829,-104.9734891,6/30/2023 9:38,9:38:00,5,0,1, DOWNING ST & E AMHERST AVE,1,1,0,0,3,1,0,0,30,0,0,0,0,2,4,1,10
,2023-25591,39.77337713,-104.8469125,6/30/2023 14:20,14:20:00,12,0,0, PEORIA ST & I-70 EB RAMPS,1,1,0,1,1,1,0,0,40,0,0,0,0,0,4,2,3
,2023-25592,39.72557837,-104.9741472,6/29/2023 15:15,15:15:00,15,0,0,E 6TH AVE & N CORONA ST,1,1,0,0,1,3,0,0,30,0,0,0,0,0,4,2,13
,2023-25599,39.67846286,-104.9145784,6/30/2023 16:27,16:27:00,1,0,0,E EVANS AVE & S MONACO ST,1,1,0,7,1,4,0,0,35,0,0,0,0,0,4,2,13
,2023-25602,39.77339379,-104.8474174,6/30/2023 6:39,6:39:00,15,0,0,I-70 EB OFF RAMP & N PEORIA ST,1,1,1,0,1,8,0,0,55,0,0,0,0,0,1,2,16
,2023-25604,39.71117078,-104.9899964,6/30/2023 10:58,10:58:00,1,0,1,W ALAMEDA AVE & S BANNOCK ST,1,1,0,0,1,1,0,0,30,0,0,0,0,1,4,2,16
,2023-25607,39.71780875,-104.9316235,6/30/2023 15:40,15:40:00,3,0,0, DAHLIA ST & E 1ST AVE,11,1,0,1,1,1,0,0,25,0,0,0,0,0,4,2,13
,2023-25609,39.72868754,-104.9034642,6/29/2023 10:35,10:35:00,1,0,1, QUEBEC ST & E SEVERN AVE,1,1,0,0,1,1,0,0,30,0,0,0,0,1,4,2,11
,2023-25611,39.70679378,-105.0390455,6/30/2023 18:44,18:44:00,6,0,1,MORRISON RD & S PATTON CT,1,1,0,0,1,4,0,0,35,0,0,0,1,2,4,2,7
,2023-25612,39.84724747,-104.6773901,6/29/2023 7:52,7:52:00,15,0,0,8300 PENA BLVD,1,1,0,0,1,4,0,0,45,0,0,0,0,0,4,2,16
,2023-25615,39.67953359,-104.9522451,6/30/2023 9:58,9:58:00,11,0,1, MILWAUKEE ST & E ASBURY ST,1,1,0,0,1,4,0,0,25,0,1,0,0,2,4,1,16
,2023-25617,39.68936211,-104.9222233,6/29/2023 13:00,13:00:00,12,0,0,E FLORIDA AVE & S HOLLY ST,1,1,0,0,1,3,0,0,30,0,0,0,0,0,4,2,13
,2023-25621,39.63489008,-104.8932707,6/29/2023 13:00,13:00:00,15,0,0, TAMARAC DR & I-225 NB RAMPS,1,1,0,0,1,1,0,0,30,0,0,0,0,0,4,2,3
,2023-25622,39.77816561,-104.8878425,6/28/2023 10:55,10:55:00,15,0,0,I-70 WB ON RAMP FROM CENTRAL PARK BLVD & I-70 ON RAMP MERGE PT,1,1,2,0,1,8,0,0,25,0,0,0,0,0,1,2,16
,2023-25623,39.67644482,-104.9187899,6/29/2023 8:13,8:13:00,3,0,0,2225  JASMINE ST & E WARREN AVE,1,1,0,0,1,2,0,0,25,0,0,0,0,0,4,2,11
,2023-25624,39.7297555,-104.9912378,6/29/2023 11:15,11:15:00,15,0,0, SPEER BLVD & N BANNOCK ST,1,1,0,0,1,1,0,0,35,0,0,0,0,0,4,2,13
,2023-25626,39.83344401,-104.6929354,6/29/2023 13:31,13:31:00,12,0,0, JACKSON GAP ST,1,1,0,0,1,4,0,0,55,0,0,0,0,0,4,2,11
,2023-25628,39.7736246,-104.9763086,6/29/2023 7:30,7:30:00,3,0,0,DELGANY ST & 38TH ST,1,1,1,0,1,1,0,0,35,0,0,0,0,0,4,2,11
,2023-25629,39.75324267,-104.9757733,6/29/2023 17:50,17:50:00,3,0,0,E 25TH AVE & N EMERSON ST,1,1,0,0,1,1,0,0,25,0,0,0,0,0,4,2,13
,2023-25630,39.75425909,-105.0064105,6/29/2023 14:00,14:00:00,10,0,0,15TH ST & LITTLE RAVEN ST,1,1,0,0,1,4,0,0,30,0,0,0,0,0,4,2,13
,2023-25631,39.77567102,-104.8662976,6/26/2023 15:20,15:20:00,15,0,0,I-70 & N HAVANA ST,1,1,0,0,1,4,0,0,55,0,0,0,0,0,1,2,13
,2023-25634,39.75839495,-105.0158351,6/30/2023 8:40,8:40:00,3,0,0, ZUNI ST & W 29TH AVE,1,1,0,0,1,1,0,0,30,0,0,0,0,0,4,2,11
,2023-25636,39.68485762,-104.9594473,6/29/2023 10:30,10:30:00,5,0,0,I-25 & S UNIVERSITY BLVD,1,1,0,0,1,4,0,0,65,0,0,0,0,0,1,2,14
,2023-25637,39.77352633,-104.8414196,6/26/2023 12:52,12:52:00,15,0,0,I-70 & EB OFF RAMP MERGE PT TO I-225,1,1,0,0,1,4,0,0,55,0,0,0,0,0,1,2,13
,2023-25642,39.71662902,-105.0532506,6/29/2023 15:17,15:17:00,3,0,0, SHERIDAN BLVD & W ELLSWORTH AVE,11,1,0,2,1,1,0,0,40,0,0,0,0,0,2,2,11
,2023-25643,39.70606526,-104.9407892,6/30/2023 12:00,12:00:00,3,0,1, COLORADO BLVD & E CHERRY CREEK S DR,1,1,0,0,1,1,0,0,35,0,0,0,0,2,2,2,13
,2023-25644,39.74946485,-104.9694441,6/29/2023 10:00,10:00:00,6,0,0,E 22ND AVE & N HUMBOLDT ST,1,1,0,0,1,4,0,0,,0,0,0,0,0,4,2,16
,2023-25645,39.74373193,-104.9747524,6/30/2023 6:09,6:09:00,6,0,0, OGDEN ST & E 17TH AVE,1,1,0,0,1,4,0,0,20,0,0,0,0,0,4,2,16
,2023-25646,39.70766809,-105.0250817,6/30/2023 13:30,13:30:00,3,0,0, FEDERAL BLVD & W VIRGINIA AVE,1,1,0,0,1,2,0,0,40,0,0,0,0,0,2,2,13
,2023-25647,39.73997986,-104.962248,6/26/2023 22:07,22:07:00,3,0,0,E COLFAX AVE & N VINE ST,1,3,0,0,1,1,0,0,,0,0,0,0,0,2,2,16
,2023-25649,39.75786169,-104.9987257,6/30/2023 11:40,11:40:00,12,0,0,20TH ST & CHESTNUT PL,1,1,0,0,1,4,0,0,30,0,0,0,0,0,4,2,13
,2023-25650,39.73686252,-104.9964607,6/30/2023 10:27,10:27:00,3,0,1,W 13TH AVE & N SPEER BLVD,1,1,0,0,1,1,0,0,30,0,0,0,0,1,4,2,11
,2023-25651,39.73690668,-105.0125907,6/29/2023 9:05,9:05:00,10,0,0,W 13TH AVE & N UMATILLA ST,1,1,0,0,6,2,0,0,30,0,0,0,0,0,4,2,14
,2023-25653,39.64625012,-104.9143407,6/30/2023 12:53,12:53:00,12,0,2,I-25 & E HAMPDEN AVE,1,1,0,0,1,4,0,0,65,0,0,0,0,2,1,5,1
,2023-25657,39.72890621,-104.9952182,6/30/2023 15:50,15:50:00,3,0,1, FOX ST & W 8TH AVE,11,1,0,1,1,1,0,0,25,0,0,0,1,3,4,2,11
,2023-25662,39.74544075,-104.990103,6/30/2023 15:25,15:25:00,3,0,0,WELTON ST & 17TH ST,1,1,0,0,1,1,0,0,30,0,0,0,0,0,4,2,13
,2023-25665,39.73115677,-105.0251816,6/28/2023 12:40,12:40:00,1,0,0, FEDERAL BLVD & W 9TH AVE,1,1,0,0,1,1,0,0,35,0,0,0,0,0,2,2,11
,2023-25673,39.65304245,-104.8720122,6/27/2023 17:33,17:33:00,12,0,1,E HAMPDEN AVE & S FLORENCE ST,1,1,0,0,1,3,0,0,45,0,0,0,0,2,2,2,13
,2023-25677,39.72735379,-104.940627,6/25/2023 16:55,16:55:00,15,0,0, COLORADO BLVD & E 7TH AVE,1,1,0,0,1,3,0,0,,0,0,0,0,0,2,2,16
,2023-25678,39.7821999,-104.8762514,7/1/2023 14:19,14:19:00,1,0,1,E 47TH AVE & N DALLAS ST,1,1,0,0,1,1,0,0,,0,0,0,0,2,4,2,16
,2023-25679,39.65308281,-104.8987252,7/1/2023 14:59,14:59:00,1,0,0, TAMARAC DR & E HAMPDEN AVE,1,1,0,0,1,1,0,0,30,0,0,0,0,0,2,2,16
,2023-25680,39.78338045,-104.9400715,6/30/2023 15:31,15:31:00,3,0,0,E 48TH AVE & N 46TH AVE,1,1,0,0,1,1,0,0,30,0,0,0,0,0,4,2,14
,2023-25681,39.72560764,-104.960182,6/30/2023 15:57,15:57:00,12,0,0,E 6TH AVE & N YORK ST,1,1,0,0,1,3,0,0,35,0,0,0,0,0,4,2,13
,2023-25682,39.66804734,-105.0532566,7/1/2023 2:08,2:08:00,5,0,0, SHERIDAN BLVD & W YALE AVE,1,3,1,0,3,1,0,0,,0,0,0,0,0,2,1,16
,2023-25683,39.76184388,-104.9294021,7/1/2023 12:15,12:15:00,5,0,0,E MLK BLVD & N ELM ST (APPROX),1,1,0,0,6,4,0,0,35,0,0,0,0,0,4,1,13
,2023-25685,39.71311283,-104.9129164,7/1/2023 12:00,12:00:00,3,0,2,E CEDAR AVE & S MONACO ST,1,1,0,0,1,3,0,0,20,0,0,0,0,1,4,2,16
,2023-25690,39.78382885,-105.0532786,7/1/2023 7:00,7:00:00,1,0,2, SHERIDAN BLVD & W 48TH AVE,1,1,0,0,1,1,0,0,35,0,0,0,0,2,2,2,16
,2023-25692,39.86384821,-104.6739109,6/30/2023 22:35,22:35:00,12,0,0,5800 PENA BLVD,1,3,0,0,1,4,0,0,65,0,0,0,0,0,4,3,7
,2023-25694,39.70407517,-104.9927247,7/1/2023 19:03,19:03:00,5,0,0,I-25 & W ALAMEDA AVE NB OFF RAMP GORE PT,1,1,1,0,3,8,0,0,45,0,0,0,0,0,1,1,1
,2023-25695,39.74381006,-104.9548782,6/25/2023 16:31,16:31:00,10,0,0,E 17TH AVE & N DETROIT ST,1,1,0,0,1,4,0,0,,0,0,0,0,0,4,2,16
,2023-25696,39.79086063,-104.9089501,7/1/2023 15:47,15:47:00,12,0,1,I-270 & N QUEBEC ST,1,1,0,0,1,4,0,0,55,0,0,0,0,2,2,3,3
,2023-25697,39.7165315,-104.9826454,7/1/2023 0:51,0:51:00,5,0,1,E ELLSWORTH AVE & N LOGAN ST,1,3,0,0,6,1,0,0,15,0,0,0,0,2,4,1,11
,2023-25698,39.72921658,-104.9394576,6/12/2023 17:10,17:10:00,3,0,0, ALBION ST & E 8TH AVE,1,1,0,0,1,1,0,0,30,0,0,0,0,0,4,2,16
,2023-25700,39.71658954,-104.9906813,6/27/2023 9:15,9:15:00,6,0,0,156 W ELLSWORTH AVE & S BANNOCK ST,1,1,0,0,3,4,0,0,,0,0,0,0,0,4,3,16
,2023-25701,39.78361931,-104.7744411,6/28/2023 16:37,16:37:00,12,0,0,E GREEN VALLEY RANCH BLVD & N YAMPA ST,1,1,0,0,1,3,0,0,40,0,0,0,0,0,4,2,16
,2023-25702,39.77367493,-104.8470307,6/29/2023 6:01,6:01:00,15,0,0, PEORIA ST & I-70 EB RAMPS,1,1,0,0,1,3,0,0,35,0,0,0,0,0,4,2,11
,2023-25703,39.86384821,-104.6739109,6/26/2023 4:28,4:28:00,15,0,0,PENA BLVD & E 80TH AVE,1,3,0,0,1,4,0,0,45,0,0,0,0,0,4,2,1
,2023-25704,39.73844501,-104.9953008,6/30/2023 9:21,9:21:00,3,0,0, FOX ST & W 14TH AVE,11,1,3,1,1,1,0,0,25,0,0,0,0,0,4,2,8
,2023-25705,39.78613665,-104.9782934,6/9/2023 17:32,17:32:00,3,0,1, WASHINGTON ST & E 50TH AVE,1,1,0,0,1,2,0,0,35,0,0,0,1,3,4,2,13
,2023-25732,39.72641946,-104.9869896,6/15/2023 3:26,3:26:00,2,0,1,E SPEER BLVD & LINCOLN ST,1,3,0,0,3,1,0,0,30,1,0,0,0,2,4,1,16
,2023-25737,39.77340851,-104.8477842,7/2/2023 6:00,6:00:00,12,0,0,I-70 EB OFF RAMP & N PEORIA ST,1,1,3,0,1,8,0,0,,0,0,0,0,0,1,2,16
,2023-25738,39.76450346,-104.9673675,7/2/2023 3:14,3:14:00,6,0,0,1615 E BRUCE RANDOLPH AVE & N GILPIN ST,1,3,0,0,1,4,0,0,35,0,0,0,0,0,4,2,2
,2023-25740,39.73838708,-104.9574471,7/2/2023 15:12,15:12:00,3,0,1,E 14TH AVE & N COLUMBINE ST,1,1,0,0,1,1,0,0,30,0,0,0,0,1,4,2,11
,2023-25741,39.77821269,-104.9080486,6/26/2023 19:38,19:38:00,12,0,4,I-70 & MM 278.3,1,1,0,0,1,13,0,0,55,0,0,0,0,3,1,3,14
,2023-25743,39.72559296,-104.9407856,7/2/2023 4:16,4:16:00,12,0,1, COLORADO BLVD & E 6TH AVE,1,3,0,0,1,1,0,0,35,0,0,0,0,2,4,2,14
,2023-25745,39.74196574,-104.999861,7/1/2023 2:53,2:53:00,3,0,0, SPEER BLVD & W CHAMPA ST,1,3,0,0,1,1,0,0,35,0,0,0,0,0,4,2,8
,2023-25746,39.71482617,-105.0030604,7/1/2023 18:48,18:48:00,5,0,1, LIPAN ST & 1241 W BAYAUD AVE,1,1,0,0,4,4,0,0,20,0,0,0,0,2,4,1,1
,2023-25747,39.7984149,-104.7343933,6/27/2023 14:05,14:05:00,3,0,0, PICADILLY RD & E 56TH AVE,1,1,0,0,1,1,0,0,20,0,0,0,0,0,4,2,13
,2023-25748,39.79099683,-104.9510872,7/1/2023 10:42,10:42:00,12,0,0,E 52ND AVE & N ST PAUL ST,1,1,0,0,1,3,0,0,20,0,0,0,0,0,4,2,3
,2023-25749,39.65315833,-104.9151742,6/13/2023 20:01,20:01:00,5,0,0,E HAMPDEN AVE & S LOCUST ST,1,1,0,0,6,4,0,0,40,0,0,0,0,0,2,1,9
,2023-25752,39.71478006,-104.9875255,7/2/2023 12:11,12:11:00,6,0,0,W BAYAUD AVE & S BROADWAY ST,1,1,0,0,1,4,0,0,25,0,0,0,0,0,4,2,11
,2023-25755,39.72253333,-104.9985661,7/2/2023 13:40,13:40:00,3,0,1,W 4TH AVE & N SANTA FE DR,1,1,0,0,1,1,0,0,30,0,0,0,0,2,4,2,11
,2023-25756,39.71816434,-105.0252449,6/8/2023 16:01,16:01:00,14,0,1, FEDERAL BLVD & W 1ST AVE,1,1,0,0,1,1,0,0,35,0,0,0,0,2,2,3,16
,2023-25758,39.65399338,-105.0531086,7/2/2023 17:52,17:52:00,5,0,0,W HAMPDEN AVE WB OFF RAMP SLIP & S SHERIDAN BLVD,1,1,1,0,6,1,0,0,35,0,0,0,0,0,2,1,1
,2023-25765,39.74137755,-105.0145267,6/24/2023 17:26,17:26:00,12,0,1,I-25 & W COLFAX AVE,1,1,0,0,1,4,0,0,55,0,0,0,1,2,1,2,11
,2023-25814,39.79817411,-104.8441729,7/3/2023 6:03,6:03:00,15,0,0,E 56TH AVE,1,2,1,0,1,4,0,0,65,0,0,0,0,0,4,2,11
,2023-25816,39.79693422,-104.836851,7/3/2023 14:46,14:46:00,6,0,1,13044 E ROBINS DR & N UVALDA ST,1,1,0,0,1,4,0,0,25,0,0,0,0,1,4,5,16
,2023-25817,39.71828064,-105.0324717,7/2/2023 20:53,20:53:00,1,0,1, KNOX CT & W 1ST AVE,1,2,0,0,1,2,0,0,35,0,0,0,0,1,4,3,14
,2023-25826,39.7683557,-104.9451483,7/1/2023 13:41,13:41:00,6,0,0, MONROE ST & E 37TH AVE,1,2,0,0,1,4,0,0,,0,0,0,0,0,4,2,16
,2023-25827,39.78023716,-104.9668562,7/2/2023 3:00,3:00:00,1,0,1, BRIGHTON BLVD & E 46TH N AVE,1,3,0,0,1,1,0,0,35,0,0,0,0,1,2,2,16
,2023-25829,39.69312301,-105.0250363,7/3/2023 13:36,13:36:00,8,0,1, FEDERAL BLVD & W LOUISIANA AVE,1,1,0,0,6,4,0,0,35,0,0,0,0,2,2,2,5
,2023-25835,39.68940024,-104.987627,7/3/2023 1:29,1:29:00,8,0,0,RUBY HILL PARK RD 2 & W FLORIDA AVE,1,3,1,0,1,4,0,0,,0,0,0,0,0,4,2,1
,2023-25838,39.76144136,-104.9833611,7/3/2023 20:09,20:09:00,6,0,0,2800 WALNUT ST,1,2,0,0,1,4,0,0,30,0,0,0,0,0,4,3,6
,2023-25841,39.83502015,-104.7718863,7/2/2023 21:20,21:20:00,4,0,1, OFF RAMP & N TOWER RD,1,4,1,0,1,8,0,0,55,0,0,0,0,1,4,1,14
,2023-25843,39.68406523,-105.0297914,7/3/2023 13:21,13:21:00,12,0,1, IRVING ST & W BAILS PL,1,1,0,0,1,3,0,0,30,0,0,0,0,1,4,2,3
,2023-25848,39.66694081,-105.0227615,7/3/2023 15:05,15:05:00,3,0,0,W YALE AVE & S DECATUR ST,1,1,0,0,1,1,0,0,25,0,0,0,0,0,4,2,8
,2023-25855,39.74846118,-105.0033455,7/3/2023 0:56,0:56:00,9,0,3,AURARIA PKWY & N SPEER BLVD,1,3,0,0,6,4,0,0,30,0,0,0,0,2,4,1,3
,2023-25859,39.74021147,-104.8881639,6/29/2023 16:58,16:58:00,3,0,1, WILLOW ST & E COLFAX AVE,1,1,0,7,1,1,0,0,25,0,0,0,1,2,2,2,11
,2023-25865,39.76185887,-104.8987834,7/2/2023 18:34,18:34:00,5,0,0, SYRACUSE ST & E 32ND AVE,1,1,0,0,2,6,0,0,15,0,0,0,0,0,4,1,16
,2023-25874,39.7618276,-104.91242,7/3/2023 16:22,16:22:00,1,0,1,E MLK JR BLVD & N MONACO PKWY,1,1,0,0,1,1,0,0,35,0,0,0,1,2,4,2,13
,2023-25879,39.68227317,-105.0572766,7/2/2023 15:38,15:38:00,3,0,2,W JEWELL AVE & S DEPEW ST,1,1,0,0,1,1,0,0,35,0,0,0,0,2,4,2,7
,2023-25906,39.7368673,-105.0001321,6/24/2023 13:39,13:39:00,3,0,1,W 13TH AVE & N KALAMATH ST,1,1,0,0,1,1,0,0,25,0,0,0,0,2,4,2,8
,2023-25918,39.68939095,-104.9920504,6/23/2023 19:03,19:03:00,11,0,1,W FLORIDA AVE & S SANTA FE DR,1,2,0,0,1,1,0,0,35,0,1,0,0,2,2,1,11
,2023-25928,39.70376243,-104.9920919,6/25/2023 12:12,12:12:00,12,0,2,I-25 & S SANTA FE DR NB OFF RAMP MERGE PT,1,1,3,0,1,4,0,0,55,0,0,0,0,2,1,3,1
,2023-25929,39.74424315,-104.9934042,6/24/2023 19:54,19:54:00,2,0,1,15TH ST & CALIFORNIA ST,1,1,0,0,1,1,0,0,30,1,0,0,0,3,4,1,11
,2023-25933,39.71134996,-105.0485117,6/22/2023 22:00,22:00:00,11,0,1,W ALAMEDA AVE & S WEIR DR,11,3,1,1,1,1,0,0,25,0,1,0,0,2,2,1,13
,2023-25937,39.74000831,-104.9874016,6/23/2023 18:25,18:25:00,2,0,1,E COLFAX AVE & N BROADWAY ST,1,1,0,0,1,1,0,0,0,1,0,0,0,3,2,1,16
,2023-26001,39.77282884,-104.7901454,7/2/2023 14:51,14:51:00,15,0,0,E 40TH AVE & PENA BLVD INBOUND,1,1,0,0,1,8,0,0,40,0,0,0,0,0,4,2,11
,2023-26002,39.73209512,-105.0040816,7/1/2023 1:00,1:00:00,5,0,0, NAVAJO ST & W 10TH AVE,1,3,0,0,2,1,0,0,20,0,0,0,0,0,4,1,3
,2023-26003,39.70673493,-105.0250837,7/3/2023 18:02,18:02:00,12,0,0, FEDERAL BLVD & W CUSTER PL,1,1,0,0,1,4,0,0,35,0,0,0,0,0,2,2,7
,2023-26004,39.73656045,-104.9585982,7/4/2023 12:38,12:38:00,15,0,0, JOSEPHINE ST & E 13TH AVE,1,1,0,0,1,4,0,0,30,0,0,0,0,0,4,2,11
,2023-26007,39.70199636,-104.9593336,7/3/2023 13:10,13:10:00,12,0,0, UNIVERSITY BLVD & E OHIO AVE,1,1,0,0,1,3,0,0,30,0,0,0,0,0,4,2,3
,2023-26009,39.81291693,-104.7626058,6/15/2023 21:15,21:15:00,3,0,1, DUNKIRK ST & E 64TH AVE,11,4,0,1,1,1,0,0,40,0,0,0,0,1,4,2,16
,2023-26010,39.67842552,-104.9508283,7/4/2023 14:26,14:26:00,3,0,0,E EVANS AVE & S ST PAUL ST,1,1,0,0,1,1,0,0,35,0,0,0,0,0,4,2,11
,2023-26011,39.64832751,-104.91584,7/3/2023 13:04,13:04:00,15,0,1,I-25 & E HAMPDEN AVE,1,1,0,0,1,4,0,0,65,0,0,0,0,1,1,2,13
,2023-26021,39.73680083,-104.9551222,6/17/2023 14:50,14:50:00,3,0,0, CLAYTON ST & E 13TH AVE,1,1,0,0,1,1,0,0,,0,0,0,0,0,4,2,16
,2023-26028,39.76923889,-104.9732816,6/29/2023 8:50,8:50:00,6,0,0,WALNUT ST & N DOWNING ST,1,1,0,0,1,4,0,0,,0,0,0,0,0,4,3,16
,2023-26033,39.7549873,-104.9951397,5/7/2023 2:30,2:30:00,1,0,0,20TH ST & WAZEE ST,1,3,0,0,1,1,0,0,,0,0,0,0,0,4,2,16
,2023-26034,39.69316182,-105.0067315,7/4/2023 17:28,17:28:00,12,0,0, QUIVAS ST & W LOUISIANA AVE,1,1,0,0,1,3,0,0,25,0,0,0,0,0,4,2,13
,2023-26035,39.78032298,-105.0251395,7/4/2023 12:19,12:19:00,12,0,0, FEDERAL BLVD & W 46TH AVE,1,1,0,0,1,3,0,0,35,0,0,0,0,0,2,2,13
,2023-26036,39.7514484,-104.985806,6/24/2023 1:25,1:25:00,5,0,0,22ND ST,1,4,0,0,3,3,0,0,,0,0,0,0,0,4,1,13
,2023-26037,39.67846023,-104.9209684,7/1/2023 12:00,12:00:00,12,0,0,E EVANS AVE & N HOLLY ST,1,1,0,0,1,4,0,0,35,0,0,0,0,0,4,2,3
,2023-26038,39.75993164,-104.8705372,7/3/2023 13:30,13:30:00,3,0,0,E MLK BLVD & N FULTON ST,1,1,0,0,1,1,0,0,30,0,0,0,0,0,4,2,1
,2023-26039,39.69675846,-105.0250715,7/2/2023 20:34,20:34:00,3,0,0, FEDERAL BLVD & W MISSISSIPPI AVE,1,2,0,0,1,1,0,0,35,0,0,0,0,0,2,2,1
,2023-26040,39.68946484,-105.0387405,6/28/2023 23:48,23:48:00,5,0,0,W FLORIDA AVE & S PATTON CT,1,3,0,0,2,4,0,0,,0,0,0,0,0,4,1,16
,2023-26042,39.76963163,-104.8475041,6/8/2023 15:51,15:51:00,12,0,0,E 38TH AVE & N PEORIA ST,1,1,0,0,1,3,0,0,,0,0,0,0,0,4,2,16
,2023-26046,39.74336433,-104.9873844,6/20/2023 16:00,16:00:00,15,0,0,17TH ST & N BROADWAY,1,1,0,0,1,3,0,0,,0,0,0,0,0,4,2,16
,2023-26052,39.7512129,-105.0000172,6/12/2023 14:40,14:40:00,16,0,0,16TH ST & WAZEE ST,1,1,0,0,5,7,0,0,,0,0,0,0,0,3,2,16
,2023-26053,39.68228019,-105.0250196,7/4/2023 15:14,15:14:00,3,0,0, FEDERAL BLVD & W JEWELL AVE,1,1,0,0,1,1,0,0,35,0,0,0,0,0,2,2,1
,2023-26055,39.74014038,-104.9494931,6/30/2023 17:32,17:32:00,11,0,1, STEELE ST & E COLFAX AVE,1,1,0,0,1,1,0,0,0,0,0,1,0,2,2,1,16
,2023-26056,39.69666185,-104.9928995,7/3/2023 15:45,15:45:00,1,0,0,W MISSISSIPPI AVE & S SANTA FE DR,1,1,0,0,1,1,0,0,30,0,0,0,0,0,2,2,3
,2023-26093,39.76873567,-104.9058404,6/30/2023 4:35,4:35:00,14,0,0, PONTIAC ST & E 38TH AVE,1,4,0,0,1,4,0,0,,0,0,0,0,0,4,6,16
,2023-26094,39.72294996,-105.0394501,7/2/2023 13:38,13:38:00,6,0,0, PERRY ST & W 4TH AVE,1,1,0,0,1,4,0,0,,0,0,0,0,0,4,2,16
,2023-26096,39.7424561,-104.9810866,7/4/2023 2:11,2:11:00,6,0,0, PENNSYLVANIA ST,1,3,0,0,1,4,0,0,25,0,0,0,0,0,4,3,14
,2023-26097,39.77307646,-104.9406691,7/2/2023 10:20,10:20:00,12,0,0, COLORADO BLVD & E 40TH AVE,1,1,0,0,1,3,0,0,40,0,0,0,0,0,2,3,3
,2023-26098,39.79150719,-104.7970474,6/18/2023 6:01,6:01:00,6,0,0,5379  LEWISTON CT & E 53RD AVE,1,2,0,0,1,4,0,0,25,0,0,0,0,0,4,2,1
,2023-26099,39.71705946,-104.9037056,7/4/2023 19:54,19:54:00,1,0,2, QUEBEC ST & E LOWRY BLVD,1,1,0,0,1,1,0,0,35,0,0,0,0,1,4,2,8
,2023-26100,39.77280168,-104.7677115,6/6/2023 5:30,5:30:00,6,0,0, ARGONNE ST & E 40TH PL,1,2,0,0,1,4,0,0,25,0,0,0,0,0,4,3,16
,2023-26101,39.74378529,-104.8975665,7/3/2023 15:00,15:00:00,3,0,0, SPRUCE ST & E 17TH AVE,1,1,0,0,1,1,0,0,25,0,0,0,0,0,4,2,13
,2023-26102,39.78102223,-104.7492608,7/4/2023 17:46,17:46:00,10,0,1,E GREEN VALLEY RANCH BLVD & N JEBEL ST,1,1,0,0,1,1,0,0,35,0,0,0,0,1,4,2,1
,2023-26103,39.74021657,-104.9032708,7/2/2023 13:00,13:00:00,12,0,0,E COLFAX AVE & N QUEBEC ST,1,1,0,0,1,4,0,0,35,0,0,0,0,0,2,2,3
,2023-26107,39.76691285,-104.9573355,7/2/2023 19:05,19:05:00,5,0,0,E 46TH AVE & N THOMPSON CT,1,1,0,0,3,4,0,0,25,0,0,0,0,0,4,1,14
,2023-26108,39.7420868,-104.992996,7/2/2023 11:35,11:35:00,6,0,0,14TH ST & GLENARM PL.,1,1,0,0,1,4,0,0,30,0,0,0,0,0,4,2,11
,2023-26113,39.74619274,-104.9874079,5/8/2023 14:35,14:35:00,11,0,1,E 19TH AVE & N BROADWAY ST,1,1,0,0,1,1,0,0,30,0,0,1,0,3,4,1,3
,2023-26114,39.73869516,-104.9058069,7/3/2023 17:00,17:00:00,6,0,0, PONTIAC ST & E 14TH AVE,1,1,0,0,1,1,0,0,,0,0,0,0,0,4,2,16
,2023-26119,39.67846915,-104.9262877,7/3/2023 11:23,11:23:00,3,0,0,E EVANS AVE & S GRAPE ST,1,1,0,0,1,2,0,0,30,0,0,0,0,0,4,2,11