id,drcog_id,latitude,longitude,crashtime,time,crashtype,numbkilled,numbinjurd,drcoglocat,rdconditin,lightngcon,roadcntgrd,weatherco,location,roaddescrp,schoolzone,constrzone,splimit,bikeinv,pedinv,sctrinv,motoinv,svrty,rdsystem,ttlvehcls,hcf
,2023-26124,39.77717917,-104.8816999,5/9/2023 7:34,7:34:00,12,0,0,I-70 & N CENTRAL PARK BLVD,1,1,0,0,1,4,0,0,55,0,0,0,0,0,1,3,13
,2023-26383,39.73685636,-104.9957088,6/23/2023 12:34,12:34:00,11,0,1,W 13TH AVE & N SPEER BLVD,1,1,0,0,1,1,0,0,0,0,0,1,0,3,4,1,16
,2023-26384,39.79817411,-104.8441729,7/5/2023 13:07,13:07:00,12,0,0,E 56TH AVE,1,1,0,0,1,4,0,0,65,0,0,0,0,0,2,2,16
,2023-26386,39.747393,-104.9383706,7/4/2023 15:45,15:45:00,5,0,0,4151 MONTVIEW BLVD & ASH ST,1,1,0,0,2,3,0,0,30,0,0,0,0,0,4,1,1
,2023-26387,39.79848632,-104.7863745,6/30/2023 17:24,17:24:00,12,0,0,PENA BLVD & 56TH AVE,1,1,0,0,1,4,0,0,65,0,0,0,0,0,4,2,10
,2023-26388,39.78033849,-104.9652081,6/29/2023 17:59,17:59:00,15,0,0,I-70 & MM 275.3,11,1,0,1,1,4,0,0,55,0,0,0,0,0,1,2,11
,2023-26390,39.73687044,-104.9964781,6/28/2023 16:47,16:47:00,11,0,1, SPEER BLVD & W 13TH AVE,1,1,0,0,1,1,0,0,30,0,1,0,0,3,4,1,3
,2023-26396,39.76809413,-104.9487201,6/21/2023 1:17,1:17:00,5,0,0,3200 E 37TH AVE,1,4,0,0,3,9,0,0,25,0,0,0,0,0,4,1,13
,2023-26397,39.73175306,-104.9861285,6/25/2023 2:10,2:10:00,6,0,0, LINCOLN ST & E 10TH AVE,1,3,1,0,1,4,0,0,,0,0,0,0,0,4,2,16
,2023-26398,39.75470451,-104.899011,7/5/2023 10:15,10:15:00,12,0,0, SYRACUSE ST & E 26TH AVE,1,1,3,0,1,1,0,0,30,0,0,0,0,0,4,2,13
,2023-26402,39.72390023,-104.8841392,7/3/2023 13:00,13:00:00,10,0,0, YOSEMITE ST & E LOWRY BLVD,1,1,0,0,1,1,0,0,30,0,0,0,0,0,4,2,3
,2023-26403,39.70858364,-105.0532661,7/5/2023 17:15,17:15:00,15,0,1, SHERIDAN BLVD & W ALASKA PL,1,1,1,0,1,4,0,0,35,0,0,0,0,2,2,2,10
,2023-26404,39.74618761,-104.9823322,7/4/2023 22:40,22:40:00,5,0,0,E 19TH AVE & N LOGAN ST,11,3,0,1,2,1,0,0,25,0,0,0,0,0,4,1,16
,2023-26405,39.74006954,-104.9903606,7/3/2023 20:15,20:15:00,6,0,0,14TH ST & N BANNOCK ST,1,2,0,0,1,4,0,0,25,0,0,0,0,0,4,3,7
,2023-26406,39.74322133,-104.9634756,7/5/2023 9:40,9:40:00,3,0,2,E 17TH AVE & N RACE ST,1,1,0,0,1,1,0,0,35,0,0,0,0,2,4,2,1
,2023-26407,39.72911398,-104.9590157,7/4/2023 19:24,19:24:00,3,0,2,E 8TH AVE & N JOSEPHINE ST,1,2,0,0,1,1,0,0,35,0,0,0,0,3,4,2,16
,2023-26412,39.83201435,-104.7155512,7/2/2023 14:30,14:30:00,16,0,0,E 75TH AVE & GUN CLUB RD,1,1,0,0,5,7,0,0,10,0,0,0,0,0,3,1,13
,2023-26415,39.7634858,-105.002591,7/5/2023 12:53,12:53:00,12,0,0,I-25 & 20TH ST,1,1,0,0,1,4,0,0,55,0,0,0,0,0,1,2,16
,2023-26418,39.70528519,-104.9954606,7/5/2023 13:38,13:38:00,12,0,0,I-25 & S SANTA FE DR,1,1,0,0,1,4,0,0,55,0,0,0,0,0,1,2,3
,2023-26427,39.7857664,-104.9024081,6/6/2023 14:30,14:30:00,15,0,0,I-270 WB ON RAMP FROM  NORTHFIELD QUEBEC ST NB & I-270 ON RAMP MERGE PT,1,1,1,0,1,8,0,0,25,0,0,0,0,0,1,2,16
,2023-26436,39.79109947,-105.0239882,6/22/2023 19:45,19:45:00,5,0,0,W 52ND AVE & N ELIOT ST,11,2,0,0,2,4,0,0,35,0,0,0,0,0,4,1,1
,2023-26437,39.78054996,-104.9488766,6/20/2023 6:58,6:58:00,12,0,0,I-70 & N STEELE ST (APPROX),1,1,0,0,1,4,0,0,55,0,0,0,0,0,1,2,16
,2023-26438,39.7549873,-104.9951397,7/5/2023 15:00,15:00:00,1,0,0,20TH ST & WAZEE ST,1,1,1,7,1,1,0,0,30,0,0,0,0,0,4,2,16
,2023-26439,39.75588441,-105.0120689,7/3/2023 23:54,23:54:00,12,0,0,I-25 & N SPEER BLVD,1,3,0,0,1,4,0,0,55,0,0,0,0,0,1,2,1
,2023-26441,39.75195524,-104.9597685,7/4/2023 17:30,17:30:00,12,0,0, YORK ST & E 24TH AVE,1,1,0,0,1,1,0,0,35,0,0,0,0,0,4,2,16
,2023-26442,39.6966599,-104.9918701,7/5/2023 10:28,10:28:00,1,0,0,W MISSISSIPPI AVE & S SANTA FE DR,11,1,0,0,1,1,0,0,35,0,0,0,0,0,2,2,11
,2023-26443,39.71479353,-105.0396992,7/5/2023 0:00,0:00:00,6,0,0, PERRY ST & W BAYAUD AVE,11,1,1,0,1,4,0,0,30,0,0,0,0,0,4,3,16
,2023-26447,39.79058774,-104.8247785,7/4/2023 21:14,21:14:00,5,0,1,5196  CROWN BLVD & E 52ND AVE,11,4,0,1,2,3,0,0,25,0,0,0,0,1,4,1,14
,2023-26448,39.65301957,-104.8756712,5/19/2023 19:03,19:03:00,5,0,0,E HAMPDEN AVE & S DAYTON ST,11,2,0,1,6,3,0,0,45,0,0,0,0,0,2,1,14
,2023-26451,39.66059869,-105.0399935,5/27/2023 12:31,12:31:00,12,0,0,W DARTMOUTH AVE & S PATTON CT,1,1,0,0,1,3,0,0,30,0,0,0,0,0,4,2,3
,2023-26454,39.73959421,-104.916162,6/6/2023 18:40,18:40:00,16,0,0,6160 E COLFAX AVE & E COLFAX AVE ,1,1,0,0,5,7,0,0,,0,0,0,0,0,3,2,16
,2023-26456,39.72505248,-105.0210605,7/5/2023 7:50,7:50:00,12,0,0,W 6TH AVE WB ON RAMP FROM FEDERAL BLVD,1,1,1,0,1,8,0,0,55,0,0,0,0,0,2,2,3
,2023-26457,39.70748511,-104.9780728,7/5/2023 9:05,9:05:00,6,0,0,E VIRGINIA AVE & S CLARKSON ST,1,1,0,0,1,1,0,0,,0,0,0,0,0,4,2,16
,2023-26463,39.72932215,-105.0150429,6/26/2023 2:08,2:08:00,5,0,1,I-25 SB OFF RAMP HOOK & W 8TH AVE,1,3,1,0,2,8,0,0,55,0,0,0,0,1,1,1,16
,2023-26465,39.73440203,-104.9586091,7/4/2023 12:56,12:56:00,6,0,1, JOSEPHINE ST & E 12TH AVE,1,1,0,0,1,4,0,0,30,0,0,0,0,1,4,2,3
,2023-26472,39.74720778,-104.9876449,7/5/2023 14:40,14:40:00,15,0,0,19TH ST & WELTON ST,1,1,0,0,1,1,0,0,35,0,0,0,0,0,4,2,8
,2023-26473,39.72905766,-104.97525,7/3/2023 4:54,4:54:00,15,0,0, OGDEN ST & E 8TH AVE,1,2,0,0,1,3,0,0,,0,0,0,0,0,4,2,16
,2023-26485,39.79821579,-104.8466777,6/26/2023 17:11,17:11:00,15,0,0,E 56TH AVE & N PEORIA ST,1,1,0,0,1,4,0,0,40,0,0,0,0,0,4,2,16
,2023-26486,39.71337399,-105.0396748,7/4/2023 19:06,19:06:00,3,0,1,W CEDAR AVE & S PERRY ST,1,1,0,0,1,1,0,0,25,0,0,0,0,1,4,3,11
,2023-26487,39.73057162,-105.0155096,6/5/2023 1:26,1:26:00,15,0,0,I-25 & MM 209.58,1,4,0,0,1,4,0,0,,0,0,0,0,0,1,2,16
,2023-26491,39.74009705,-104.9848539,7/4/2023 16:50,16:50:00,12,0,0,E COLFAX AVE & N SHERMAN ST,1,1,1,0,1,1,0,0,30,0,0,0,0,0,2,2,16
,2023-26492,39.77282663,-104.7914832,6/25/2023 3:49,3:49:00,15,0,0, ON RAMP & E 40TH AVE,1,3,1,0,1,8,0,0,65,0,0,0,0,0,4,2,14
,2023-26493,39.7783563,-104.9792446,7/3/2023 8:50,8:50:00,15,0,0, WASHINGTON ST & E 45TH AVE,1,1,0,0,1,3,0,0,30,0,0,0,0,0,4,2,11
,2023-26494,39.73843616,-104.9916551,3/30/2023 8:00,8:00:00,16,0,0,1331  CHEROKEE ST & W 14TH AVE,14,3,0,0,5,4,0,0,,0,0,0,0,0,3,2,13
,2023-26499,39.71120117,-104.9233737,7/5/2023 14:50,14:50:00,12,0,0,E ALAMEDA AVE & S HUDSON ST,1,1,3,0,1,4,0,0,35,0,0,0,0,0,4,3,13
,2023-26500,39.7691931,-105.0252311,7/3/2023 6:15,6:15:00,12,0,0, FEDERAL BLVD & W 38TH AVE,1,1,0,7,1,3,0,0,35,0,0,0,0,0,2,2,3
,2023-26508,39.74657879,-105.0045897,6/12/2023 22:00,22:00:00,5,0,0,WALNUT ST & 11TH ST,1,3,0,0,3,1,0,0,25,0,0,0,0,0,4,1,16
,2023-26509,39.7241327,-105.0015463,7/5/2023 10:30,10:30:00,3,0,0,W 5TH AVE & N LIPAN ST,1,1,0,0,1,1,0,0,25,0,0,0,0,0,4,2,3
,2023-26519,39.69675937,-105.0390382,7/3/2023 21:07,21:07:00,3,0,1,W MISSISSIPPI AVE & S PATTON CT,11,4,0,1,1,1,0,0,25,0,0,0,0,1,4,2,16
,2023-26551,39.75611511,-105.0381425,7/2/2023 10:15,10:15:00,6,0,0,2665  OSCEOLA ST & W 26TH AVE,1,1,0,0,1,4,0,0,,0,0,0,0,0,4,2,16
,2023-26553,39.76943584,-105.0394655,6/22/2023 10:25,10:25:00,15,0,1,W 38TH AVE & PERRY ST,1,1,0,0,1,4,0,0,35,0,0,0,0,1,4,2,1
,2023-26555,39.72932348,-104.9848696,7/5/2023 12:00,12:00:00,15,0,0, SHERMAN ST & E 8TH AVE,1,1,0,0,1,4,0,0,35,0,0,0,0,0,4,2,16
,2023-26556,39.7497834,-105.0005868,7/6/2023 16:00,16:00:00,15,0,0,15TH ST & BLAKE ST,1,1,0,0,1,4,0,0,35,0,0,0,0,0,4,2,1
,2023-26557,39.72544749,-105.0501525,7/6/2023 9:25,9:25:00,12,0,0,W 6TH AVE & N SHERIDAN BLVD,1,1,0,0,1,8,0,0,55,0,0,0,0,0,2,3,13
,2023-26558,39.73402703,-104.9861292,7/6/2023 13:05,13:05:00,12,0,0, LINCOLN ST & E 11TH AVE,1,1,0,0,1,4,0,0,30,0,0,0,0,0,4,2,11
,2023-26560,39.69594148,-104.980985,7/5/2023 17:22,17:22:00,12,0,0,I-25 & S LOGAN ST,14,1,0,0,1,4,0,0,60,0,0,0,0,0,1,3,13
,2023-26561,39.67848783,-104.9899582,7/5/2023 12:15,12:15:00,3,0,0, BANNOCK ST & W EVANS AVE,1,1,0,0,1,1,0,0,25,0,0,0,0,0,4,2,3
,2023-26562,39.66469319,-105.0784213,7/6/2023 11:29,11:29:00,14,0,0, WEBSTER ST & W BATES AVE,1,1,0,0,6,1,0,0,25,0,0,0,0,0,4,2,3
,2023-26564,39.64913725,-104.8848948,7/6/2023 14:30,14:30:00,3,0,0, YOSEMITE ST & E KENYON AVE,1,1,0,0,1,1,0,0,35,0,0,0,0,0,4,2,13
,2023-26567,39.78379671,-104.8014823,7/6/2023 19:47,19:47:00,5,0,1,E GREEN VALLEY RANCH BLVD & N KITTREDGE ST,1,1,0,0,2,4,0,0,35,0,0,0,0,1,4,1,13
,2023-26569,39.71112274,-104.9710149,7/6/2023 8:57,8:57:00,3,0,2, LAFAYETTE ST & E ALAMEDA AVE,1,1,0,0,1,1,0,0,25,0,0,0,0,1,4,2,16
,2023-26573,39.83237237,-104.6929521,7/6/2023 15:44,15:44:00,12,0,0, JACKSON GAP ST & E 75TH AVE,1,1,0,0,1,4,0,0,35,0,0,0,0,0,4,2,11
,2023-26576,39.76001399,-104.8902022,7/3/2023 12:11,12:11:00,15,0,0, CENTRAL PARK BLVD & E MLK JR BLVD,1,1,0,0,1,4,0,0,,0,0,0,0,0,4,2,16
,2023-26577,39.75774271,-104.9985667,7/6/2023 16:19,16:19:00,12,0,0,20TH ST & CHESTNUT PL,1,1,1,0,1,1,0,0,30,0,0,0,0,0,4,2,8
,2023-26581,39.7778556,-104.8157268,6/23/2023 17:24,17:24:00,15,0,0,E 46TH AVE & N FAIRPLAY WY,1,1,0,0,1,1,0,0,25,0,0,0,0,0,4,2,1
,2023-26583,39.74378222,-104.8940345,7/7/2023 16:38,16:38:00,3,0,1, ULSTER ST & E 17TH AVE,1,1,0,0,1,1,0,0,25,0,0,0,0,1,4,2,11
,2023-26584,39.74015312,-105.0139217,6/24/2023 22:40,22:40:00,12,0,0,I-25 & W COLFAX AVE,1,3,0,0,1,4,0,0,,0,0,0,0,0,1,2,16
,2023-26587,39.68935533,-104.9035122,7/7/2023 11:30,11:30:00,3,0,0,E FLORIDA AVE & S QUEBEC ST,1,1,0,0,1,1,0,0,35,0,0,0,0,0,4,2,13
,2023-26588,39.76695009,-104.96842,6/8/2023 10:45,10:45:00,6,0,0, FRANKLIN ST & E 36TH AVE,1,1,3,0,1,4,0,0,35,0,0,0,0,0,4,2,16
,2023-26595,39.75706523,-104.9928834,7/5/2023 14:20,14:20:00,12,0,0,22ND ST & WAZEE ST,1,1,0,0,1,1,0,0,25,0,0,0,0,0,4,2,3
,2023-26596,39.7229664,-104.9821028,7/5/2023 18:05,18:05:00,12,0,0,E SPEER BLVD & N LOGAN ST,1,2,0,0,1,4,0,0,30,0,0,0,0,0,4,2,13
,2023-26597,39.67677697,-105.0229261,7/6/2023 6:50,6:50:00,15,0,0,W WARREN AVE & S DECATUR ST,1,1,0,0,1,3,0,0,25,0,0,0,0,0,4,2,16
,2023-26599,39.74022051,-104.8951689,7/6/2023 20:57,20:57:00,15,0,0,E COLFAX AVE & N TAMARAC ST,1,3,0,0,1,3,0,0,30,0,0,0,0,0,2,2,16
,2023-26601,39.79434652,-104.8500026,6/23/2023 14:02,14:02:00,12,0,0, OSWEGO ST & E 54TH AVE,1,1,0,0,1,4,0,0,25,0,0,0,0,0,4,2,16
,2023-26603,39.74402593,-104.9931137,7/6/2023 16:10,16:10:00,3,0,0,15TH ST & CALIFORNIA ST,1,1,0,0,1,2,0,0,25,0,0,0,0,0,4,2,11
,2023-26605,39.75549658,-104.9910542,6/10/2023 23:40,23:40:00,12,0,0,22ND ST & MARKET ST,1,3,0,0,1,1,0,0,,0,0,0,0,0,4,2,16
,2023-26607,39.66905096,-104.9268225,7/6/2023 11:14,11:14:00,12,0,5,I-25 & E YALE AVE,1,1,0,0,1,4,0,0,65,0,0,0,0,3,1,4,16
,2023-26611,39.76183206,-104.9125455,7/6/2023 14:28,14:28:00,12,0,0,MLK JR BLVD & MONACO PKWY,1,3,0,0,1,3,0,0,35,0,0,0,0,0,4,2,3
,2023-26613,39.68949114,-105.0250642,6/8/2023 3:30,3:30:00,9,0,0,W FLORIDA AVE & S FEDERAL BLVD,1,3,3,0,2,3,0,0,30,0,0,0,0,0,4,1,16
,2023-26614,39.71118378,-105.0062849,7/4/2023 20:47,20:47:00,15,0,1,1375 W ALAMEDA AVE & S PECOS ST,11,3,0,1,3,3,0,0,35,0,0,0,0,1,2,3,3
,2023-26615,39.7779832,-104.9223042,7/5/2023 17:32,17:32:00,3,0,1,E 44TH AVE & N HOLLY ST,1,1,0,0,1,1,0,0,35,0,0,0,0,2,4,2,8
,2023-26616,39.78227354,-104.8657059,6/23/2023 14:00,14:00:00,10,0,0,E 47TH AVE & N HAVANA ST,1,1,0,0,1,1,0,0,30,0,0,0,0,0,4,2,16
,2023-26617,39.74866216,-105.002052,7/7/2023 11:27,11:27:00,10,0,0,14TH ST & BLAKE ST,1,1,0,0,1,1,0,0,25,0,0,0,0,0,4,2,16
,2023-26618,39.79469337,-104.8342756,6/18/2023 5:44,5:44:00,6,0,0,13192 E MAXWELL PL & N LACKLAND DR,1,2,0,0,1,4,0,0,25,0,0,0,0,0,4,2,16
,2023-26619,39.71939646,-104.9558581,6/1/2023 13:00,13:00:00,6,0,0,E 2ND AVE & N CLAYTON ST,1,1,0,0,1,1,0,0,,0,0,0,0,0,4,2,16
,2023-26620,39.71815451,-105.0324945,6/13/2023 22:34,22:34:00,12,0,0,W 1ST AVE & S KNOX CT,1,3,0,0,1,3,0,0,35,0,0,0,0,0,4,2,1
,2023-26621,39.7241314,-104.9862517,7/6/2023 16:30,16:30:00,15,0,0, LINCOLN ST & E 5TH AVE,1,1,0,0,1,1,0,0,25,0,0,0,0,0,4,2,3
,2023-26622,39.68931414,-104.9407892,6/29/2023 20:04,20:04:00,1,0,2, COLORADO BLVD & E FLORIDA AVE,11,1,0,0,1,1,0,0,35,0,0,0,0,1,2,2,1
,2023-26623,39.69297185,-104.9593431,7/7/2023 16:17,16:17:00,12,0,0, UNIVERSITY BLVD & E LOUISIANA AVE (APPROX),14,5,3,7,1,3,0,0,,0,0,0,0,0,4,2,16
,2023-26626,39.74892152,-104.9873969,7/6/2023 13:30,13:30:00,12,0,0, BROADWAY ST & 20TH ST,1,1,0,0,1,1,0,0,35,0,0,0,0,0,4,2,16
,2023-26629,39.72250151,-104.9787619,7/6/2023 15:20,15:20:00,3,0,0,E 4TH AVE & N WASHINGTON ST,1,1,0,0,1,1,0,0,25,0,0,0,0,0,4,2,3
,2023-26631,39.71900455,-104.8759664,7/2/2023 0:15,0:15:00,5,0,0,E 1ST AVE & S DAYTON ST,1,3,0,0,6,4,0,0,30,0,0,0,0,0,4,1,14
,2023-26634,39.70041901,-105.0250845,6/17/2023 12:12,12:12:00,1,0,1, FEDERAL BLVD & W KENTUCKY AVE,1,1,0,0,1,1,0,0,35,0,0,0,0,1,2,2,16
,2023-26635,39.72904036,-104.9986128,6/28/2023 14:15,14:15:00,5,0,0, SANTA FE DR & W 8TH AVE,1,1,0,0,3,4,0,0,30,0,0,0,0,0,4,1,10
,2023-26636,39.77851245,-104.8997546,7/6/2023 16:01,16:01:00,5,0,1,I-70 & WB OFF RAMP TO QUEBEC ST MERGE PT,1,1,0,0,3,8,0,0,55,0,0,0,0,2,1,1,3
,2023-26639,39.7349083,-104.8846836,7/3/2023 0:00,0:00:00,6,0,0, YOSEMITE ST & E 11TH AVE,1,3,0,0,1,4,0,0,35,0,0,0,0,0,4,2,1
,2023-26642,39.63957213,-104.8851173,7/6/2023 6:43,6:43:00,12,0,1,I-225 & MM 1.11,1,1,0,0,1,4,0,0,60,0,0,0,0,1,1,3,16
,2023-26644,39.77867715,-104.8657545,6/23/2023 6:59,6:59:00,1,0,1, HAVANA ST & E 45TH AVE,1,1,0,0,1,1,0,0,40,0,0,0,1,3,4,2,16
,2023-26647,39.73204986,-104.9729914,6/25/2023 11:50,11:50:00,3,0,3,E 10TH AVE & N DOWNING ST,1,1,0,0,1,1,0,0,20,0,0,0,0,3,4,3,1
,2023-26648,39.78558646,-105.053259,6/15/2023 15:20,15:20:00,5,0,0, SHERIDAN BLVD & W 49TH AVE,1,1,0,0,3,4,0,0,,0,0,0,0,0,2,1,16
,2023-26649,39.6802986,-104.9664047,6/28/2023 10:50,10:50:00,6,0,0,E ASBURY AVE & S WILLIAMS ST,1,1,0,0,1,1,0,0,,0,0,0,0,0,4,4,1
,2023-26651,39.67418734,-104.9175751,6/18/2023 4:00,4:00:00,6,0,0,2330  KEARNEY ST & S MONACO ST,1,3,0,0,1,4,0,0,,0,0,0,0,0,4,3,16
,2023-26652,39.78367967,-105.0061186,7/7/2023 15:54,15:54:00,3,0,0,I-70 WB OFF RAMP & N PECOS ST,1,1,0,0,1,6,0,0,20,0,0,0,0,0,4,2,13
,2023-26655,39.7400416,-104.9835907,7/6/2023 20:53,20:53:00,3,0,0,E COLFAX AVE & N GRANT ST,1,3,0,0,1,1,0,0,35,0,0,0,0,0,2,2,1
,2023-26656,39.73987841,-105.0138994,7/6/2023 12:58,12:58:00,12,0,0,I-25 & W COLFAX AVE,1,1,1,0,1,4,0,0,55,0,0,0,0,0,1,2,10
,2023-26657,39.78591345,-104.7902383,7/7/2023 14:00,14:00:00,5,0,0,E GREEN VALLEY RANCH BLVD,1,1,0,0,1,4,0,0,65,0,0,0,0,0,4,3,14
,2023-26659,39.68209231,-104.9222459,7/5/2023 19:30,19:30:00,3,0,0,E JEWELL AVE & S HOLLY ST,1,2,0,0,1,1,0,0,25,0,0,0,0,0,4,2,13
,2023-26660,39.71170294,-104.9803848,7/5/2023 20:18,20:18:00,9,0,1, PEARL ST & E ALAMEDA AVE,11,2,0,0,1,4,0,0,25,0,0,0,1,3,4,2,7
,2023-26661,39.7401427,-104.9458324,6/17/2023 5:12,5:12:00,6,0,1,E COLFAX AVE & N MADISON ST,1,1,0,0,1,4,0,0,35,0,0,0,0,1,1,2,13
,2023-26662,39.67304624,-105.0006005,5/28/2023 14:43,14:43:00,10,0,1,W WESLEY AVE & S KALAMATH ST,1,1,0,0,1,1,0,0,30,0,0,0,1,3,4,2,10
,2023-26664,39.76007698,-104.948851,6/13/2023 9:09,9:09:00,12,0,0,E 30TH AVE & N ADAMS ST,1,1,0,0,1,1,0,0,20,0,0,0,0,0,4,2,11
,2023-26666,39.74480164,-104.9634554,7/7/2023 10:57,10:57:00,10,0,0,E 18TH AVE & N RACE ST,1,1,0,0,1,1,0,0,30,0,0,0,0,0,4,2,16
,2023-26667,39.67428597,-104.9304493,6/16/2023 8:39,8:39:00,15,0,0,I-25 & SB OFF RAMP MERGE PT FROM E EVANS AVE,1,1,0,0,1,8,0,0,60,0,0,0,0,0,1,2,16
,2023-26668,39.71442408,-105.0011325,4/16/2023 22:08,22:08:00,6,0,1,I-25 & W ALAMEDA AVE SB OFF RAMP GORE PT,1,3,0,0,1,11,0,0,55,0,0,0,0,2,1,2,16
,2023-26669,39.77777586,-104.9027096,6/24/2023 9:15,9:15:00,15,0,0,I-70 & N QUEBEC ST,1,1,1,0,1,8,0,0,55,0,0,0,0,0,1,2,7
,2023-26670,39.76072356,-104.9585707,6/12/2023 7:37,7:37:00,3,0,1, JOSEPHINE ST & E 31ST AVE,1,1,0,0,1,1,0,0,20,0,0,0,0,1,4,2,11
,2023-26672,39.79538089,-104.8382377,6/18/2023 20:21,20:21:00,6,0,0, TUCSON ST & E OLMSTED PL,1,1,0,0,1,4,0,0,,0,0,0,0,0,4,3,16
,2023-26673,39.61695229,-105.0913909,7/5/2023 13:13,13:13:00,12,0,1, WADSWORTH BLVD & W CRESTLINE AVE,1,1,0,0,1,4,0,0,45,0,0,0,0,1,2,2,16
,2023-26674,39.73923797,-105.0294918,7/7/2023 9:44,9:44:00,3,0,0,W 14TH AVE & N IRVING ST,1,1,0,0,1,2,0,0,30,0,0,0,0,0,4,2,16
,2023-26675,39.77849869,-104.9128793,7/6/2023 16:00,16:00:00,12,0,0,I-70 & N MONACO ST,1,1,0,0,1,4,0,0,55,0,0,0,0,0,1,2,3
,2023-26678,39.77982434,-104.989564,7/7/2023 8:09,8:09:00,12,0,0,I-25 & I-70,1,1,1,0,1,4,0,0,55,0,0,0,0,0,1,3,10
,2023-26680,39.84511547,-104.6725052,7/6/2023 22:10,22:10:00,15,0,0,8200 PENA BLVD,1,3,0,0,1,4,0,0,35,0,0,0,0,0,4,2,7
,2023-26681,39.7821464,-104.9017751,7/6/2023 11:40,11:40:00,12,0,0, NORTHFIELD QUEBEC ST & N SAND CREEK RD,1,1,1,0,1,3,0,0,35,0,0,0,0,0,2,3,16
,2023-26686,39.7822674,-104.8613257,7/3/2023 7:42,7:42:00,3,0,2, JOLIET ST & E 47TH AVE,1,1,0,0,1,1,0,0,20,0,0,0,0,1,4,2,16
,2023-26687,39.6749616,-105.0499949,7/6/2023 10:51,10:51:00,3,0,0, YATES ST & W HARVARD AVE,1,1,0,0,1,2,0,0,25,0,0,0,0,0,4,2,3
,2023-26690,39.71028314,-105.0109892,7/7/2023 8:23,8:23:00,12,0,1, TEJON ST & W ALAMEDA AVE,1,1,1,0,1,4,0,0,25,0,0,0,0,1,4,2,13
,2023-26691,39.77235724,-105.0532321,7/7/2023 11:41,11:41:00,15,0,0,4000  SHERIDAN BLVD,1,1,0,0,1,4,0,0,35,0,0,0,0,0,2,2,13
,2023-26692,39.69828268,-105.0367112,6/24/2023 14:45,14:45:00,6,0,0, NEWTON ST & W TENNESSEE AVE,1,1,0,0,3,4,0,0,25,0,0,0,0,0,4,2,16
,2023-26693,39.73398694,-104.9916496,7/6/2023 11:00,11:00:00,6,0,0, CHEROKEE ST & W 11TH AVE,1,1,0,0,1,4,0,0,,0,0,0,0,0,4,2,16
,2023-26694,39.70856793,-104.9970794,7/6/2023 14:56,14:56:00,15,0,0,I-25 ON RAMP & S SANTA FE DR,1,1,0,0,1,8,0,0,55,0,0,0,0,0,1,2,16
,2023-26695,39.83087835,-104.7041237,7/6/2023 0:15,0:15:00,16,0,0,24300 E 75TH AVE,1,3,0,4,5,7,0,0,10,0,0,0,0,0,3,2,12
,2023-26699,39.61439889,-105.0914182,7/6/2023 11:17,11:17:00,3,0,1, WADSWORTH BLVD & W CROSS DR,1,1,0,0,1,1,0,0,45,0,0,0,0,2,1,3,16
,2023-26701,39.78006603,-104.9303709,7/6/2023 15:26,15:26:00,12,0,0,I-70 & N COLORADO BLVD,1,1,0,0,1,13,0,0,55,0,0,0,0,0,1,2,10
,2023-26702,39.72562399,-104.9787857,7/6/2023 14:00,14:00:00,3,0,0,E 6TH AVE & N WASHINGTON ST,1,1,0,0,1,1,0,0,30,0,0,0,0,0,4,2,3
,2023-26703,39.76180229,-104.9405205,7/6/2023 10:35,10:35:00,1,0,0,E MLK JR BLVD & N COLORADO BLVD,1,1,0,0,1,1,0,0,35,0,0,0,0,0,4,2,11
,2023-26709,39.74337438,-104.974754,6/6/2023 10:08,10:08:00,6,0,0, OGDEN ST & E 17TH AVE,1,1,0,0,1,4,0,0,35,0,0,0,0,0,4,2,16
,2023-26710,39.77853398,-104.8282994,7/6/2023 9:45,9:45:00,6,0,0,E 47TH DR & N DILLON ST,1,1,1,0,1,4,0,0,25,0,0,0,0,0,4,2,16
,2023-26711,39.71125779,-105.0324667,6/25/2023 15:23,15:23:00,12,0,0,W ALAMEDA AVE & S KNOX CT,1,1,0,0,1,3,0,0,30,0,0,0,0,0,2,2,1
,2023-26714,39.68058857,-104.9793446,6/13/2023 20:30,20:30:00,14,0,0, WASHINGTON ST & E ASBURY AVE,1,3,0,0,1,4,0,0,25,0,0,0,0,0,4,2,16
,2023-26716,39.79056263,-104.8277234,7/4/2023 5:53,5:53:00,6,0,0,E ELMENDORF PL & N BLACKHAWK WY,1,1,0,0,1,4,0,0,25,0,0,0,0,0,4,2,16
,2023-26718,39.74008899,-105.0053567,6/15/2023 10:06,10:06:00,15,0,0,W COLFAX AVE & N OSAGE ST,1,1,0,0,1,4,0,0,,0,0,0,0,0,2,2,16
,2023-26719,39.78037375,-104.9419891,6/21/2023 11:10,11:10:00,12,0,5,I-70 & N COLORADO BLVD,1,1,0,0,1,4,0,0,55,0,0,0,0,3,1,3,16
,2023-26721,39.70400635,-105.0254907,6/18/2023 4:00,4:00:00,6,0,0,W EXPOSITION AVE & S FEDERAL BLVD,1,3,0,0,1,4,0,0,25,0,0,0,0,0,4,2,16
,2023-26722,39.63285637,-104.9043451,6/25/2023 14:44,14:44:00,15,0,1,I-225 NB DIR CONNECT RAMP & I-25,1,1,0,0,1,8,0,0,45,0,0,0,1,3,1,2,11