id,drcog_id,latitude,longitude,crashtime,time,crashtype,numbkilled,numbinjurd,drcoglocat,rdconditin,lightngcon,roadcntgrd,weatherco,location,roaddescrp,schoolzone,constrzone,splimit,bikeinv,pedinv,sctrinv,motoinv,svrty,rdsystem,ttlvehcls,hcf
,2023-26723,39.74932927,-104.9903029,6/28/2023 14:20,14:20:00,10,0,0,CHAMPA ST & 19TH ST,1,1,0,0,1,1,0,0,25,0,0,0,0,0,4,2,14
,2023-26724,39.66984544,-104.8738662,7/2/2023 22:35,22:35:00,6,0,0, DAYTON WY & S ELMIRA ST,1,4,0,0,1,4,0,0,25,0,0,0,0,0,4,2,16
,2023-26729,39.78367117,-105.006116,7/7/2023 7:44,7:44:00,3,0,0,I-70 WB OFF RAMP & N PECOS ST,1,1,0,0,1,6,0,0,20,0,0,0,0,0,1,2,16
,2023-26730,39.76928191,-105.0017483,7/6/2023 15:53,15:53:00,1,0,0,W 38TH AVE & N LIPAN ST,1,1,0,0,1,1,0,0,35,0,0,0,0,0,4,2,13
,2023-26731,39.90435588,-104.6807204,6/30/2023 6:55,6:55:00,9,0,0,E 114TH AVE & N QUEENSBURG ST,1,2,1,0,2,4,0,0,45,0,0,0,0,0,4,1,2
,2023-26733,39.69312704,-105.0117421,7/7/2023 19:00,19:00:00,6,0,0,1243  TEJON ST & W LOUSIANA AVE,1,3,0,0,1,4,0,0,,0,0,0,0,0,4,2,16
,2023-26734,39.771723,-105.011936,6/9/2023 19:59,19:59:00,6,0,0,W 40TH AVE & N TEJON ST,1,1,0,0,1,4,0,0,25,0,0,0,0,0,4,2,16
,2023-26735,39.76151962,-104.9745663,5/11/2023 22:10,22:10:00,6,0,0,CHAMPA ST & 32ND ST,11,3,0,1,1,4,0,0,25,0,0,0,0,0,4,2,1
,2023-26737,39.74885022,-105.0220777,6/20/2023 9:00,9:00:00,15,0,0, DECATUR ST & 21ST AVE,1,1,0,0,1,4,0,0,25,0,0,0,0,0,4,2,13
,2023-26738,39.73840787,-104.9684798,6/23/2023 14:38,14:38:00,10,0,1,E 14TH AVE & N FRANKLIN ST,1,1,0,0,1,1,0,0,25,0,0,0,0,1,4,2,8
,2023-26741,39.77342245,-104.8162446,5/27/2023 11:38,11:38:00,6,0,0,15079 E ANDREWS DR & E 43RD AVE,1,1,0,0,1,4,0,0,25,0,0,0,0,0,4,2,16
,2023-26743,39.73833663,-104.9152395,6/28/2023 2:42,2:42:00,5,0,0,E 14TH AVE & N LEYDEN ST,1,3,0,0,3,9,0,0,,0,0,0,0,0,4,1,16
,2023-26747,39.77985477,-104.9739496,7/6/2023 16:45,16:45:00,15,0,0,I-70 & N WASHINGTON ST,1,1,0,0,1,4,0,0,55,0,0,0,0,0,1,2,11
,2023-26748,39.75001864,-105.0251422,7/8/2023 1:11,1:11:00,5,0,1, FEDERAL BLVD & W 22ND AVE,11,3,0,0,3,4,0,0,35,0,0,0,0,1,2,1,16
,2023-26749,39.72011747,-104.9775376,7/7/2023 12:50,12:50:00,10,0,0,E SPEER BLVD & N CLARKSON ST,1,1,0,0,1,1,0,0,,0,0,0,0,0,4,2,16
,2023-26750,39.73525416,-104.9941406,7/6/2023 6:47,6:47:00,15,0,0, ELATI ST & W 12TH AVE,1,1,0,0,1,1,0,0,20,0,0,0,0,0,4,2,16
,2023-26752,39.72010595,-104.9729308,7/7/2023 8:52,8:52:00,6,0,1, DOWNING ST & W 4TH AVE,1,1,0,0,1,4,0,0,20,0,0,0,0,1,4,5,10
,2023-26757,39.72555314,-105.0269099,7/7/2023 19:54,19:54:00,5,0,0,W 6TH AVE & N UTICA ST,1,1,0,0,2,4,0,0,,0,0,0,0,0,2,1,16
,2023-26759,39.62475004,-104.9019576,7/8/2023 15:33,15:33:00,15,0,0,I-25 & E BELLEVIEW AVE,1,1,0,0,1,4,0,0,65,0,0,0,0,0,1,2,13
,2023-26760,39.71117078,-104.9899964,7/8/2023 0:00,0:00:00,12,0,0,W ALAMEDA AVE & S BANNOCK ST,1,3,0,0,1,1,0,0,35,0,0,0,0,0,4,2,16
,2023-26765,39.64959798,-104.884871,6/3/2023 12:54,12:54:00,12,0,0, YOSEMITE ST & E KENYON AVE,11,1,0,1,1,3,0,0,35,0,0,0,0,0,4,2,13
,2023-26766,39.71201417,-104.999639,7/7/2023 23:20,23:20:00,15,0,1,I-25 & W ALAMEDA AVE,1,3,0,0,1,4,0,0,65,0,0,0,0,2,1,3,7
,2023-26769,39.75410808,-105.0098349,7/8/2023 0:38,0:38:00,12,0,0, SPEER BLVD & WATER ST,11,3,1,0,1,4,0,1,35,0,0,0,0,0,4,2,16
,2023-26770,39.79934255,-104.7693515,7/7/2023 21:07,21:07:00,10,0,0, ARGONNE ST & E 57TH AVE,11,3,0,0,1,2,0,0,25,0,0,0,0,0,4,2,1
,2023-26773,39.69265426,-104.9405486,7/8/2023 15:23,15:23:00,12,0,0, COLORADO BLVD & E LOUISIANA AVE,1,1,0,0,1,3,0,0,35,0,0,0,0,0,2,3,12
,2023-26774,39.70993683,-104.9406215,7/8/2023 12:49,12:49:00,1,0,0, COLORADO BLVD & E ALAMEDA AVE,1,1,0,0,1,2,0,0,40,0,0,0,0,0,2,2,16
,2023-26775,39.68373378,-104.9403302,7/7/2023 0:25,0:25:00,12,0,0,I-25 OFF RAMP SLIP & S COLORADO BLVD,1,3,1,0,1,8,0,0,30,0,0,0,0,0,1,2,16
,2023-26777,39.68535605,-104.9591487,7/8/2023 5:42,5:42:00,12,0,1,I-25 OFF RAMP SLIP & S UNIVERSITY BLVD,1,1,1,0,1,8,0,0,35,0,0,0,0,2,1,2,3
,2023-26780,39.81823802,-104.7720202,7/7/2023 23:01,23:01:00,1,0,2, TOWER RD & E 67TH AVE,11,3,0,0,1,1,0,0,40,0,0,0,0,3,4,2,1
,2023-26781,39.72571491,-105.0253093,7/8/2023 9:00,9:00:00,12,0,2,W 6TH AVE WB ON RAMP & N FEDERAL BLVD,1,1,1,0,1,8,0,0,35,0,0,0,0,2,2,2,10
,2023-26782,39.76075018,-104.9733418,7/8/2023 16:09,16:09:00,3,0,1, DOWNING ST & E 31ST AVE,1,1,0,0,1,1,0,0,30,0,0,0,0,2,4,2,14
,2023-26784,39.74816386,-104.9733385,7/8/2023 1:15,1:15:00,6,0,1, DOWNING ST & 21ST AVE,1,3,0,0,1,4,0,0,25,0,0,0,0,2,4,3,14
,2023-26791,39.71123674,-105.0312364,7/8/2023 16:50,16:50:00,12,0,0,W ALAMEDA AVE & S JULIAN ST,1,1,0,0,1,4,0,0,35,0,0,0,0,0,2,2,16
,2023-26795,39.69176722,-104.922322,7/7/2023 11:43,11:43:00,6,0,2, HOLLY ST & S IVANHOE WY,1,1,0,0,6,4,0,0,30,0,0,0,0,1,4,2,3
,2023-26802,39.73845631,-105.0322664,7/8/2023 18:28,18:28:00,6,0,0, KNOX CT & W 14TH AVE,1,3,0,0,1,4,0,0,20,0,0,0,0,0,4,3,2
,2023-26809,39.72560487,-104.9473922,7/8/2023 17:25,17:25:00,3,0,0,E 6TH AVE & N COOK ST,1,1,0,0,1,1,0,0,25,0,0,0,0,0,4,2,11
,2023-26810,39.7113536,-105.0476082,7/8/2023 18:49,18:49:00,6,0,0,4743 W ALAMEDA AVE & S VRAIN ST,1,1,1,0,1,4,0,0,35,0,0,0,0,0,2,3,3
,2023-26907,39.74033549,-105.0416718,7/8/2023 21:49,21:49:00,12,0,0,W COLFAX AVE & N RALEIGH ST,1,3,0,0,1,1,0,0,30,0,0,0,0,0,2,2,16
,2023-26913,39.71705946,-104.9037056,7/9/2023 15:47,15:47:00,1,0,3, QUEBEC ST & E LOWRY BLVD,1,1,0,0,1,1,0,0,35,0,0,0,0,2,4,2,13
,2023-26917,39.78284418,-104.7554506,7/8/2023 21:11,21:11:00,3,0,0,E HIMALAYA WY & E GREEN VALLEY RANCH BLVD,1,3,0,0,1,1,0,0,35,0,0,0,0,0,4,3,11
,2023-26918,39.68417543,-104.9597033,7/8/2023 22:50,22:50:00,15,0,1,I-25 SB OFF RAMP SLIP & S UNIVERSITY BLVD,1,3,0,0,2,8,0,0,35,0,0,0,0,1,1,2,16
,2023-26925,39.75021755,-105.0047702,7/8/2023 22:10,22:10:00,11,0,0, SPEER BLVD & WEWATTA ST,1,3,0,0,1,1,0,0,0,0,0,1,0,0,4,1,16
,2023-26929,39.8018082,-104.7691257,6/27/2023 20:00,20:00:00,5,0,0, ARGONNE ST & E 58TH AVE,1,4,0,0,3,1,0,0,25,0,0,0,0,0,4,1,14
,2023-26930,39.6298323,-105.0870093,7/8/2023 23:32,23:32:00,5,0,0,W LAYTON AVE & S WADSWORTH WY,1,3,0,0,6,1,0,0,45,0,0,0,0,0,2,1,13
,2023-26933,39.72542877,-105.0530365,7/8/2023 19:17,19:17:00,12,0,0,W 6TH AVE EB ON RAMP & N SHERIDAN BLVD,1,3,1,0,1,8,0,0,40,0,0,0,0,0,1,2,11
,2023-26937,39.78463253,-104.7545278,7/9/2023 19:57,19:57:00,5,0,0, 48TH DR & N HIMALAYA RD,1,1,1,0,3,1,0,0,30,0,0,0,0,0,4,1,1
,2023-26943,39.73266933,-104.9383099,7/8/2023 23:24,23:24:00,11,0,1, ASH ST & E 11TH AVE,1,3,0,7,1,4,0,0,25,0,1,0,0,2,4,1,16
,2023-26944,39.68953895,-105.0532505,7/8/2023 10:42,10:42:00,1,0,1, SHERIDAN BLVD & W FLORIDA AVE,1,1,0,0,1,1,0,0,35,0,0,0,0,3,2,2,7
,2023-26946,39.78364337,-104.7721143,6/19/2023 23:11,23:11:00,15,0,0, TOWER DR & E GREEN VALLEY RANCH BLVD,1,1,0,0,1,4,0,0,35,0,0,0,0,0,4,2,1
,2023-26947,39.74046566,-105.0154142,7/9/2023 16:26,16:26:00,3,0,3,I-25 SB OFF RAMP & W COLFAX AVE,1,1,0,0,1,1,0,0,40,0,0,0,0,2,2,3,8
,2023-26967,39.73214329,-104.9874036,7/8/2023 22:11,22:11:00,15,0,0, BROADWAY ST & W 10TH AVE,1,3,0,0,1,4,0,0,30,0,0,0,0,0,4,2,11
,2023-26968,39.74879561,-104.9944567,7/8/2023 12:44,12:44:00,3,0,1,17TH ST & ARAPAHOE ST,1,1,3,0,1,1,0,0,30,0,0,0,1,1,4,2,16
,2023-26972,39.75061155,-104.9991114,7/9/2023 1:53,1:53:00,9,0,2,BLAKE ST & 16TH ST,1,3,0,0,1,4,0,0,20,0,0,0,1,2,4,1,16
,2023-26981,39.73999165,-104.9647816,6/23/2023 13:20,13:20:00,11,0,1,E COLFAX AVE & N HIGH ST,1,1,0,0,1,1,0,0,0,0,0,1,0,1,2,1,16
,2023-26983,39.73848146,-105.0316551,6/27/2023 11:55,11:55:00,3,0,1,W 14TH AVE & N JULIAN ST,1,1,0,0,1,9,0,0,0,0,0,1,0,2,4,1,16
,2023-26993,39.7382917,-104.9315521,6/3/2023 1:29,1:29:00,11,0,1,E 14TH AVE & N DAHLIA ST,1,4,0,0,1,1,0,0,0,0,1,0,0,3,4,1,16
,2023-26999,39.78177653,-104.7721378,6/26/2023 12:55,12:55:00,11,0,0,E 47TH AVE & N TOWER RD,1,1,0,0,1,1,0,0,25,0,1,0,0,0,4,1,11
,2023-27002,39.72238342,-104.9874823,6/12/2023 21:30,21:30:00,11,0,1, BROADWAY ST & E 4TH AVE,1,3,0,0,1,4,0,0,30,0,1,0,0,3,4,1,16
,2023-27003,39.73564173,-104.912441,5/17/2023 15:18,15:18:00,11,0,1, MONACO ST & E 12TH AVE,1,1,0,0,1,4,0,0,0,0,1,0,0,3,4,1,16
,2023-27005,39.78318163,-105.0073677,6/27/2023 8:51,8:51:00,5,0,0,I-70 & N PECOS ST,1,1,0,0,2,4,0,0,55,0,0,0,0,0,1,2,16
,2023-27015,39.75430582,-105.0138783,4/17/2023 23:15,23:15:00,15,0,1,I-25 & N SPEER BLVD,1,3,0,0,1,4,0,0,55,0,0,0,1,3,1,2,14
,2023-27022,39.66246369,-105.0532299,7/9/2023 20:24,20:24:00,9,0,1, SHERIDAN BLVD & W BATES AVE,1,2,1,0,1,2,0,0,40,0,0,0,1,1,2,1,7
,2023-27023,39.72387324,-105.0116889,7/10/2023 12:11,12:11:00,12,0,0,I-25 & W 6TH AVE,1,1,0,0,1,4,0,0,55,0,0,0,0,0,1,2,3
,2023-27025,39.72265406,-105.0101602,7/7/2023 13:40,13:40:00,12,0,0,I-25 & W 6TH AVE FWY,1,1,1,0,1,4,0,0,55,0,0,0,0,0,1,2,16
,2023-27027,39.72349111,-105.0250125,7/9/2023 17:41,17:41:00,3,0,0,W 5TH AVE & N FEDERAL BLVD,1,1,0,0,1,1,0,0,35,0,0,0,0,0,2,2,11
,2023-27028,39.71112567,-104.9592669,7/10/2023 16:15,16:15:00,1,0,1, UNIVERSITY BLVD & E ALAMEDA AVE,1,1,1,0,1,1,0,0,35,0,0,0,0,2,4,2,13
,2023-27039,39.71122185,-105.0266722,5/20/2023 1:37,1:37:00,16,0,0,3121 W ALAMEDA AVE,1,3,3,0,5,7,0,0,35,0,0,0,0,0,3,1,13
,2023-27050,39.78364964,-104.7649088,7/10/2023 19:02,19:02:00,3,0,2,E GREEN VALLEY RANCH BLVD & N ARGONNE ST,1,1,0,0,1,1,0,0,35,0,0,0,0,2,4,2,1
,2023-27057,39.77747885,-104.7462858,7/5/2023 18:55,18:55:00,16,0,0,E 44TH AVE & N LISBON ST,1,1,0,0,5,4,0,0,10,0,0,0,0,0,3,1,13
,2023-27058,39.74020482,-105.0052482,7/9/2023 18:42,18:42:00,1,0,1,W COLFAX AVE & 7TH ST,1,1,0,0,1,1,0,0,35,0,0,0,1,3,2,2,11
,2023-27060,39.73828645,-104.9269149,7/10/2023 18:06,18:06:00,3,0,1, FOREST ST & E 14TH AVE,1,1,0,0,1,1,0,0,25,0,0,0,0,2,4,2,8
,2023-27061,39.79728326,-104.8872822,6/26/2023 5:30,5:30:00,6,0,0,E 55TH AVE & N XANTHIA ST,1,1,0,0,1,4,0,0,25,0,0,0,0,0,4,2,16
,2023-27063,39.71041623,-104.9984284,7/7/2023 12:54,12:54:00,12,0,2,I-25 & W ALAMEDA AVE,1,1,0,0,1,4,0,0,55,0,0,0,0,1,1,2,16
,2023-27068,39.74311353,-104.9151573,6/19/2023 12:29,12:29:00,5,0,0,E 17TH AVE & N LEYDEN ST,1,1,0,0,1,1,0,0,25,0,0,0,0,0,4,1,16
,2023-27082,39.7777913,-104.9034013,7/10/2023 6:54,6:54:00,12,0,0, QUEBEC ST & I-70 EB RAMPS,1,1,0,0,1,4,0,0,35,0,0,0,0,0,2,2,7
,2023-27083,39.67961531,-105.0086821,7/10/2023 15:33,15:33:00,5,0,1,2055  RARITAN ST & W PACIFIC PL,1,1,1,0,3,3,0,0,25,0,0,0,0,2,4,1,14
,2023-27086,39.78380608,-104.9476251,7/10/2023 14:39,14:39:00,5,0,0,E 48TH AVE & VASQUEZ BLVD,1,1,0,0,3,4,0,0,30,0,0,0,0,0,4,1,10
,2023-27087,39.74000932,-104.9720702,7/10/2023 15:26,15:26:00,6,0,2,E COLFAX AVE & N MARION ST,1,1,0,0,1,4,0,0,30,0,0,0,0,2,2,6,10
,2023-27089,39.71360757,-105.0396884,7/8/2023 23:00,23:00:00,6,0,0, PERRY ST & W BAYAUD AVE,1,1,0,0,1,4,0,0,25,0,0,0,0,0,4,2,16
,2023-27090,39.73284847,-104.8850337,7/6/2023 3:05,3:05:00,5,0,0, YOSEMITE ST & E 11TH AVE,1,3,0,0,2,9,0,0,,0,0,0,0,0,4,1,16
,2023-27094,39.76581495,-105.0369186,7/9/2023 13:30,13:30:00,6,0,0,W 35TH AVE & N NEWTON ST,1,1,0,0,1,4,0,0,25,0,0,0,0,0,4,2,16
,2023-27101,39.73203481,-104.9848536,6/28/2023 17:25,17:25:00,3,0,1, SHERMAN ST & E 10TH AVE,1,1,0,0,1,1,0,0,,0,1,0,0,2,4,2,16
,2023-27106,39.83811836,-104.7145251,7/9/2023 4:55,4:55:00,15,0,0,E 78TH AVE & GUN CLUB RD,1,2,0,0,1,4,0,0,45,0,0,0,0,0,4,2,7
,2023-27110,39.73851911,-105.0381491,7/9/2023 21:46,21:46:00,6,0,0, OSCEOLA ST & W 14TH AVE,1,4,0,0,1,4,0,0,25,0,0,0,0,0,4,3,16
,2023-27122,39.78017635,-104.9535746,7/9/2023 23:14,23:14:00,3,0,1,E 46TH AVE & N CLAYTON ST,1,3,0,0,1,1,0,0,30,0,0,0,0,2,4,2,13
,2023-27129,39.78339156,-104.9007877,6/23/2023 10:30,10:30:00,6,0,0,I-270 & N NORTHFIELD QUEBEC ST NB,1,1,0,0,3,4,0,0,55,0,0,0,0,0,1,2,13
,2023-27136,39.73204462,-104.9874029,7/9/2023 19:37,19:37:00,6,0,0,E 10TH AVE & N BROADWAY ST,14,5,3,7,1,4,0,0,,0,0,0,0,0,4,2,16
,2023-27176,39.76695959,-104.9659289,6/18/2023 22:57,22:57:00,6,0,0,E 36TH AVE & N WILLIAMS ST,11,4,3,0,1,4,0,0,25,0,0,0,0,0,4,5,14
,2023-27178,39.77067419,-104.7607364,7/7/2023 13:45,13:45:00,3,0,0, ENSENADA ST & E 40TH AVE,1,1,0,0,1,1,0,0,25,0,0,0,0,0,4,2,16
,2023-27179,39.78054486,-104.9492257,7/10/2023 17:29,17:29:00,12,0,0,I-70 & N STEELE ST,1,1,0,0,1,4,0,0,55,0,0,0,0,0,2,2,16
,2023-27180,39.71296561,-104.9863241,7/11/2023 13:35,13:35:00,12,0,0, LINCOLN ST & E CEDAR AVE,1,1,0,0,1,1,0,0,,0,0,0,0,0,4,2,16
,2023-27182,39.71288014,-105.0238488,7/11/2023 4:00,4:00:00,6,0,0, ELIOT ST & N CEDAR AVE,1,4,0,0,1,4,0,0,35,0,0,0,0,0,4,2,16
,2023-27183,39.71132307,-105.0532578,7/11/2023 16:10,16:10:00,1,0,1, SHERIDAN BLVD & W ALAMEDA AVE,1,1,0,0,1,1,0,0,35,0,0,0,0,1,2,2,13
,2023-27185,39.68748163,-104.9405446,7/8/2023 4:00,4:00:00,12,0,0, COLORADO BLVD & E IOWA AVE,1,3,0,0,1,1,0,0,35,0,0,0,0,0,2,2,3
,2023-27186,39.77975577,-104.940202,7/7/2023 6:55,6:55:00,12,0,0,I-70 EB ON RAMP & N COLORADO BLVD,1,1,0,0,1,8,0,0,25,0,0,0,0,0,1,2,14
,2023-27189,39.71895527,-105.0397017,5/15/2023 2:30,2:30:00,6,0,0,132  PERRY ST & W 1ST AVE,11,3,0,1,1,4,0,0,30,0,0,0,0,0,4,2,16
,2023-27191,39.75112479,-105.0532479,7/8/2023 13:04,13:04:00,12,0,1, SHERIDAN BLVD & W 24TH AVE,1,1,0,0,1,3,0,0,35,0,0,0,0,2,2,2,7
,2023-27192,39.76927821,-105.0005884,7/3/2023 12:49,12:49:00,3,0,0, KALAMATH ST & W 38TH AVE,1,1,0,0,1,1,0,0,20,0,0,0,0,0,4,2,3
,2023-27193,39.72571713,-105.0001487,7/10/2023 17:30,17:30:00,12,0,0, KALAMATH ST & W 6TH AVE,1,1,0,0,1,1,0,0,35,0,0,0,0,0,4,2,3
,2023-27194,39.67843835,-104.9579327,7/11/2023 13:43,13:43:00,3,0,0, JOSEPHINE ST & E EVANS AVE,1,1,0,0,1,1,0,0,25,0,0,0,0,0,4,2,11
,2023-27197,39.7351471,-104.9810615,7/10/2023 14:45,14:45:00,3,0,0, PENNSYLVANIA ST & E 12TH AVE,1,1,0,0,1,1,0,0,20,0,0,0,0,0,4,2,11
,2023-27199,39.67188464,-104.9406316,5/12/2023 7:50,7:50:00,3,0,0, COLORADO BLVD & E DICKENSON PL,11,1,0,1,1,1,0,0,35,0,0,0,0,0,2,2,16
,2023-27201,39.78704088,-104.8221657,7/10/2023 18:50,18:50:00,3,0,0, CRYSTAL WY & E 51ST AVE,1,1,0,0,1,1,0,0,35,0,0,0,0,0,4,2,8
,2023-27202,39.71156144,-104.9406351,7/11/2023 15:45,15:45:00,12,0,0,E ALAMEDA AVE & S COLORADO BLVD,1,1,0,0,1,1,0,0,30,0,0,0,0,0,2,2,3
,2023-27204,39.71127827,-105.0508715,7/4/2023 12:09,12:09:00,3,0,1, YATES ST & E ALAMEDA AVE,1,1,1,0,1,1,0,0,25,0,0,0,0,1,2,2,11
,2023-27205,39.73833589,-104.9139608,6/8/2023 16:49,16:49:00,10,0,0,E 14TH AVE & N LOCUST ST,1,1,0,0,1,1,0,0,30,0,0,0,0,0,4,2,16
,2023-27207,39.71819141,-104.893817,7/4/2023 19:47,19:47:00,8,0,1,E LOWRY BLVD & N SYRACUSE ST,1,1,0,0,6,4,0,0,30,0,0,0,0,2,4,2,13
,2023-27209,39.69641781,-104.9407204,7/11/2023 7:53,7:53:00,15,0,0, COLORADO BLVD & E MISSISSIPPI AVE,1,1,0,0,1,3,0,0,35,0,0,0,0,0,2,2,11
,2023-27210,39.77363954,-104.8406337,7/11/2023 6:52,6:52:00,12,0,0,I-70 ON RAMP FROM NB -225 & RAMP MERGE PT ONTO I-70,1,1,1,0,1,8,0,0,55,0,0,0,0,0,1,2,10
,2023-27213,39.75478357,-104.9780564,6/24/2023 1:00,1:00:00,6,0,0,2637 WELTON ST & 26TH ST,1,3,0,0,1,4,0,0,40,0,0,0,0,0,4,2,3
,2023-27214,39.7080435,-105.0420219,7/11/2023 7:31,7:31:00,3,0,0,W VIRGINIA AVE & S RALEIGH ST,1,1,0,0,1,1,0,0,20,0,0,0,0,0,4,2,13
,2023-27215,39.69657271,-104.9407254,6/23/2023 23:30,23:30:00,12,0,0, COLORADO BLVD & E MISSISSIPPI AVE,1,3,1,0,1,3,0,0,,0,0,0,0,0,2,2,16
,2023-27216,39.76959398,-104.9066327,7/9/2023 16:00,16:00:00,6,0,0, OLIVE ST & E 38TH AVE,1,1,0,0,1,4,0,0,30,0,0,0,0,0,4,2,16
,2023-27218,39.77970555,-104.9772198,7/3/2023 16:00,16:00:00,12,0,0,I-70 & N WASHINGTON ST,1,1,0,0,1,4,0,0,,0,0,0,0,0,1,2,16
,2023-27220,39.7255769,-104.9729261,7/11/2023 14:10,14:10:00,15,0,0,E 6TH AVE & N DOWNING ST,1,1,0,0,1,1,0,0,30,0,0,0,0,0,4,2,3
,2023-27221,39.65351567,-104.8684143,7/11/2023 13:16,13:16:00,1,0,0,E HAMPDEN AVE & S GALENA ST,1,1,0,0,1,1,0,0,45,0,0,0,0,0,2,2,10
,2023-27238,39.72026141,-105.0250543,4/30/2023 21:21,21:21:00,8,0,4, FEDERAL BLVD & W 2ND AVE,1,3,0,0,6,1,0,0,40,0,0,0,0,3,2,2,7
,2023-27239,39.72303524,-104.8764368,7/8/2023 4:43,4:43:00,6,0,0,E 5TH AVE & N DALLAS ST,1,3,0,0,1,4,0,0,20,0,0,0,0,0,4,3,16
,2023-27241,39.73499644,-104.9861245,7/10/2023 12:50,12:50:00,12,0,4, LINCOLN ST & E 12TH AVE,1,1,0,0,1,4,0,0,30,0,0,0,0,1,4,3,3
,2023-27242,39.74034787,-105.048683,7/10/2023 10:20,10:20:00,3,0,1,W COLFAX AVE & N WOLFF ST,1,1,0,0,1,1,0,0,30,0,0,0,1,3,2,2,1
,2023-27244,39.71120907,-104.9315772,7/11/2023 16:45,16:45:00,15,0,0,E ALAMEDA AVE & S DAHLIA ST,1,1,0,0,1,1,0,0,,0,0,0,0,0,4,2,16
,2023-27251,39.78189172,-104.9016798,7/9/2023 16:32,16:32:00,12,0,0, NORTHFIELD QUEBEC ST & N SAND CREEK DR,1,1,0,0,1,3,0,0,45,0,0,0,0,0,2,2,14
,2023-27252,39.71836384,-104.9127813,7/11/2023 8:07,8:07:00,15,0,0, MONACO ST & E 1ST AVE,1,1,0,0,1,3,0,0,30,0,0,0,0,0,4,2,11
,2023-27254,39.70298327,-104.9129002,7/10/2023 15:00,15:00:00,15,0,0, MONACO ST PKWY & LEETSDALE DR,1,1,0,0,1,1,0,0,30,0,0,0,0,0,2,2,1
,2023-27255,39.74164503,-104.9733922,7/11/2023 6:20,6:20:00,10,0,0, DOWNING ST & E 16TH AVE,1,1,0,0,1,1,0,0,30,0,0,0,0,0,4,2,8
,2023-27256,39.71150098,-104.9449743,7/10/2023 16:00,16:00:00,3,0,0, MONROE ST & E ALAMEDA AVE,1,1,0,0,1,1,0,0,25,0,0,0,0,0,4,3,3
,2023-27257,39.77573803,-104.8649592,7/10/2023 15:41,15:41:00,15,0,0,I-70 & N HAVANA ST (APPROX),1,1,0,0,1,4,0,0,,0,0,0,0,0,1,2,16
,2023-27258,39.76007691,-105.007025,7/9/2023 16:00,16:00:00,14,0,0,CENTRAL ST & 18TH ST,1,1,0,0,6,3,0,0,,0,0,0,0,0,4,2,16
,2023-27260,39.72904671,-104.989924,7/9/2023 16:35,16:35:00,10,0,0,W 8TH AVE & N SPEER BLVD,1,1,0,0,1,1,0,0,30,0,0,0,0,0,4,2,13
,2023-27261,39.7786171,-104.922523,7/11/2023 7:52,7:52:00,15,0,1,I-70 & N HOLLY ST,1,1,1,0,1,4,0,0,55,0,0,0,0,1,1,2,2
,2023-27262,39.78053572,-104.9316372,7/11/2023 11:15,11:15:00,15,0,0, DAHLIA ST & E 46TH AVE,1,1,0,0,1,1,0,0,30,0,0,0,0,0,4,2,11
,2023-27295,39.77074857,-104.754191,7/2/2023 2:56,2:56:00,5,0,0,20053 E 40TH AVE & HIMALAYA RD,1,3,0,0,3,4,0,0,,0,0,0,0,0,4,1,16
,2023-27299,39.75583111,-104.9987584,7/4/2023 11:35,11:35:00,1,0,0,WEWATTA ST & 19TH ST,1,1,0,0,1,1,0,0,30,0,0,0,0,0,4,2,11
,2023-27300,39.69493713,-105.02506,7/10/2023 14:35,14:35:00,15,0,0, FEDERAL BLVD & W ARIZONA AVE,1,1,0,0,1,2,0,0,30,0,0,0,0,0,2,2,3
,2023-27304,39.67911917,-104.9342116,5/20/2023 0:00,0:00:00,5,0,0,I-25 & E EVANS AVE,1,3,0,0,3,4,0,0,65,0,0,0,0,0,1,1,16
,2023-27306,39.73562156,-104.8975575,6/8/2023 23:56,23:56:00,6,0,0, SPRUCE ST & E 14TH AVE,1,4,0,0,1,4,0,0,,0,0,0,0,0,4,2,16
,2023-27307,39.75102956,-104.9124087,7/5/2023 11:43,11:43:00,3,0,1,E 23RD AVE & N MONACO ST,1,1,0,0,1,1,0,0,30,0,0,0,0,2,4,2,13
,2023-27308,39.74271485,-105.0252124,6/24/2023 21:20,21:20:00,6,0,0,W 16TH AVE & N FEDERAL BLVD,1,3,0,0,1,4,0,0,20,0,0,0,0,0,4,2,16
,2023-27311,39.72541889,-105.0207441,6/25/2023 11:50,11:50:00,15,0,0,W 6TH AVE FWY & N FEDERAL BLVD,1,1,0,0,1,4,0,0,55,0,0,0,0,0,2,2,16
,2023-27312,39.67846999,-104.9254728,7/7/2023 16:50,16:50:00,12,0,0,E EVANS AVE & N GRAPE ST,11,2,0,1,1,4,0,0,30,0,0,0,0,0,4,3,13
,2023-27313,39.68940388,-104.9407883,7/9/2023 11:15,11:15:00,12,0,0, COLORADO BLVD & E FLORIDA AVE,1,1,1,0,1,4,0,0,35,0,0,0,0,0,2,2,10
,2023-27314,39.74849769,-105.0031259,7/11/2023 13:45,13:45:00,12,0,0,BLAKE ST & N SPEER BLVD,1,1,0,0,1,3,0,0,30,0,0,0,0,0,4,2,13
,2023-27315,39.70756211,-104.9234559,7/10/2023 6:20,6:20:00,15,0,0,LEETSDALE DR & S HUDSON ST,1,1,0,0,1,1,0,0,30,0,0,0,0,0,2,2,3
,2023-27316,39.72330316,-105.0113712,7/11/2023 9:09,9:09:00,9,0,1,I-25 & W 6TH AVE WB ON RAMP GORE PT,1,1,1,0,1,4,0,0,55,0,0,0,1,1,1,2,7