id,drcog_id,latitude,longitude,crashtime,time,crashtype,numbkilled,numbinjurd,drcoglocat,rdconditin,lightngcon,roadcntgrd,weatherco,location,roaddescrp,schoolzone,constrzone,splimit,bikeinv,pedinv,sctrinv,motoinv,svrty,rdsystem,ttlvehcls,hcf
,2023-27317,39.65302122,-104.9136411,7/2/2023 11:15,11:15:00,10,0,0,E HAMPDEN AVE & S MONACO ST,1,1,0,0,1,2,0,0,40,0,0,0,0,0,2,2,1
,2023-27318,39.79322828,-104.8354862,7/9/2023 8:44,8:44:00,3,0,0,E 55TH AVE & N UVALDA ST,1,1,0,0,1,1,0,0,20,0,0,0,0,0,4,2,13
,2023-27319,39.73842475,-105.0532129,7/8/2023 12:05,12:05:00,12,0,0, SHERIDAN BLVD & W 14TH AVE,1,1,0,0,1,3,0,0,35,0,0,0,0,0,2,2,11
,2023-27321,39.70024533,-104.9126668,7/3/2023 12:31,12:31:00,3,0,0,E KENTUCKY AVE & S MONACO ST,1,1,0,0,1,2,0,0,25,0,0,0,0,0,4,2,7
,2023-27333,39.73527255,-104.9836049,7/10/2023 17:14,17:14:00,2,0,0,E 12TH AVE & N GRANT ST,1,1,1,7,1,1,0,0,30,1,0,0,0,0,4,1,16
,2023-27336,39.68315172,-104.9415047,7/10/2023 23:14,23:14:00,15,0,0,I-25 & S COLORADO BLVD,1,3,0,0,1,4,0,0,60,0,0,0,0,0,1,2,11
,2023-27338,39.70074525,-104.9873982,7/10/2023 11:14,11:14:00,3,0,0,I-25 EB OFF RAMP & S BROADWAY,1,1,0,0,1,1,0,0,30,0,0,0,0,0,4,2,16
,2023-27342,39.67841606,-104.9451099,7/11/2023 10:15,10:15:00,3,0,0,E EVANS AVE & S MONROE ST,1,1,0,0,1,1,0,0,30,0,0,0,0,0,4,2,3
,2023-27343,39.74006664,-105.0124065,7/5/2023 12:45,12:45:00,12,0,0,I-25 NB OFF RAMP & W COLFAX AVE,1,1,1,0,1,8,0,0,35,0,0,0,0,0,1,2,11
,2023-27355,39.78052094,-104.9592932,7/10/2023 12:50,12:50:00,12,0,2,I-70 & N YORK ST,1,1,0,0,1,4,0,0,55,0,0,0,0,1,1,2,10
,2023-27356,39.75980341,-104.8646866,7/9/2023 14:55,14:55:00,15,0,0,E MLK BLVD & N IOLA ST,1,1,0,0,1,4,0,0,30,0,0,0,0,0,4,2,13
,2023-27357,39.63117238,-104.8924225,7/10/2023 7:13,7:13:00,1,0,1,E UNION AVE & S DTC BLVD,1,1,1,0,1,1,0,0,30,0,0,0,0,2,4,2,11
,2023-27359,39.7368667,-104.9776212,5/11/2023 1:30,1:30:00,3,0,2,E 13TH AVE & N CLARKSON ST,11,3,0,1,1,1,0,0,,0,0,0,0,2,4,3,16
,2023-27360,39.72610722,-105.0531317,7/11/2023 14:39,14:39:00,3,0,0, SHERIDAN BLVD & W 6TH AVE WB RAMPS,1,1,0,0,1,1,0,0,35,0,0,0,0,0,2,2,13
,2023-27362,39.75900714,-104.9859263,5/9/2023 14:27,14:27:00,6,0,0,26TH ST & WALNUT ST,1,1,0,0,1,4,0,0,25,0,0,0,0,0,4,2,16
,2023-27363,39.776565,-105.0141972,6/19/2023 16:31,16:31:00,6,0,1,W 44TH AVE & N WYANDONT ST,1,1,0,0,6,4,0,0,35,0,0,0,0,2,4,3,16
,2023-27364,39.68398511,-104.9859803,7/10/2023 21:20,21:20:00,6,0,0,E COLORADO AVE & S LINCOLN ST,1,3,0,0,1,4,0,0,25,0,0,0,0,0,4,3,16
,2023-27365,39.72562999,-104.985108,7/8/2023 9:50,9:50:00,3,0,0,E SPEER BLVD & E 6TH AVE,1,1,0,0,1,1,0,0,30,0,0,0,0,0,4,2,13
,2023-27370,39.78883012,-104.7651767,7/9/2023 20:45,20:45:00,6,0,0, DUNKIRK WY & E 51ST AVE,1,4,0,0,1,4,0,0,,0,0,0,0,0,4,2,16
,2023-27373,39.78367967,-105.0061186,7/11/2023 13:55,13:55:00,3,0,0,I-70 WB OFF RAMP & N PECOS ST,1,1,0,0,1,6,0,0,35,0,0,0,0,0,1,2,10
,2023-27379,39.78092647,-104.8828074,6/2/2023 22:15,22:15:00,15,0,0, CENTRAL PARK BLVD & E 46TH PL,1,3,0,0,1,1,0,0,35,0,0,0,0,0,4,2,9
,2023-27648,39.62417048,-105.0930076,6/17/2023 17:45,17:45:00,3,0,0,W BELLEVIEW AVE & S CODY ST,1,1,0,0,1,1,0,0,40,0,0,0,0,0,4,2,11
,2023-27840,39.71114543,-105.0203692,5/2/2023 22:00,22:00:00,15,0,0,W ALAMEDA AVE & S CLAY ST,1,3,0,0,1,4,0,0,35,0,0,0,0,0,2,2,1
,2023-27841,39.77555829,-104.8657427,5/21/2023 2:45,2:45:00,15,0,0,I-70 & N HAVANA ST,1,3,0,0,1,4,0,0,65,0,0,0,0,0,1,3,16
,2023-27842,39.69030942,-104.9110953,7/12/2023 8:39,8:39:00,2,0,1, NIAGARA ST & E CHERRY CREEK N DR,1,1,0,0,1,1,0,0,25,1,0,0,0,2,4,1,16
,2023-27845,39.74020207,-104.9999199,7/12/2023 14:54,14:54:00,12,0,1,W COLFAX AVE & N KALAMATH ST,1,1,0,0,1,3,0,0,35,0,0,0,0,2,2,2,3
,2023-27847,39.78310966,-105.0003112,7/7/2023 16:16,16:16:00,12,0,0,I-70 & PECOS ST WB OFF RAMP GORE PT,1,1,0,0,1,4,0,0,,0,0,0,0,0,1,2,16
,2023-27848,39.70607151,-104.9407949,7/12/2023 9:52,9:52:00,1,0,2,E CHERRY CREEK  DR & S COLORADO BLVD,1,1,0,0,1,1,0,0,30,0,0,0,0,2,2,2,11
,2023-27850,39.71467111,-104.9499452,7/12/2023 17:00,17:00:00,15,0,0, STEELE ST & E BAYAUD AVE,1,1,0,0,1,1,0,0,35,0,0,0,0,0,4,2,13
,2023-27851,39.69593523,-105.0203792,6/26/2023 1:05,1:05:00,6,0,0, CLAY ST & W MISSISSIPPI AVE,1,3,0,0,1,4,0,0,20,0,0,0,0,0,4,2,1
,2023-27854,39.70214313,-104.9875274,7/11/2023 10:32,10:32:00,3,0,0, BROADWAY ST & E OHIO AVE,1,1,0,0,1,1,0,0,35,0,0,0,0,0,4,2,16
,2023-27855,39.65327601,-105.0321503,7/11/2023 17:45,17:45:00,6,0,0,W HAMPDEN AVE & S KNOX CT,1,4,0,0,3,4,0,0,55,0,0,0,0,0,2,2,14
,2023-27857,39.72559987,-104.9407949,5/29/2023 0:07,0:07:00,3,1,0,E 6TH AVE & N COLORADO BLVD,1,3,0,0,1,1,0,0,35,0,0,0,1,4,2,2,14
,2023-27858,39.74002758,-105.0028323,7/11/2023 20:40,20:40:00,1,0,0,W COLFAX AVE & N MARIPOSA ST,1,3,0,0,1,1,0,0,35,0,0,0,0,0,2,2,11
,2023-27859,39.74021647,-104.9034685,6/9/2023 22:12,22:12:00,1,1,0,E COLFAX AVE & N QUEBEC ST,1,3,0,0,1,1,0,0,35,0,0,0,1,4,2,2,14
,2023-27861,39.7189636,-104.9743766,6/6/2023 19:21,19:21:00,5,0,1,E SPEER BLVD & N CORONA ST,1,1,0,0,2,4,0,0,30,0,0,0,0,2,4,2,1
,2023-27866,39.71156144,-104.9406351,7/12/2023 12:00,12:00:00,1,0,0,E ALAMEDA AVE & S COLORADO BLVD,1,1,0,0,1,1,0,0,30,0,0,0,0,0,2,2,13
,2023-27867,39.78058942,-104.8417146,7/11/2023 9:50,9:50:00,3,0,1,E ALBROOK DR & N TULSA CT,1,1,0,0,1,1,0,0,25,0,0,0,0,1,4,2,14
,2023-27869,39.73526572,-104.9861232,7/12/2023 13:45,13:45:00,12,0,0, LINCOLN ST & E 12TH AVE,1,1,0,0,1,1,0,0,30,0,0,0,0,0,4,2,3
,2023-27870,39.85192743,-104.6740501,7/12/2023 16:30,16:30:00,16,0,0,8500 PENA BLVD & DOOR 401,1,1,0,0,5,4,0,0,15,0,0,0,0,0,2,2,11
,2023-27872,39.73298925,-105.0220002,7/12/2023 14:26,14:26:00,6,0,0,W 10TH AVE & N DECATUR ST,1,1,1,0,1,4,0,0,25,0,0,0,0,0,4,3,16
,2023-27873,39.75774271,-104.9985667,7/12/2023 16:35,16:35:00,12,0,1,20TH ST & CHESTNUT PL,1,1,0,0,1,1,0,0,35,0,0,0,0,1,4,2,16
,2023-27874,39.79347011,-104.8190829,7/11/2023 19:57,19:57:00,9,0,1,E PENSACOLA DR & CRYSTAL WY,1,1,0,0,1,4,0,0,30,0,0,0,1,3,4,1,1
,2023-27875,39.80444409,-104.7863698,6/30/2023 22:36,22:36:00,12,0,0,E 56TH AVE,1,3,0,0,1,4,0,0,65,0,0,0,0,0,4,2,16
,2023-27876,39.74166229,-104.9787358,6/2/2023 11:45,11:45:00,15,0,0, WASHINGTON ST & E 16TH AVE,1,1,0,0,1,1,0,0,,0,0,0,0,0,4,2,16
,2023-27881,39.75071815,-104.970878,6/1/2023 16:53,16:53:00,11,0,0, LAFAYETTE ST & E 23RD AVE,1,1,0,0,1,1,0,0,,0,0,1,0,0,4,1,16
,2023-27882,39.73844794,-104.9906347,5/31/2023 12:16,12:16:00,9,0,0,W 14TH AVE & N BANNOCK ST,1,1,0,0,1,4,0,0,25,0,0,0,0,0,4,2,16
,2023-27883,39.74693611,-104.9610129,7/12/2023 17:30,17:30:00,3,0,0,E 20TH AVE & N GAYLORD ST,1,1,0,0,1,1,0,0,30,0,0,0,0,0,4,2,16
,2023-27884,39.71819748,-104.9732429,7/12/2023 9:20,9:20:00,12,0,0,E SPEER BLVD & N DOWNING ST,1,1,0,0,1,1,0,0,30,0,0,0,0,0,4,3,3
,2023-27886,39.66769719,-104.9828354,7/12/2023 8:19,8:19:00,3,0,0,E YALE AVE & S LOGAN ST,1,1,0,0,1,1,0,0,30,0,0,0,0,0,4,2,16
,2023-27890,39.72932354,-105.0259153,7/12/2023 7:27,7:27:00,12,0,0,W 6TH AVE & N FEDERAL BLVD,1,1,1,0,1,4,0,0,55,0,0,0,0,0,2,2,3
,2023-27891,39.75267956,-104.9874177,7/9/2023 9:49,9:49:00,10,0,0,22ND ST & N BROADWAY ST,1,1,0,0,1,1,0,0,25,0,0,0,0,0,4,2,13
,2023-27894,39.72910931,-104.9604583,7/11/2023 7:30,7:30:00,12,0,2,E 8TH AVE & N YORK ST,1,1,1,0,1,4,0,0,30,0,0,0,0,1,4,2,16
,2023-27896,39.7822674,-104.8613257,7/11/2023 22:50,22:50:00,3,0,0, JOLIET ST & E 47TH AVE,1,3,0,0,1,1,0,0,25,0,0,0,0,0,4,2,16
,2023-27898,39.74006354,-105.0048824,7/12/2023 8:15,8:15:00,10,0,0,W COLFAX AVE & N OSAGE ST,1,1,0,0,1,2,0,0,35,0,0,0,0,0,2,2,11
,2023-27899,39.74891879,-105.0124697,6/10/2023 18:45,18:45:00,16,0,0,2000 ELITCH CIR,1,1,0,0,5,7,0,0,,0,0,0,0,0,3,2,16
,2023-27900,39.7253668,-105.0154217,7/12/2023 9:06,9:06:00,15,0,0,W 6TH AVE & N FEDERAL BLVD,1,1,0,0,1,4,0,0,55,0,0,0,0,0,2,2,13
,2023-27903,39.63859693,-104.8969501,6/28/2023 13:00,13:00:00,16,0,0,8000 E QUINCY AVE,1,1,0,0,5,7,0,0,,0,0,0,0,0,3,2,16
,2023-27909,39.71119673,-104.9199637,7/12/2023 16:00,16:00:00,12,0,0,E ALAMEDA AVE & S JERSEY ST,1,1,0,0,1,1,0,0,30,0,0,0,0,0,4,2,3
,2023-27910,39.66763906,-104.9128803,7/12/2023 11:00,11:00:00,1,0,0, MONACO ST & E YALE AVE,1,1,0,0,1,1,0,0,30,0,0,0,0,0,4,2,3
,2023-27911,39.76657684,-104.9647226,7/5/2023 7:50,7:50:00,6,0,0, HIGH ST & E 36TH AVE,1,3,0,0,1,4,0,0,25,0,0,0,0,0,4,2,11
,2023-27912,39.71121198,-104.9131272,6/16/2023 9:05,9:05:00,15,0,0,E ALAMEDA AVE & S MONACO ST,1,1,0,0,1,3,0,0,35,0,0,0,0,0,4,2,1
,2023-27913,39.77548772,-105.0174262,6/16/2023 9:55,9:55:00,6,0,0, ALCOTT ST & W 43RD AVE,1,1,0,0,1,4,0,0,25,0,0,0,0,0,4,2,16
,2023-27914,39.68861508,-105.0297103,4/30/2023 2:00,2:00:00,6,0,0, IRVING ST & W FLORIDA AVE,1,3,0,0,1,4,0,0,,0,0,0,0,0,4,3,16
,2023-27915,39.63868363,-104.8931927,7/7/2023 19:25,19:25:00,12,0,0,8051 E QUINCY AVE & S TAMARAC DR,11,1,0,1,1,2,0,0,,0,0,0,0,0,4,2,10
,2023-27917,39.84143441,-104.671744,7/12/2023 13:59,13:59:00,15,0,0,E 80TH AVE,1,1,1,0,1,4,0,0,45,0,0,0,0,0,4,2,11
,2023-27921,39.76753641,-105.0440132,6/25/2023 9:45,9:45:00,5,0,0, TENNYSON ST & W 37TH AVE,1,1,0,0,3,3,0,0,30,0,0,0,0,0,4,1,16
,2023-27922,39.73386652,-104.9935034,6/29/2023 13:48,13:48:00,3,0,1,W 11TH AVE & N SPEER BLVD,1,1,0,1,1,1,0,0,,0,0,0,0,1,4,2,16
,2023-27924,39.67889538,-104.9337242,7/11/2023 11:20,11:20:00,12,0,0,I-25 NB ON RAMP & E EVANS AVE,1,1,0,0,1,8,0,0,35,0,0,0,0,0,4,2,16
,2023-27928,39.72910382,-104.987404,5/27/2023 21:56,21:56:00,10,0,0, BROADWAY ST & 8TH AVE,11,3,3,1,1,1,0,0,,0,0,0,0,0,4,2,16
,2023-27929,39.68257652,-104.9804915,6/28/2023 13:45,13:45:00,6,0,0, PEARL ST & E JEWELL AVE,1,1,0,0,1,1,0,0,25,0,0,0,0,0,4,2,16
,2023-27931,39.65052165,-105.0530749,7/12/2023 9:07,9:07:00,1,0,0, SHERIDAN BLVD & W KENYON AVE,1,1,0,0,1,1,0,0,30,0,0,0,0,0,4,2,3
,2023-27936,39.71748375,-104.9908312,6/25/2023 10:48,10:48:00,6,0,0,W IRVINGTON PL & S BANNOCK ST,1,4,0,0,1,4,0,0,25,0,0,0,0,0,4,2,16
,2023-27938,39.66764115,-104.9074146,7/2/2023 22:40,22:40:00,10,0,0,E YALE AVE & S NEWPORT ST,1,3,0,0,1,2,0,0,,0,0,0,0,0,4,2,16
,2023-27943,39.73071136,-104.9861326,6/10/2023 23:35,23:35:00,3,0,0, LINCOLN ST & E 9TH AVE,1,3,0,0,1,2,0,0,35,0,0,0,0,0,4,2,16
,2023-27952,39.68933146,-104.9383638,6/16/2023 8:46,8:46:00,3,0,2, ASH ST & E FLORIDA AVE,11,1,0,0,1,1,0,0,25,0,0,0,0,2,4,3,3
,2023-27958,39.75836814,-104.9280042,6/19/2023 12:05,12:05:00,6,0,1,E 29TH AVE & N FAIRFAX ST,1,1,0,0,1,4,0,0,20,0,0,0,0,1,4,2,16
,2023-27964,39.69991754,-104.9663646,7/12/2023 13:00,13:00:00,6,0,0, WILLIAMS ST & E KENTUCKY AVE,1,1,0,0,1,4,0,0,,0,0,0,0,0,4,2,16
,2023-27965,39.66763906,-104.9128803,7/11/2023 22:00,22:00:00,3,0,0, MONACO ST & E YALE AVE,1,3,0,0,1,1,0,0,35,0,0,0,0,0,4,2,7
,2023-27967,39.77822341,-104.8827337,7/11/2023 20:04,20:04:00,3,0,0, CENTRAL PARK BLVD & I-70 WB RAMPS,1,3,0,0,1,1,0,0,40,0,0,0,0,0,4,2,16
,2023-27969,39.7833515,-105.0053198,7/4/2023 21:07,21:07:00,15,0,0,I-70 & N PECOS ST,11,3,1,1,1,4,0,0,55,0,0,0,0,0,1,2,1
,2023-27973,39.77320285,-104.837705,6/16/2023 18:20,18:20:00,12,0,0,I-70 & I-225 SB ON RAMP ENT,11,1,0,0,1,4,0,0,65,0,0,0,0,0,1,2,16
,2023-27975,39.66192649,-104.8871162,7/3/2023 12:00,12:00:00,5,0,0, XENIA ST & S SYRACUSE WY,1,1,0,0,3,1,0,0,,0,0,0,0,0,4,1,16
,2023-27976,39.76918726,-104.9428481,6/22/2023 8:40,8:40:00,6,0,0, JACKSON ST & E 38TH AVE,1,1,0,0,1,1,0,0,,0,0,0,0,0,4,2,16
,2023-27977,39.77285793,-104.8472338,7/12/2023 4:56,4:56:00,12,0,0,I-70 EB OFF RAMP SLIP & N PEORIA ST,1,2,1,0,1,8,0,0,55,0,0,0,0,0,1,4,16
,2023-27978,39.69659408,-104.9628868,7/12/2023 10:05,10:05:00,3,0,0, VINE ST & E MISSISSIPPI AVE,1,1,0,0,1,1,0,0,25,0,0,0,0,0,4,2,16
,2023-27979,39.74042064,-105.0531559,7/11/2023 12:00,12:00:00,12,0,0,W COLFAX AVE & N SHERIDAN BLVD,1,1,0,0,1,3,0,0,30,0,0,0,0,0,2,2,3
,2023-27981,39.76740163,-104.8657875,6/28/2023 7:30,7:30:00,1,0,0, HAVANA ST & E SMITH RD,1,1,0,0,1,2,0,0,30,0,0,0,0,0,4,2,13
,2023-27984,39.66706071,-104.9252169,7/11/2023 18:25,18:25:00,12,0,0,I-25 & E YALE AVE,1,1,0,0,1,4,0,0,65,0,0,0,0,0,1,3,16
,2023-27988,39.73299543,-105.0393237,6/30/2023 22:04,22:04:00,14,0,0, PERRY ST & W 10TH AVE,1,3,0,0,1,1,0,0,20,0,0,0,0,0,4,2,16
,2023-27993,39.72513558,-105.0252255,6/30/2023 11:25,11:25:00,3,0,0, FEDERAL BLVD & W 6TH AVE EB RAMPS,1,1,0,0,1,1,0,0,35,0,0,0,0,0,2,3,16
,2023-27994,39.77394492,-104.8470335,7/2/2023 22:21,22:21:00,12,0,2,I-70 & N PEORIA ST (APPROX),1,3,0,0,1,4,0,0,55,0,0,0,0,1,1,2,13
,2023-27995,39.65935534,-105.0532267,6/29/2023 23:22,23:22:00,12,0,0, SHERIDAN BLVD & W CORNELL AVE,1,3,0,0,1,4,0,0,45,0,0,0,0,0,2,2,14
,2023-27996,39.73562206,-104.8959869,6/30/2023 6:38,6:38:00,6,0,0,E 12TH AVE & N TRENTON ST,1,1,0,0,1,4,0,0,30,0,0,0,0,0,4,2,16
,2023-28000,39.70766123,-105.0275271,7/1/2023 7:08,7:08:00,3,0,2,W VIRGINIA AVE & S HAZEL CT,1,1,0,0,1,1,0,0,25,0,0,0,0,2,4,2,11
,2023-28045,39.6625461,-105.0490133,7/2/2023 18:18,18:18:00,3,0,0,W BATES AVE & 2906 S WOLFF ST,1,1,0,0,1,2,0,0,20,0,0,0,0,0,4,2,11
,2023-28051,39.75301464,-105.0532239,7/1/2023 22:23,22:23:00,11,0,1, SHERIDAN BLVD & W 25TH AVE,1,3,1,0,1,1,0,0,35,0,1,0,0,2,2,1,16
,2023-28053,39.76212647,-105.0302883,7/3/2023 12:14,12:14:00,15,0,0,W 32ND AVE & N IRVING ST,1,1,0,0,1,4,0,0,30,0,0,0,0,0,4,2,16
,2023-28069,39.7984818,-104.772117,7/4/2023 11:42,11:42:00,12,0,2, TOWER RD & E 56TH AVE,1,1,0,0,1,3,0,0,45,0,0,0,0,2,4,2,12
,2023-28075,39.6967006,-105.0003026,7/3/2023 9:00,9:00:00,3,0,1,W MISSISSIPPI AVE & S KALAMATH ST,1,1,0,0,1,1,0,0,30,0,0,0,0,2,4,3,3
,2023-28076,39.73647323,-104.9394971,7/1/2023 12:00,12:00:00,2,0,1, ALBION ST & E 13TH AVE,1,1,0,0,1,4,0,0,30,1,0,0,0,2,4,1,14
,2023-28088,39.76928185,-105.0017597,6/20/2023 20:21,20:21:00,11,0,1,W 38TH AVE & N LIPAN ST,1,1,0,0,1,1,0,0,35,0,1,0,0,3,4,1,1
,2023-28089,39.74510439,-105.017569,7/3/2023 8:57,8:57:00,9,0,1,I-25 & W 17TH AVE OFF RAMP MERGE PT,1,1,1,0,1,4,0,0,55,0,0,0,1,2,1,1,16
,2023-28093,39.83346183,-104.6929233,7/2/2023 20:22,20:22:00,15,0,0,PENA BLVD ON RAMP & JACKSON GAP,1,1,0,0,1,4,0,0,45,0,0,0,0,0,4,2,16
,2023-28095,39.78348681,-104.9200183,7/5/2023 12:30,12:30:00,15,0,0, IVY ST & E 48TH AVE,1,1,0,0,1,4,0,0,25,0,0,0,0,0,4,2,13
,2023-28097,39.75989489,-104.9870843,7/3/2023 14:35,14:35:00,11,0,1,26TH ST & BLAKE ST,1,1,0,0,1,1,0,0,0,0,0,1,0,2,4,1,16
,2023-28098,39.7471542,-104.989668,6/15/2023 10:47,10:47:00,11,0,1,CALIFORNIA ST & 18TH ST,1,1,0,0,1,4,0,0,0,0,1,0,0,3,4,1,16
,2023-28102,39.70399622,-105.0378989,7/10/2023 11:30,11:30:00,6,0,0,W EXPOSITION AVE & S OSCEOLA ST,1,1,0,0,1,4,0,0,,0,0,0,0,0,4,2,13
,2023-28104,39.69666189,-104.9929227,6/30/2023 23:34,23:34:00,15,0,0,W MISSISSIPPI AVE & S PLATTE RIVER DR,1,3,0,0,1,4,0,0,30,0,0,0,0,0,4,2,16
,2023-28106,39.73839261,-104.9620268,7/13/2023 8:02,8:02:00,15,0,0,E 14TH AVE & S VINE ST,1,1,0,0,1,4,0,0,30,0,0,0,0,0,4,3,11
,2023-28107,39.77851733,-104.9032569,7/11/2023 15:32,15:32:00,12,0,3,I-70 & N HOLLY ST,1,1,0,0,1,4,0,0,55,0,0,0,0,2,1,3,10
,2023-28108,39.74881944,-105.0013919,7/12/2023 15:29,15:29:00,3,0,0,BLAKE ST & 14TH ST,1,1,0,0,1,1,0,0,35,0,0,0,0,0,4,2,3
,2023-28113,39.72541352,-105.0524958,7/12/2023 21:42,21:42:00,15,0,0,W 6TH AVE & N SHERIDAN BLVD,1,3,1,0,1,4,0,0,55,0,0,0,0,0,2,2,11
,2023-28114,39.74505125,-104.9733857,7/13/2023 8:13,8:13:00,3,0,0, DOWNING ST & E 18TH AVE,1,1,0,0,1,3,0,0,30,0,0,0,0,0,4,2,11
,2023-28115,39.7532793,-104.9939015,7/8/2023 0:50,0:50:00,15,0,0,MARKET ST & 20TH ST,1,3,0,0,1,4,0,0,25,0,0,0,0,0,4,3,14
,2023-28116,39.73855926,-105.0532127,7/13/2023 13:04,13:04:00,12,0,0, SHERIDAN BLVD & W 14TH AVE,1,1,0,0,1,4,0,0,35,0,0,0,0,0,2,2,13
,2023-28117,39.74005095,-104.9929165,7/13/2023 16:24,16:24:00,12,0,0, DELAWARE ST & W COLFAX AVE,1,1,0,0,1,3,0,0,35,0,0,0,0,0,4,2,11
,2023-28118,39.74031271,-104.9407926,7/13/2023 12:45,12:45:00,15,0,0, COLORADO BLVD & E COLFAX AVE,1,1,0,0,1,4,0,0,35,0,0,0,0,0,2,2,13
,2023-28121,39.71935124,-104.9825762,7/13/2023 13:00,13:00:00,6,0,0,E 2ND AVE & N LOGAN ST,1,1,0,0,1,1,0,0,,0,0,0,0,0,4,2,16
,2023-28123,39.79837215,-104.8602704,7/11/2023 13:05,13:05:00,10,0,1,E 56TH AVE & N JOLIET ST,1,1,0,0,1,2,0,0,40,0,0,0,0,2,4,2,1
,2023-28126,39.67311409,-104.9406368,7/12/2023 13:20,13:20:00,12,0,1, COLORADO BLVD & E WESLEY AVE,1,1,0,0,1,4,0,0,35,0,0,0,0,1,2,4,16
,2023-28128,39.68998544,-104.9925348,7/13/2023 9:43,9:43:00,15,0,0, SANTA FE DR & W FLORIDA AVE,1,1,0,0,1,4,0,0,45,0,0,0,0,0,2,2,16
,2023-28130,39.65303562,-104.9317144,7/13/2023 7:55,7:55:00,12,0,0,E HAMPDEN AVE & S DAHLIA ST,1,1,0,0,1,1,0,0,40,0,0,0,0,0,2,2,16
,2023-28131,39.70228177,-104.973383,7/13/2023 15:56,15:56:00,12,0,0, DOWNING ST & E OHIO AVE,1,1,0,0,1,4,0,0,30,0,0,0,0,0,4,2,3
,2023-28132,39.7801831,-104.9524007,7/12/2023 8:45,8:45:00,15,0,0,I-70 & N VASQUEZ BLVD,1,1,0,0,1,4,0,0,55,0,0,0,0,0,1,2,10
,2023-28133,39.68534732,-104.9591304,7/13/2023 11:50,11:50:00,12,0,0,I-25 OFF RAMP SLIP & S UNIVERSITY BLVD,1,1,0,0,1,8,0,0,30,0,0,0,0,0,2,2,7
,2023-28135,39.743828,-104.9407833,6/24/2023 17:02,17:02:00,6,0,0, COLORADO BLVD & E 17TH AVE,1,1,0,0,1,4,0,0,35,0,0,0,0,0,2,2,13
,2023-28137,39.7437585,-104.9407925,6/24/2023 13:50,13:50:00,1,0,0,E 17TH AVE & N COLORADO BLVD,1,1,0,0,1,1,0,0,35,0,0,0,0,0,4,2,1
,2023-28139,39.65006869,-104.9165685,7/13/2023 11:55,11:55:00,12,0,0,I-25 & E HAMPDEN AVE,1,1,0,0,1,4,0,0,65,0,0,0,0,0,1,2,16
,2023-28141,39.77636931,-104.8722888,7/10/2023 7:17,7:17:00,12,0,0,I-70 & N CENTRAL PARK BLVD WB OFF RAMP GORE PT,1,1,0,0,1,4,0,0,55,0,0,0,0,0,1,2,13
,2023-28144,39.68941293,-104.9955599,7/11/2023 9:00,9:00:00,15,0,0,W FLORIDA AVE & S SANTA FE DR,1,1,0,0,1,4,0,0,35,0,0,0,0,0,4,2,13
,2023-28145,39.66838136,-104.9263743,7/12/2023 16:07,16:07:00,12,0,0,I-25 & E YALE AVE,1,1,1,0,1,4,0,0,65,0,0,0,0,0,1,2,13
,2023-28147,39.72560337,-104.9283126,7/13/2023 13:24,13:24:00,12,0,0,E 6TH AVE & N FAIRFAX ST,1,1,0,0,1,3,0,0,30,0,0,0,0,0,4,2,3
,2023-28148,39.67846224,-104.9128233,7/12/2023 21:29,21:29:00,1,0,0,EVANS AVE & S MONACO ST,1,3,0,0,1,1,0,0,35,0,0,0,0,0,4,2,8
,2023-28149,39.77772478,-104.9036844,7/11/2023 9:45,9:45:00,15,0,0, NORTHFIELD QUEBEC ST & I-70 EB RAMPS,1,1,0,0,1,1,0,0,35,0,0,0,0,0,2,2,16
,2023-28152,39.73018825,-105.0475011,6/18/2023 0:53,0:53:00,6,0,1,840  WINONA CT & W 8TH AVE,1,4,0,0,1,4,0,0,20,0,0,0,0,1,4,3,16
,2023-28153,39.79816788,-104.7721194,5/11/2023 16:35,16:35:00,15,0,0, TOWER RD & E 56TH AVE,11,1,0,1,1,4,0,0,55,0,0,0,0,0,4,2,16
,2023-28155,39.70021285,-104.9874755,7/12/2023 22:16,22:16:00,12,0,0,W KENTUCKY AVE & S BROADWAY ST,1,4,0,0,1,1,0,0,25,0,0,0,0,0,4,2,3
,2023-28156,39.75103111,-104.9405996,7/13/2023 14:25,14:25:00,1,0,0, COLORADO BLVD & E 23RD AVE,1,1,0,0,1,1,0,0,40,0,0,0,0,0,2,2,11
,2023-28158,39.72098059,-104.9582626,7/13/2023 8:05,8:05:00,3,0,0,E 3RD AVE & N JOSEPHINE ST,1,1,0,0,1,1,0,0,30,0,0,0,0,0,4,2,16
,2023-28159,39.73685019,-104.9873935,7/13/2023 2:37,2:37:00,3,0,2,E 13TH AVE & N BROADWAY ST,1,3,0,0,1,1,0,0,30,0,0,0,0,1,4,2,10
,2023-28160,39.78922371,-104.978295,7/13/2023 13:31,13:31:00,3,0,0,E 51ST AVE & N WASHINGTON ST,1,1,0,0,1,1,0,0,35,0,0,0,0,0,4,2,16
,2023-28161,39.83797535,-104.6929192,7/13/2023 13:19,13:19:00,15,0,0,E 78TH AVE & N JACKSON GAP ST,1,1,0,0,1,1,0,0,35,0,0,0,0,0,4,2,14
,2023-28369,39.78377722,-104.9222743,7/14/2023 13:34,13:34:00,10,0,0,E 48TH AVE & N HOLLY ST,1,1,0,0,1,1,0,0,35,0,0,0,0,0,4,2,7