id,drcog_id,latitude,longitude,crashtime,time,crashtype,numbkilled,numbinjurd,drcoglocat,rdconditin,lightngcon,roadcntgrd,weatherco,location,roaddescrp,schoolzone,constrzone,splimit,bikeinv,pedinv,sctrinv,motoinv,svrty,rdsystem,ttlvehcls,hcf
,2023-28372,39.73688395,-104.9787665,7/14/2023 0:34,0:34:00,6,0,0,E 13TH AVE & N WASHINGTON ST,1,3,0,0,1,4,0,0,,0,0,0,0,0,4,5,16
,2023-28373,39.77976908,-104.9796703,5/3/2023 16:02,16:02:00,12,0,3,I-70 & N STEELE ST,1,1,0,0,1,4,0,0,55,0,0,0,0,1,1,4,16
,2023-28379,39.7400047,-104.9676017,7/13/2023 17:00,17:00:00,12,0,0,E COLFAX AVE & N GILPIN ST,1,1,0,0,1,4,0,0,35,0,0,0,0,0,2,4,3
,2023-28380,39.75304593,-104.9854681,7/13/2023 10:26,10:26:00,3,0,0,PARK AVE W & CHAMPA ST,1,1,0,0,1,1,0,0,30,0,0,0,0,0,4,2,16
,2023-28382,39.78332926,-105.0055024,7/13/2023 16:20,16:20:00,12,0,0,I-70 & N PECOS ST,1,1,0,0,1,4,0,0,55,0,0,0,0,0,1,3,8
,2023-28383,39.73999965,-104.9776527,7/13/2023 15:00,15:00:00,1,0,0,E COLFAX AVE & N CLARKSON ST,1,1,0,0,1,1,0,0,35,0,0,0,0,0,2,2,11
,2023-28384,39.72613431,-105.0531057,7/12/2023 7:31,7:31:00,3,0,1, SHERIDAN BLVD & W 6TH AVE WB RAMPS,1,1,0,0,1,1,0,0,35,0,0,0,0,1,2,2,13
,2023-28385,39.61695229,-105.0913909,7/13/2023 17:00,17:00:00,12,0,0, WADSWORTH BLVD & W CRESTLINE AVE,1,1,0,0,1,4,0,0,45,0,0,0,0,0,2,2,3
,2023-28391,39.63706,-104.9087444,7/13/2023 17:58,17:58:00,12,0,1,I-25 & I-225 SB OFF RAMP GORE PT,1,1,0,0,1,4,0,0,65,0,0,0,0,1,1,2,3
,2023-28393,39.65040864,-104.89257,7/14/2023 11:15,11:15:00,16,0,0,3655  VERBENA ST,1,1,0,0,5,7,0,0,10,0,0,0,0,0,3,1,16
,2023-28394,39.70039297,-105.043946,7/13/2023 22:00,22:00:00,6,0,0,W KENTUCKY AVE & S TENNYSON ST,1,3,0,0,1,4,0,0,,0,0,0,0,0,4,2,16
,2023-28395,39.6931182,-105.0117307,7/13/2023 15:50,15:50:00,3,0,0,W LOUISIANA AVE & S TEJON ST,1,1,0,0,1,1,0,0,20,0,0,0,0,0,4,2,13
,2023-28396,39.74000783,-104.9729413,7/13/2023 17:45,17:45:00,12,0,0,E COLFAX AVE & N DOWNING ST,1,1,0,0,1,3,0,0,35,0,0,0,0,0,2,2,3
,2023-28400,39.68469092,-104.9502444,7/2/2023 16:21,16:21:00,12,0,0,I-25 & S STEELE ST,14,1,3,7,1,4,0,0,55,0,0,0,0,0,1,2,16
,2023-28401,39.74019797,-104.9320934,7/14/2023 12:50,12:50:00,1,0,2,E COLFAX AVE & N DAHLIA ST,1,1,0,0,1,1,0,0,35,0,0,0,0,2,2,2,13
,2023-28404,39.7109974,-104.912921,7/14/2023 9:07,9:07:00,15,0,0, MONACO ST & E ALAMEDA AVE,1,1,0,0,1,4,0,0,30,0,0,0,0,0,4,2,11
,2023-28405,39.66761557,-105.0532555,7/14/2023 10:14,10:14:00,12,0,0, SHERIDAN BLVD & W YALE AVE,1,1,2,0,1,4,0,0,45,0,0,0,0,0,2,3,1
,2023-28408,39.72560051,-104.9412086,7/14/2023 11:55,11:55:00,15,0,0,E 6TH AVE & N COLORADO BLVD,1,1,0,0,1,3,0,0,30,0,0,0,0,0,4,2,11
,2023-28410,39.76538809,-104.902606,7/14/2023 15:56,15:56:00,12,0,0, QUEBEC ST & E 35TH AVE,1,1,0,1,1,1,0,0,35,0,0,0,0,0,4,2,13
,2023-28411,39.70024464,-104.9128989,7/14/2023 14:20,14:20:00,3,0,0,E KENTUCKY AVE & S MONACO ST,1,1,0,0,1,1,0,0,35,0,0,0,0,0,4,2,13
,2023-28418,39.67841252,-104.9910575,7/14/2023 13:48,13:48:00,15,0,0,W EVANS AVE & S BANNOCK ST,1,1,1,0,1,4,0,0,35,0,0,0,0,0,4,2,14
,2023-28421,39.74019971,-104.9298116,7/14/2023 19:06,19:06:00,3,0,0,E COLFAX AVE & N ELM ST,1,1,0,7,1,1,0,0,30,0,0,0,0,0,2,2,11
,2023-28424,39.75364716,-104.9934097,7/14/2023 11:20,11:20:00,10,0,0,20TH ST & MARKET ST,1,1,0,0,1,1,0,0,35,0,0,0,1,0,4,2,8
,2023-28425,39.77123771,-104.9023547,7/14/2023 16:02,16:02:00,12,0,0, QUEBEC ST & E 35TH AVE,1,1,1,0,1,4,0,0,40,0,0,0,0,0,4,2,3
,2023-28426,39.72562154,-104.983619,7/14/2023 14:00,14:00:00,3,0,2, GRANT ST & E 6TH AVE,1,1,0,0,1,1,0,0,30,0,0,0,0,2,4,2,11
,2023-28427,39.72293037,-105.0324717,7/14/2023 6:09,6:09:00,3,0,0,W 4TH AVE & N KNOX CT,1,1,1,0,1,1,0,0,20,0,0,0,0,0,4,2,13
,2023-28430,39.72565129,-104.9893757,7/12/2023 11:41,11:41:00,15,0,0,W 6TH AVE & N ACOMA ST,1,1,0,0,1,4,0,0,30,0,0,0,0,0,4,2,16
,2023-28432,39.83808215,-104.7097594,7/12/2023 4:55,4:55:00,10,0,0,E 78TH AVE & CALAWBA CT,1,3,0,0,1,1,0,0,40,0,0,0,0,0,4,2,8
,2023-28433,39.74377446,-105.047515,7/14/2023 0:30,0:30:00,6,0,0, WINONA CT & W 17TH AVE,1,3,0,0,1,4,0,0,,0,0,0,0,0,4,3,16
,2023-28434,39.75836545,-104.9222908,7/12/2023 14:36,14:36:00,2,0,1, HOLLY ST & E 29TH AVE,1,1,0,0,1,1,0,0,0,1,0,0,0,2,4,1,16
,2023-28435,39.76971163,-104.9919397,7/12/2023 8:25,8:25:00,12,0,0,I-25 & MM 213,1,1,1,0,1,4,0,0,55,0,0,0,0,0,1,2,1
,2023-28436,39.72570812,-105.0001485,7/14/2023 8:44,8:44:00,12,0,0,W 6TH AVE & N KALAMATH ST,1,1,0,0,1,4,0,0,35,0,0,0,0,0,2,2,13
,2023-28438,39.74139969,-104.9988497,4/25/2023 22:26,22:26:00,10,0,0,STOUT ST & N SPEER BLVD,11,3,0,1,1,1,0,0,20,0,0,0,0,0,4,2,16
,2023-28439,39.79582063,-104.7423922,7/4/2023 0:49,0:49:00,6,0,0, MALTA ST & E 55TH PL,1,3,0,0,1,4,0,0,,0,0,0,0,0,4,2,16
,2023-28440,39.7801835,-104.9523312,7/14/2023 6:48,6:48:00,12,0,0,I-70 & N STEELE ST,1,1,0,0,1,4,0,0,55,0,0,0,0,0,1,3,16
,2023-28441,39.71121118,-104.9127336,7/14/2023 10:41,10:41:00,12,0,1,E ALAMEDA AVE & S MONACO ST,1,1,0,0,1,3,0,0,30,0,0,0,0,1,4,2,11
,2023-28457,39.68272753,-104.9399001,7/12/2023 13:45,13:45:00,12,0,0,I-25 & S COLORADO BLVD,1,1,0,0,1,4,0,0,55,0,0,0,0,0,1,2,13
,2023-28459,39.76449764,-104.9647266,7/15/2023 14:22,14:22:00,3,0,0,E BRUCE RANDOLPH AVE & N HIGH ST,1,1,0,0,1,1,0,0,30,0,0,0,0,0,4,2,11
,2023-28460,39.7529329,-104.9926138,5/27/2023 23:07,23:07:00,15,0,0,LARIMER ST & 20TH ST,1,3,0,0,1,1,0,0,25,0,0,0,0,0,4,2,1
,2023-28461,39.75483034,-105.0315094,7/13/2023 13:46,13:46:00,11,0,1,W 26TH AVE & N JULIAN ST,1,1,0,0,1,1,0,0,30,0,1,0,0,2,4,1,16
,2023-28473,39.76949082,-105.0331528,7/14/2023 19:24,19:24:00,15,0,0,W 38TH AVE & N KING ST,1,1,0,0,1,4,0,0,35,0,0,0,0,0,4,3,16
,2023-28474,39.78047749,-104.9574233,7/13/2023 19:00,19:00:00,15,0,0,I-70 & N WASHINGTON ST,1,3,0,0,1,4,0,0,55,0,0,0,0,0,1,2,16
,2023-28475,39.74046566,-105.0154142,7/13/2023 18:09,18:09:00,3,0,0,I-25 SB OFF RAMP & W COLFAX AVE,1,3,0,0,1,1,0,0,35,0,0,0,0,0,2,2,16
,2023-28476,39.74008041,-104.9036417,7/13/2023 18:00,18:00:00,12,0,0,E COLFAX AVE & N QUEBEC ST,1,1,0,0,1,1,0,0,30,0,0,0,0,0,2,2,16
,2023-28478,39.69675846,-105.0250715,7/15/2023 8:47,8:47:00,12,0,1, FEDERAL BLVD & W MISSISSIPPI AVE,1,1,0,0,1,3,0,0,35,0,0,0,0,2,2,2,13
,2023-28480,39.67085935,-104.9953752,7/14/2023 21:42,21:42:00,5,0,0, SANTA FE DR & W HARVARD AVE,1,3,0,0,3,4,0,0,55,0,0,0,0,0,2,1,16
,2023-28482,39.75031031,-104.9855394,7/12/2023 18:47,18:47:00,6,0,0,2100 CALIFORNIA ST,1,1,0,0,2,4,0,0,,0,0,0,0,0,4,2,16
,2023-28485,39.71152055,-104.946829,7/13/2023 22:32,22:32:00,5,0,0,E CHERRY CREEK  DR & E ALAMEDA AVE,1,3,1,0,3,4,0,0,30,0,0,0,1,0,4,1,16
,2023-28486,39.76924667,-105.0252313,7/14/2023 16:18,16:18:00,1,0,0, FEDERAL BLVD & W 38TH AVE,1,1,0,0,1,1,0,0,35,0,0,0,0,0,2,3,11
,2023-28488,39.76074947,-104.9705132,7/14/2023 8:43,8:43:00,15,0,0,E 31ST AVE & N LAFAYETTE ST,1,1,0,0,1,4,0,0,25,0,0,0,0,0,4,2,11
,2023-28489,39.68551069,-104.9593153,7/14/2023 0:08,0:08:00,5,0,2,I-25 OFF RAMP & S UNIVERSITY BLVD,1,4,0,0,6,1,0,0,35,0,0,0,1,3,4,1,7
,2023-28492,39.69743027,-104.9827226,7/15/2023 12:44,12:44:00,12,0,0,I-25 & S LOGAN ST,1,3,1,0,1,4,0,0,55,0,0,0,0,0,1,3,13
,2023-28500,39.75709514,-104.9907059,7/14/2023 22:50,22:50:00,10,0,0,PARK AVE W & BLAKE ST,1,3,0,0,1,3,0,0,35,0,0,0,0,0,4,2,8
,2023-28502,39.77568001,-104.8664017,7/12/2023 16:45,16:45:00,15,0,0,I-70 & N HAVANA ST (APPROX),1,1,0,0,1,4,0,0,55,0,0,0,0,0,1,2,11
,2023-28503,39.65311064,-104.9224139,7/15/2023 10:15,10:15:00,9,0,1,E HAMPDEN AVE & S HOLLY ST,1,1,0,0,1,3,0,0,40,0,0,0,1,2,2,1,7
,2023-28504,39.77384083,-104.8451299,7/13/2023 1:43,1:43:00,15,0,0,I-70 & N PEORIA ST,1,3,0,0,1,4,0,0,55,0,0,0,0,0,1,2,3
,2023-28507,39.69312301,-105.0250363,7/1/2023 2:52,2:52:00,12,0,0, FEDERAL BLVD & W LOUISIANA AVE,1,3,0,0,6,3,0,0,35,0,0,0,0,0,2,2,16
,2023-28508,39.77341269,-104.765629,7/13/2023 15:59,15:59:00,5,0,0,E 43RD AVE & N CATHAY ST,1,1,0,0,3,2,0,0,25,0,0,0,0,0,4,2,1
,2023-28510,39.7382883,-104.9334998,7/8/2023 20:14,20:14:00,12,0,1,E 14TH AVE & N CHERRY ST,1,2,0,0,1,4,0,0,,0,0,0,1,3,4,2,16
,2023-28511,39.72553388,-105.0466488,7/14/2023 4:42,4:42:00,12,0,2,W 6TH AVE & N PERRY ST,1,3,1,0,1,4,0,1,55,0,0,0,0,2,2,3,11
,2023-28512,39.71191081,-104.9991798,7/6/2023 15:00,15:00:00,12,0,0,I-25 ON RAMP FROM  SANTA FE DR & ON RAMP MERGE PT TO I-25,1,1,1,0,1,8,0,0,45,0,0,0,0,0,1,2,16
,2023-28514,39.78272479,-104.8323609,7/15/2023 2:11,2:11:00,6,0,0, CROWN BLVD & N BLACKHAWK WY,1,4,0,0,1,4,0,0,20,0,0,0,0,0,4,2,16
,2023-28515,39.71111652,-104.9745607,7/15/2023 14:47,14:47:00,3,0,1, CORONA ST & E ALAMEDA AVE,1,1,0,0,1,1,0,0,25,0,0,0,0,2,4,2,7
,2023-28603,39.65280108,-104.8987351,7/15/2023 21:05,21:05:00,12,0,0, TAMARAC DR & E HAMPDEN AVE,1,3,1,0,1,4,0,0,35,0,0,0,0,0,4,2,3
,2023-28607,39.74961405,-104.8866838,7/16/2023 2:42,2:42:00,12,0,0, CENTRAL PARK BLVD & E 23RD AVE,1,3,0,0,1,4,0,0,,0,0,0,0,0,4,3,16
,2023-28608,39.7775082,-104.7809198,7/12/2023 20:15,20:15:00,6,0,0,E 44TH PL & N TRUCKEE ST,1,2,0,0,1,4,0,0,25,0,0,0,0,0,4,2,16
,2023-28609,39.78065121,-104.9410799,7/16/2023 3:22,3:22:00,1,0,1, COLORADO BLVD & E 46TH AVE N,1,3,0,0,1,1,0,0,35,0,0,0,0,3,2,2,16
,2023-28627,39.72932424,-105.0158776,7/15/2023 18:08,18:08:00,12,0,1,W 8TH AVE & N ZUNI ST,1,1,0,0,1,1,0,0,35,0,0,0,0,1,4,2,14
,2023-28628,39.72570256,-105.0241578,7/16/2023 2:47,2:47:00,15,0,1,W 6TH AVE & N FEDERAL BLVD,1,4,0,0,1,4,0,0,,0,0,0,0,3,2,2,16
,2023-28629,39.79756429,-104.7864882,7/16/2023 15:52,15:52:00,12,0,0,PENA BLVD & 56TH AVE,1,1,0,0,1,4,0,0,65,0,0,0,0,0,4,2,3
,2023-28633,39.74050941,-104.9034565,7/1/2023 10:09,10:09:00,2,0,1, QUEBEC ST & E COLFAX AVE,1,1,0,0,1,4,0,0,0,1,0,0,0,3,4,1,16
,2023-28635,39.73686741,-104.9989544,6/15/2023 9:51,9:51:00,11,0,1,W 13TH AVE & N SANTA FE DR,1,1,0,7,1,2,0,0,25,0,0,1,0,2,4,1,16
,2023-28636,39.75848634,-105.0275973,7/16/2023 17:35,17:35:00,15,0,0,W 29TH AVE & N HAZEL CT,1,1,0,0,1,3,0,0,30,0,0,0,0,0,4,2,13
,2023-28638,39.77821247,-104.8968703,7/16/2023 0:06,0:06:00,15,0,0,I-270 & I-70 EB UNDERPASS,1,3,0,0,1,4,0,0,,0,0,0,0,0,1,2,16
,2023-28640,39.77151597,-105.0520803,7/5/2023 22:11,22:11:00,6,0,0, ZENOBIA ST & W 39TH AVE,1,3,0,0,1,4,0,0,25,0,0,0,0,0,4,2,16
,2023-28642,39.74003635,-104.9835795,7/6/2023 12:00,12:00:00,2,0,1, GRANT ST & E COLFAX AVE,1,1,0,0,1,1,0,0,0,1,0,0,0,1,2,1,16
,2023-28643,39.78363784,-104.7904896,5/21/2023 20:30,20:30:00,12,0,0,E GREEN VALLEY RANCH BLVD & PENA BLVD,1,2,0,0,1,1,0,0,40,0,0,0,0,0,4,2,16
,2023-28644,39.7451655,-105.0299372,7/7/2023 12:19,12:19:00,11,0,1,W 18TH AVE & N IRVING ST,1,1,0,0,1,1,0,0,0,0,0,1,0,2,4,1,16
,2023-28645,39.75028036,-105.001233,7/6/2023 22:11,22:11:00,2,0,1,15TH ST & WAZEE ST,1,3,0,0,1,1,0,0,0,1,0,0,0,2,4,1,16
,2023-28649,39.69293432,-104.9407538,7/15/2023 16:02,16:02:00,5,0,0, COLORADO BLVD & E LOUISIANA AVE,1,3,0,0,3,1,0,0,,0,0,0,0,0,2,1,16
,2023-28652,39.72133423,-105.0372618,7/16/2023 7:20,7:20:00,6,0,0,W 3RD AVE & N NEWTON ST,1,1,0,0,1,4,0,0,25,0,0,0,0,0,4,2,9
,2023-28656,39.73074649,-105.0158635,7/16/2023 4:07,4:07:00,5,0,1,I-25 SB OFF RAMP & ZUNI ST,1,3,1,0,2,8,0,0,55,0,0,0,0,1,1,1,16
,2023-28668,39.74053338,-105.0486721,7/6/2023 13:31,13:31:00,6,0,1, WOLFF ST & W COLFAX AVE,1,1,0,0,1,2,0,0,25,0,0,0,0,2,4,3,16
,2023-28670,39.775696,-104.8665868,7/16/2023 18:10,18:10:00,12,0,0,I-70 & N HAVANA ST,1,1,0,0,1,4,0,0,65,0,0,0,0,0,2,2,16
,2023-28674,39.75479605,-105.0532445,6/9/2023 18:10,18:10:00,15,0,0, SHERIDAN BLVD & W 26TH AVE,1,1,0,0,1,3,0,0,35,0,0,0,0,0,2,2,16
,2023-28678,39.83408443,-104.7718809,7/7/2023 18:43,18:43:00,15,0,0,PENA BLVD & TOWER RD EXIT,1,1,0,0,1,4,0,0,65,0,0,0,0,0,4,2,16
,2023-28679,39.79833552,-105.0158529,7/6/2023 16:43,16:43:00,12,0,0,56TH AVENUE,1,1,0,0,1,4,0,0,65,0,0,0,0,0,4,2,16
,2023-28680,39.69293304,-104.9405488,7/7/2023 17:00,17:00:00,9,0,1, COLORADO BLVD & E LOUISIANA AVE,1,1,1,0,1,1,0,0,35,0,0,0,1,2,2,2,7
,2023-28682,39.67867171,-105.0180119,7/1/2023 21:30,21:30:00,3,0,1,W EVANS AVE & S BRYANT ST,1,3,3,0,1,1,0,0,40,0,0,0,0,3,4,2,13
,2023-28689,39.71466214,-104.9499453,7/16/2023 2:40,2:40:00,3,0,2,E BAYAUD AVE & S STEELE ST,1,3,0,0,1,1,0,0,25,0,0,0,0,2,4,2,14
,2023-28691,39.6893543,-104.9031277,6/8/2023 15:25,15:25:00,6,0,0,E FLORIDA AVE & S QUEBEC ST,1,1,0,0,1,4,0,0,25,0,0,0,0,0,4,2,16
,2023-28692,39.63867966,-104.8926845,7/6/2023 11:20,11:20:00,3,0,0, TAMARAC DR & E QUINCY AVE,1,1,0,0,1,1,0,0,25,0,0,0,0,0,4,2,3
,2023-28695,39.66777742,-105.0532563,7/15/2023 18:30,18:30:00,3,0,1, SHERIDAN BLVD & W YALE AVE,1,1,0,0,1,1,0,0,35,0,0,0,0,2,2,2,11
,2023-28696,39.76940237,-105.0299346,7/16/2023 14:28,14:28:00,12,0,0,W 38TH AVE & N IRVING ST,1,1,0,0,1,3,0,0,35,0,0,0,0,0,4,2,13
,2023-28697,39.75473285,-104.8573449,6/25/2023 16:22,16:22:00,5,0,1,11220 E 26TH AVE & N LIMA ST,1,1,0,0,3,4,0,0,25,0,0,0,0,2,4,1,16
,2023-28699,39.74924717,-104.9904098,7/6/2023 16:15,16:15:00,2,0,1,CHAMPA ST & 19TH ST,1,1,0,0,1,4,0,0,30,1,0,0,0,2,4,1,16
,2023-28703,39.73985245,-105.0138979,6/20/2023 14:48,14:48:00,12,0,0,I-25 & W COLFAX AVE,1,1,1,0,1,4,0,0,55,0,0,0,0,0,1,3,2
,2023-28704,39.74021994,-104.8964169,7/6/2023 11:30,11:30:00,15,0,0,E COLFAX AVE & N TRENTON ST,1,1,0,0,1,1,0,0,35,0,0,0,0,0,2,2,16
,2023-28705,39.70716107,-104.9213415,7/2/2023 10:27,10:27:00,2,0,1, LEETSDALE DR & S JERSEY ST,1,1,0,0,1,2,0,0,35,1,0,0,0,3,2,1,10
,2023-28706,39.75120414,-105.0252852,6/21/2023 23:36,23:36:00,3,0,1, FEDERAL BLVD & W 23RD AVE,11,3,0,1,1,1,0,0,35,0,0,0,0,1,2,2,16
,2023-28789,39.74849447,-104.9820186,6/13/2023 7:00,7:00:00,6,0,0,22ND ST & TREMONT PL,1,1,0,0,1,4,0,0,20,0,0,0,0,0,4,2,16
,2023-28793,39.78232987,-104.8828159,7/17/2023 16:35,16:35:00,12,0,0, CENTRAL PARK BLVD & E 47TH AVE,1,1,0,0,1,1,0,0,35,0,0,0,0,0,4,2,3
,2023-28802,39.68719242,-104.9681428,7/14/2023 15:01,15:01:00,12,0,0,I-25 & S FRANKLIN ST,1,1,0,0,1,4,0,0,65,0,0,0,0,0,1,2,13
,2023-28809,39.76567335,-104.9948629,7/1/2023 13:52,13:52:00,1,0,0,PARK AVE W & GLOBEVILLE RD,1,1,0,0,1,1,0,0,30,0,0,0,0,0,4,2,13
,2023-28810,39.76116195,-105.0047641,7/17/2023 8:26,8:26:00,15,0,0,I-25 & W 20TH AVE,1,1,3,0,1,4,0,0,55,0,0,0,0,0,1,2,11
,2023-28811,39.67486306,-104.9088924,6/17/2023 19:00,19:00:00,16,0,0,2290  ONEIDA ST & E ILIFF AVE,1,4,0,0,5,7,0,0,,0,0,0,0,0,3,2,16
,2023-28821,39.67386586,-104.9298522,5/26/2023 10:08,10:08:00,15,0,0,I-25 & E EVANS AVE,1,1,0,0,1,4,0,0,65,0,0,0,0,0,1,2,16
,2023-28822,39.77935459,-104.980946,5/26/2023 15:08,15:08:00,15,0,0,I-70 EB OFF RAMP & N WASHINGTON ST,11,1,0,1,1,8,0,0,50,0,0,0,0,0,1,2,10
,2023-28823,39.75788134,-104.8903768,7/11/2023 20:05,20:05:00,3,0,0, CENTRAL PARK BLVD & E 29TH AVE,1,1,0,0,1,1,0,0,30,0,0,0,0,0,4,2,16
,2023-28826,39.70151196,-105.0053008,7/2/2023 17:00,17:00:00,6,0,1,W OHIO AVE & S PECOS ST,1,1,0,7,1,4,0,0,25,0,0,0,0,3,4,2,7
,2023-28827,39.70639462,-104.9967874,7/17/2023 7:35,7:35:00,12,0,0,I-25 & S SANTA FE DR,1,1,1,0,1,4,0,0,55,0,0,0,0,0,1,3,13
,2023-28828,39.76238064,-105.0026766,7/11/2023 15:54,15:54:00,12,0,1,I-25 & 20TH ST,1,1,1,0,1,4,0,0,55,0,0,0,1,1,1,2,16
,2023-28829,39.7474329,-104.9034479,7/17/2023 14:05,14:05:00,3,0,1,QUEBEC ST & MONTVIEW BLVD,1,1,0,0,1,1,0,0,30,0,0,0,0,2,4,2,16
,2023-28830,39.69554483,-104.9035604,7/16/2023 2:42,2:42:00,5,0,0, QUEBEC ST & E MISSISSIPPI AVE,1,3,0,0,6,4,0,0,35,0,0,0,0,0,4,1,3
,2023-28831,39.75773442,-104.9405276,7/17/2023 11:33,11:33:00,15,0,0, COLORADO BLVD & E 29TH AVE,1,1,0,0,1,4,0,0,35,0,0,0,0,0,4,2,13
,2023-28832,39.70227662,-104.9851023,7/13/2023 20:46,20:46:00,6,0,1, SHERMAN ST & E OHIO AVE,1,4,0,0,1,4,0,0,25,0,0,0,0,1,4,3,16
,2023-28833,39.67852847,-104.9875673,7/1/2023 23:38,23:38:00,12,0,0, BROADWAY ST & E EVANS AVE,1,3,0,0,1,1,0,0,,0,0,0,0,0,4,2,16
,2023-28834,39.68312195,-104.9405741,7/17/2023 15:58,15:58:00,12,0,2,I-25 & S COLORADO BLVD,1,1,0,0,1,4,0,0,60,0,0,0,0,1,1,3,3
,2023-28835,39.75453935,-104.9733593,7/16/2023 21:31,21:31:00,12,0,0, DOWNING ST & E 26TH AVE,1,3,0,0,1,1,0,0,35,0,0,0,0,0,4,2,13
,2023-28838,39.76199608,-104.9684777,6/16/2023 12:00,12:00:00,12,0,0,MLK JR BLVD & N FRANKLIN ST,11,1,0,1,1,4,0,0,,0,0,0,0,0,4,2,16
,2023-28840,39.68296602,-104.939931,7/17/2023 5:46,5:46:00,15,0,0,I-25 & S COLORADO BLVD,1,1,0,0,1,4,0,0,55,0,0,0,0,0,1,2,1
,2023-28841,39.67859638,-105.0344212,7/3/2023 14:51,14:51:00,12,0,1,W EVANS AVE & S LOWELL BLVD,1,1,0,0,1,4,0,0,30,0,0,0,0,1,4,2,12
,2023-28843,39.68756224,-104.9919398,7/17/2023 15:54,15:54:00,3,0,6, SANTA FE DR & W IOWA AVE,1,1,0,0,1,1,0,0,45,0,0,0,0,3,2,3,16
,2023-28844,39.77677818,-104.8790216,7/17/2023 18:01,18:01:00,12,0,0,I-70 & N CENTRAL PARK BLVD,1,1,0,0,1,4,0,0,55,0,0,0,0,0,1,2,11
,2023-28847,39.74019971,-104.9298116,6/13/2023 16:20,16:20:00,12,0,0,E COLFAX AVE & N ELM ST,1,1,0,0,1,3,0,0,35,0,0,0,0,0,2,2,16
,2023-28848,39.71133201,-105.0532578,6/20/2023 23:43,23:43:00,1,0,0,W ALAMEDA AVE & S SHERIDAN BLVD,1,3,2,0,1,1,0,0,35,0,0,0,0,0,2,2,16
,2023-28849,39.76222965,-105.0143595,6/25/2023 12:50,12:50:00,14,0,0, WYANDOT ST & W 32ND AVE,1,1,0,0,6,4,0,0,,0,0,0,0,0,4,2,16
,2023-28850,39.67300004,-104.9982264,7/5/2023 0:53,0:53:00,5,0,0, PLATTE RIVER DR & W WESLEY AVE,11,4,0,1,3,3,0,0,30,0,0,0,0,0,4,1,16
,2023-28853,39.67857866,-104.9805231,6/23/2023 19:00,19:00:00,6,0,0,2070  PEARL ST & E EVANS AVE,1,1,0,0,1,4,0,0,,0,0,0,0,0,4,2,16
,2023-28854,39.73050148,-105.0001579,6/25/2023 19:53,19:53:00,12,0,0,W 9TH AVE & N KALAMATH ST,1,2,0,0,1,4,0,0,35,0,0,0,0,0,4,2,16
,2023-28857,39.64603593,-105.0720407,7/16/2023 16:34,16:34:00,5,0,1, PIERCE WY & W MANSFIELD AVE,1,1,1,0,3,4,0,0,30,0,0,0,0,3,4,1,16
,2023-28858,39.83792245,-104.6855839,7/17/2023 10:30,10:30:00,3,0,0,25500 E 78TH AVE,1,1,0,0,1,2,0,0,45,0,0,0,0,0,4,2,16
,2023-28859,39.72557855,-104.9719597,6/11/2023 17:08,17:08:00,6,0,2,E 6TH AVE & N MARION ST,11,1,0,0,1,4,0,0,25,0,0,0,0,2,4,2,11
,2023-28861,39.71143568,-104.9990339,7/12/2023 12:20,12:20:00,12,0,1,I-25 & W ALAMEDA AVE,1,1,0,0,1,4,0,0,55,0,0,0,0,1,1,2,13
,2023-28864,39.6966599,-104.9918701,7/17/2023 12:44,12:44:00,3,0,0,W MISSISSIPPI AVE & S SANTA FE DR,1,1,0,0,1,1,0,0,30,0,0,0,0,0,2,3,13
,2023-28866,39.76949169,-105.0331756,7/17/2023 12:59,12:59:00,12,0,0,W 38TH AVE & N KING ST,1,1,0,0,1,4,0,0,35,0,0,0,0,0,4,2,13
,2023-28867,39.73515179,-104.9787113,6/16/2023 18:01,18:01:00,12,0,0,E 12TH AVE & N WASHINGTON ST,11,1,0,0,1,4,0,0,30,0,0,0,0,0,4,2,16
,2023-28869,39.66750574,-104.8661332,5/9/2023 18:13,18:13:00,15,0,1, HAVANA ST & E YALE AVE,1,1,1,0,1,1,0,0,35,0,0,0,0,2,2,2,1
,2023-28875,39.75322734,-105.0151737,6/9/2023 16:07,16:07:00,15,0,3,I-25 & N SPEER BLVD,1,1,0,0,1,4,0,0,55,0,0,0,0,1,1,2,9
,2023-28876,39.76000434,-104.8905206,7/1/2023 2:38,2:38:00,3,0,1, CENTRAL PARK BLVD & E MLK BLVD,1,3,0,0,1,1,0,0,35,0,0,0,0,2,4,2,3
,2023-28877,39.72093918,-104.9921011,6/26/2023 19:20,19:20:00,3,0,0,W 3RD AVE & N CHEROKEE ST,1,1,0,0,1,1,0,0,,0,0,0,0,0,4,2,16
,2023-28879,39.69354836,-105.0203797,7/17/2023 2:21,2:21:00,6,0,0, CLAY ST & W LOUISIANA AVE,1,4,0,0,1,4,0,0,,0,0,0,0,0,4,3,16
,2023-28880,39.75238702,-104.9846035,7/17/2023 16:26,16:26:00,12,0,2,PARK AVE W & STOUT ST,1,1,0,0,1,1,0,0,30,0,0,0,0,1,4,3,3
,2023-28881,39.7618276,-104.91242,7/17/2023 15:35,15:35:00,3,0,0,MARTIN LUTHER KING BLVD & N MONACO PKWY,1,1,0,0,1,1,0,0,30,0,0,0,0,0,4,2,11