id,drcog_id,latitude,longitude,crashtime,time,crashtype,numbkilled,numbinjurd,drcoglocat,rdconditin,lightngcon,roadcntgrd,weatherco,location,roaddescrp,schoolzone,constrzone,splimit,bikeinv,pedinv,sctrinv,motoinv,svrty,rdsystem,ttlvehcls,hcf
,2023-28884,39.65327601,-105.0321503,7/17/2023 18:20,18:20:00,12,0,0,W HAMPDEN AVE & S KNOX CT,1,1,0,0,1,3,0,0,55,0,0,0,0,0,2,2,1
,2023-28888,39.79090168,-104.941674,5/13/2023 19:16,19:16:00,3,0,0, VASQUEZ BLVD & E 52ND AVE,1,1,0,0,1,1,0,0,45,0,0,0,0,0,2,2,14
,2023-28890,39.74746067,-104.8928468,7/12/2023 11:33,11:33:00,3,0,1, UINTA ST & E MONTVIEW BLVD,1,1,0,0,1,1,0,0,25,0,0,0,0,2,4,2,1
,2023-28891,39.7111843,-105.0015765,6/30/2023 12:44,12:44:00,3,0,0,W ALAMEDA AVE & S LIPAN ST,1,1,0,0,1,1,0,0,,0,0,0,0,0,2,2,16
,2023-28897,39.69662316,-104.9129017,7/17/2023 15:36,15:36:00,11,0,1,E MISSISSIPPI AVE & S MONACO ST,1,1,0,0,1,1,0,0,35,0,1,0,0,2,4,1,16
,2023-28898,39.67851223,-104.973257,7/17/2023 15:17,15:17:00,12,0,1,E EVANS AVE & S DOWNING ST,1,1,0,0,1,4,0,0,35,0,0,0,0,2,4,2,13
,2023-28899,39.72727509,-105.0001909,6/27/2023 11:21,11:21:00,15,0,0, KALAMATH ST & W 7TH AVE,1,1,0,0,1,3,0,0,,0,0,0,0,0,4,2,16
,2023-28900,39.62020169,-104.8993143,6/25/2023 17:36,17:36:00,12,0,0,I-25 & NB OFF RAMP MERGE PT TO E BELLEVIEW AVE,1,1,0,0,1,4,0,0,,0,0,0,0,0,1,2,16
,2023-28903,39.74327193,-104.9836002,7/8/2023 10:45,10:45:00,11,0,1,E 17TH AVE & N GRANT ST,1,5,1,7,1,1,0,0,,0,1,0,0,2,4,1,16
,2023-28906,39.79106422,-105.0532348,6/19/2023 18:40,18:40:00,3,0,0,W 52ND AVE & SHERIDAN BLVD,1,1,0,0,1,1,0,0,35,0,0,0,0,0,2,3,16
,2023-28909,39.68933346,-104.896746,7/9/2023 4:20,4:20:00,6,0,0,E FLORIDA AVE & S QUEBEC WY,1,3,0,0,1,4,0,0,35,0,0,0,0,0,4,3,16
,2023-28961,39.74043744,-105.020332,6/14/2023 23:35,23:35:00,11,1,0,W COLFAX AVE & N FEDERAL BLVD,1,3,0,0,1,4,0,0,0,0,1,0,0,4,2,1,16
,2023-28962,39.77839884,-104.9232591,6/19/2023 0:22,0:22:00,5,0,1,I-70 & N HOLLY ST,1,3,0,0,2,4,0,0,55,0,0,0,0,2,1,1,3
,2023-28967,39.76527534,-105.0064468,7/11/2023 8:30,8:30:00,6,0,0, PECOS ST & W 35TH AVE,1,1,1,0,1,4,0,0,20,0,0,0,0,0,4,2,13
,2023-28971,39.78758807,-104.7476599,7/17/2023 14:15,14:15:00,6,0,1,E BEEKMAN PL & N JEBEL ST,1,1,0,0,1,4,0,0,20,0,0,0,0,1,4,2,10
,2023-28974,39.67665963,-104.9036,7/14/2023 18:10,18:10:00,12,0,0,E EVANS AVE & S QUEBEC ST,1,1,0,0,1,1,0,0,30,0,0,0,0,0,4,2,13
,2023-28975,39.73382951,-104.937308,7/18/2023 11:53,11:53:00,15,0,0,E HALE PKWY & N BELLAIRE ST,1,1,0,0,1,1,0,0,25,0,0,0,0,0,4,2,16
,2023-28977,39.7821293,-104.9835243,7/17/2023 2:20,2:20:00,6,0,0, GRANT ST & E 47TH AVE,1,4,0,0,1,4,0,0,20,0,0,0,1,0,4,4,3
,2023-28982,39.68485762,-104.9594473,7/17/2023 21:00,21:00:00,3,0,0,I-25 OFF RAMP & S UNIVERSITY BLVD,1,3,0,0,1,1,0,0,35,0,0,0,0,0,4,2,7
,2023-28983,39.73056826,-104.9740926,7/16/2023 12:30,12:30:00,12,0,0, CORONA ST & E 9TH AVE,1,1,0,0,1,2,0,0,30,0,0,0,0,0,4,2,13
,2023-28986,39.74256962,-104.9402827,7/15/2023 23:59,23:59:00,6,0,0,E BATAVIA PL & N COLORADO BLVD,1,4,0,0,1,4,0,0,20,0,0,0,0,0,4,2,3
,2023-28987,39.65615248,-105.0532234,7/18/2023 14:30,14:30:00,3,0,1, SHERIDAN BLVD & W DARTMOUTH AVE,1,1,0,0,1,1,0,0,40,0,0,0,0,1,2,2,3
,2023-28991,39.72571113,-105.0247277,7/18/2023 6:19,6:19:00,12,0,0,W 6TH AVE WB OFF RAMP & N FEDERAL BLVD,1,1,1,0,1,8,0,0,25,0,0,0,0,0,2,2,1
,2023-28992,39.79419759,-104.7635679,7/17/2023 7:50,7:50:00,6,0,0, DANUBE ST & E 55TH AVE,1,1,0,0,1,4,0,0,20,0,0,0,0,0,4,2,16
,2023-28998,39.75071815,-104.970878,7/6/2023 23:02,23:02:00,3,0,0, LAFAYETTE ST & E 23RD AVE,1,3,0,0,1,1,0,0,25,0,0,0,0,0,4,3,14
,2023-29000,39.77743538,-104.8845147,6/14/2023 21:21,21:21:00,12,0,2,I-70 & N CENTRAL PARK BLVD,1,3,1,0,1,4,0,0,50,0,0,0,0,3,1,2,11
,2023-29002,39.78429005,-105.046202,6/17/2023 20:07,20:07:00,5,1,0,I-70 & MM 270.949,1,1,0,0,2,4,0,0,65,0,0,0,1,4,1,1,1
,2023-29023,39.73838172,-104.9562843,7/16/2023 13:10,13:10:00,10,0,0,E 14TH AVE & N ELIZABETH ST,1,1,0,0,1,1,0,0,30,0,0,0,0,0,4,2,8
,2023-29025,39.75617153,-104.9919027,7/16/2023 9:45,9:45:00,10,0,0,BLAKE ST & 22ND ST,1,1,0,0,1,1,0,0,30,0,0,0,0,0,4,2,13
,2023-29029,39.79835633,-104.7815094,7/18/2023 17:19,17:19:00,12,0,0,E 56TH AVE & N TELLURIDE ST,1,1,0,0,1,4,0,0,45,0,0,0,0,0,4,4,13
,2023-29030,39.76050009,-104.9002239,7/17/2023 6:26,6:26:00,3,0,0,E MLK BLVD & N ROSLYN ST,1,1,0,0,1,1,0,0,,0,0,0,0,0,2,2,16
,2023-29038,39.74357837,-105.0164852,7/18/2023 6:00,6:00:00,12,0,0,I-25 & W COLFAX AVE,1,1,1,0,1,4,0,0,55,0,0,0,0,0,1,3,10
,2023-29040,39.75265383,-105.0236139,7/17/2023 0:00,0:00:00,6,0,0, ELIOT ST & W 24TH AVE,1,4,1,0,1,4,0,0,30,0,0,0,0,0,4,2,1
,2023-29041,39.67584934,-104.9593871,7/18/2023 8:19,8:19:00,12,0,3, UNIVERSITY BLVD & E WARREN AVE,1,1,0,0,1,4,0,0,30,0,0,0,0,1,4,4,3
,2023-29043,39.7295259,-105.0532267,5/17/2023 22:31,22:31:00,8,0,1, SHERIDAN BLVD & W 8TH AVE,1,3,0,0,6,4,0,0,40,0,0,0,0,3,2,3,1
,2023-29048,39.7290381,-104.9899276,7/14/2023 17:15,17:15:00,10,0,0, SPEER BLVD & W 8TH AVE,1,1,0,0,1,1,0,0,30,0,0,0,0,0,4,2,13
,2023-29055,39.7368603,-104.9764503,7/18/2023 6:43,6:43:00,3,0,0, EMERSON ST & E 13TH AVE,1,1,0,0,1,1,0,0,20,0,0,0,0,0,4,2,13
,2023-29056,39.69312301,-105.0250363,7/17/2023 10:45,10:45:00,12,0,0, FEDERAL BLVD & W LOUISIANA AVE,1,1,0,0,1,3,0,0,40,0,0,0,0,0,2,2,16
,2023-29057,39.72732907,-105.000192,7/18/2023 11:18,11:18:00,3,0,1, KALAMATH ST & W 7TH AVE,1,1,0,0,1,1,0,0,35,0,0,0,0,1,4,2,13
,2023-29063,39.74000002,-104.9861324,7/18/2023 12:25,12:25:00,15,0,0, LINCOLN ST & E COLFAX AVE,1,1,0,0,1,1,0,0,35,0,0,0,0,0,2,2,7
,2023-29064,39.75824102,-104.9733493,7/18/2023 15:02,15:02:00,5,0,0,E 29TH AVE & N DOWNING ST,1,1,0,0,1,1,0,0,30,0,0,0,0,0,4,1,13
,2023-29067,39.75073862,-104.9954625,7/16/2023 14:40,14:40:00,12,0,0,LARIMER ST & 18TH ST,1,1,0,0,1,4,0,0,30,0,0,0,0,0,4,2,13
,2023-29071,39.67865408,-105.0218716,6/29/2023 21:10,21:10:00,11,0,1,W EVANS AVE & S CLAY ST,1,3,0,0,1,4,0,0,0,0,1,0,0,3,4,1,16
,2023-29072,39.77018955,-104.8877576,7/18/2023 15:46,15:46:00,12,0,0, CENTRAL PARK BLVD & E SMITH RD,1,1,1,0,1,4,0,0,35,0,0,0,0,0,4,2,13
,2023-29081,39.74152317,-105.0338123,7/18/2023 11:40,11:40:00,6,0,0,W CONEJOS PL & N KING ST,1,1,0,0,1,2,0,0,20,0,0,0,0,0,4,2,3
,2023-29082,39.71815457,-105.0324599,7/18/2023 20:10,20:10:00,3,0,0,W 1ST AVE & N KNOX CT,1,2,0,0,1,1,0,0,25,0,0,0,0,0,4,2,13
,2023-29083,39.78052094,-104.9592932,7/17/2023 17:02,17:02:00,15,0,0,I-70 & N YORK ST,1,1,0,0,1,4,0,0,55,0,0,0,0,0,1,2,11
,2023-29084,39.75602474,-104.9985075,7/17/2023 12:10,12:10:00,6,0,0,WEWATTA ST & 19TH ST,1,1,0,0,1,2,0,0,,0,0,0,0,0,4,2,16
,2023-29086,39.70767015,-105.0275387,7/17/2023 12:25,12:25:00,1,0,1, HAZEL CT & W VIRGINIA AVE,1,1,0,0,1,1,0,0,25,0,0,0,0,1,4,2,3
,2023-29087,39.74322918,-104.96968,7/16/2023 10:31,10:31:00,3,0,1, HUMBOLDT ST & E 17TH AVE,1,1,0,0,1,1,0,0,20,0,0,0,0,1,4,2,13
,2023-29088,39.68964922,-104.9734297,7/18/2023 9:30,9:30:00,12,0,0, DOWNING ST & E BUCHTEL BLVD,1,1,0,0,1,4,0,0,30,0,0,0,0,0,4,2,3
,2023-29089,39.71476037,-104.9862805,7/18/2023 10:41,10:41:00,11,0,1,E BAYAUD AVE & S LINCOLN ST,1,1,0,0,1,1,0,0,25,0,1,0,0,1,4,1,3
,2023-29093,39.7367587,-104.9205851,7/11/2023 10:12,10:12:00,11,0,1,E 13TH AVE & N IVY ST,1,1,0,0,1,1,0,0,20,0,0,1,0,1,4,1,16
,2023-29095,39.78348928,-105.0118118,7/18/2023 6:55,6:55:00,12,0,1,I-70 & N PECOS ST,1,1,1,0,1,4,0,0,55,0,0,0,0,1,1,2,1
,2023-29098,39.67851298,-104.9734423,7/17/2023 7:07,7:07:00,3,0,1,E EVANS AVE & S DOWNING ST,1,1,0,0,1,1,0,0,35,0,0,0,0,1,4,3,11
,2023-29099,39.72892192,-105.0003832,7/17/2023 12:30,12:30:00,15,0,1,W 8TH AVE & N KALAMATH ST,1,1,0,0,1,4,0,0,30,0,0,0,0,1,4,2,11
,2023-29110,39.78364162,-104.7674288,7/10/2023 10:29,10:29:00,2,0,1,E GREEN VALLEY RANCH BLVD & N ANDES CT,1,1,0,0,1,1,0,0,0,1,0,0,0,2,4,1,16
,2023-29112,39.68598291,-104.9408218,7/18/2023 10:35,10:35:00,15,0,0, COLORADO BLVD & E MEXICO AVE,1,1,0,0,1,4,0,0,35,0,0,0,0,0,2,2,3
,2023-29114,39.7342348,-104.9597943,7/18/2023 8:45,8:45:00,15,0,0, YORK ST & E 10TH AVE,1,1,1,0,1,3,0,0,30,0,0,0,0,0,4,2,10
,2023-29125,39.74000753,-104.99357,7/17/2023 14:30,14:30:00,16,0,0,490 W COLFAX AVE,1,1,0,0,5,7,0,0,15,0,0,0,0,0,3,1,11
,2023-29127,39.67128424,-104.9863505,7/6/2023 14:05,14:05:00,3,0,1, LINCOLN ST & E HARVARD AVE,1,1,0,0,1,1,0,0,25,0,0,0,0,1,4,2,16
,2023-29131,39.79830756,-104.889378,7/17/2023 11:30,11:30:00,3,0,0, WABASH ST & E 56TH AVE,1,1,0,0,1,1,0,0,40,0,0,0,0,0,4,2,16
,2023-29133,39.7257651,-105.0362994,7/17/2023 23:33,23:33:00,5,0,0,W 6TH AVE  DR & N MEADE ST,1,3,0,0,3,3,0,0,25,0,0,0,0,0,4,1,16
,2023-29135,39.68228019,-105.0250196,7/17/2023 14:25,14:25:00,1,0,2, FEDERAL BLVD & W JEWELL BLVD,1,1,0,0,1,1,0,0,40,0,0,0,0,2,2,2,3
,2023-29136,39.68787736,-104.9804386,7/18/2023 12:00,12:00:00,6,0,0, PEARL ST & E IOWA AVE,1,1,0,0,1,4,0,0,25,0,0,0,0,0,4,2,16
,2023-29137,39.78363784,-104.7904896,7/15/2023 8:54,8:54:00,1,0,0,E GREEN VALLEY RANCH BLVD & PENA BLVD,1,1,0,0,1,1,0,0,35,0,0,0,0,0,4,2,11
,2023-29138,39.74890739,-104.9873883,7/14/2023 15:30,15:30:00,15,0,0,20TH ST & N BROADWAY ST,1,1,0,0,1,1,0,0,35,0,0,0,0,0,4,2,8
,2023-29139,39.71288747,-104.9382816,7/15/2023 10:58,10:58:00,12,0,0,LEETSDALE DR & E CEDAR AVE,1,1,0,0,1,3,0,0,35,0,0,0,0,0,2,2,11
,2023-29140,39.76833251,-105.0345165,7/15/2023 10:37,10:37:00,6,0,0,W CLYDE PL & N LOWELL BLVD,1,1,0,0,1,4,0,0,,0,0,0,0,0,4,2,16
,2023-29148,39.77871091,-104.9222931,7/15/2023 11:32,11:32:00,3,0,0, HOLLY ST & E 45TH AVE,1,1,0,0,1,1,0,0,30,0,0,0,0,0,4,2,8
,2023-29155,39.71133201,-105.0532578,6/15/2023 21:27,21:27:00,12,0,4,W ALAMEDA AVE & S SHERIDAN BLVD,11,3,0,1,1,3,0,0,40,0,0,0,0,2,2,3,14
,2023-29156,39.68363352,-104.8971501,7/17/2023 13:00,13:00:00,1,0,0,E COLORADO AVE & S TRENTON ST,1,1,0,0,1,2,0,0,20,0,0,0,0,0,4,2,11
,2023-29169,39.7855485,-104.8931985,7/3/2023 16:59,16:59:00,11,0,1, UINTA ST & E NORTHFEILD BLVD,1,1,0,0,1,1,0,0,,0,1,0,0,2,4,1,16
,2023-29219,39.65300156,-104.9160056,6/13/2023 20:01,20:01:00,5,0,0,E HAMPDEN AVE & I-25 NB RAMPS,1,1,0,0,6,4,0,0,40,0,0,0,0,0,2,1,9
,2023-29220,39.77814502,-104.8927478,5/24/2023 17:33,17:33:00,15,0,5,I-70 & N CENTRAL PARK BLVD,1,1,0,0,1,4,0,0,55,0,0,0,0,2,2,3,13
,2023-29222,39.69675062,-105.0188168,7/9/2023 19:11,19:11:00,10,0,0,W MISSISSIPPI AVE & S ELIOT ST,1,1,0,0,1,1,0,0,35,0,0,0,0,0,4,2,7
,2023-29224,39.79110702,-104.8341842,7/13/2023 11:52,11:52:00,2,0,1,E 51ST AVE & N VAUGHN ST,1,1,0,0,1,1,0,0,0,1,0,0,0,2,4,1,16
,2023-29225,39.65310614,-104.9262272,7/19/2023 16:48,16:48:00,12,0,0,E HAMPDEN AVE & S GLENCOE ST,1,1,0,0,1,3,0,0,40,0,0,0,0,0,2,2,13
,2023-29226,39.79830884,-104.8125623,7/19/2023 15:47,15:47:00,12,0,0,E 56TH AVE & N FAIRPLAY ST,1,1,0,0,1,1,0,0,40,0,0,0,0,0,4,2,3
,2023-29227,39.67678159,-105.0218688,7/13/2023 18:52,18:52:00,16,0,0,2770 W EVANS AVE,14,5,3,7,5,14,0,0,,0,0,0,0,0,3,2,16
,2023-29228,39.77082652,-104.8470336,7/4/2023 15:25,15:25:00,1,0,0, PEORIA ST & E 39TH AVE,1,1,0,0,1,2,0,0,,0,0,0,0,0,4,2,16
,2023-29231,39.69034286,-104.982802,7/19/2023 15:14,15:14:00,1,0,0, LOGAN ST & E ARKANSAS AVE,1,1,0,0,1,4,0,0,25,0,0,0,0,0,4,2,11
,2023-29238,39.68293494,-104.940619,7/19/2023 7:52,7:52:00,12,0,2,I-25 & S COLORADO BLVD,1,1,0,0,1,4,0,0,60,0,0,0,0,2,1,3,16
,2023-29240,39.72489554,-104.9874583,7/19/2023 13:01,13:01:00,15,0,0,575  BROADWAY ST & W 6TH AVE,1,1,0,0,1,2,0,1,30,0,0,0,0,0,4,2,11
,2023-29244,39.72253333,-104.9985661,7/6/2023 20:00,20:00:00,3,0,0,W 4TH AVE & N SANTA FE DR,1,1,0,0,1,1,0,0,25,0,0,0,0,0,4,2,16
,2023-29245,39.74563906,-104.9898497,7/18/2023 12:05,12:05:00,15,0,0,WELTON ST & 17TH ST,1,1,0,0,1,4,0,0,30,0,0,0,0,0,4,2,16
,2023-29249,39.66773445,-105.081131,7/12/2023 8:01,8:01:00,10,0,1,W YALE AVE & S WADSWORTH BLVD,1,1,0,0,6,2,0,0,35,0,1,0,0,1,4,1,16
,2023-29250,39.778514,-104.9008626,6/20/2023 23:23,23:23:00,6,0,1,I-70 & N QUEBEC ST,1,3,0,0,1,4,0,0,55,0,0,0,0,2,1,2,14
,2023-29255,39.79168632,-104.9591853,7/17/2023 7:31,7:31:00,14,0,0, BRIGHTON BLVD & N YORK ST,1,1,0,0,6,4,0,0,35,0,0,0,0,0,4,2,16
,2023-29256,39.75481644,-104.9901815,7/19/2023 11:18,11:18:00,3,0,0,22ND ST & LARIMER ST,1,1,0,0,1,1,0,0,25,0,0,0,0,0,4,2,3
,2023-29258,39.74605772,-105.0283809,7/15/2023 8:30,8:30:00,5,0,0, HOOKER & W 19TH AVE,1,1,1,0,2,9,0,0,10,0,0,0,0,0,4,1,1
,2023-29259,39.73283842,-104.8846977,7/18/2023 7:29,7:29:00,1,0,0, YOSEMITE ST & E 11TH AVE,1,1,0,0,1,1,0,0,25,0,0,0,0,0,4,2,16
,2023-29261,39.66256253,-105.05323,7/19/2023 9:16,9:16:00,12,0,0, SHERIDAN BLVD & W BATES AVE,1,1,1,0,1,1,0,0,40,0,0,0,0,0,2,2,3
,2023-29267,39.7320221,-104.979844,7/16/2023 5:14,5:14:00,11,0,0,E 10TH AVE & N PEARL ST,1,2,0,0,1,1,0,0,30,0,0,1,0,0,4,1,14
,2023-29270,39.72533246,-104.9228037,7/10/2023 12:30,12:30:00,3,0,2, HOLLY ST & E 6TH AVE,1,1,0,0,1,1,0,0,30,0,0,0,0,3,4,2,3
,2023-29271,39.74165402,-104.9734037,7/18/2023 8:45,8:45:00,3,0,0,E 16TH AVE & N DOWNING ST,1,1,0,0,1,1,0,0,25,0,0,0,0,0,4,2,16
,2023-29286,39.74472272,-104.8251988,7/12/2023 19:46,19:46:00,3,0,0,I-225 SB OFF RAMP & E 17TH PL,1,1,2,0,1,1,0,0,40,0,0,0,0,0,1,2,16
,2023-29289,39.71292853,-105.0520501,7/17/2023 11:30,11:30:00,6,0,0, ZENOBIA ST & W CEDAR AVE,1,1,0,0,1,4,0,0,20,0,0,0,0,0,4,2,16
,2023-29298,39.75848348,-105.0346143,7/19/2023 14:39,14:39:00,2,0,1, LOWELL BLVD & W 29TH AVE,1,1,0,0,1,4,0,0,0,1,0,0,0,2,4,1,16
,2023-29300,39.79635286,-104.786679,7/14/2023 15:00,15:00:00,12,0,0,E 56TH AVE,1,1,0,0,1,4,0,0,65,0,0,0,0,0,4,2,1
,2023-29301,39.71120439,-104.9983795,7/19/2023 6:28,6:28:00,3,0,0,W ALAMEDA AVE & S KALAMATH ST,1,1,0,0,1,1,0,0,35,0,0,0,0,0,4,3,16
,2023-29302,39.73388424,-105.0251374,7/9/2023 5:36,5:36:00,9,0,1, FEDERAL BLVD & W 11TH AVE,1,1,0,0,1,1,0,0,35,0,0,0,0,3,2,1,1
,2023-29305,39.74003215,-104.9825355,7/14/2023 14:40,14:40:00,15,0,0,E COLFAX AVE & N LOGAN ST,1,1,0,0,1,4,0,0,,0,0,0,0,0,2,2,16
,2023-29306,39.75526951,-105.0130954,7/16/2023 12:52,12:52:00,15,0,0, SPEER BLVD & I-25,1,1,0,0,1,5,0,0,,0,0,0,0,0,4,2,16
,2023-29310,39.84928942,-104.6726895,6/25/2023 3:30,3:30:00,16,0,0,8400 PENA BLVD,1,3,0,0,5,7,0,0,15,0,0,0,0,0,3,2,13
,2023-29313,39.75584156,-105.0121276,6/27/2023 7:20,7:20:00,15,0,0,I-25 & N SPEER BLVD,1,1,0,0,1,4,0,0,55,0,0,0,0,0,1,2,13
,2023-29316,39.7056735,-104.9733849,7/11/2023 18:45,18:45:00,11,0,1,E CENTER AVE & S DOWNING ST,1,1,0,0,1,1,0,0,0,0,1,0,0,2,4,1,16
,2023-29317,39.67915108,-105.053268,7/19/2023 13:56,13:56:00,12,0,0, SHERIDAN BLVD & W EVANS AVE,14,5,3,7,1,1,0,0,40,0,0,0,0,0,2,3,10
,2023-29319,39.79098387,-104.9419995,7/19/2023 8:13,8:13:00,12,0,0,E 52ND AVE & N VASQUEZ BLVD,1,1,0,0,1,4,0,0,35,0,0,0,0,0,4,2,1
,2023-29320,39.66769071,-104.987582,7/19/2023 9:11,9:11:00,15,0,0, BROADWAY ST & E YALE AVE,1,1,0,0,1,1,0,0,35,0,0,0,0,0,4,3,7
,2023-29321,39.77294983,-104.8472952,7/19/2023 15:38,15:38:00,12,0,0,I-70 EB OFF RAMP SLIP & N PEORIA ST,1,1,0,0,1,8,0,0,25,0,0,0,0,0,1,2,13
,2023-29324,39.75638214,-104.9873815,6/28/2023 12:25,12:25:00,2,0,1,24TH ST & N BROADWAY ST,1,1,0,0,1,1,0,0,,1,0,0,0,2,4,1,16
,2023-29326,39.74759283,-105.0026153,7/19/2023 8:25,8:25:00,12,0,0, SPEER BLVD & AURARIA PKWY,1,1,0,1,1,3,0,0,35,0,0,0,0,0,4,2,3
,2023-29330,39.71472874,-104.9734272,7/11/2023 18:15,18:15:00,2,0,1, DOWNING ST & S MARION ST PKWY,1,1,0,0,1,1,0,0,35,1,0,0,0,2,4,1,11
,2023-29332,39.83112608,-104.7718822,7/3/2023 16:31,16:31:00,15,0,0, TOWER RD,1,1,0,7,1,4,0,0,,0,0,0,0,0,2,2,16
,2023-29338,39.68447625,-104.9559153,7/19/2023 9:54,9:54:00,12,0,0,I-25 SB ON RAMP FROM  UNIVERSITY BLVD  & RAMP METERING LIGHT,1,1,1,0,1,8,0,0,55,0,0,0,0,0,1,2,7
,2023-29340,39.72026141,-105.0250543,6/30/2023 1:58,1:58:00,15,0,0, FEDERAL BLVD & W 2ND AVE,1,3,0,0,1,4,0,0,45,0,0,0,0,0,2,2,16
,2023-29344,39.77699369,-104.8795437,6/18/2023 9:20,9:20:00,12,0,0,I-70 & N CENTRAL PARK BLVD,1,1,0,0,1,8,0,0,,0,0,0,0,0,1,2,16
,2023-29345,39.74041702,-105.029825,7/19/2023 14:21,14:21:00,12,0,0,W COLFAX AVE & N IRVING ST,1,1,0,0,1,4,0,0,,0,0,0,0,0,2,2,16
,2023-29346,39.72565746,-104.9903043,6/30/2023 18:15,18:15:00,15,0,0,W 6TH AVE & N BANNOCK ST,1,1,0,0,1,3,0,0,,0,0,0,0,0,4,2,16
,2023-29347,39.74017132,-104.9981225,6/9/2023 22:07,22:07:00,15,0,0, SPEER BLVD & W COLFAX AVE,1,3,0,0,1,1,0,0,35,0,0,0,0,0,2,2,16
,2023-29348,39.72582137,-105.0093419,6/14/2023 14:43,14:43:00,5,1,0,I-25 NB ON RAMP FROM EB HWY 6 & W 6TH AVE,1,1,1,0,3,8,0,0,35,0,0,0,0,4,1,1,16
,2023-29351,39.70694205,-104.922268,7/19/2023 10:47,10:47:00,15,0,0, HOLLY ST & LEETSDALE DR,1,1,1,0,1,4,0,0,30,0,0,0,0,0,4,2,1
,2023-29352,39.7841466,-105.0518301,7/19/2023 17:34,17:34:00,12,0,0,I-70 & N SHERIDAN BLVD,1,1,0,0,1,4,0,0,55,0,0,0,0,0,1,3,13
,2023-29354,39.69387386,-104.9757641,7/18/2023 8:28,8:28:00,6,0,0,1200  OGDEN ST,1,1,3,0,1,4,0,0,25,0,0,0,0,0,4,2,16
,2023-29357,39.72026141,-105.0250543,7/19/2023 1:14,1:14:00,1,0,0, FEDERAL BLVD & W 2ND AVE,1,3,0,0,1,1,0,0,35,0,0,0,0,0,2,2,16
,2023-29359,39.65370632,-105.052983,7/19/2023 15:12,15:12:00,12,0,0,W HAMPDEN AVE WB OFF RAMP & S SHERIDAN BLVD,1,1,1,0,1,8,0,0,,0,0,0,0,0,2,2,16
,2023-29360,39.78048308,-104.9564577,7/19/2023 7:31,7:31:00,12,0,0,I-70 & N YORK ST,1,1,0,0,1,4,0,0,55,0,0,0,0,0,1,3,16
,2023-29365,39.75500008,-104.9904175,7/15/2023 20:19,20:19:00,15,0,0,22ND ST & LARIMER ST,1,2,0,0,1,4,0,0,30,0,0,0,0,0,4,2,10
,2023-29368,39.73303957,-105.0445431,6/21/2023 23:02,23:02:00,6,0,0,W 10TH AVE & N TENNYSON ST,11,3,0,1,3,4,0,0,30,0,0,0,0,0,4,2,16
,2023-29370,39.78050701,-104.96217,7/9/2023 22:26,22:26:00,12,0,0,I-70 & N BRIGHTON BLVD WB OFF RAMP GORE PT,1,3,0,0,1,4,0,1,65,0,0,0,0,0,1,2,16
,2023-29371,39.77052155,-105.0017499,7/19/2023 18:18,18:18:00,3,0,0,W 39TH AVE & N LIPAN ST,1,1,0,0,1,1,0,0,,0,0,0,0,0,4,2,11
,2023-29375,39.76392563,-105.0467581,7/19/2023 12:25,12:25:00,6,0,0,W 33RD AVE & N VRAIN ST,1,1,0,0,1,4,0,0,25,0,0,0,0,0,4,2,16
,2023-29381,39.78050126,-104.9595147,7/12/2023 8:55,8:55:00,12,0,0,I-70 & BRIGHTON BLVD,1,1,0,0,1,4,0,0,55,0,0,0,0,0,1,2,3
,2023-29385,39.69755783,-105.0445976,7/9/2023 5:11,5:11:00,6,0,0,W TENNESSEE AVE & S TENNYSON ST,1,1,0,0,1,4,0,0,20,0,0,0,0,0,4,3,16
,2023-29388,39.68008809,-104.9408883,6/27/2023 15:00,15:00:00,15,0,0, COLORADO BLVD & E BUCHTEL BLVD,1,1,3,0,1,1,0,0,,0,0,0,0,0,4,2,16
,2023-29390,39.76628649,-104.9428545,5/16/2023 23:00,23:00:00,11,0,1,3500  JACKSON ST,1,4,0,0,1,4,0,0,25,0,1,0,0,3,4,1,16
,2023-29401,39.7400416,-104.9835907,6/22/2023 12:49,12:49:00,10,0,0,E COLFAX AVE & N GRANT ST,1,1,0,0,1,1,0,0,30,0,0,0,0,0,2,2,1
,2023-29406,39.7110441,-104.865955,6/8/2023 12:51,12:51:00,11,1,0, HAVANA ST & E ALAMEDA AVE,1,1,0,0,1,3,0,0,0,0,1,0,0,4,2,1,16
,2023-29407,39.72735379,-104.940627,5/21/2023 13:17,13:17:00,1,0,2, COLORADO BLVD & E 7TH AVE,1,1,0,0,1,1,0,0,35,1,0,0,0,3,2,2,16
,2023-29433,39.7517442,-104.9958768,5/7/2023 22:39,22:39:00,11,0,2,MARKET ST & 18TH ST,1,3,0,0,1,1,0,0,0,0,0,1,0,3,4,1,16
,2023-29434,39.73050302,-105.0154852,7/29/2023 23:38,23:38:00,15,0,0,I-25 & W 8TH AVE,1,4,0,0,1,4,0,0,55,0,0,0,0,0,2,2,16
,2023-29436,39.77511962,-104.738688,7/30/2023 5:29,5:29:00,6,0,1,E 42ND AVE & N ORLEANS ST,1,3,0,0,1,4,0,0,20,0,0,0,0,2,4,2,2
,2023-29438,39.74040554,-104.976162,7/30/2023 2:03,2:03:00,6,0,0,1516  EMERSON ST & E COLFAX AVE,1,3,0,0,1,4,0,0,25,0,0,0,0,0,4,2,1