id,drcog_id,latitude,longitude,crashtime,time,crashtype,numbkilled,numbinjurd,drcoglocat,rdconditin,lightngcon,roadcntgrd,weatherco,location,roaddescrp,schoolzone,constrzone,splimit,bikeinv,pedinv,sctrinv,motoinv,svrty,rdsystem,ttlvehcls,hcf
,2023-29439,39.78459038,-104.7945955,7/29/2023 4:29,4:29:00,6,0,0, AIRPORT WY & E GREEN VALLEY RANCH BLVD,1,3,0,0,1,4,0,0,20,0,0,0,0,0,4,4,14
,2023-29440,39.77436267,-104.8658521,7/29/2023 20:00,20:00:00,15,0,0, QUEBEC ST & I-70 EB RAMPS,1,1,0,0,1,1,0,0,40,0,0,0,0,0,2,2,16
,2023-29442,39.78584408,-104.844921,7/30/2023 15:39,15:39:00,10,0,0,E ANDREWS DR & N QUENTIN ST,1,1,0,0,1,1,0,0,25,0,0,0,0,0,4,2,1
,2023-29444,39.77624396,-104.8834283,7/30/2023 1:15,1:15:00,12,0,0,I-70 EB OFF RAMP & N CENTRAL PARK BLVD,1,3,0,0,1,8,0,0,20,0,0,0,0,0,1,2,7
,2023-29451,39.77823654,-104.9222929,7/29/2023 10:25,10:25:00,5,0,1,I-70 & N HOLLY ST (APPROX),1,1,1,0,2,4,0,0,55,0,0,0,0,1,1,2,13
,2023-29452,39.77832836,-104.9834351,7/30/2023 15:11,15:11:00,3,0,0,E 45TH AVE & N GRANT ST,1,1,0,0,1,9,0,0,25,0,0,0,0,0,4,2,13
,2023-29461,39.67851948,-104.9875672,7/28/2023 12:51,12:51:00,11,0,0,E EVANS AVE & S BROADWAY ST,1,1,0,0,1,4,0,0,35,0,1,0,0,0,4,1,16
,2023-29482,39.74022478,-104.8846586,7/29/2023 15:30,15:30:00,3,0,1,E COLFAX AVE & N YOSEMITE ST,14,1,3,7,1,1,0,0,35,0,0,0,0,2,2,2,11
,2023-29484,39.72923309,-104.9330068,7/30/2023 12:50,12:50:00,3,0,0,E 8TH AVE & N DEXTER ST,1,1,0,0,1,9,0,0,,0,0,0,0,0,4,2,13
,2023-29486,39.76180478,-104.940416,7/30/2023 17:35,17:35:00,12,0,1,E MLK BLVD & N COLORADO BLVD,1,1,0,0,1,3,0,0,30,0,0,0,0,2,4,2,14
,2023-29493,39.74008039,-104.8975268,7/9/2023 0:21,0:21:00,6,0,0,E COLFAX AVE & N SPRUCE ST,1,3,0,0,1,4,0,0,35,0,0,0,0,0,2,2,16
,2023-29516,39.76564263,-105.0046566,7/17/2023 15:45,15:45:00,11,0,1,W 35TH AVE & N NAVAJO ST,1,1,1,0,3,4,0,0,30,0,1,0,0,1,4,2,1
,2023-29528,39.73261405,-104.9597981,7/30/2023 10:07,10:07:00,10,0,0, YORK ST & E 11TH AVE,1,1,0,0,1,2,0,0,20,0,0,0,0,0,4,2,13
,2023-29535,39.74003635,-104.9835795,7/25/2023 19:05,19:05:00,3,0,0, GRANT ST & E COLFAX AVE,1,2,0,0,1,1,0,0,,0,0,0,0,0,2,2,16
,2023-29536,39.74379685,-104.8987513,7/30/2023 2:50,2:50:00,3,0,3,E 17TH AVE & N SYRACUSE ST,1,3,0,0,1,1,0,0,30,0,0,0,0,3,4,2,1
,2023-29548,39.75241116,-104.99674,7/29/2023 21:33,21:33:00,10,0,0,18TH ST & BLAKE ST,1,3,0,0,1,1,0,0,25,0,0,0,0,0,4,2,13
,2023-29557,39.75181236,-104.991104,7/23/2023 13:45,13:45:00,11,0,1,20TH ST & LAWRENCE ST,1,1,0,0,1,2,0,0,15,0,0,1,0,2,4,1,11
,2023-29576,39.62534816,-104.9088825,7/30/2023 12:43,12:43:00,3,0,0,E CHENANGO AVE & S NIAGRA ST,1,1,1,0,1,1,0,0,25,0,0,0,0,0,4,2,11
,2023-29635,39.74018221,-104.998143,7/20/2023 22:45,22:45:00,3,0,1,W COLFAX AVE & N SPEER BLVD,1,3,0,0,1,1,0,0,35,0,0,0,0,1,2,2,12
,2023-29636,39.67786949,-104.9593928,7/30/2023 15:15,15:15:00,15,0,1, UNIVERSITY BLVD & E EVANS AVE,1,1,1,0,1,4,0,0,,0,0,0,0,2,4,2,16
,2023-29638,39.78513053,-104.9666948,7/31/2023 0:11,0:11:00,5,0,1, BRIGHTON BLVD & E 48TH AVE,1,3,0,0,2,4,0,0,30,0,0,0,1,3,4,1,1
,2023-29641,39.76118838,-104.9027527,7/31/2023 13:05,13:05:00,3,0,0, QUEBEC ST & MLK JR BLVD,1,1,0,0,1,1,0,0,35,0,0,0,0,0,4,2,13
,2023-29645,39.72488718,-105.0158516,7/31/2023 7:59,7:59:00,12,0,0,6TH AVE EB OFF RAMP & I-25 RAMP SPLIT,1,1,1,0,1,8,0,0,45,0,0,0,0,0,2,2,7
,2023-29649,39.79817411,-104.8441729,7/31/2023 10:52,10:52:00,12,0,0,E 56TH AVE,1,1,2,0,1,4,0,0,65,0,0,0,0,0,4,2,7
,2023-29650,39.66759536,-104.9593939,7/24/2023 13:30,13:30:00,3,0,0,E YALE AVE & S UNIVERSITY BLVD,1,1,0,0,1,1,0,0,30,0,0,0,0,0,4,2,3
,2023-29652,39.72541565,-105.0253862,7/30/2023 22:00,22:00:00,15,0,0,W 6TH AVE FWY & N FEDERAL BLVD,1,3,0,0,1,4,0,0,,0,0,0,0,0,2,5,16
,2023-29654,39.72549692,-105.0393979,7/30/2023 19:48,19:48:00,3,0,1,W 6TH AVE FRTG & N PERRY ST,1,1,0,0,1,1,0,0,25,0,0,0,1,3,4,2,1
,2023-29656,39.69299039,-104.9780153,7/31/2023 18:45,18:45:00,12,0,2,I-25 & E LOUISIANA AVE,11,1,0,1,1,4,0,0,55,0,0,0,0,1,1,3,1
,2023-29657,39.74317415,-105.0157792,7/28/2023 15:26,15:26:00,15,0,0,I-25 & W 17TH AVE,1,1,0,0,1,4,0,0,55,0,0,0,0,0,1,2,16
,2023-29659,39.73635249,-105.0142303,7/31/2023 11:15,11:15:00,12,0,0,I-25 & W COLFAX AVE,1,1,1,0,1,4,0,0,55,0,0,0,0,0,1,2,13
,2023-29668,39.76561579,-104.9199699,7/31/2023 9:09,9:09:00,3,0,1, IVY ST & E 35TH AVE,1,1,0,0,1,1,0,0,20,0,0,0,0,1,4,2,13
,2023-29671,39.76936066,-105.0485867,7/22/2023 19:41,19:41:00,3,0,0,W 38TH AVE & N WOLFF ST,1,1,0,0,1,1,0,0,35,0,0,0,0,0,4,2,16
,2023-29676,39.69664858,-104.9918859,7/30/2023 20:06,20:06:00,3,0,0, SANTA FE DR & W MISSISSIPPI AVE,1,2,0,0,1,1,0,0,55,0,0,0,0,0,2,2,3
,2023-29677,39.66760421,-104.9593794,7/30/2023 16:15,16:15:00,5,0,1, UNIVERSITY BLVD & E YALE AVE,1,3,0,0,3,1,0,0,25,0,0,0,0,2,4,1,16
,2023-29678,39.66768191,-104.9874204,7/31/2023 16:56,16:56:00,12,0,1,E YALE AVE & S BROADWAY,1,1,0,0,1,3,0,0,35,0,0,0,0,1,4,2,12
,2023-29684,39.69673921,-105.0237273,7/29/2023 18:32,18:32:00,12,0,1, ELIOT ST & W MISSISSIPPI AVE,1,1,0,0,1,1,0,0,25,0,0,0,0,2,4,3,10
,2023-29688,39.80444409,-104.7863698,7/10/2023 19:10,19:10:00,12,0,0,56TH AVE,1,1,0,0,1,4,0,0,65,0,0,0,0,0,4,2,13
,2023-29708,39.76146576,-105.004456,7/31/2023 19:46,19:46:00,12,0,0,I-25 & 20TH ST,11,3,0,1,1,4,0,0,55,0,0,0,0,0,1,2,10
,2023-29712,39.73051159,-105.0154883,7/28/2023 16:28,16:28:00,15,0,0,I-25 & W 8TH AVE,1,1,0,0,1,4,0,0,55,0,0,0,0,0,1,2,16
,2023-29717,39.65318152,-104.8990883,7/31/2023 7:59,7:59:00,15,0,0,E HAMPDEN AVE & S TAMARAC ST,1,1,0,0,1,4,0,0,40,0,0,0,0,0,2,2,16
,2023-29722,39.72927587,-104.9136929,7/26/2023 14:48,14:48:00,12,0,0,E 8TH AVE & N LOCUST ST,1,1,0,0,1,4,0,0,30,0,0,0,0,0,4,2,13
,2023-29730,39.69566818,-104.9035147,7/31/2023 10:23,10:23:00,3,0,1, QUEBEC ST & E MISSISSIPPI AVE,1,1,0,0,1,1,0,0,35,0,0,0,0,1,4,2,16
,2023-29738,39.78184759,-104.9786513,7/26/2023 20:02,20:02:00,2,0,1,E 47TH AVE & N WASHINGTON ST,1,2,0,0,1,1,0,0,0,1,0,0,0,3,4,1,16
,2023-29744,39.68229276,-105.0532601,7/30/2023 12:42,12:42:00,3,0,1,W JEWELL AVE & S SHERIDAN BLVD,1,1,0,0,1,2,0,0,40,0,0,0,1,1,4,2,16
,2023-29780,39.69797727,-104.9253962,7/26/2023 8:46,8:46:00,2,0,1,CHERRY CREEK  DR & E MISSISSIPPI AVE,1,1,1,0,1,2,0,0,0,1,0,0,0,1,4,1,16
,2023-29789,39.71132307,-105.0532578,6/28/2023 23:01,23:01:00,1,0,0, SHERIDAN BLVD & W ALAMEDA AVE,1,3,0,0,1,1,0,0,45,0,0,0,0,0,2,2,16
,2023-29790,39.76921649,-104.9305345,7/26/2023 18:14,18:14:00,11,0,1,E 38TH AVE & N EUDORA ST,1,1,0,0,1,1,0,0,25,0,0,1,0,3,4,1,11
,2023-29822,39.78422044,-105.0247645,6/9/2023 17:54,17:54:00,12,1,1,I-70 & N FEDERAL BLVD,1,1,0,0,1,4,0,0,65,0,0,0,0,4,1,2,16
,2023-29852,39.75073538,-104.9775799,7/30/2023 13:10,13:10:00,3,0,0,E 23RD AVE & N WASHINGTON ST,1,1,0,0,1,9,0,0,15,0,0,0,0,0,4,2,11
,2023-29854,39.75487045,-105.0252859,7/20/2023 10:00,10:00:00,5,0,0, FEDERAL BLVD & W 26TH AVE,1,1,0,0,3,4,0,0,,0,0,0,0,0,2,1,10
,2023-29855,39.74006767,-104.9406123,8/1/2023 0:09,0:09:00,12,0,2, COLORADO BLVD & E COLFAX AVE,11,3,0,1,1,3,0,0,40,0,0,0,0,2,2,2,14
,2023-29857,39.74409903,-104.9883711,6/15/2023 23:13,23:13:00,3,0,0,TREMONT PL & 17TH ST,11,3,0,1,1,1,0,0,25,0,0,0,0,0,4,2,16
,2023-29861,39.74051678,-104.988497,7/31/2023 13:45,13:45:00,10,0,0,E COLFAX AVE & 15TH ST,1,1,0,0,1,1,0,0,30,0,0,0,0,0,2,2,13
,2023-29863,39.77283023,-104.7960153,6/27/2023 1:34,1:34:00,3,0,0, AIRPORT WAY & E 40TH AVE,1,3,0,0,1,1,0,0,40,0,0,0,0,0,4,2,16
,2023-29864,39.76641981,-104.9786237,8/1/2023 16:53,16:53:00,15,0,0,33RD ST & BLAKE ST,11,1,0,1,1,1,0,0,25,0,0,0,0,0,4,2,1
,2023-29865,39.67123187,-104.9036059,8/1/2023 17:00,17:00:00,3,0,0,E HARVARD AVE & S QUEBEC ST,11,1,2,0,1,1,0,0,35,0,0,0,0,0,4,2,11
,2023-29870,39.72630843,-105.0144359,8/1/2023 0:05,0:05:00,5,0,0,I-25 SB OFF RAMP & W 6TH AVE WB CONNECTOR RAMP MERGE PT,11,3,0,1,3,8,0,0,30,0,0,0,0,0,1,1,14
,2023-29873,39.71120675,-104.9087916,8/1/2023 8:44,8:44:00,12,0,0,E ALAMEDA AVE & S NEWPORT WY,1,1,0,0,1,4,0,0,35,0,0,0,0,0,4,3,8
,2023-29875,39.78330538,-104.9783131,8/1/2023 5:39,5:39:00,12,0,0, WASHINGTON ST & E 48TH AVE,1,1,0,0,1,3,0,0,35,0,0,0,0,0,4,2,13
,2023-29876,39.72931941,-105.0139766,7/31/2023 11:10,11:10:00,2,0,0,W 8TH AVE & N WYANDOT ST,1,1,1,0,1,1,0,0,0,1,0,0,0,0,4,1,16
,2023-29884,39.72570812,-105.0001485,7/27/2023 15:10,15:10:00,12,0,2,W 6TH AVE & N KALAMATH ST,1,1,1,6,1,4,0,0,,0,0,0,0,1,4,2,16
,2023-29886,39.73649079,-104.9303926,7/31/2023 13:30,13:30:00,10,0,0,E 13TH AVE & N EUDORA ST,1,1,0,0,1,1,0,0,30,0,0,0,0,0,4,2,3
,2023-29888,39.75774271,-104.9985667,8/1/2023 11:55,11:55:00,12,0,1,20TH ST & CHESTNUT PL,1,1,2,0,1,1,0,0,25,0,0,0,1,2,4,2,13
,2023-29890,39.61439889,-105.0914182,8/1/2023 11:03,11:03:00,3,0,0, WADSWORTH BLVD & W CROSS DR,1,1,0,0,1,1,0,0,35,0,0,0,0,0,2,2,10
,2023-29891,39.7800681,-104.9303822,7/30/2023 15:47,15:47:00,12,0,0,I-70 & N COLORADO BLVD,1,1,0,0,1,13,0,0,55,0,0,0,0,0,1,2,2
,2023-29892,39.68944875,-104.9407879,7/31/2023 13:29,13:29:00,15,0,0, COLORADO BLVD & E FLORIDA AVE,1,1,1,0,1,12,0,0,35,0,0,0,0,0,2,2,1
,2023-29893,39.74030373,-105.0523549,7/27/2023 12:15,12:15:00,11,0,0,W COLFAX AVE & N ZENOBIA ST,1,1,0,0,1,4,0,0,0,0,1,0,0,0,2,2,16
,2023-29900,39.77643224,-104.8751152,7/31/2023 13:15,13:15:00,15,0,0,I-70 & N HAVANA ST,1,1,0,0,1,4,0,0,55,0,0,0,0,0,1,2,11
,2023-29904,39.75436093,-105.0065584,7/22/2023 18:35,18:35:00,11,0,1,LITTLE RAVEN ST & 15TH ST,1,1,0,0,1,1,0,0,35,0,0,1,0,3,4,1,16
,2023-29906,39.67529692,-105.0250402,7/29/2023 11:14,11:14:00,12,0,0, FEDERAL BLVD & W ILIFF AVE,1,1,0,0,1,1,0,0,30,0,0,0,0,0,2,2,11
,2023-29908,39.79831822,-104.8099938,7/26/2023 10:30,10:30:00,8,0,0,E 56TH AVE & N CHAMBERS RD,1,1,0,0,6,4,0,1,40,0,0,0,0,0,4,2,2
,2023-29909,39.83463288,-104.7718841,8/1/2023 14:30,14:30:00,15,0,0, TOWER RD & PENA BLVD INBOUND,1,1,1,0,1,4,0,0,45,0,0,0,0,0,4,2,11
,2023-29911,39.67123905,-104.9628585,8/1/2023 19:16,19:16:00,6,0,0,E HARVARD AVE & S VINE ST,11,1,0,1,1,4,0,0,25,0,0,0,0,0,4,2,3
,2023-29912,39.75774271,-104.9985667,7/29/2023 12:52,12:52:00,1,0,0,20TH ST & CHESTNUT PL,1,1,1,0,1,1,0,0,30,0,0,0,0,0,4,2,11
,2023-29913,39.68214923,-104.9875687,7/31/2023 13:00,13:00:00,12,0,0,W JEWELL AVE & S BROADWAY ST,1,1,0,0,1,1,0,0,25,0,0,0,0,0,4,2,3
,2023-29914,39.73068535,-104.9902593,7/31/2023 19:30,19:30:00,2,0,1,909  BANNOCK ST & W 9TH AVE,11,2,3,1,1,2,0,0,30,1,0,0,0,2,4,1,16
,2023-29918,39.75358728,-105.0532502,7/31/2023 13:20,13:20:00,12,0,0, SHERIDAN BLVD & W BYRON PL,1,1,1,0,1,4,0,0,35,0,0,0,0,0,2,2,3
,2023-29919,39.6896155,-104.9874975,8/1/2023 10:43,10:43:00,12,0,0, BROADWAY ST & W FLORIDA AVE,1,1,0,0,1,4,0,0,30,0,0,0,0,0,4,2,16
,2023-29921,39.82977314,-104.6929859,8/1/2023 14:55,14:55:00,15,0,0,JACKSON GAP,1,1,0,0,1,4,0,0,,0,0,0,0,0,4,2,16
,2023-29922,39.77105661,-104.8447539,7/31/2023 9:30,9:30:00,3,0,0, QUENTIN ST & E 39TH AVE,1,1,0,0,1,1,0,0,25,0,0,0,0,0,4,2,11
,2023-29923,39.63567705,-104.8937893,8/1/2023 10:17,10:17:00,3,0,1, TAMARAC ST & I-225 WB RAMPS,1,1,0,0,1,1,0,0,35,0,0,0,0,1,4,2,16
,2023-29924,39.65343302,-104.9271927,7/31/2023 21:00,21:00:00,6,0,0, FOREST ST & E HAMDEN AVE,11,3,1,2,1,4,0,0,25,0,0,0,0,0,4,2,16
,2023-29925,39.6821962,-105.0343674,7/24/2023 11:04,11:04:00,15,0,0, LOWELL BLVD & W JEWELL AVE,1,1,0,0,1,3,0,0,,0,0,0,0,0,4,2,16
,2023-29927,39.73997565,-104.9597849,7/31/2023 8:35,8:35:00,10,0,0, YORK ST & E COLFAX AVE,1,1,0,0,1,1,0,0,30,0,0,0,0,0,2,2,10
,2023-29929,39.74608343,-105.0252294,7/30/2023 17:01,17:01:00,12,0,0, FEDERAL BLVD & W 19TH AVE,1,1,0,0,1,4,0,0,35,0,0,0,0,0,2,2,5
,2023-29930,39.78383162,-105.0064365,7/31/2023 5:45,5:45:00,3,0,0, PECOS ST & W 48TH AVE,1,1,0,0,1,6,0,0,25,0,0,0,0,0,1,2,8
,2023-29932,39.77899373,-104.9248219,8/1/2023 18:40,18:40:00,5,0,1,I-70 & N GLENCOE ST,1,1,0,0,2,4,0,0,55,0,0,0,0,2,1,1,10
,2023-29933,39.73369424,-105.0028481,7/24/2023 17:56,17:56:00,12,0,0,W 11TH AVE & N MARIPOSSA ST,1,1,0,0,1,4,0,0,35,0,0,0,0,0,4,2,16
,2023-29934,39.77840954,-104.98885,8/1/2023 5:05,5:05:00,12,0,0,I-25 OFF RAMP & I-70 RAMP SPLIT,1,2,0,0,1,8,0,0,55,0,0,0,0,0,1,2,13
,2023-29935,39.66499447,-105.0757934,7/24/2023 5:00,5:00:00,6,0,0, TELLER ST & W BATES AVE,1,4,0,0,1,4,0,0,25,0,0,0,0,0,4,2,16
,2023-29938,39.77691155,-104.881173,7/11/2023 15:52,15:52:00,15,0,0,I-70 & N CENTRAL PARK BLVD,1,1,0,0,1,4,0,0,,0,0,0,0,0,1,2,16
,2023-29939,39.69667974,-104.9944402,6/19/2023 17:21,17:21:00,3,0,0, FOX ST & W MISSISSIPPI AVE,1,1,0,0,1,2,0,0,,0,0,0,0,0,4,3,16
,2023-29940,39.7475354,-104.9798737,7/26/2023 11:46,11:46:00,2,0,1,E 20TH AVE & N PEARL ST,1,1,3,0,1,1,0,0,30,1,0,0,0,1,4,1,13
,2023-29941,39.65279838,-105.0530465,8/1/2023 17:40,17:40:00,12,0,0, SHERIDAN BLVD & W HAMPDEN AVE,11,1,1,0,1,4,0,0,35,0,0,0,0,0,2,2,14
,2023-29942,39.74003153,-105.0022962,8/1/2023 14:05,14:05:00,15,0,0,W COLFAX AVE & N MARIPOSA ST,1,1,0,0,1,4,0,0,30,0,0,0,0,0,2,2,13
,2023-29943,39.78789031,-104.8721273,8/1/2023 14:30,14:30:00,16,0,0,5025  FLORENCE ST & E PRARIE MEADOW DR,1,1,0,0,5,4,0,0,10,0,0,0,0,0,3,1,16
,2023-29944,39.69301926,-104.9874683,8/1/2023 14:00,14:00:00,6,0,0,E LOUISIANA AVE & S BROADWAY ST,1,1,0,0,1,1,0,0,,0,0,0,0,0,4,2,16
,2023-29945,39.68008769,-104.9406401,8/1/2023 16:38,16:38:00,3,0,0, COLORADO BLVD & E COLORADO CENTER DR,11,1,0,7,1,1,0,0,40,0,0,0,0,0,2,3,7
,2023-29950,39.75802204,-104.9199354,7/30/2023 6:46,6:46:00,6,0,0, IVY ST & E 29TH AVE,1,1,0,0,1,4,0,0,20,0,0,0,0,0,4,3,16
,2023-29951,39.76939391,-104.9994079,8/1/2023 13:51,13:51:00,6,0,0,3280  JASON ST & 39TH AVE,1,1,0,0,1,4,0,0,25,0,0,0,0,0,4,2,14
,2023-29959,39.77292312,-104.8657682,7/31/2023 10:50,10:50:00,15,0,0,E 40TH AVE & N HAVANA ST,1,1,0,0,1,3,0,0,25,0,0,0,0,0,4,2,16
,2023-29963,39.70386156,-104.9145944,7/31/2023 7:18,7:18:00,3,0,0,E EXPOSITION AVE & LEETSDALE DR,1,1,0,0,1,1,0,0,25,0,0,0,0,0,2,2,3
,2023-29965,39.83327199,-104.7718788,7/31/2023 13:50,13:50:00,12,0,0, TOWER RD & PENA BLVD INBOUND,1,1,1,0,1,4,0,1,40,0,0,0,0,0,4,2,7
,2023-29966,39.73371256,-104.9695012,6/14/2023 16:45,16:45:00,3,0,0, HUMBOLDT ST & E 11TH AVE,1,1,0,0,1,1,0,0,35,0,0,0,0,0,4,2,3
,2023-29967,39.70387355,-104.9216424,8/1/2023 11:40,11:40:00,3,0,1, HOLLY ST & E EXPOSITION AVE,1,1,0,0,1,1,0,0,30,0,0,0,0,1,4,2,3
,2023-29968,39.67845087,-104.9933097,7/31/2023 8:40,8:40:00,12,0,0,W EVANS AVE & S SANTA FE DR,1,1,0,0,1,1,0,0,30,0,0,0,0,0,2,2,13
,2023-29970,39.78387644,-104.9006753,7/31/2023 18:05,18:05:00,12,0,2,I-270 WB ON RAMP & NORTHFIELD QUEBEC ST,1,1,0,0,1,8,0,0,30,0,0,0,0,3,1,2,16
,2023-29971,39.75456335,-104.9405427,7/31/2023 19:16,19:16:00,1,0,1, COLORADO BLVD & E 26TH AVE,11,3,0,1,1,1,0,0,40,0,0,0,0,2,2,2,11
,2023-29972,39.74000002,-104.9861324,7/31/2023 11:10,11:10:00,12,0,0, LINCOLN ST & E COLFAX AVE,1,1,0,0,1,1,0,0,30,0,0,0,0,0,2,2,13
,2023-29973,39.69693006,-105.0238445,8/1/2023 12:20,12:20:00,3,0,0, ELIOT ST & E MISSISSIPPI AVE,1,1,0,0,1,2,0,0,20,0,0,0,0,0,4,2,11
,2023-29976,39.74893242,-104.9994976,7/31/2023 21:44,21:44:00,3,0,0,MARKET ST & 15TH ST,11,3,0,1,1,1,0,0,25,0,0,0,0,0,4,2,10
,2023-29977,39.72927143,-104.9161653,7/30/2023 12:02,12:02:00,5,0,0,E 8TH AVE & N KRAMERIA ST,1,1,0,0,2,1,0,0,,0,0,0,0,0,4,1,16
,2023-29979,39.67257338,-104.8682816,7/31/2023 11:58,11:58:00,3,0,0,E HARVARD AVE & S PARKER RD,1,1,1,0,1,1,0,0,25,0,0,0,0,0,2,2,3
,2023-29980,39.69666199,-104.9929574,8/1/2023 13:30,13:30:00,3,0,1,W MISSISSIPPI AVE & S PLATTE RIVER DR,1,1,0,0,1,1,0,0,35,0,0,0,0,2,2,2,7
,2023-29982,39.67846973,-104.9254264,8/1/2023 13:36,13:36:00,12,0,1,E EVANS AVE & S GRAPE ST,1,1,0,0,1,3,0,0,30,0,0,0,0,1,4,2,10
,2023-29984,39.73973493,-104.9406127,7/30/2023 14:17,14:17:00,12,0,0, COLORADO BLVD & E COLFAX AVE,1,1,0,0,1,4,0,0,35,0,0,0,0,0,2,3,1
,2023-29985,39.74667221,-104.9823171,7/29/2023 9:40,9:40:00,11,0,1, LOGAN ST & E 19TH AVE,1,1,0,0,1,2,0,0,20,0,0,1,0,1,4,1,1
,2023-29987,39.73675949,-104.9429014,6/28/2023 18:00,18:00:00,10,0,0,E 13TH AVE & N JACKSON ST,1,1,0,0,1,1,0,0,30,0,0,0,0,0,4,2,16
,2023-29988,39.7178106,-104.9449651,7/31/2023 14:30,14:30:00,6,0,0, MONROE ST & E 1ST AVE,1,1,0,0,1,1,0,0,,0,0,0,0,0,4,2,16
,2023-29993,39.74946949,-104.9769547,7/28/2023 15:10,15:10:00,3,0,1, CLARKSON ST & E 22ND AVE,1,1,0,0,1,1,0,0,20,0,0,0,0,1,4,2,11
,2023-29994,39.83093749,-104.66864,7/26/2023 23:14,23:14:00,3,0,0,27280 E 75TH AVE & E 80TH AVE,1,3,0,0,1,2,0,0,10,0,0,0,0,0,4,2,16
,2023-29996,39.73400055,-104.9874139,7/28/2023 23:00,23:00:00,12,0,0, BROADWAY ST & E 11TH AVE,1,3,0,0,1,4,0,0,35,0,0,0,0,0,4,2,11
,2023-29998,39.76807986,-104.9946907,7/24/2023 20:27,20:27:00,15,0,1,I-25 & RAMP TO I-70 GORE PT,1,2,0,0,1,8,0,0,50,0,0,0,1,3,1,2,16
,2023-29999,39.74665012,-104.9916884,7/28/2023 1:50,1:50:00,12,0,1,17TH ST & STOUT ST,1,3,0,0,1,4,0,0,25,0,0,0,1,3,4,2,16
,2023-30004,39.71110968,-104.9991516,7/25/2023 16:00,16:00:00,12,0,0,I-25 & W ALAMEDA AVE,1,1,0,0,1,4,0,0,,0,0,0,0,0,1,2,16
,2023-30007,39.66753536,-104.9262331,7/9/2023 13:00,13:00:00,10,0,0,E YALE AVE & I-25 SB RAMPS,1,1,0,0,1,1,0,0,30,0,0,0,0,0,4,2,1
,2023-30009,39.67040272,-104.9406254,8/1/2023 7:40,7:40:00,1,0,0,2500  COLORADO BLVD,1,1,0,0,1,1,0,0,40,0,0,0,0,0,2,2,16
,2023-30010,39.77483716,-104.7345785,7/28/2023 10:25,10:25:00,10,0,0,E 42ND AVE & N PICADILLY RD,1,1,0,0,1,1,0,0,25,0,0,0,0,0,4,2,8
,2023-30082,39.73847511,-105.0365975,5/27/2023 9:24,9:24:00,6,0,1,W 14TH AVE & N NEWTON ST,1,1,0,0,1,4,0,0,30,0,0,0,0,1,4,2,16
,2023-30084,39.73842475,-105.0532129,8/2/2023 11:38,11:38:00,15,0,0, SHERIDAN BLVD & W 14TH AVE,1,1,0,0,1,4,0,0,35,0,0,0,0,0,2,2,16
,2023-30090,39.72561246,-104.9555513,8/2/2023 16:50,16:50:00,10,0,0,E 6TH AVE & N CLAYTON ST,1,1,0,0,1,1,0,0,30,0,0,0,0,0,4,2,13
,2023-30102,39.74269993,-104.9988302,7/18/2023 9:20,9:20:00,6,0,0,1245 CHAMPA ST & N SPEER BLVD,14,1,1,0,1,4,0,0,,0,0,0,0,0,4,2,16
,2023-30103,39.69247787,-105.0531486,8/1/2023 16:58,16:58:00,3,0,0,W WYOMING PL & S SHERIDAN BLVD,1,1,0,0,1,1,0,0,,0,0,0,0,0,2,2,16
,2023-30105,39.76926823,-104.9034954,8/2/2023 10:27,10:27:00,15,0,0, QUEBEC ST & E 38TH AVE,1,1,1,0,1,4,0,0,35,0,0,0,0,0,4,2,16
,2023-30107,39.67531478,-105.0250405,8/2/2023 6:42,6:42:00,11,0,3,W ILIFF AVE & S FEDERAL BLVD,1,1,0,0,1,1,0,0,35,0,1,0,0,1,2,1,11
,2023-30109,39.77346769,-104.834677,7/31/2023 6:14,6:14:00,15,0,0,I-70 WB ON RAMP FROM NB -225 & N PEORIA ST,1,2,1,0,1,8,0,0,,0,0,0,0,0,1,2,16
,2023-30118,39.68185958,-104.9034814,8/1/2023 8:08,8:08:00,3,0,0, QUEBEC ST & E JEWELL AVE,1,1,0,0,1,2,0,0,30,0,0,0,0,0,4,2,14
,2023-30130,39.83201435,-104.7155512,8/2/2023 11:49,11:49:00,15,0,0,E 75TH AVE & N GUN CLUB RD,1,1,0,0,1,1,0,0,45,0,0,0,0,0,4,2,8
,2023-30131,39.78363784,-104.7904896,8/1/2023 17:23,17:23:00,1,0,0,E GREEN VALLEY RANCH BLVD & PENA BLVD,11,1,0,1,1,1,0,0,35,0,0,0,0,0,4,2,13
,2023-30137,39.74377623,-104.9034551,8/1/2023 6:30,6:30:00,3,0,0, QUEBEC ST & E 17TH AVE,1,1,0,0,1,1,0,0,30,0,0,0,0,0,4,2,13
,2023-30138,39.71024717,-104.9981544,8/1/2023 8:44,8:44:00,12,0,0,I-25 ON RAMP FROM  SANTA FE DR & W ALAMEDA AVE,1,1,1,0,1,8,0,0,55,0,0,0,0,0,4,2,13
,2023-30139,39.65102857,-104.884833,7/31/2023 18:46,18:46:00,11,0,1,E JEFFERSON AVE & S YOSEMITE ST,11,1,0,1,1,5,0,0,30,0,1,0,0,2,4,1,13
,2023-30141,39.66745855,-104.9362175,7/31/2023 14:11,14:11:00,11,0,1, CLERMONT ST & E YALE AVE,1,1,0,0,1,1,0,0,30,0,1,0,0,2,4,1,14