id,drcog_id,latitude,longitude,crashtime,time,crashtype,numbkilled,numbinjurd,drcoglocat,rdconditin,lightngcon,roadcntgrd,weatherco,location,roaddescrp,schoolzone,constrzone,splimit,bikeinv,pedinv,sctrinv,motoinv,svrty,rdsystem,ttlvehcls,hcf
,2023-30142,39.75035403,-104.9820057,2/11/2023 20:04,20:04:00,2,0,1,PARK AVE W & GLENARM PL,1,3,0,0,1,1,0,0,,1,0,0,0,3,4,1,16
,2023-30148,39.72410378,-104.9407876,8/2/2023 14:45,14:45:00,12,0,0, COLORADO BLVD & E 5TH AVE,1,1,0,0,1,1,0,0,35,0,0,0,0,0,2,2,3
,2023-30151,39.77480562,-104.8462369,7/1/2023 22:51,22:51:00,12,0,1,I-70 WB OFF RAMP & PEORIA ST,1,4,0,0,1,8,0,0,65,0,0,0,0,3,1,2,1
,2023-30152,39.71294677,-104.9827908,8/2/2023 9:15,9:15:00,3,0,0,E CEDAR AVE & S LOGAN ST,1,1,0,0,1,1,0,0,25,0,0,0,0,0,4,2,3
,2023-30156,39.67883082,-104.9593923,7/31/2023 20:10,20:10:00,11,0,1,2040  UNIVERSITY BLVD & E EVANS AVE,11,3,1,1,1,4,0,0,0,0,1,0,0,2,4,1,16
,2023-30161,39.75197478,-105.0147522,8/2/2023 16:46,16:46:00,12,0,0,WATER ST & 7TH ST,1,1,0,0,1,1,0,0,30,0,0,0,0,0,4,2,16
,2023-30162,39.70370354,-104.9142887,8/2/2023 11:58,11:58:00,12,0,1,LEETSDALE DR & E EXPOSITION AVE,1,1,0,0,1,4,0,0,35,0,0,0,0,1,2,2,11
,2023-30163,39.78256766,-104.876265,8/2/2023 11:30,11:30:00,1,0,0,E NORTHFIELD BLVD & N DALLAS ST,1,1,0,0,1,1,0,0,35,0,0,0,0,0,4,2,7
,2023-30166,39.68950083,-105.0250605,7/31/2023 15:05,15:05:00,3,0,0, FEDERAL BLVD & W FLORIDA AVE,1,1,0,0,1,2,0,0,40,0,0,0,0,0,2,2,16
,2023-30167,39.78395773,-104.8793028,5/16/2023 14:35,14:35:00,8,0,1,E NORTHFIELD BLVD & N DALLAS ST,1,1,1,0,6,4,0,0,35,0,0,0,0,3,4,2,1
,2023-30171,39.72253333,-104.9985661,8/1/2023 16:15,16:15:00,3,0,0,W 4TH AVE & N SANTA FE DR,11,1,0,1,1,1,0,0,25,0,0,0,0,0,4,2,3
,2023-30178,39.7549702,-104.989969,8/2/2023 13:00,13:00:00,10,0,0,LARIMER ST & 22ND ST,1,1,0,0,1,2,0,0,30,0,0,0,0,0,4,2,3
,2023-30180,39.77403308,-104.881744,8/2/2023 6:15,6:15:00,3,0,1,E 40TH AVE & N CENTRAL PARK BLVD,1,1,0,0,1,2,0,0,40,0,0,0,0,1,4,2,11
,2023-30181,39.77367731,-104.8376367,8/1/2023 15:22,15:22:00,15,0,1,I-70 WB OFF RAMP & N PEORIA ST,1,1,0,0,1,8,0,0,55,0,0,0,0,2,1,2,1
,2023-30183,39.74568152,-105.0009096,8/2/2023 17:40,17:40:00,15,0,0, SPEER BLVD & LAWRENCE ST,1,1,0,0,1,4,0,0,35,0,0,0,0,0,4,2,11
,2023-30184,39.77963565,-104.8049207,8/1/2023 1:30,1:30:00,6,0,0,E BOLLING DR & N JOPLIN ST,11,3,0,1,1,3,0,0,25,0,0,0,0,0,4,3,14
,2023-30185,39.77867378,-104.9908909,7/31/2023 13:29,13:29:00,12,0,0,I-70 EB OFF RAMP & I-25,1,1,1,0,1,8,0,0,55,0,0,0,0,0,1,2,10
,2023-30186,39.73847355,-105.0396335,8/2/2023 6:35,6:35:00,6,0,0,W 14TH AVE & N PERRY ST,1,1,0,0,1,4,0,0,25,0,0,0,0,0,4,3,3
,2023-30193,39.7401914,-104.9402617,7/29/2023 22:56,22:56:00,12,0,0,E COLFAX AVE & N COLORADO BLVD,1,3,0,0,1,4,0,0,35,0,0,0,0,0,2,2,16
,2023-30195,39.71186913,-105.0500206,7/19/2023 8:03,8:03:00,6,0,0, WINDSOR DR & S XAVIER ST,1,1,1,0,1,4,0,0,20,0,0,0,0,0,4,2,13
,2023-30196,39.68938827,-104.992327,7/16/2023 4:15,4:15:00,3,0,0, SANTA FE DR & W FLORIDA AVE,1,3,0,0,1,1,0,0,,0,0,0,0,0,2,2,16
,2023-30199,39.76925974,-105.0252227,6/23/2023 21:30,21:30:00,3,0,0,W 38TH AVE & N FEDERAL BLVD,1,2,0,0,1,1,0,0,30,0,0,0,0,0,2,2,11
,2023-30201,39.75999993,-104.8849024,8/1/2023 22:51,22:51:00,9,0,2,E MLK BLVD & N XENIA ST,1,3,0,0,6,4,0,0,30,0,0,0,0,2,4,1,7
,2023-30203,39.77485564,-104.8471877,7/28/2023 17:21,17:21:00,12,0,0,I-70 WB ON RAMP & N PEORIA ST,1,1,0,0,1,8,0,0,40,0,0,0,0,0,4,2,3
,2023-30204,39.7534714,-105.0251271,8/1/2023 17:04,17:04:00,12,0,0, FEDERAL BLVD & W 25TH AVE,1,2,0,0,1,4,0,0,35,0,0,0,0,0,2,3,13
,2023-30205,39.7783206,-104.9792444,8/1/2023 10:20,10:20:00,3,0,0, WASHINGTON ST & E 45TH AVE,1,1,0,0,1,1,0,0,30,0,0,0,0,0,4,2,2
,2023-30210,39.72021601,-105.0076054,8/1/2023 11:39,11:39:00,12,0,1,I-25 & W ALAMEDA AVE,1,1,0,0,1,4,0,0,55,0,0,0,0,1,1,2,10
,2023-30211,39.71734883,-104.8959921,7/31/2023 11:10,11:10:00,3,0,0, RAMPART WY & E LOWRY BLVD,1,1,0,0,1,1,0,0,,0,0,0,0,0,4,2,16
,2023-30212,39.79697717,-104.7663144,7/26/2023 14:00,14:00:00,6,0,0,E ROBINS DR & N CATHAY ST,1,1,0,0,1,4,0,0,,0,0,0,0,0,4,2,16
,2023-30214,39.72926587,-104.9139493,8/1/2023 16:20,16:20:00,3,0,0, LOCUST ST & E 8TH AVE,1,1,0,0,1,1,0,0,20,0,0,0,0,0,4,2,11
,2023-30215,39.70204132,-104.9593338,8/2/2023 12:20,12:20:00,10,0,0, UNIVERSITY BLVD & E OHIO AVE,1,1,0,0,1,1,0,0,30,0,0,0,0,0,4,2,6
,2023-30216,39.72565015,-104.9892015,8/2/2023 8:44,8:44:00,3,0,0,W 6TH AVE & N ACOMA ST,1,1,0,0,1,1,0,0,30,0,0,0,0,0,4,2,11
,2023-30228,39.7110835,-105.0251752,8/2/2023 12:45,12:45:00,12,0,0,W ALAMEDA AVE & S FEDERAL BLVD,1,1,0,0,1,4,0,0,35,0,0,0,0,0,2,2,16
,2023-30231,39.6313855,-104.8852203,8/1/2023 6:50,6:50:00,3,0,2, YOSEMITE ST & E UNION AVE,1,1,0,0,1,1,0,0,30,0,0,0,0,1,4,3,8
,2023-30232,39.63704379,-104.8878173,5/24/2023 20:09,20:09:00,5,0,0, XERIC WY & 8745 E RADCLIFF AVE,1,3,0,0,4,3,0,0,20,0,0,0,0,0,4,1,16
,2023-30241,39.70606526,-104.9407892,7/30/2023 9:53,9:53:00,3,0,0, COLORADO BLVD & E CHERRY CREEK S DR,1,1,0,0,1,1,0,0,35,0,0,0,0,0,2,2,16
,2023-30288,39.67846929,-104.9128185,8/2/2023 21:36,21:36:00,5,0,1, MONACO ST & E EVANS AVE,11,4,0,1,3,1,0,0,35,0,0,0,0,2,4,1,10
,2023-30290,39.64266517,-104.9122657,8/2/2023 18:18,18:18:00,12,0,1,I-25 & E HAMPDEN AVE EXIT GORE PT,1,1,0,0,1,4,0,0,65,0,0,0,0,1,2,2,14
,2023-30294,39.77639161,-104.9498788,8/3/2023 15:05,15:05:00,12,0,0,E 43RD AVE & N STEELE ST,1,1,0,0,1,3,0,0,25,0,0,0,0,0,4,2,14
,2023-30299,39.74003039,-104.9823384,8/3/2023 16:40,16:40:00,3,0,3,E COLFAX AVE & N LOGAN ST,1,1,0,0,1,1,0,0,30,0,0,0,0,3,2,2,3
,2023-30311,39.81276449,-104.7721519,7/27/2023 13:56,13:56:00,12,0,0,E 64TH AVE & N TOWER RD,1,1,0,0,1,3,0,0,30,0,0,0,1,0,4,2,16
,2023-30312,39.63635334,-104.8939015,8/3/2023 11:11,11:11:00,1,0,2, TAMARAC ST & I-225 WB RAMPS,1,1,0,0,1,1,0,0,35,0,0,0,0,2,4,2,16
,2023-30313,39.65303283,-104.909589,8/3/2023 8:08,8:08:00,12,0,0,E HAMPDEN AVE & S ONEIDA WY,1,1,0,0,1,4,0,0,35,0,0,0,0,0,2,2,3
,2023-30318,39.72192924,-105.0091835,8/3/2023 8:30,8:30:00,12,0,1,I-25 & W 6TH AVE,1,1,0,0,1,8,0,0,65,0,0,0,0,1,1,3,16
,2023-30323,39.68945488,-104.9096596,8/2/2023 21:26,21:26:00,10,0,0,E CHERRY CREEK  DR & E FLORIDA AVE,11,3,0,1,1,1,0,0,25,0,0,0,0,0,4,2,16
,2023-30324,39.76939216,-104.9929542,8/1/2023 14:59,14:59:00,12,0,0,I-25 & PARK AVE W,1,1,0,0,1,4,0,0,55,0,0,0,0,0,1,2,16
,2023-30332,39.71123925,-105.0249524,6/18/2023 13:02,13:02:00,12,0,0,W ALAMEDA AVE & S FEDERAL BLVD,1,1,0,0,1,4,0,0,35,0,0,0,0,0,2,2,13
,2023-30334,39.77822146,-104.9041601,8/3/2023 16:29,16:29:00,15,0,0,I-70 & QUEBEC ST,1,1,0,0,1,4,0,0,55,0,0,0,0,0,1,3,13
,2023-30349,39.70754464,-104.9876226,5/21/2023 23:44,23:44:00,12,0,7, BROADWAY ST & W VIRGINIA AVE,1,3,0,0,1,3,0,0,30,0,0,0,0,3,4,3,1
,2023-30350,39.71115786,-104.987575,8/3/2023 12:13,12:13:00,15,0,0,E ALAMEDA AVE & S BROADWAY ST,1,1,0,0,1,1,0,0,35,0,0,0,0,0,4,2,11
,2023-30352,39.72207526,-104.8823731,8/3/2023 10:15,10:15:00,10,0,0, YOSEMITE WY & E 5TH PL,1,1,0,0,1,1,0,0,,0,0,0,0,0,4,2,16
,2023-30353,39.65318932,-104.9047552,8/3/2023 7:18,7:18:00,3,0,0,E HAMPDEN AVE & S POPLAR ST,1,1,0,0,1,1,0,0,35,0,0,0,0,0,2,2,16
,2023-30357,39.77407375,-104.8478213,8/2/2023 17:25,17:25:00,15,0,0,I-70 & N PEORIA ST,1,1,0,0,1,4,0,0,55,0,0,0,0,0,1,2,11
,2023-30368,39.70225557,-104.9119216,8/2/2023 14:55,14:55:00,10,0,0,LEETSDALE DR & S MONACO ST PKWY,1,1,0,0,1,2,0,0,35,0,0,0,0,0,2,2,8
,2023-30373,39.70796327,-104.9259139,8/2/2023 13:36,13:36:00,15,0,0,LEETSDALE DR & S FOREST ST,1,1,0,0,1,4,0,0,30,0,0,0,0,0,2,2,11
,2023-30374,39.68227108,-105.0250091,7/15/2023 1:35,1:35:00,3,0,0,W JEWELL AVE & S FEDERAL BLVD,1,3,0,0,1,1,0,0,40,0,0,0,0,0,2,2,13
,2023-30382,39.66831614,-104.9406166,7/14/2023 19:31,19:31:00,15,0,0, COLORADO BLVD & E YALE AVE,1,1,0,0,1,1,0,0,45,0,0,0,0,0,2,2,16
,2023-30386,39.73846057,-104.9968842,8/2/2023 12:22,12:22:00,3,0,0,W 14TH AVE & N SPEER BLVD,1,1,0,0,1,1,0,0,35,0,0,0,0,0,4,2,8
,2023-30391,39.71747341,-104.9875058,8/3/2023 11:30,11:30:00,15,0,0, BROADWAY ST & W IRVINGTON PL,1,1,0,0,1,1,0,0,30,0,0,0,0,0,4,2,3
,2023-30393,39.84928942,-104.6726895,8/1/2023 13:52,13:52:00,15,0,0,8400 PENA BLVD,1,1,0,0,1,4,0,0,15,0,0,0,0,0,4,2,11
,2023-30396,39.68055641,-105.0156845,7/28/2023 20:00,20:00:00,5,0,0,W ASBURY AVE & 2020 S ZUNI ST,1,1,0,0,2,3,0,0,,0,0,0,0,0,4,1,16
,2023-30398,39.68469263,-104.9593515,8/3/2023 2:37,2:37:00,5,0,1,I-25 & S UNIVERSITY BLVD,11,3,1,1,2,4,0,0,60,0,0,0,0,1,1,1,7
,2023-30399,39.66313117,-104.9227153,8/3/2023 7:51,7:51:00,12,0,0,I-25 & E YALE AVE,1,1,0,0,1,4,0,0,65,0,0,0,0,0,1,3,3
,2023-30406,39.72549557,-105.0391668,7/31/2023 8:56,8:56:00,15,0,0,W 6TH AVE & N PERRY ST,1,1,0,0,1,4,0,0,60,0,0,0,0,0,2,2,11
,2023-30407,39.72570812,-105.0001485,6/30/2023 23:45,23:45:00,12,0,1,W 6TH AVE & N KALAMATH ST,1,3,1,0,1,3,0,0,,0,0,0,0,2,4,3,16
,2023-30408,39.77682342,-104.8775647,8/2/2023 5:41,5:41:00,12,0,2,I-70 & N CENTRAL PARK BLVD,1,2,0,0,1,4,0,0,55,0,0,0,0,2,1,5,1
,2023-30420,39.78008249,-104.9883656,8/2/2023 13:02,13:02:00,5,0,0,I-25 & I-70,1,1,1,0,1,4,0,0,55,0,0,0,0,0,1,3,14
,2023-30421,39.6806109,-104.9355815,8/2/2023 11:11,11:11:00,12,0,0,I-25 & S COLORADO BLVD,1,1,1,0,1,4,0,0,65,0,0,0,0,0,1,2,13
,2023-30429,39.68221169,-105.0343619,8/3/2023 18:15,18:15:00,12,0,0,W JEWELL AVE & S LOWELL BLVD,1,1,0,0,1,1,0,0,35,0,0,0,0,0,4,2,13
,2023-30430,39.69202097,-104.9430215,8/3/2023 7:36,7:36:00,6,0,0, JACKSON ST & E LOUISIANA AVE,1,1,0,0,1,4,0,0,25,0,0,0,0,0,4,2,16
,2023-30432,39.83061177,-104.7788991,8/4/2023 15:59,15:59:00,15,0,1, GUN CLUB RD,1,1,0,0,1,4,0,0,65,0,0,0,0,1,4,2,1
,2023-30434,39.76840912,-104.9947537,8/3/2023 9:34,9:34:00,15,0,0,I-25 & W 38TH AVE,1,1,0,0,1,4,0,0,55,0,0,0,0,0,1,2,13
,2023-30435,39.77833534,-104.9923202,8/2/2023 20:32,20:32:00,6,0,0, DELAWARE ST & W 45TH AVE,1,3,0,0,1,1,0,0,25,0,0,0,0,0,4,2,13
,2023-30436,39.62411961,-104.8897792,8/4/2023 7:47,7:47:00,1,0,0,E BELLEVIEW AVE & DTC BLVD,1,1,0,0,1,1,0,0,35,0,0,0,0,0,4,2,16
,2023-30437,39.67475815,-104.870816,8/3/2023 14:00,14:00:00,12,0,0,E ILIFF AVE & S PARKER RD,1,1,0,0,1,1,0,0,35,0,0,0,0,0,2,2,3
,2023-30438,39.78159201,-104.9960261,6/27/2023 11:31,11:31:00,12,0,0,I-70 & I-25,1,1,1,0,1,8,0,0,55,0,0,0,0,0,1,2,3
,2023-30440,39.76000434,-104.8905206,8/4/2023 15:54,15:54:00,3,0,0, CENTRAL PARK BLVD & E MLK BLVD,1,1,0,0,1,1,0,0,35,0,0,0,0,0,4,2,13
,2023-30441,39.71800701,-104.9511809,8/3/2023 16:15,16:15:00,10,0,1,E 1ST AVE & N ST PAUL ST,1,1,0,0,1,2,0,0,35,0,0,0,0,2,4,2,13
,2023-30442,39.73828667,-104.9406203,8/4/2023 2:39,2:39:00,3,0,2,E 14TH AVE & N COLORADO BLVD,1,3,0,0,1,1,0,0,30,0,0,0,0,1,2,2,13
,2023-30443,39.66052023,-105.0251646,7/20/2023 6:50,6:50:00,15,0,0, FEDERAL BLVD & W DARTMOUTH AVE,1,1,0,0,1,1,0,0,35,0,0,0,0,0,2,2,16
,2023-30444,39.7448679,-104.9835733,7/27/2023 22:16,22:16:00,3,0,0,E 18TH AVE & N GRANT ST,1,3,0,0,1,1,0,0,35,0,0,0,0,0,4,2,13
,2023-30447,39.75125686,-104.987386,8/4/2023 13:00,13:00:00,12,0,0, BROADWAY ST & 21ST ST,1,1,0,0,1,4,0,0,35,0,0,0,0,0,4,2,14
,2023-30448,39.69677254,-105.0156902,8/2/2023 14:13,14:13:00,11,0,1, ZUNI ST & W MISSISSIPPI AVE,1,1,0,0,1,1,0,0,30,0,1,0,0,3,4,1,11
,2023-30453,39.77663894,-105.0251596,8/3/2023 22:14,22:14:00,3,0,0, FEDERAL BLVD & W 44TH AVE,1,3,0,0,1,1,0,0,35,0,0,0,0,0,2,2,16
,2023-30454,39.77289613,-104.959273,8/4/2023 6:55,6:55:00,12,0,1,E 40TH AVE & N YORK ST,1,1,0,0,1,3,0,0,25,0,0,0,1,1,4,2,13
,2023-30455,39.69253873,-104.9781069,8/4/2023 7:25,7:25:00,10,0,0,E BUCHTEL BLVD & S CLARKSON ST,1,1,0,0,1,1,0,0,30,0,0,0,0,0,4,2,11
,2023-30456,39.67840528,-104.9612578,8/3/2023 10:02,10:02:00,15,0,1,2300 E EVANS AVE,1,1,0,0,1,3,0,0,35,0,0,0,0,1,4,2,16
,2023-30457,39.69312301,-105.0250363,8/4/2023 19:35,19:35:00,5,0,0, FEDERAL BLVD & W LOUISIANA AVE,1,2,0,0,3,1,0,0,35,0,0,0,0,0,2,1,7
,2023-30458,39.71008383,-105.0215511,8/3/2023 13:16,13:16:00,6,0,0, DALE CT & W ALAMEDA AVE,1,1,0,0,1,4,0,0,25,0,0,0,0,0,4,2,3
,2023-30460,39.71115042,-105.0215353,8/3/2023 13:55,13:55:00,15,0,0,W ALAMEDA AVE & S DALE CT,1,1,0,0,1,4,0,0,35,0,0,0,0,0,2,2,11
,2023-30461,39.77383746,-104.8827955,8/4/2023 14:45,14:45:00,12,0,0, CENTRAL PARK BLVD & E 36TH AVE,1,1,0,0,1,4,0,0,30,0,0,0,0,0,4,3,3
,2023-30462,39.74942501,-105.0005984,8/4/2023 1:54,1:54:00,6,0,1,BLAKE ST & 15TH ST,1,3,0,0,1,4,0,0,25,0,0,0,0,1,4,3,1
,2023-30463,39.71974552,-105.0348618,8/3/2023 19:20,19:20:00,5,0,0,W 2ND AVE & N LOWELL BLVD,1,1,0,0,4,1,0,0,25,0,0,0,0,0,4,2,16
,2023-30465,39.75030764,-105.0170013,8/2/2023 18:48,18:48:00,12,0,0,I-25 & W 23RD AVE,1,1,0,0,1,4,0,0,55,0,0,0,0,0,1,2,13
,2023-30466,39.76094051,-105.0043135,7/27/2023 20:23,20:23:00,12,0,0,I-25 & 20TH ST,1,3,0,0,1,8,0,0,65,0,0,0,0,0,1,2,11
,2023-30469,39.82977314,-104.6929859,8/4/2023 17:01,17:01:00,12,0,0,JACKSON GAP,1,1,0,0,1,4,0,0,45,0,0,0,0,0,4,2,13
,2023-30475,39.67942947,-105.0532682,5/16/2023 1:27,1:27:00,5,0,0,2070  SHERIDAN BLVD & W EVANS AVE,1,2,0,0,3,4,0,0,45,0,0,0,0,0,2,1,13
,2023-30477,39.71115945,-104.9863808,8/3/2023 18:44,18:44:00,3,0,0,E ALAMEDA AVE & S LINCOLN ST,1,1,0,0,1,1,0,0,30,0,0,0,0,0,4,2,1
,2023-30480,39.79833728,-104.8754795,8/3/2023 15:21,15:21:00,12,0,0,E 56TH AVE & N DALLAS ST,1,1,0,0,1,1,0,0,40,0,0,0,0,0,4,4,3
,2023-30487,39.68036301,-104.940642,8/3/2023 7:57,7:57:00,15,0,0, COLORADO BLVD & E COLORADO CENTER DR,1,1,0,0,1,3,0,0,40,0,0,0,0,0,2,3,16
,2023-30488,39.73841219,-104.978727,8/3/2023 10:30,10:30:00,3,0,0, WASHINGTON ST & E 14TH AVE,1,1,0,0,1,1,0,0,,0,0,0,0,0,4,2,16
,2023-30489,39.78018395,-104.9599229,8/1/2023 19:21,19:21:00,12,0,0,I-70 & N YORK ST,1,2,0,0,1,4,0,0,55,0,0,0,0,0,2,2,13
,2023-30497,39.63474344,-105.1033353,8/4/2023 2:41,2:41:00,6,0,0,W STANFORD AVE & S HOLLAND ST,1,3,0,0,1,4,0,0,25,0,0,0,0,0,4,2,2
,2023-30499,39.67683634,-104.9406357,7/26/2023 16:00,16:00:00,16,0,0,2192  COLORADO BLVD,1,1,0,7,5,2,0,0,,0,0,0,0,0,3,1,16
,2023-30500,39.71817409,-104.9591354,8/1/2023 8:56,8:56:00,15,0,0, JOSEPHINE ST & E 1ST AVE,1,1,0,0,1,1,0,0,30,0,0,0,0,0,4,2,16
,2023-30501,39.72566529,-105.0277125,8/4/2023 16:21,16:21:00,12,0,0,W 6TH AVE WB ON RAMP & N FEDERAL BLVD,1,1,1,0,1,8,0,0,15,0,0,0,0,0,2,2,11
,2023-30502,39.74003039,-104.9823384,8/3/2023 12:50,12:50:00,3,0,0,E COLFAX AVE & N LOGAN ST,1,1,0,0,1,1,0,0,35,0,0,0,0,0,2,2,16
,2023-30503,39.71118296,-105.0110095,7/9/2023 1:53,1:53:00,8,0,1,W ALAMEDA AVE & S TEJON ST,1,3,0,0,6,1,0,0,40,0,0,0,0,3,2,2,10
,2023-30504,39.78285596,-104.7554563,8/3/2023 7:15,7:15:00,1,0,1,E GREEN VALLEY RANCH BLVD & N HIMALAYA RD,1,1,0,0,1,1,0,0,35,0,0,0,0,2,4,2,11
,2023-30505,39.7225459,-104.9862414,8/4/2023 12:30,12:30:00,3,0,0,E 4TH AVE & N LINCOLN ST,1,1,0,0,1,1,0,0,20,0,0,0,0,0,4,2,11
,2023-30507,39.70766037,-105.0271545,7/18/2023 23:31,23:31:00,6,0,0,W VIRGINIA AVE & S HAZEL CT,1,4,0,0,1,4,0,0,,0,0,0,0,0,4,2,16
,2023-30509,39.76120072,-104.9027632,8/4/2023 8:20,8:20:00,12,0,0,E MLK JR BLVD & N QUEBEC ST,1,1,0,0,1,1,0,0,35,0,0,0,0,0,4,4,11
,2023-30512,39.71119647,-104.9164672,4/18/2023 20:45,20:45:00,15,0,0,E ALAMEDA AVE & S KRAMERIA ST,1,2,0,0,1,1,0,0,35,0,0,0,0,0,4,2,1
,2023-30513,39.69117861,-104.9827973,8/4/2023 12:13,12:13:00,14,0,0, LOGAN ST & E ARKANSAS AVE,1,1,0,0,1,1,0,0,25,0,0,0,0,0,4,2,16
,2023-30514,39.67856471,-104.9828973,8/3/2023 19:47,19:47:00,3,0,2,E EVANS AVE & S LOGAN ST,1,1,0,0,1,1,0,0,35,0,0,0,0,1,4,2,8
,2023-30515,39.73801164,-104.9752951,8/3/2023 14:15,14:15:00,6,0,0, OGDEN ST & E 14TH AVE,1,1,0,0,1,4,0,0,35,0,0,0,0,0,4,2,16
,2023-30518,39.67118812,-104.9453366,5/27/2023 1:15,1:15:00,5,0,0,2555  MONROE ST ALLEY & E HARVARD AVE,1,4,0,0,4,9,0,0,15,0,0,0,0,0,4,1,16
,2023-30525,39.70082027,-104.9128893,7/19/2023 11:31,11:31:00,12,0,0, MONACO ST & E KENTUCKY AVE,1,1,0,0,1,4,0,0,35,0,0,0,0,0,4,2,16
,2023-30527,39.83184468,-104.6929574,8/4/2023 6:36,6:36:00,3,0,0, JACKSON GAP ST & E 75TH AVE,1,1,0,0,1,1,0,0,45,0,0,0,0,0,4,2,1
,2023-30529,39.7618276,-104.91242,8/4/2023 21:27,21:27:00,1,0,0,E MLK JR BLVD & N MONACO ST,1,3,0,0,1,1,0,0,40,0,0,0,0,0,4,2,13
,2023-30530,39.74323159,-104.9709052,8/4/2023 15:30,15:30:00,1,0,0, LAFAYETTE ST & E 17TH AVE,1,1,0,0,1,1,0,0,35,0,0,0,0,0,4,2,11
,2023-30535,39.78589169,-104.7721288,2/15/2023 10:50,10:50:00,14,0,0, TOWER RD & E 49TH AVE,4,1,0,2,1,3,0,0,35,0,0,0,0,0,4,2,16
,2023-30536,39.78308553,-104.790493,7/19/2023 16:48,16:48:00,15,0,0,PENA BLVD & E GREEN VALLEY RANCH BLVD,1,1,1,0,1,4,0,0,45,0,0,0,0,0,4,2,1
,2023-30538,39.72933857,-105.0251494,7/7/2023 7:26,7:26:00,15,0,0, FEDERAL BLVD & W 6TH AVE,1,1,0,0,1,4,0,0,35,0,0,0,0,0,2,2,16
,2023-30539,39.77719545,-104.8237796,8/5/2023 11:03,11:03:00,3,0,1,E ANDREWS DR & E 44TH AVE,1,1,0,0,1,2,0,0,25,0,0,0,1,1,4,2,11
,2023-30540,39.78486496,-105.0500935,6/2/2023 3:03,3:03:00,5,0,0,I-70 & N SHERIDAN BLVD,1,3,0,0,3,4,0,0,55,0,0,0,0,0,1,1,1
,2023-30541,39.74026231,-105.05321,3/14/2023 16:10,16:10:00,15,0,0, SHERIDAN BLVD & W COLFAX AVE,1,1,0,0,1,4,0,0,,0,0,0,0,0,2,2,16
,2023-30542,39.78467872,-104.8133936,8/4/2023 13:12,13:12:00,6,0,0, FONTANA CT & GATEWAY AVE,1,3,0,0,1,4,0,0,,0,0,0,0,0,4,2,16
,2023-30546,39.73680348,-104.9585963,8/5/2023 16:05,16:05:00,15,0,0, JOSEPHINE ST & E 13TH AVE,1,1,0,0,1,1,0,0,30,0,0,0,0,0,4,2,16
,2023-30547,39.67865664,-105.0210564,8/3/2023 15:14,15:14:00,10,0,0,W EVANS AVE & S CLAY ST,1,1,0,0,1,4,0,0,35,0,0,0,0,0,4,2,1
,2023-30549,39.84928942,-104.6726895,8/5/2023 13:55,13:55:00,16,0,0,E 83RD AVE,1,1,0,0,5,4,0,0,10,0,0,0,0,0,3,2,3
,2023-30550,39.78237909,-104.8470104,2/14/2023 12:00,12:00:00,15,0,0, PEORIA ST & E 47TH AVE,1,1,0,0,1,1,0,0,30,0,0,0,0,0,4,2,16
,2023-30551,39.74007687,-104.8881649,7/27/2023 19:51,19:51:00,11,0,1, WILLOW ST & E COLFAX AVE,1,1,0,0,1,1,0,0,,0,1,0,0,2,2,1,16
,2023-30552,39.73686731,-104.9985872,3/28/2023 17:02,17:02:00,15,0,0,1300  SANTA FE DR,1,1,0,0,1,4,0,0,,0,0,0,0,0,4,2,16
,2023-30553,39.73504952,-104.9610358,8/1/2023 16:46,16:46:00,12,0,0,E 12TH AVE & N GAYLORD ST,1,1,0,0,1,1,0,0,,0,0,0,0,0,4,2,13
,2023-30554,39.73294493,-105.0256392,7/2/2023 23:02,23:02:00,6,0,0,W 10TH AVE & N FEDERAL BLVD,1,4,0,0,1,4,0,0,30,0,0,0,0,0,4,2,3
,2023-30555,39.70877769,-105.0432003,7/11/2023 22:00,22:00:00,6,0,0, STUART ST & W ALASKA PL,1,3,0,0,1,4,0,0,25,0,0,0,0,0,4,2,16
,2023-30556,39.75019835,-105.0251414,3/14/2023 18:00,18:00:00,6,0,0, FEDERAL BLVD & W 22ND AVE,1,1,0,0,1,9,0,0,15,0,0,0,0,0,4,2,16
,2023-30563,39.74011553,-104.9861474,7/7/2023 13:30,13:30:00,3,0,0,E COLFAX AVE & N LINCOLN ST,1,1,0,0,1,1,0,0,35,0,0,0,0,0,2,2,1
,2023-30564,39.7749557,-104.8231015,7/29/2023 21:00,21:00:00,6,0,0,4370  DURHAM CT & E ANDREWS DR,1,3,0,0,1,4,0,0,20,0,0,0,0,0,4,2,16
,2023-30565,39.75634602,-105.0094251,7/8/2023 14:50,14:50:00,12,0,0,PLATTE ST & 15TH ST,1,1,0,0,1,4,0,0,,0,0,0,0,0,4,2,16
,2023-30566,39.74199273,-105.0145801,7/1/2023 10:17,10:17:00,15,0,1,I-25 & AURARIA PKWY,1,1,0,0,1,8,0,0,55,0,0,0,0,2,1,2,16
,2023-30568,39.68931416,-104.9593527,7/18/2023 7:47,7:47:00,15,0,0, UNIVERSITY BLVD & E FLORIDA AVE,1,1,0,0,1,1,0,0,30,0,0,0,0,0,4,2,16
,2023-30569,39.71658899,-105.0016114,8/5/2023 3:51,3:51:00,5,0,0, RIO GRANDE BLVD & W ELLSWORTH AVE,1,3,0,0,3,1,0,0,30,0,0,0,0,0,4,1,3
,2023-30571,39.69623885,-104.9070491,8/1/2023 4:46,4:46:00,16,0,0,E MISSISSIPPI AVE & S ONEIDA ST,11,4,0,1,5,4,0,0,20,0,0,0,0,0,3,1,1