id,drcog_id,latitude,longitude,crashtime,time,crashtype,numbkilled,numbinjurd,drcoglocat,rdconditin,lightngcon,roadcntgrd,weatherco,location,roaddescrp,schoolzone,constrzone,splimit,bikeinv,pedinv,sctrinv,motoinv,svrty,rdsystem,ttlvehcls,hcf
,2023-30572,39.7294261,-104.9909748,8/5/2023 0:21,0:21:00,15,0,0, SPEER BLVD & BANNOCK ST,1,3,0,0,1,4,0,0,30,0,0,0,0,0,4,2,14
,2023-30573,39.74000872,-104.9684733,7/19/2023 9:42,9:42:00,12,0,0,E COLFAX AVE & FRANKLIN ST,1,1,0,0,1,3,0,0,35,0,0,0,0,0,2,2,16
,2023-30575,39.76406665,-104.9597582,7/21/2023 15:15,15:15:00,12,0,1, YORK ST & BRUCE RANDOLPH AVE,1,1,0,0,1,4,0,0,35,0,0,0,0,1,4,2,16
,2023-30577,39.77747382,-104.9037482,7/25/2023 7:25,7:25:00,12,0,0,I-70 EB OFF RAMP SLIP & QUEBEC ST,1,1,1,0,1,8,0,0,25,0,0,0,0,0,1,2,1
,2023-30579,39.69839717,-104.9593404,8/5/2023 16:13,16:13:00,10,0,0,E TENNESSEE AVE & S UNIVERSITY BLVD,1,1,1,0,1,1,0,0,,0,0,0,0,0,4,2,16
,2023-30581,39.78352645,-105.0439494,7/13/2023 15:58,15:58:00,5,0,0,I-70 & N TENNYSON ST,1,1,0,0,1,4,0,0,55,0,0,0,0,0,1,2,13
,2023-30582,39.73870311,-104.8904142,8/4/2023 8:41,8:41:00,14,0,0,E 14TH AVE & N VERBENA ST,1,1,0,0,1,4,0,0,30,0,0,0,0,0,4,2,16
,2023-30583,39.70565379,-105.0116361,8/4/2023 6:06,6:06:00,6,0,0,W CENTER AVE & S TEJON ST,1,1,0,0,1,4,0,0,20,0,0,0,0,0,4,2,16
,2023-30584,39.82463398,-104.6734031,8/5/2023 5:30,5:30:00,3,0,0,ROBERTSDALE ST & 71ST AVE,1,3,0,0,1,1,0,0,25,0,0,0,0,0,4,2,11
,2023-30586,39.78238779,-104.8470917,7/22/2023 18:15,18:15:00,12,0,1,E 47TH AVE & N PEORIA ST,1,1,0,0,1,3,0,0,,0,0,0,1,3,4,2,16
,2023-30587,39.69664858,-104.9918859,8/5/2023 12:39,12:39:00,1,0,4, SANTA FE DR & W MISSISSIPPI AVE,1,1,0,0,1,1,0,0,35,0,0,0,0,1,2,2,13
,2023-30589,39.68490322,-104.9543458,2/6/2023 6:26,6:26:00,15,0,0,I-25 & S UNIVERSITY BLVD,1,2,0,0,1,4,0,0,60,0,0,0,0,0,1,2,16
,2023-30590,39.41259579,-104.8680154,7/16/2023 4:50,4:50:00,5,0,0, SANTA FE DR & W EVANS AVE,1,1,0,0,3,4,0,0,55,0,0,0,0,0,2,1,16
,2023-30591,39.77475192,-105.045149,7/22/2023 7:39,7:39:00,6,0,0, UTICA ST & W 43RD AVE,1,1,0,0,1,4,0,0,,0,0,0,0,0,4,2,16
,2023-30592,39.78040642,-104.9642683,7/24/2023 4:05,4:05:00,12,0,0,I-70 & BRIGHTON BLVD,1,3,0,0,1,4,0,0,55,0,0,0,0,0,1,2,16
,2023-30593,39.70320655,-104.9733806,8/5/2023 15:01,15:01:00,6,0,0, DOWNING ST & E OHIO AVE,1,1,3,0,1,3,0,0,35,0,0,0,0,0,4,2,14
,2023-30594,39.68227088,-105.0262136,8/2/2023 15:19,15:19:00,3,0,0, GROVE ST & W JEWELL AVE,1,1,0,1,1,2,0,0,30,0,0,0,0,0,4,2,11
,2023-30596,39.71006152,-104.9985943,2/20/2023 18:45,18:45:00,15,0,0,I-25 & W ALAMEDA AVE,1,3,1,0,1,4,0,0,,0,0,0,0,0,1,2,16
,2023-30597,39.73476547,-105.0251653,8/4/2023 18:15,18:15:00,1,0,2, FEDERAL BLVD & W 12TH AVE,1,1,0,0,1,1,0,0,40,0,0,0,0,2,2,2,13
,2023-30598,39.66360822,-104.9229548,8/3/2023 8:32,8:32:00,15,0,0,I-25 & E YALE AVE,1,1,0,0,1,4,0,0,65,0,0,0,0,0,1,2,16
,2023-30599,39.7982714,-104.7953108,8/1/2023 17:10,17:10:00,12,0,1,E 56TH AVE & N MEMPHIS ST,1,1,0,0,1,4,0,0,35,0,0,0,0,1,4,2,10
,2023-30600,39.77928926,-104.9033967,7/26/2023 7:45,7:45:00,1,0,0, NORTHFIELD QUEBEC ST & I-70 WB RAMPS,1,1,0,0,1,1,0,0,35,0,0,0,0,0,2,2,1
,2023-30601,39.78379743,-104.801727,8/5/2023 10:20,10:20:00,2,0,0,E GREEN VALLEY RANCH BLVD & N KITTREDGE ST,1,1,0,0,1,1,0,0,0,1,0,0,0,0,4,1,16
,2023-30602,39.72774536,-104.9861506,7/24/2023 13:31,13:31:00,6,0,0, LINCOLN ST & E 7TH AVE,1,1,0,0,1,4,0,0,30,0,0,0,0,0,4,2,16
,2023-30603,39.67916044,-105.0520998,7/31/2023 3:49,3:49:00,5,0,0,W EVANS AVE & S ZENOBIA ST,1,3,0,0,3,4,0,0,30,0,0,0,0,0,4,1,16
,2023-30604,39.71118378,-105.0062849,8/1/2023 2:40,2:40:00,5,0,0,W ALAMEDA AVE & S PECOS ST,11,3,0,1,3,3,0,0,35,0,0,0,0,0,2,1,16
,2023-30605,39.65652541,-104.9251909,7/28/2023 3:16,3:16:00,6,0,0,E FLOYD AVE & 3293 S GLENCOE ST,1,3,0,0,1,4,0,0,15,0,0,0,0,0,4,2,16
,2023-30613,39.76096302,-104.9787495,8/1/2023 11:35,11:35:00,5,0,0,ARAPAHOE ST & 30TH ST,1,1,0,0,2,4,0,0,,0,0,0,0,0,4,1,16
,2023-30614,39.66823366,-105.0012425,7/22/2023 3:02,3:02:00,5,0,0, PLATTE RIVER DR & W DARTMOUTH AVE,1,4,0,0,3,4,0,0,40,0,0,0,0,0,4,1,1
,2023-30615,39.62937664,-105.087554,7/13/2023 10:48,10:48:00,15,0,0, WADSWORTH BLVD & W LAYTON AVE,1,1,0,0,1,4,0,0,40,0,0,0,0,0,2,2,16
,2023-30616,39.77411178,-104.8827885,7/13/2023 12:34,12:34:00,15,0,0, CENTRAL PARK BLVD & E 40TH AVE,1,1,0,0,1,1,0,0,,0,0,0,0,0,4,2,16
,2023-30617,39.83087835,-104.7041237,8/5/2023 6:55,6:55:00,16,0,0,24300 E 75TH AVE,1,1,0,0,5,7,0,0,,0,0,0,0,0,3,2,14
,2023-30618,39.74046606,-105.0154489,7/21/2023 14:40,14:40:00,3,0,1,W COLFAX AVE & I-25 SB RAMP,1,1,0,0,1,1,0,0,,0,0,0,0,2,2,2,16
,2023-30619,39.74691075,-104.9899786,7/12/2023 11:00,11:00:00,6,0,0,CALIFORNIA ST & 18TH ST,1,1,0,0,1,4,0,0,20,0,0,0,0,0,4,2,16
,2023-30620,39.74046319,-105.0151983,7/26/2023 23:40,23:40:00,12,0,0,W COLFAX AVE & I-25 SB OFF RAMP,1,3,0,0,1,3,0,0,35,0,0,0,0,0,2,2,16
,2023-30621,39.77872123,-104.9223045,7/24/2023 15:19,15:19:00,3,0,0,E 45TH  DR  & N HOLLY ST,1,1,0,0,1,1,0,0,35,0,0,0,0,0,4,2,13
,2023-30622,39.77872917,-104.9891769,8/5/2023 8:50,8:50:00,15,0,0,I-25 & I-70,1,1,0,0,1,4,0,0,55,0,0,0,0,0,1,2,16
,2023-30623,39.74395239,-105.0345931,7/22/2023 8:09,8:09:00,5,0,0,W 17TH AVE & N LOWELL BLVD,1,1,0,0,3,1,0,0,20,0,0,0,0,0,4,1,7
,2023-30624,39.72146321,-104.9665949,7/29/2023 23:40,23:40:00,6,0,1,375  GILPIN ST & E 4TH AVE,1,3,0,0,1,4,0,0,25,0,0,0,0,2,4,2,16
,2023-30625,39.77709393,-104.9034102,7/28/2023 10:00,10:00:00,12,0,0, QUEBEC ST & I-70 EB RAMPS,1,1,2,0,1,4,0,0,40,0,0,0,1,0,2,2,11
,2023-30626,39.69637334,-104.9874334,7/31/2023 20:09,20:09:00,15,0,0, BROADWAY ST & E MISSISSIPPI AVE,1,1,0,0,1,4,0,0,45,0,0,0,0,0,4,2,16
,2023-30628,39.69037177,-104.9757741,8/4/2023 18:01,18:01:00,15,0,0,E BUCHTEL BLVD & S OGDEN ST,1,1,0,0,1,3,0,0,35,0,0,0,0,0,4,2,13
,2023-30629,39.7507106,-104.963452,8/5/2023 15:57,15:57:00,3,0,1, RACE ST & E 23RD AVE,1,1,0,0,1,1,0,0,25,0,0,0,0,1,4,2,11
,2023-30630,39.65578027,-104.9192145,7/26/2023 13:20,13:20:00,12,0,1,I-25 NB ON RAMP & E HAMPDEN AVE,1,1,1,0,1,8,0,0,35,0,0,0,0,1,1,2,16
,2023-30631,39.75105829,-104.9295295,3/23/2023 18:40,18:40:00,12,0,0,E 23RD AVE & N ELM ST,1,1,0,0,1,3,0,0,,0,0,0,0,0,4,2,16
,2023-30632,39.77665711,-104.8470268,7/14/2023 18:00,18:00:00,12,0,0, PEORIA ST & E 44TH AVE,1,1,0,0,1,1,0,0,40,0,0,0,0,0,4,2,16
,2023-30633,39.79110405,-105.0439291,8/5/2023 13:03,13:03:00,3,0,0,W 52ND AVE & N TENNYSON ST,1,1,0,0,1,1,0,0,35,0,0,0,0,0,4,2,7
,2023-30634,39.7671129,-104.9949159,8/5/2023 1:29,1:29:00,11,0,1,PARK AVE W & I-25 NB RAMPS,1,3,0,0,1,1,0,0,0,0,0,1,0,2,4,1,16
,2023-30635,39.65044639,-104.9167894,1/7/2023 21:50,21:50:00,15,0,0,I-25 & NB OFF RAMP GORE PT TO E HAMPDEN AVE,1,3,0,0,1,8,0,0,65,0,0,0,0,0,1,2,16
,2023-30636,39.82151112,-104.6654645,8/1/2023 17:19,17:19:00,16,0,0,6975 VALLEYHEAD STREET & 69TH AVENUE,1,1,0,0,5,7,0,0,15,0,0,0,0,0,3,1,16
,2023-30637,39.78627778,-104.8470477,8/1/2023 18:54,18:54:00,5,0,0, PEORIA ST & E ANDREWS DR,1,1,0,0,3,3,0,0,45,0,0,0,0,0,4,2,1
,2023-30638,39.77224467,-104.8292318,7/22/2023 22:55,22:55:00,5,0,0,I-70 WB RAMP FROM NB -225 & I-70 UNDERPASS,1,3,1,0,3,8,0,0,65,0,0,0,0,0,1,1,16
,2023-30639,39.72986179,-105.0150112,7/11/2023 14:40,14:40:00,15,0,0,I-25 & W 8TH AVE,1,1,0,0,1,8,0,0,55,0,0,0,0,0,1,2,1
,2023-30640,39.78237909,-104.8470104,8/5/2023 12:20,12:20:00,10,0,0, PEORIA ST & E ALLBROOK DR,1,1,0,7,1,1,0,0,35,0,0,0,0,0,4,2,7
,2023-30641,39.74018221,-104.998143,7/28/2023 23:00,23:00:00,3,0,0,W COLFAX AVE & N SPEER BLVD,1,3,0,0,1,1,0,0,,0,0,0,0,0,2,2,16
,2023-30642,39.72568444,-104.9963783,1/7/2023 21:17,21:17:00,3,0,0, GALAPAGO ST & W 6TH AVE,1,3,0,0,1,1,0,0,30,0,0,0,0,0,4,2,13
,2023-30643,39.7759102,-104.8626186,6/17/2023 3:07,3:07:00,9,0,0,I-70 & N HAVANA ST,1,3,1,0,3,8,0,0,30,0,0,0,0,0,1,1,16
,2023-30644,39.72890621,-104.9952182,8/4/2023 16:35,16:35:00,3,0,0, FOX ST & W 8TH AVE,1,1,0,0,1,1,0,0,15,0,0,0,0,0,4,2,11
,2023-30645,39.69675846,-105.0250715,7/22/2023 1:03,1:03:00,15,0,0, FEDERAL BLVD & W MISSISSIPPI AVE,1,3,0,0,1,4,0,0,35,0,0,0,0,0,2,2,7
,2023-30646,39.73827814,-104.9406144,7/23/2023 10:42,10:42:00,3,0,2, COLORADO BLVD & E 14TH AVE,1,1,1,0,1,1,0,0,35,0,0,0,0,3,2,2,1
,2023-30647,39.73680706,-104.9540542,7/28/2023 21:23,21:23:00,6,0,0,E 13TH AVE & N DETROIT ST,1,3,0,0,1,4,0,0,35,0,0,0,0,0,4,3,16
,2023-30649,39.70632882,-104.8753584,1/27/2023 17:45,17:45:00,16,0,0,600  DAYTON ST & E ALAMEDA AVE,1,3,0,0,5,7,0,0,,0,0,0,0,0,3,2,16
,2023-30652,39.70178945,-104.959333,7/12/2023 14:09,14:09:00,15,0,0, UNIVERSITY BLVD & E OHIO AVE,1,1,0,0,1,4,0,0,30,0,0,0,0,0,4,2,16
,2023-30653,39.71121472,-104.9222986,7/15/2023 17:30,17:30:00,12,0,0,E ALAMEDA AVE & S HOLLY ST,1,1,0,0,1,1,0,0,45,0,0,0,0,0,4,3,13
,2023-30654,39.65305452,-104.8716588,7/23/2023 20:00,20:00:00,15,0,0,E HAMPDEN AVE & S FLORENCE ST,1,2,0,0,1,4,0,0,45,0,0,0,0,0,2,2,1
,2023-30655,39.74390395,-105.0268134,7/25/2023 0:36,0:36:00,6,0,0, GROVE ST & W 17TH AVE,1,3,0,0,1,4,0,0,25,0,0,0,0,0,4,4,13
,2023-30656,39.77582438,-104.8625033,8/5/2023 6:00,6:00:00,5,0,1,I-70 & N HAVANA ST,1,1,0,0,2,8,0,0,55,0,0,0,1,3,1,1,7
,2023-30657,39.78361942,-104.7744739,7/30/2023 4:03,4:03:00,5,0,0, YAMPA ST & E GREEN VALLEY RANCH BLVD,1,3,0,0,3,3,0,0,35,0,0,0,0,0,4,1,11
,2023-30658,39.70824579,-104.9269742,7/20/2023 11:52,11:52:00,15,0,0, FOREST ST & LEETSDALE DR,1,1,0,0,1,3,0,0,35,0,0,0,0,0,2,2,16
,2023-30659,39.71114582,-104.9840259,7/27/2023 15:30,15:30:00,1,0,0,E ALAMEDA AVE & S GRANT ST,1,1,0,0,1,1,0,0,,0,0,0,0,0,4,2,16
,2023-30662,39.71226374,-104.8959406,5/31/2023 12:50,12:50:00,6,0,0,E CEDAR AVE & S TAMARAC ST,1,1,0,0,1,4,1,0,20,0,0,0,0,0,4,2,16
,2023-30668,39.74893259,-104.9994812,8/2/2023 11:44,11:44:00,11,0,1,15TH ST & MARKET ST,1,1,0,0,1,1,0,0,25,0,1,0,0,2,4,1,3
,2023-30669,39.78390918,-105.0453991,8/1/2023 7:55,7:55:00,12,0,0,I-70 & N SHERIDAN BLVD,1,1,0,0,1,4,0,0,55,0,0,0,0,0,2,2,16
,2023-30670,39.71118296,-105.0110095,6/26/2023 12:35,12:35:00,2,0,1,W ALAMEDA AVE & S TEJON ST,1,1,1,0,1,1,0,0,0,1,0,0,0,2,2,1,16
,2023-30672,39.72932975,-105.0250762,8/2/2023 20:37,20:37:00,1,0,2, FEDERAL BLVD & W 8TH AVE,11,3,0,1,1,3,0,0,35,0,0,0,0,1,2,2,16
,2023-30675,39.78054473,-104.9452229,7/31/2023 12:17,12:17:00,12,0,0,I-70 & N MONROE ST,1,1,1,0,1,4,0,0,55,0,0,0,0,0,1,4,13
,2023-30683,39.78436208,-105.0243926,8/2/2023 17:30,17:30:00,15,0,1,I-70 & N FEDERAL BLVD,1,1,1,0,1,4,0,0,55,0,0,0,1,3,1,2,11
,2023-30684,39.75009527,-104.9913092,8/2/2023 15:00,15:00:00,2,0,1,19TH ST & CURTIS ST,1,1,0,0,1,4,0,0,0,1,0,0,0,2,4,1,16
,2023-30685,39.70105661,-104.9869582,7/31/2023 14:25,14:25:00,9,0,1,I-25 & S BROADWAY,1,1,1,0,1,4,0,0,55,0,0,0,1,2,1,1,16
,2023-30686,39.78730735,-104.9443549,8/2/2023 14:35,14:35:00,5,0,2, VASQUEZ BLVD & E 50TH AVE,1,1,0,0,3,4,0,0,40,0,0,0,0,2,4,1,14
,2023-30687,39.69673447,-105.0237061,8/3/2023 15:50,15:50:00,2,0,1,W MISSISSIPPI AVE & S ELIOT ST,1,1,0,0,1,1,0,0,30,1,0,0,0,2,4,1,1
,2023-30689,39.71119843,-104.9176342,8/1/2023 9:00,9:00:00,11,0,1,E ALAMEDA AVE & S KEARNEY ST,1,1,0,0,1,1,0,0,0,0,0,1,0,1,4,1,16
,2023-30690,39.75691029,-104.9996538,8/1/2023 20:10,20:10:00,2,0,1,CHESTNUT PL & 19TH ST,1,3,0,0,1,2,0,0,,1,0,0,0,3,4,1,16
,2023-30695,39.78021053,-104.9895601,8/2/2023 7:05,7:05:00,12,0,0,I-25 & I-70,1,1,1,0,1,4,0,0,55,0,0,0,0,0,1,2,16
,2023-30696,39.74000304,-104.9672415,7/20/2023 14:00,14:00:00,11,0,1,E COLFAX AVE & N GILPIN ST,1,1,0,0,1,1,0,0,0,0,0,1,0,2,2,2,16
,2023-30700,39.78049134,-104.9586631,8/1/2023 6:53,6:53:00,12,0,1,I-70 & N YORK ST,1,1,0,0,1,4,0,0,55,0,0,0,0,1,1,2,16
,2023-30701,39.74542384,-104.9406061,8/3/2023 18:34,18:34:00,15,0,1, COLORADO BLVD & E 19TH AVE,1,1,0,0,1,4,0,0,35,0,0,0,0,2,2,2,16
,2023-30703,39.77832942,-104.9792557,8/1/2023 5:55,5:55:00,11,0,0,E 45TH AVE & N WASHINGTON ST,1,1,0,0,1,1,0,0,30,0,0,1,0,0,4,1,11
,2023-30706,39.78321779,-105.0077602,8/2/2023 6:55,6:55:00,15,0,0,I-70 & N PECOS ST,1,1,1,0,1,4,0,0,55,0,0,0,0,0,1,4,16
,2023-30751,39.77411851,-105.0251733,8/6/2023 13:08,13:08:00,12,0,2, FEDERAL BLVD & W 42ND AVE,1,1,1,0,1,3,0,0,35,0,0,0,0,1,2,2,13
,2023-30752,39.73848858,-105.0475072,8/6/2023 19:45,19:45:00,1,0,1,W 14TH AVE & N WINONA CT,1,3,0,0,1,1,0,0,35,0,0,0,1,2,4,2,11
,2023-30770,39.76009575,-104.8989886,8/5/2023 18:45,18:45:00,12,0,2,E MLK BLVD & N SYRACUSE ST,1,1,0,0,1,1,0,0,,0,0,0,0,1,4,2,16
,2023-30782,39.68934182,-104.9317087,8/6/2023 17:40,17:40:00,3,0,0,E FLORIDA AVE & S DAHLIA ST,1,1,0,0,1,1,0,0,25,0,0,0,0,0,4,2,16
,2023-30783,39.70022414,-104.9593396,8/5/2023 21:35,21:35:00,3,0,2,E KENTUCKY AVE & S UNIVERSITY BLVD,1,3,0,0,1,1,0,0,30,0,0,0,0,1,4,2,16
,2023-30785,39.84928942,-104.6726895,8/6/2023 18:05,18:05:00,15,0,0,PENA BLVD & E 84TH AVE,1,1,0,0,1,4,0,0,45,0,0,0,0,0,4,2,16
,2023-30786,39.6994037,-105.01199,8/5/2023 20:28,20:28:00,6,0,1, TEJON ST & W KENTUCKY AVE,1,3,0,0,1,4,0,0,25,0,0,0,0,2,4,2,12
,2023-30787,39.71111415,-104.9628564,7/30/2023 2:30,2:30:00,5,0,0, VINE ST & E ALAMEDA AVE,1,3,1,0,2,3,0,0,25,0,0,0,0,0,4,1,16
,2023-30792,39.77652958,-104.9801744,8/1/2023 12:39,12:39:00,6,0,0,E 44TH AVE & N PEARL ST,1,1,0,0,1,3,0,0,25,0,0,0,0,0,4,2,16
,2023-30798,39.77050252,-104.9991127,7/25/2023 12:15,12:15:00,6,0,0,W 39TH AVE & N JASON ST,1,1,0,0,1,4,0,0,25,0,0,0,0,0,4,2,16
,2023-30801,39.65303401,-104.9090996,8/6/2023 17:58,17:58:00,10,0,1,E HAMPDEN AVE & S ONEIDA WY,1,1,0,0,1,1,0,0,40,0,0,0,0,2,2,2,11
,2023-30802,39.63899066,-104.8857003,8/6/2023 5:17,5:17:00,6,0,1,I-225 & S YOSEMITE ST,1,3,0,0,1,4,0,0,65,0,0,0,0,3,1,2,16
,2023-30803,39.76790374,-104.9951361,8/3/2023 11:40,11:40:00,15,0,0,I-25 & PARK AVE W,1,3,0,0,1,4,0,0,55,0,0,0,0,0,1,2,11
,2023-30804,39.71652286,-104.9802992,8/6/2023 0:00,0:00:00,6,0,1,E ELLSWORTH AVE & N PEARL ST,1,3,0,0,2,3,0,0,30,0,0,0,0,1,4,6,14
,2023-30806,39.68483076,-105.0203725,7/23/2023 3:10,3:10:00,6,0,0, CLAY ST & W COLORADO AVE,1,3,3,0,1,4,0,0,25,0,0,0,0,0,4,2,16
,2023-30808,39.75021755,-105.0047702,8/6/2023 15:00,15:00:00,1,0,0, SPEER BLVD & WEWATTA ST,1,1,0,7,1,1,0,0,,0,0,0,0,0,4,2,11
,2023-30811,39.7710922,-104.9097961,8/6/2023 17:22,17:22:00,3,0,2,E 39TH AVE & N NEWPORT ST,1,1,0,0,1,1,0,0,25,0,0,0,0,3,4,2,3
,2023-30813,39.74018101,-104.9575094,8/6/2023 5:53,5:53:00,5,0,0,E COLFAX AVE & N COLUMBINE ST,1,3,0,0,3,4,0,0,30,0,0,0,0,0,2,1,14
,2023-30817,39.76924667,-105.0252313,8/6/2023 4:16,4:16:00,12,0,0, FEDERAL BLVD & W 38TH AVE,1,3,0,0,1,1,0,0,35,0,0,0,0,0,2,2,3
,2023-30818,39.70277968,-104.9862845,8/4/2023 17:00,17:00:00,15,0,0,E WALSH PL & S LINCOLN ST,1,1,3,0,1,4,0,0,,0,0,0,1,0,4,2,1
,2023-30837,39.68469256,-104.9588771,8/6/2023 10:26,10:26:00,15,0,0,I-25 & S UNIVERSITY BLVD,1,3,0,0,1,4,0,0,65,0,0,0,0,0,1,2,16
,2023-30838,39.74761207,-104.9769611,8/3/2023 19:51,19:51:00,11,0,0, CLARKSON ST & E 20TH AVE,1,1,0,0,1,4,0,0,0,0,1,0,0,0,4,1,16
,2023-30841,39.67012031,-105.0417209,6/24/2023 21:26,21:26:00,3,0,1,W VASSAR AVE & S RALEIGH ST,1,3,1,0,1,1,0,0,30,0,0,0,0,2,4,3,16
,2023-30847,39.78858572,-104.8282618,8/4/2023 20:17,20:17:00,12,0,0, CROWN BLVD & E 51ST AVE,1,1,0,0,1,4,0,0,20,0,0,0,0,0,4,2,16
,2023-30848,39.78050416,-104.9528025,8/6/2023 14:22,14:22:00,15,0,0,I-70 & STEELE ST,1,1,0,0,1,8,0,0,55,0,0,0,0,0,1,2,13
,2023-30849,39.633626,-104.9068475,8/6/2023 2:00,2:00:00,5,0,0,I-25 & I-225,1,3,0,0,2,4,0,0,65,0,0,0,0,0,1,1,14
,2023-30866,39.74034644,-105.0509313,7/22/2023 13:44,13:44:00,3,0,1, YATES ST & W COLFAX AVE,1,1,0,0,1,1,0,0,25,0,0,0,0,1,2,2,14
,2023-30922,39.75198215,-104.9597685,7/18/2023 8:00,8:00:00,12,0,1, YORK ST & E 24TH AVE,1,1,0,0,1,4,0,0,30,0,0,0,1,3,4,2,7
,2023-30924,39.76575891,-104.9777721,7/25/2023 13:52,13:52:00,3,0,1,33RD ST & WALNUT ST,1,1,0,0,1,1,0,0,20,0,0,0,0,1,4,2,16
,2023-30925,39.68279683,-104.9401184,8/7/2023 9:10,9:10:00,12,0,0,I-25 & S COLORADO BLVD,1,1,0,0,1,4,0,0,60,0,0,0,0,0,1,2,16
,2023-30927,39.78049672,-104.954095,7/31/2023 7:24,7:24:00,15,0,0,I-70 & N STEELE ST,1,1,0,0,1,8,0,0,,0,0,0,0,0,1,2,16
,2023-30928,39.74818941,-104.9917792,7/6/2023 8:30,8:30:00,16,0,0,1776 CHAMPA ST,1,3,0,0,5,7,0,0,,0,0,0,0,0,3,2,16
,2023-30929,39.77436907,-104.8515999,8/7/2023 12:10,12:10:00,12,0,0,I-70 & N PEORIA ST,1,1,0,0,1,4,0,0,55,0,0,0,0,0,1,2,10
,2023-30935,39.67853142,-104.9777917,7/10/2023 10:15,10:15:00,15,0,2,E EVANS AVE & S CLARKSON ST,1,1,0,0,1,3,0,0,30,0,0,0,1,3,4,2,11
,2023-30937,39.779883,-104.9672392,7/29/2023 13:05,13:05:00,9,0,1,I-70 & N BRIGHTON BLVD,1,1,0,0,1,4,0,0,55,0,0,0,1,3,1,1,14
,2023-30943,39.75152457,-105.0172322,4/19/2023 16:38,16:38:00,12,0,0,I-25 SB OFF RAMP & W 23RD AVE,1,1,0,0,1,8,0,0,55,0,0,0,0,0,1,2,1
,2023-30949,39.71109334,-105.0251685,8/7/2023 0:15,0:15:00,15,0,0, FEDERAL BLVD & W ALAMEDA AVE,1,3,0,0,1,1,0,0,40,0,0,0,0,0,2,2,1
,2023-30952,39.77871091,-104.9222931,7/28/2023 3:23,3:23:00,9,0,1, HOLLY ST & E 45TH AVE,1,3,0,0,1,1,0,0,30,0,0,0,0,2,4,1,9
,2023-30954,39.70041901,-105.0250845,8/6/2023 20:20,20:20:00,12,0,0, FEDERAL BLVD & W KENTUCKY AVE,1,3,0,0,1,4,0,0,35,0,0,0,0,0,2,2,3
,2023-30962,39.73849165,-105.0521264,8/6/2023 0:00,0:00:00,6,0,0,W 14TH AVE & N ZENOBIA ST,1,3,0,0,1,4,0,0,25,0,0,0,0,0,4,2,5
,2023-30964,39.70388972,-104.987489,8/7/2023 17:22,17:22:00,3,0,0, BROADWAY ST & E EXPOSITION AVE,1,1,0,0,1,1,0,0,35,0,0,0,0,0,4,2,16
,2023-30967,39.75763766,-104.998439,8/7/2023 16:55,16:55:00,12,0,0,20TH ST & CHESTNUT PL,1,1,1,7,1,3,0,0,,0,0,0,0,0,4,2,12
,2023-30969,39.75621094,-105.0115938,8/3/2023 13:34,13:34:00,12,0,0,I-25 & N SPEER BLVD,1,1,0,0,1,4,0,0,55,0,0,0,0,0,1,2,16
,2023-30972,39.78050862,-104.9520252,8/7/2023 8:14,8:14:00,12,0,1,I-70 & N FILLMORE ST,1,1,0,0,1,4,0,0,55,0,0,0,0,1,1,2,16
,2023-30973,39.75601802,-105.0191631,6/26/2023 8:00,8:00:00,6,0,0,W 27TH AVE & N BRYANT ST,1,1,0,0,1,4,0,0,25,0,0,0,0,0,4,2,3
,2023-30974,39.69139434,-104.9757552,8/3/2023 16:25,16:25:00,12,0,0,I-25 & S EMERSON ST,1,1,0,0,1,4,0,0,60,0,0,0,0,0,1,2,16
,2023-30975,39.74197999,-104.8928707,4/19/2023 21:55,21:55:00,14,0,0,E 16TH AVE & N UINTA ST,1,3,0,0,1,3,0,0,35,0,0,0,0,0,4,2,3
,2023-30976,39.75119293,-105.0416352,8/6/2023 23:34,23:34:00,5,0,0,W 23RD AVE & N RALEIGH ST,1,3,0,0,2,6,0,0,25,0,0,0,0,0,4,1,16
,2023-30977,39.65308224,-104.8987343,8/4/2023 11:26,11:26:00,1,0,0,E HAMPDEN AVE & S TAMARAC DR,1,1,0,0,1,1,0,0,45,0,0,0,0,0,2,3,16
,2023-30978,39.76954739,-105.0346315,8/7/2023 9:01,9:01:00,1,0,0,W 38TH AVE & N LOWELL BLVD,1,1,0,0,1,1,0,0,35,0,0,0,0,0,4,3,13
,2023-30979,39.77506684,-104.809898,8/6/2023 20:28,20:28:00,12,0,0,CHAMBERS RD & E ANDREWS DR,11,3,0,1,1,4,0,0,35,0,0,0,0,0,4,3,13
,2023-30981,39.77406741,-104.8455886,8/3/2023 7:27,7:27:00,12,0,1,I-70 & N PEORIA ST,1,1,0,0,1,4,0,0,55,0,0,0,0,1,1,2,13
,2023-30986,39.73203197,-104.9835817,6/26/2023 15:30,15:30:00,14,0,0, GRANT ST & E 10TH AVE,1,1,0,0,1,3,0,0,30,0,0,0,0,0,4,2,16
,2023-30987,39.72505208,-105.0210488,8/4/2023 15:18,15:18:00,12,0,0,W 6TH AVE FWY OFF RAMP & FEDERAL BLVD,1,1,2,0,1,8,0,0,45,0,0,0,0,0,2,2,16
,2023-30991,39.77581885,-104.8657424,8/7/2023 6:30,6:30:00,12,0,0,I-70 & N HAVANA ST,1,1,0,0,1,4,0,0,55,0,0,0,0,0,1,3,13
,2023-30996,39.77330904,-104.8458724,7/5/2023 21:49,21:49:00,15,0,0,I-70 EB ON RAMP & N PEORIA ST,1,3,1,0,1,8,0,0,,0,0,0,0,0,1,2,16