id,drcog_id,latitude,longitude,crashtime,time,crashtype,numbkilled,numbinjurd,drcoglocat,rdconditin,lightngcon,roadcntgrd,weatherco,location,roaddescrp,schoolzone,constrzone,splimit,bikeinv,pedinv,sctrinv,motoinv,svrty,rdsystem,ttlvehcls,hcf
,2023-30998,39.80444409,-104.7863698,8/7/2023 11:47,11:47:00,12,0,0,E 56TH AVE,1,1,0,0,1,4,0,0,65,0,0,0,0,0,4,2,3
,2023-30999,39.72935647,-105.0128307,7/24/2023 0:10,0:10:00,15,0,0,810 VALLEJO ST & W 8TH AVE,1,3,0,0,1,4,0,0,,0,0,0,0,0,4,2,16
,2023-31000,39.77743873,-104.823929,7/27/2023 19:45,19:45:00,3,0,0,E 44TH AVE & E ANDREWS DR,1,2,0,0,1,1,0,0,25,0,0,0,0,0,4,3,11
,2023-31002,39.72890621,-104.9952182,7/4/2023 22:40,22:40:00,3,0,0, FOX ST & W 8TH AVE,11,3,0,1,1,1,0,0,25,0,0,0,0,0,4,2,16
,2023-31004,39.66195298,-105.0228049,7/24/2023 0:36,0:36:00,6,0,2, DECATUR ST & W CORNELL AVE,1,3,0,0,1,4,0,0,25,0,0,0,0,2,4,2,16
,2023-31008,39.80006065,-104.7721165,8/1/2023 18:11,18:11:00,12,0,1, TOWER RD & E 57TH AVE,11,1,0,1,1,4,0,0,45,0,0,0,0,2,4,3,1
,2023-31009,39.62803052,-104.8999162,8/7/2023 17:12,17:12:00,10,0,0, SYRACUSE ST & E UNION AVE,1,1,0,0,1,1,0,0,35,0,0,0,0,0,4,2,11
,2023-31010,39.69160618,-104.976443,8/3/2023 16:50,16:50:00,12,0,0,I-25 & S UNIVERSITY BLVD,1,1,0,0,1,4,0,0,60,0,0,0,0,0,1,2,13
,2023-31011,39.75760949,-105.0381391,7/15/2023 15:19,15:19:00,6,0,0, OSCEOLA ST & W 26TH AVE,1,1,0,0,1,4,0,0,,0,0,0,0,0,4,2,16
,2023-31012,39.78843108,-104.9316103,8/7/2023 9:33,9:33:00,12,0,0, DAHLIA ST & E 50TH AVE,1,1,0,0,1,4,0,0,30,0,0,0,0,0,4,2,13
,2023-31014,39.670989,-105.0195617,8/5/2023 4:34,4:34:00,6,0,1,W HILLSIDE AVE & S CLAY ST,1,3,0,0,1,3,0,0,,0,0,0,0,2,4,2,16
,2023-31018,39.7436678,-105.0252094,7/15/2023 0:40,0:40:00,12,0,0, FEDERAL BLVD & W 17TH AVE,1,3,0,0,1,4,0,0,,0,0,0,0,0,2,2,16
,2023-31027,39.78121545,-104.8017356,7/10/2023 7:46,7:46:00,5,0,0,15997 E ELK PL & E ELK DR,1,1,0,0,2,9,0,0,25,0,0,0,0,0,4,1,3
,2023-31028,39.7401711,-105.0139233,8/6/2023 3:19,3:19:00,5,0,1,I-25 & W COLFAX AVE,1,3,1,0,2,8,0,0,55,0,0,0,0,1,1,1,16
,2023-31029,39.7298704,-105.0150143,8/7/2023 15:11,15:11:00,12,0,0,I-25 & NB ON RAMP GORE PT FROM 6TH AVE,1,1,0,0,1,8,0,0,65,0,0,0,0,0,2,2,8
,2023-31031,39.75290257,-104.9874147,7/30/2023 21:42,21:42:00,12,0,0, BROADWAY ST & CURTIS ST,1,3,0,0,1,1,0,0,35,0,0,0,0,0,4,2,16
,2023-31032,39.70155194,-105.0324313,7/26/2023 10:46,10:46:00,6,0,0, KNOX CT & W ADA PL,1,1,0,0,1,4,0,0,,0,0,0,0,0,4,2,16
,2023-31035,39.79826158,-104.8200498,8/7/2023 18:36,18:36:00,12,0,1,E 56TH AVE & N CROWN BLVD,1,1,0,0,1,1,0,0,40,0,0,0,0,1,4,2,16
,2023-31036,39.71819748,-104.9732429,7/5/2023 16:45,16:45:00,12,0,0,E SPEER BLVD & N DOWNING ST,1,1,0,0,1,1,0,0,,0,0,0,0,0,4,2,16
,2023-31037,39.74000872,-104.9684733,8/3/2023 2:00,2:00:00,2,0,0,E COLFAX AVE & FRANKLIN ST,14,5,3,7,1,4,0,0,,1,0,0,0,0,2,1,16
,2023-31040,39.76273951,-104.9405077,7/6/2023 12:45,12:45:00,16,0,0,3260  COLORADO BLVD,1,1,0,0,5,7,0,0,,0,0,0,0,0,3,2,16
,2023-31041,39.7474329,-104.9034479,4/12/2023 19:18,19:18:00,3,0,0, QUEBEC & MONTVIEW BLVD,1,2,0,0,1,1,0,0,30,0,0,0,0,0,4,2,13
,2023-31042,39.77641719,-104.8728449,7/9/2023 0:06,0:06:00,12,0,0,I-70 & N HAVANA ST,1,3,0,0,1,4,0,0,55,0,0,0,0,0,1,2,16
,2023-31044,39.75268614,-104.9874255,7/2/2023 23:28,23:28:00,12,0,0,22ND ST & CURTIS ST,1,3,0,0,1,4,0,0,35,0,0,0,0,0,4,2,1
,2023-31057,39.75672599,-104.9293979,7/21/2023 12:04,12:04:00,6,0,0, ELM ST & E 26TH AVE,1,1,0,0,1,4,0,0,20,0,0,0,0,0,4,3,16
,2023-31110,39.78232987,-104.8828159,7/11/2023 16:00,16:00:00,3,0,1,E 47TH AVE & N CENTRAL PARK BLVD,1,1,0,0,1,1,0,0,40,0,0,0,0,2,4,2,16
,2023-31112,39.77559873,-104.8654606,6/26/2023 14:45,14:45:00,12,0,2,I-70 & N HAVANA ST,1,1,0,0,1,4,0,0,65,0,0,0,1,3,1,6,11
,2023-31114,39.72559892,-104.9658714,8/8/2023 14:00,14:00:00,10,0,0,E 6TH AVE & N WILLIAMS ST,1,1,0,0,1,1,0,0,30,0,0,0,0,0,4,3,3
,2023-31117,39.69127548,-105.0355319,8/8/2023 15:54,15:54:00,3,0,1,W ARKANSAS AVE & S MEADE ST,1,1,0,0,1,1,0,0,25,0,0,0,0,1,4,2,13
,2023-31119,39.7112788,-104.9035054,8/8/2023 18:54,18:54:00,1,0,0,E ALAMEDA AVE & S QUEBEC ST,1,1,0,0,1,1,0,0,40,0,0,0,0,0,4,2,16
,2023-31121,39.77693683,-104.881533,8/7/2023 16:28,16:28:00,12,0,0,I-270 & I-70 ON RAMP MERGE PT,1,1,1,0,1,8,0,0,55,0,0,0,0,0,1,2,3
,2023-31125,39.7429067,-104.9916448,8/5/2023 12:25,12:25:00,10,0,0,15TH ST & GLENARM PL,1,1,0,0,1,1,0,0,30,0,0,0,0,0,4,2,13
,2023-31127,39.67529692,-105.0250402,8/8/2023 14:33,14:33:00,1,0,0, FEDERAL BLVD & W ILIFF AVE,1,1,1,0,1,1,0,0,40,0,0,0,0,0,2,2,13
,2023-31130,39.77242164,-105.0205346,7/30/2023 10:45,10:45:00,6,0,0, CLAY ST & W 40TH AVE,1,1,0,0,1,4,0,0,,0,0,0,0,0,4,2,16
,2023-31131,39.72571393,-105.0249138,8/8/2023 11:02,11:02:00,3,0,0, FEDERAL BLVD & W 6TH AVE WB ON RAMP,1,1,0,0,1,1,0,0,40,0,0,0,0,0,2,2,16
,2023-31132,39.71258967,-104.9101313,7/1/2023 16:16,16:16:00,16,0,0,6762 E CEDAR AVE & PRIVATE PROPERTY,1,1,0,0,5,7,0,0,10,0,0,0,0,0,3,1,10
,2023-31137,39.63118528,-104.8924172,8/8/2023 15:24,15:24:00,1,0,2, DTC BLVD & E UNION AVE,1,1,0,0,1,1,0,0,35,0,0,0,0,3,4,2,16
,2023-31140,39.67847075,-104.9239107,8/7/2023 10:45,10:45:00,12,0,1,E EVANS AVE & S HUDSON ST,1,1,0,0,1,1,0,0,30,0,0,0,0,1,4,2,3
,2023-31142,39.71409551,-104.9407885,8/8/2023 7:18,7:18:00,15,0,0, COLORADO BLVD & E BAYAUD AVE,1,1,1,0,1,4,0,0,35,0,0,0,0,0,2,2,11
,2023-31145,39.81812994,-104.7720223,8/8/2023 15:44,15:44:00,12,0,2, TOWER RD & HIGH POINT BLVD,1,1,0,0,1,4,0,0,45,0,0,0,0,1,4,2,1
,2023-31149,39.70382748,-104.9423191,8/7/2023 13:30,13:30:00,9,0,0,E EXPOSITION AVE & S HARRISON ST,1,1,0,0,1,4,0,0,25,0,0,0,0,0,4,2,3
,2023-31156,39.73837846,-104.9540618,8/6/2023 8:18,8:18:00,6,0,0,E 14TH AVE & N VERBENA ST,1,1,0,0,1,4,0,0,30,0,0,0,0,0,4,2,1
,2023-31162,39.71657277,-105.0263367,8/5/2023 11:00,11:00:00,3,0,0, GROVE ST & W ELLSWORTH AVE,1,1,0,0,1,1,0,0,20,0,0,0,0,0,4,2,8
,2023-31164,39.674854,-104.9122271,8/7/2023 17:23,17:23:00,15,0,1,E ILIFF AVE & S MONACO ST,1,1,0,0,1,4,0,0,25,0,0,0,0,1,4,4,16
,2023-31184,39.73681247,-104.9586078,8/7/2023 11:40,11:40:00,3,0,0,E 13TH AVE & N JOSEPHINE ST,1,1,0,0,1,1,0,0,30,0,0,0,0,0,4,2,13
,2023-31185,39.73078542,-105.002831,8/7/2023 14:34,14:34:00,2,0,1, MARIPOSA ST & W 9TH AVE,1,1,0,0,1,4,0,0,30,1,0,0,0,1,4,1,11
,2023-31190,39.70625317,-104.9962573,7/21/2023 23:56,23:56:00,1,0,2, SANTA FE DR & I-25 NB OFF RAMP,1,3,0,0,1,1,0,0,55,0,0,0,1,3,2,2,1
,2023-31191,39.7684921,-104.8656288,8/8/2023 11:00,11:00:00,12,0,0,E SMITH RD & N HAVANA ST,1,1,0,0,1,3,0,0,40,0,0,0,0,0,4,2,11
,2023-31192,39.71503169,-105.0456483,6/17/2023 19:07,19:07:00,6,0,1, VRAIN ST & W BAYAUD AVE,1,1,1,0,1,4,0,0,25,0,0,0,0,3,4,2,10
,2023-31195,39.7459593,-104.9861193,8/8/2023 12:34,12:34:00,15,0,0, LINCOLN ST & E 19TH AVE,1,1,0,0,1,4,0,0,30,0,0,0,0,0,4,2,11
,2023-31199,39.78013264,-104.9671135,8/7/2023 15:41,15:41:00,12,0,2,I-70 & N BRIGHTON BLVD,1,1,0,0,1,4,0,0,,0,0,0,0,1,1,4,16
,2023-31201,39.73169937,-104.9835862,8/6/2023 13:30,13:30:00,10,0,0, GRANT ST & E 10TH AVE,1,1,0,0,1,2,0,0,30,0,0,0,0,0,4,2,13
,2023-31203,39.71663914,-104.9826324,8/7/2023 13:34,13:34:00,6,0,0, LOGAN ST & E ELLSWORTH AVE,1,1,0,0,1,4,0,1,25,0,0,0,0,0,4,2,10
,2023-31205,39.74538173,-104.9936782,7/31/2023 13:09,13:09:00,6,0,0,STOUT ST & 16TH ST,1,1,0,0,1,4,0,0,,0,0,0,0,0,4,2,16
,2023-31206,39.7875804,-104.8097717,8/7/2023 19:25,19:25:00,12,0,0, CHAMBERS RD & E 52ND AVE,1,1,0,0,1,4,0,0,35,0,0,0,0,0,4,2,3
,2023-31207,39.73203602,-104.9775986,8/6/2023 13:25,13:25:00,3,0,0,E 10TH AVE & N CLARKSON ST,1,1,0,0,1,1,0,0,30,0,0,0,0,0,4,2,11
,2023-31210,39.7564442,-104.9898371,8/7/2023 6:25,6:25:00,3,0,4,MARKET ST & PARK AVE,1,1,0,0,1,1,0,0,30,0,0,0,0,2,4,2,16
,2023-31211,39.75005422,-105.0170085,8/7/2023 6:40,6:40:00,12,0,0,I-25 & W 23RD AVE,1,1,1,0,1,8,0,0,55,0,0,0,0,0,1,2,3
,2023-31214,39.78348928,-105.0118118,8/8/2023 7:37,7:37:00,12,0,0,I-70 & N PECOS ST,1,1,1,0,1,4,0,0,55,0,0,0,0,0,1,2,3
,2023-31215,39.70036969,-105.0398097,2/26/2023 19:20,19:20:00,8,0,2,W KENTUCKY AVE & S PATTON CT,1,3,0,0,6,4,0,0,25,0,0,0,0,3,4,3,13
,2023-31218,39.72891422,-104.9861524,7/22/2023 15:59,15:59:00,15,0,2, LINCOLN ST & E 8TH AVE,1,1,0,0,1,4,0,0,30,0,0,0,1,3,4,2,11
,2023-31219,39.68933346,-104.896746,8/3/2023 18:56,18:56:00,1,0,2,E FLORIDA AVE & S QUEBEC WY,1,1,1,0,1,1,0,0,25,0,0,0,0,1,4,2,1
,2023-31220,39.76776149,-104.9955029,8/2/2023 5:58,5:58:00,12,0,0,I-25 & PARK AVE W,1,1,0,0,1,4,0,0,55,0,0,0,0,0,1,3,13
,2023-31221,39.75575778,-104.9889473,8/6/2023 11:15,11:15:00,10,0,0,PARK AVE W & LARIMER ST,1,1,0,0,1,1,0,0,30,0,0,0,0,0,4,3,8
,2023-31223,39.62363805,-104.9016648,8/8/2023 7:48,7:48:00,12,0,0,I-25 & E BELLEVIEW AVE,1,1,0,0,1,4,0,0,65,0,0,0,0,0,1,2,16
,2023-31227,39.71890186,-104.9127733,7/26/2023 14:51,14:51:00,9,0,1, MONACO ST & E 1ST AVE,1,1,0,0,1,4,0,0,30,0,0,0,1,3,4,1,7
,2023-31228,39.7150894,-104.98996,8/8/2023 14:12,14:12:00,6,0,0, BANNOCK ST & E BAYAUD AVE,1,1,0,0,1,4,0,0,25,0,0,0,0,0,4,3,16
,2023-31229,39.72506404,-104.9862577,8/8/2023 8:16,8:16:00,15,0,0, LINCOLN ST & E 6TH AVE,1,1,0,0,1,3,0,0,30,0,0,0,0,0,4,2,11
,2023-31232,39.73676153,-104.9193012,7/7/2023 15:30,15:30:00,12,0,0,E 13TH AVE & N JERSEY ST,1,1,0,0,1,4,0,0,30,0,0,0,0,0,4,2,16
,2023-31237,39.73363766,-104.994103,8/7/2023 7:39,7:39:00,3,0,0, SPEER BLVD & N ELATI ST,1,1,0,0,1,1,0,0,35,0,0,0,0,0,4,2,16
,2023-31239,39.68486728,-104.9034428,8/7/2023 14:30,14:30:00,12,0,0, QUEBEC ST & E CHERRY CREEK S DR,1,1,0,7,1,1,0,0,30,0,0,0,0,0,4,2,3
,2023-31240,39.75630609,-105.0158242,8/7/2023 13:35,13:35:00,1,0,0, SPEER BLVD & N ZUNI ST,1,1,1,0,1,1,0,0,35,0,0,0,0,0,4,2,13
,2023-31241,39.77774757,-104.9892024,8/7/2023 15:33,15:33:00,12,0,0,I-25 & I-70,1,1,0,0,1,4,0,0,55,0,0,0,0,0,1,2,3
,2023-31243,39.79379568,-104.8613527,7/10/2023 7:35,7:35:00,5,0,0,E 54TH AVE & N JOLIET ST,1,1,0,0,2,4,0,0,25,0,0,0,0,0,4,1,16
,2023-31244,39.71831785,-104.9789857,8/7/2023 21:55,21:55:00,6,0,0,E 1ST AVE & N WASHINGTON ST,1,4,0,0,1,4,0,0,30,0,0,0,0,0,4,2,3
,2023-31246,39.76908148,-104.8926691,8/8/2023 1:00,1:00:00,9,0,1,E 37TH PL & N UINTA ST,1,3,0,0,1,4,0,0,25,0,0,0,0,2,4,1,2
,2023-31247,39.74007935,-104.9124455,8/7/2023 22:20,22:20:00,1,0,0,E COLFAX AVE & N MONACO ST PKWY,1,3,0,0,1,1,0,0,35,0,0,0,0,0,2,2,16
,2023-31250,39.74486785,-104.9824128,7/20/2023 8:28,8:28:00,12,0,0,E 18TH AVE & LOGAN ST,1,1,0,0,1,4,0,0,25,0,0,0,0,0,4,2,13
,2023-31254,39.65308281,-104.8987252,7/27/2023 19:15,19:15:00,1,0,1, TAMARAC DR & E HAMPDEN AVE,1,1,1,0,1,1,0,0,40,0,0,0,0,2,2,2,16
,2023-31255,39.78362655,-104.9800796,8/8/2023 9:20,9:20:00,6,0,0, PEARL ST & E 48TH AVE,1,1,0,0,1,3,0,0,20,0,0,0,0,0,4,2,10
,2023-31260,39.74483533,-104.9761473,8/7/2023 7:21,7:21:00,3,0,1, EMERSON ST & E 18TH AVE,1,1,0,0,1,1,0,0,25,0,0,0,0,2,4,2,11
,2023-31261,39.70036537,-105.037863,7/7/2023 4:13,4:13:00,5,0,3,3895 W KENTUCKY AVE & S OSCEOLA ST,1,3,0,0,3,4,0,0,30,0,0,0,0,3,4,1,16
,2023-31262,39.72567749,-104.9940196,8/7/2023 8:28,8:28:00,10,0,0,W 6TH AVE & N ELATI ST,1,1,0,0,1,1,0,0,30,0,0,0,0,0,4,2,3
,2023-31266,39.76386656,-104.9948035,8/7/2023 16:45,16:45:00,12,0,1,PARK AVE W & N GLOBEVILLE RD,11,1,1,1,1,4,0,0,35,0,0,0,0,1,4,2,13
,2023-31269,39.73202004,-104.9810305,8/8/2023 12:00,12:00:00,3,0,0, PENNSYLVANIA ST & E 10TH AVE,1,1,3,0,1,1,0,0,35,0,0,0,0,0,4,2,11
,2023-31270,39.76910179,-104.9406468,7/23/2023 16:40,16:40:00,4,0,0, COLORADO BLVD & E 38TH AVE,1,1,0,0,1,4,0,0,35,0,0,0,0,0,2,1,16
,2023-31271,39.77317964,-104.8098771,8/8/2023 11:05,11:05:00,3,0,5, CHAMBERS RD & E 40TH AVE,1,1,1,0,1,1,0,0,40,0,0,0,0,1,4,2,1
,2023-31272,39.71590688,-104.9593101,8/6/2023 21:50,21:50:00,3,0,0, UNIVERSITY BLVD & E CHERRY CREEK S DR,1,3,0,0,1,3,0,0,30,0,0,0,0,0,4,2,16
,2023-31274,39.75130621,-104.9964446,8/8/2023 11:20,11:20:00,10,0,0,MARKET ST & 17TH ST,1,1,0,0,1,2,0,0,30,0,0,0,0,0,4,2,11
,2023-31278,39.74002375,-104.9980265,8/7/2023 7:05,7:05:00,3,0,2,W COLFAX AVE & N SPEER BLVD,1,1,0,0,1,1,0,0,30,0,0,0,0,2,2,2,13
,2023-31279,39.82600001,-104.7466552,8/7/2023 22:25,22:25:00,5,0,1,E-470 & PENA BLVD OFF RAMP GORE PT,1,3,0,0,3,8,0,0,75,0,0,0,0,2,2,1,10
,2023-31281,39.79454598,-104.8414991,8/8/2023 8:45,8:45:00,6,0,0,E 55TH AVE & N STRANTON ST,1,1,0,0,1,4,0,0,20,0,0,0,0,0,4,2,3
,2023-31282,39.84386447,-104.6764799,8/7/2023 22:32,22:32:00,3,0,2, PATSBURG ST,1,3,3,0,1,1,0,0,35,0,0,0,0,3,4,2,16
,2023-31285,39.71121223,-105.0275522,8/6/2023 14:10,14:10:00,12,0,0,W ALAMEDA AVE & S HAZEL CT,1,1,0,0,1,2,0,0,,0,0,0,0,0,2,2,16
,2023-31286,39.72349863,-105.0250226,8/8/2023 12:34,12:34:00,12,0,0, FEDERAL BLVD & W 5TH AVE,1,1,0,0,1,3,0,0,35,0,0,0,0,0,2,2,16
,2023-31287,39.77988079,-104.9671653,8/7/2023 10:40,10:40:00,15,0,0, BRIGHTON BLVD & E 46TH S AVE,1,1,0,0,1,1,0,0,25,0,0,0,0,0,2,2,16
,2023-31288,39.83184468,-104.6929574,8/7/2023 11:35,11:35:00,1,0,0, JACKSON GAP ST & E 75TH AVE,1,1,0,0,1,1,0,0,35,0,0,0,0,0,4,2,11
,2023-31289,39.69858625,-104.9035341,8/8/2023 13:28,13:28:00,3,0,1, PARKER RD & S QUEBEC ST,1,1,1,0,1,1,0,0,35,0,0,0,0,1,2,2,16
,2023-31290,39.67838512,-104.9128802,8/7/2023 12:09,12:09:00,15,0,0, MONACO ST & E EVANS AVE,1,1,0,0,1,3,0,0,35,0,0,0,0,0,4,2,11
,2023-31291,39.74021089,-104.9046084,8/7/2023 15:30,15:30:00,3,0,0, POPLAR ST & E COLFAX AVE,1,1,0,0,1,1,0,0,20,0,0,0,0,0,2,2,11
,2023-31292,39.70046047,-104.912888,8/8/2023 6:34,6:34:00,15,0,0, MONACO ST & E KENTUCKY AVE,1,1,0,0,1,4,0,0,35,0,0,0,0,0,4,2,16
,2023-31293,39.73685636,-104.9957088,8/8/2023 11:12,11:12:00,3,0,0,W 13TH AVE & N SPEER BLVD,1,1,0,0,1,1,0,0,30,0,0,0,0,0,4,2,11
,2023-31294,39.71389934,-104.9394199,7/20/2023 20:40,20:40:00,12,0,0,LEETSDALE DR & E SHANGRI LA DR,1,3,0,0,1,1,0,0,35,0,0,0,0,0,2,2,16
,2023-31296,39.6967418,-105.0204178,8/4/2023 18:35,18:35:00,5,0,1,W MISSISSIPPI AVE & S CLAY ST,1,1,0,0,2,4,0,0,30,0,0,0,0,2,4,3,2
,2023-31300,39.68971845,-104.9727568,8/8/2023 8:13,8:13:00,12,0,1,I-25 & S DOWNING ST,1,1,0,0,1,4,0,0,55,0,0,0,0,1,1,4,16
,2023-31301,39.73997416,-104.9610267,6/30/2023 12:00,12:00:00,11,0,1,2122 E COLFAX AVE & GAYLORD ST,1,1,3,0,1,2,0,0,,0,1,0,0,2,2,1,16
,2023-31302,39.693172,-105.0495604,8/8/2023 8:55,8:55:00,3,0,0, XAVIER ST & W LOUISIANA AVE,1,1,0,0,1,1,0,0,25,0,0,0,0,0,4,2,16
,2023-31303,39.74193748,-105.0520747,8/8/2023 13:46,13:46:00,3,0,0,W 16TH AVE & N ZENOBIA ST,1,1,0,0,1,1,0,0,20,0,0,0,0,0,4,2,11
,2023-31308,39.74584979,-104.9978646,7/15/2023 12:27,12:27:00,6,0,0,14TH ST & ARAPAHOE ST,1,1,0,0,1,4,0,0,,0,0,0,0,0,4,2,16
,2023-31310,39.74046579,-105.0154258,7/23/2023 2:19,2:19:00,12,0,1,W COLFAX AVE & I-25 SB OFF RAMP,1,3,0,0,1,1,0,0,40,0,0,0,0,2,2,2,16
,2023-31311,39.72132605,-105.0084912,8/7/2023 12:13,12:13:00,12,0,0,I-25 OFF RAMP & W 6TH AVE,1,1,1,0,1,8,0,0,55,0,0,0,0,0,1,2,13
,2023-31313,39.77852394,-104.9127263,8/7/2023 9:01,9:01:00,12,0,0,I-70 & N HOLLY ST,1,1,1,0,1,4,0,0,55,0,0,0,0,0,1,2,16
,2023-31363,39.78414762,-105.0267942,7/26/2023 5:44,5:44:00,15,0,0,I-70 & N FEDERAL BLVD,1,1,0,0,1,4,0,0,55,0,0,0,0,0,1,2,13
,2023-31371,39.70567576,-104.9593288,8/9/2023 13:00,13:00:00,1,0,0, UNIVERSITY BLVD & E CENTER AVE,1,1,0,0,1,1,0,0,30,0,0,0,0,0,4,2,3
,2023-31373,39.71127087,-105.0348952,8/4/2023 15:54,15:54:00,12,0,0,W ALAMEDA AVE & S LOWELL BLVD,1,1,0,0,1,3,0,0,30,0,0,0,0,0,2,3,8
,2023-31377,39.77852041,-104.9138391,8/9/2023 7:42,7:42:00,15,0,0,I-70 & N MONACO ST,1,1,0,0,1,4,0,0,55,0,0,0,0,0,1,2,11
,2023-31383,39.76931829,-105.0252314,8/9/2023 14:06,14:06:00,12,0,0, FEDERAL BLVD & W 38TH AVE,1,1,0,0,1,1,0,0,30,0,0,0,0,0,2,2,13
,2023-31386,39.71127087,-105.0348952,8/4/2023 15:53,15:53:00,12,0,0,W ALAMEDA AVE & S LOWELL BLVD,1,1,0,0,1,3,0,0,30,0,0,0,0,0,2,2,8
,2023-31387,39.74327188,-104.9823503,7/30/2023 11:08,11:08:00,3,0,0,E 17TH AVE & N LOGAN ST,1,1,0,0,1,1,0,0,30,0,0,0,0,0,4,2,16
,2023-31388,39.73528869,-105.0077721,8/9/2023 8:15,8:15:00,3,0,0,W 12TH AVE & N QUIVAS ST,1,1,0,0,1,1,0,0,25,0,0,0,0,0,4,2,1
,2023-31389,39.73818576,-105.0138472,8/8/2023 16:32,16:32:00,12,0,0,I-25 & W COLFAX AVE,1,1,1,0,1,4,0,0,55,0,0,0,0,0,1,2,10
,2023-31392,39.78026863,-104.9343212,8/8/2023 16:30,16:30:00,12,0,0,I-70 & N COLORADO BLVD,1,1,0,0,1,4,0,0,55,0,0,0,0,0,1,2,16
,2023-31396,39.72910382,-104.987404,8/8/2023 20:00,20:00:00,2,0,1, BROADWAY ST & E 8TH AVE,1,3,0,7,1,1,0,0,,1,0,0,0,1,4,1,1
,2023-31400,39.73833311,-104.9439761,8/9/2023 17:01,17:01:00,12,0,0,E 14TH AVE & N GARFIELD ST,1,1,0,0,1,1,0,0,35,0,0,0,0,0,4,2,13
,2023-31403,39.74395439,-105.0392971,8/9/2023 18:14,18:14:00,15,0,0,W 17TH AVE & N PERRY ST,1,1,0,0,1,4,0,0,20,0,0,0,0,0,4,3,3
,2023-31406,39.73989551,-105.0139004,8/4/2023 3:12,3:12:00,5,0,0,I-25 & W COLFAX AVE,1,3,1,0,2,4,0,0,55,0,0,0,0,0,1,1,16
,2023-31407,39.71836773,-104.9874976,7/30/2023 1:25,1:25:00,5,0,0, BROADWAY ST & E 1ST AVE,1,3,0,0,3,1,0,0,,0,0,0,0,0,4,1,16
,2023-31408,39.70421707,-104.9663308,8/8/2023 11:31,11:31:00,6,0,0, WILLIAMS ST & E EXPOSITION AVE,1,1,0,0,1,4,0,0,25,0,0,0,0,0,4,3,16
,2023-31416,39.62417927,-105.0937842,8/7/2023 19:14,19:14:00,12,0,0,W BELLEVIEW AVE & S CODY ST,1,1,0,0,1,3,0,0,40,0,0,0,0,0,4,3,3
,2023-31417,39.62417599,-105.0934944,8/3/2023 14:47,14:47:00,12,0,0,W BELLEVIEW AVE & S CODY ST,1,1,0,0,1,3,0,0,40,0,0,0,0,0,4,2,3
,2023-31422,39.73835002,-104.949476,8/8/2023 13:58,13:58:00,3,0,0, STEELE ST & E 14TH AVE,1,1,0,0,1,1,0,0,25,0,0,0,0,0,4,2,13
,2023-31425,39.76911591,-104.9952965,7/24/2023 5:49,5:49:00,12,0,0,W 38TH AVE & N FOX ST,1,1,0,0,1,4,0,0,35,0,0,0,0,0,4,2,13
,2023-31427,39.67888724,-104.9343858,7/17/2023 17:30,17:30:00,12,0,0,I-25 & E EVANS AVE,1,1,0,0,1,4,0,0,65,0,0,0,0,0,2,2,16
,2023-31429,39.7261813,-105.014509,8/4/2023 5:55,5:55:00,9,0,0,I-25 SB OFF RAMP & W 6TH AVE FWY,1,2,0,0,1,8,0,0,55,0,0,0,1,0,1,1,16
,2023-31432,39.73873503,-105.0322681,7/15/2023 19:50,19:50:00,6,0,0,1411  KNOX CT & W 14TH AVE,1,1,0,0,1,4,0,0,,0,0,0,0,0,4,2,16
,2023-31433,39.77387123,-104.9082132,8/6/2023 10:49,10:49:00,6,0,0, ONEIDA ST & SANDOWN RD,1,1,0,0,1,4,0,0,20,0,0,0,0,0,4,2,16
,2023-31434,39.75024508,-104.9873899,8/9/2023 15:10,15:10:00,12,0,0, BROADWAY ST & STOUT ST,1,1,0,0,1,1,0,0,35,0,0,0,0,0,4,2,14
,2023-31436,39.72627909,-105.030033,8/5/2023 1:14,1:14:00,6,0,0,3303 W 6TH AVE & N IRVING ST,1,3,1,0,1,4,0,0,35,0,0,0,0,0,4,2,16
,2023-31437,39.74197101,-104.8928592,8/8/2023 13:30,13:30:00,10,0,0, UINTA ST & E 16TH AVE,1,1,0,0,1,1,0,0,30,0,0,0,0,0,4,2,16
,2023-31438,39.78007856,-104.9415291,8/8/2023 16:40,16:40:00,12,0,0,I-70 & N COLORADO BLVD,1,1,0,0,1,4,0,0,55,0,0,0,0,0,1,2,11
,2023-31439,39.67915108,-105.053268,8/7/2023 8:35,8:35:00,1,0,0, SHERIDAN BLVD & W EVANS AVE,1,1,0,0,1,1,0,0,,0,0,0,0,0,2,2,16
,2023-31440,39.76919623,-104.9428597,8/7/2023 21:44,21:44:00,3,0,0,E 38TH AVE & N JACKSON ST,1,4,0,0,1,1,0,0,25,0,0,0,0,0,4,3,16
,2023-31442,39.76185195,-105.0027718,8/9/2023 13:17,13:17:00,15,0,0,I-25 NB ON RAMP & 20TH ST,1,1,2,0,1,8,0,0,55,0,0,0,0,0,1,2,16
,2023-31443,39.72261363,-104.9826094,8/8/2023 16:20,16:20:00,15,0,0,E SPEER BLVD & N LOGAN ST,1,1,0,0,1,1,0,0,30,0,0,0,0,0,4,2,3
,2023-31444,39.77616045,-104.8824354,7/25/2023 17:30,17:30:00,12,0,0,I-70 EB ON RAMP & N CENTRAL PARK BLVD,1,1,0,0,1,8,0,0,40,0,0,0,0,0,1,2,3