id,drcog_id,latitude,longitude,crashtime,time,crashtype,numbkilled,numbinjurd,drcoglocat,rdconditin,lightngcon,roadcntgrd,weatherco,location,roaddescrp,schoolzone,constrzone,splimit,bikeinv,pedinv,sctrinv,motoinv,svrty,rdsystem,ttlvehcls,hcf
,2023-31449,39.7401435,-104.9461801,8/8/2023 15:28,15:28:00,6,0,0,E COLFAX AVE & N MADISON ST,1,1,0,0,1,4,0,0,35,0,0,0,0,0,2,2,13
,2023-31451,39.75839495,-105.0158351,6/15/2023 16:58,16:58:00,5,0,0, ZUNI ST & W 29TH AVE,1,1,1,0,3,1,0,0,25,0,0,0,0,0,4,1,16
,2023-31455,39.65648337,-105.0532238,8/9/2023 8:09,8:09:00,15,0,0, SHERIDAN BLVD & W DARTMOUTH AVE,1,1,0,0,1,4,0,0,40,0,0,0,0,0,2,2,13
,2023-31458,39.75013197,-104.9961917,7/29/2023 21:03,21:03:00,6,0,0,17TH ST & LARIMER ST,1,3,0,0,1,4,0,0,,0,0,0,0,0,4,2,16
,2023-31460,39.71679753,-105.0300168,8/8/2023 8:21,8:21:00,6,0,0, IRVING ST & W ELLSWORTH AVE,1,1,0,0,1,4,0,0,20,0,0,0,0,0,4,2,16
,2023-31463,39.69301884,-104.9855482,8/9/2023 2:00,2:00:00,6,0,0,E LOUISIANA AVE & S LINCOLN ST,1,4,0,0,1,4,0,0,25,0,0,0,0,0,4,2,16
,2023-31465,39.73210405,-105.00407,8/9/2023 9:02,9:02:00,3,0,0,W 10TH AVE & N NAVAJO ST,1,1,0,0,1,1,0,0,20,0,0,0,0,0,4,2,7
,2023-31468,39.69165108,-104.9764999,8/8/2023 14:29,14:29:00,12,0,1,I-25 & S EMERSON ST,1,1,0,0,1,4,0,0,55,0,0,0,0,1,1,2,13
,2023-31469,39.68214512,-104.9734342,7/17/2023 21:00,21:00:00,3,0,0,E JEWELL AVE & S DOWNING ST,1,3,0,5,1,1,0,0,,0,0,0,0,0,4,2,16
,2023-31472,39.73674539,-104.9418231,8/8/2023 11:15,11:15:00,3,0,0, HARRISON ST & E 13TH AVE,1,1,0,0,1,1,0,0,20,0,0,0,0,0,4,2,16
,2023-31473,39.83340667,-104.7718786,8/9/2023 14:58,14:58:00,1,0,0, TOWER RD & PENA BLVD INBOUND,1,1,1,0,1,1,0,0,40,0,0,0,0,0,4,2,1
,2023-31474,39.71833382,-104.9739119,8/9/2023 11:09,11:09:00,3,0,0, CORONA ST & E SPEER BLVD,1,1,0,0,1,1,0,0,35,0,0,0,0,0,4,2,11
,2023-31477,39.76137661,-105.0045537,7/7/2023 20:19,20:19:00,12,0,2,I-25 & 20TH ST,1,1,0,0,1,4,0,0,55,0,0,0,1,3,1,2,16
,2023-31482,39.77363543,-105.025176,8/9/2023 12:00,12:00:00,12,0,0, FEDERAL BLVD & W 42ND AVE E,1,1,1,0,1,3,0,0,35,0,0,0,0,0,2,2,11
,2023-31483,39.66514904,-105.2061998,8/8/2023 22:48,22:48:00,16,0,0,18300 W ALAMEDA PKWY,1,3,0,0,5,7,0,0,10,0,0,0,0,0,3,2,11
,2023-31492,39.7736166,-104.8387592,8/9/2023 6:57,6:57:00,12,0,1,I-70 & N PEORIA ST,1,1,1,0,1,8,0,0,55,0,0,0,0,1,1,3,16
,2023-31494,39.65839857,-104.8619599,7/29/2023 9:30,9:30:00,16,0,0,10700 E DARTMOUTH AVE & S KENTON RD,1,3,0,0,5,7,0,0,,0,0,0,0,0,3,2,16
,2023-31495,39.72412214,-104.9985768,8/7/2023 16:50,16:50:00,3,0,1, SANTA FE DR & W 5TH AVE,1,1,0,0,1,1,0,0,35,0,0,0,0,1,4,2,1
,2023-31497,39.67844975,-104.9408559,7/26/2023 19:45,19:45:00,15,0,0,E EVANS AVE & S COLORADO BLVD,1,2,0,0,1,3,0,0,35,0,0,0,0,0,4,2,16
,2023-31498,39.70656709,-104.9827935,7/3/2023 15:48,15:48:00,11,0,1, LOGAN ST & E CENTER AVE,1,1,0,0,1,4,0,0,0,0,1,0,0,3,4,1,16
,2023-31500,39.74000304,-104.9672415,8/9/2023 13:15,13:15:00,10,0,0,E COLFAX AVE & N GILPIN ST,1,1,0,0,1,1,0,0,35,0,0,0,0,0,2,2,8
,2023-31502,39.72588235,-104.9862541,7/2/2023 0:30,0:30:00,11,0,1,E SPEER BLVD & N LINCOLN ST,1,3,0,0,1,1,0,0,0,0,1,0,0,3,4,1,16
,2023-31548,39.74879568,-104.9944402,7/27/2023 9:00,9:00:00,12,0,0,ARAPAHOE ST & 17TH ST,1,1,0,0,1,1,0,0,30,0,0,0,0,0,4,2,13
,2023-31551,39.83353753,-104.7036286,7/27/2023 14:49,14:49:00,10,0,1,JACKSON GAP RD,1,1,0,0,1,5,0,0,65,0,0,0,0,1,4,2,8
,2023-31552,39.77338813,-104.8470965,7/26/2023 14:33,14:33:00,3,0,0,I-70 EB OFF RAMP & N PEORIA ST,1,1,0,0,1,1,0,0,20,0,0,0,0,0,4,2,13
,2023-31553,39.72890541,-105.0016591,7/26/2023 4:32,4:32:00,6,0,0,W 8TH AVE & N LIPAN ST,1,3,0,0,3,4,0,0,25,0,0,0,0,0,4,2,16
,2023-31554,39.75847763,-105.0066735,7/27/2023 20:09,20:09:00,10,0,0,PLATTE ST & 17TH ST,1,3,0,0,1,2,0,0,25,0,0,0,0,0,4,2,11
,2023-31556,39.71105306,-104.8659621,7/27/2023 14:30,14:30:00,12,0,0,E ALAMEDA AVE & S HAVANA ST,1,1,0,0,1,3,0,0,35,0,0,0,0,0,2,2,3
,2023-31558,39.78256766,-104.876265,7/27/2023 13:45,13:45:00,1,0,2,E NORTHFIELD BLVD & N DALLAS ST,1,1,0,0,1,1,0,0,35,0,0,0,0,2,4,2,11
,2023-31560,39.76185195,-105.0027718,7/26/2023 14:48,14:48:00,12,0,2,I-25 NB ON RAMP & 20TH ST,1,1,1,0,1,8,0,0,55,0,0,0,0,1,1,2,16
,2023-31561,39.7080821,-104.8872919,7/27/2023 16:50,16:50:00,12,0,0,E ALAMEDA AVE & E FAIRMOUNT DR,1,1,0,0,1,4,0,0,40,0,0,0,0,0,4,2,13
,2023-31562,39.78210315,-104.9785748,7/27/2023 7:56,7:56:00,12,0,0, WASHINGTON ST & E 47TH AVE,1,1,0,0,1,4,0,0,40,0,0,0,0,0,4,2,16
,2023-31565,39.75307896,-104.9976165,7/22/2023 14:37,14:37:00,16,0,0,18TH ST & WAZEE ST,1,1,0,0,5,7,0,0,,0,0,0,0,0,3,2,16
,2023-31568,39.74001336,-104.9696945,7/27/2023 6:55,6:55:00,3,0,1,E COLFAX AVE & N HUMBOLDT ST,1,1,0,0,1,1,0,0,40,0,0,0,0,2,2,2,16
,2023-31573,39.78074142,-104.809843,7/27/2023 6:30,6:30:00,12,0,2, CHAMBERS RD & E BOLLING DR,1,1,0,0,1,3,0,0,45,0,0,0,0,2,4,2,11
,2023-31577,39.77813315,-104.9016239,7/27/2023 11:58,11:58:00,15,0,0,I-70 EB ON RAMP & N QUEBEC ST,1,1,0,0,1,8,0,0,55,0,0,0,0,0,1,2,16
,2023-31580,39.71419198,-104.9036385,7/27/2023 22:55,22:55:00,8,0,1, QUEBEC ST & E BAYAUD AVE,1,3,0,0,1,4,0,0,45,0,0,0,0,2,4,2,16
,2023-31581,39.70235322,-104.9885909,7/28/2023 11:21,11:21:00,12,0,3,I-25 & S BROADWAY,1,1,1,0,1,4,0,0,55,0,0,0,0,1,1,2,16
,2023-31582,39.73827814,-104.9406144,7/27/2023 7:40,7:40:00,3,0,0, COLORADO BLVD & E 14TH AVE,1,1,0,0,1,1,0,0,35,0,0,0,0,0,2,2,11
,2023-31583,39.68168215,-104.9405097,7/28/2023 1:51,1:51:00,1,0,2, COLORADO BLVD & I-25 FRONTAGE RD,1,3,0,0,1,1,0,0,40,0,0,0,0,1,2,2,7
,2023-31584,39.73087616,-104.9874029,7/28/2023 16:35,16:35:00,15,0,0, BROADWAY ST & W 9TH AVE,1,1,0,0,1,4,0,0,35,0,0,0,0,0,4,2,1
,2023-31585,39.7317923,-105.0158011,7/27/2023 16:09,16:09:00,12,0,0,I-25 & W 8TH AVE,1,1,0,0,1,4,0,0,55,0,0,0,0,0,1,2,16
,2023-31594,39.78366639,-104.9404567,7/27/2023 14:50,14:50:00,12,0,1, COLORADO BLVD & E 48TH AVE,1,1,0,1,1,3,0,0,35,0,0,0,0,1,2,2,13
,2023-31595,39.70490521,-104.9964153,7/27/2023 14:55,14:55:00,12,0,0, SANTA FE DR & I-25,14,5,3,7,1,4,0,0,45,0,0,0,0,0,2,2,1
,2023-31596,39.66778435,-105.0529112,7/27/2023 13:02,13:02:00,12,0,1,W YALE AVE & S SHERIDAN BLVD,1,1,0,0,1,3,0,0,30,0,0,0,0,1,4,2,16
,2023-31597,39.70880909,-104.9975989,7/26/2023 14:49,14:49:00,12,0,2,I-25 & W ALAMEDA AVE,1,1,1,0,1,4,0,0,55,0,0,0,0,1,1,2,13
,2023-31600,39.74322663,-104.9672165,7/27/2023 8:42,8:42:00,3,0,1, GILPIN ST & E 17TH AVE,1,1,0,0,1,1,0,0,25,0,0,0,0,2,4,2,11
,2023-31601,39.74021272,-104.8987605,7/27/2023 16:51,16:51:00,12,0,0, SYRACUSE ST & E COLFAX AVE,1,1,0,0,1,4,0,0,30,0,0,0,0,0,4,2,13
,2023-31604,39.75094487,-104.9328333,7/27/2023 13:10,13:10:00,6,0,0, DEXTER ST & E 23RD AVE,1,1,0,0,1,4,0,0,25,0,0,0,0,0,4,2,13
,2023-31609,39.65297724,-104.9181951,7/27/2023 11:27,11:27:00,15,0,0,E HAMPDEN AVE & I-25,1,1,0,0,1,1,0,0,35,0,0,0,0,0,2,2,8
,2023-31613,39.72564192,-104.9034076,7/28/2023 15:56,15:56:00,12,0,0, QUEBEC ST & E 6TH AVE,1,1,0,0,1,1,0,0,35,0,0,0,0,0,4,3,10
,2023-31614,39.69843251,-104.9031386,7/28/2023 9:58,9:58:00,12,0,0, PARKER RD & S QUEBEC ST,1,1,0,0,1,3,0,0,35,0,0,0,0,0,2,2,14
,2023-31615,39.76073866,-104.9597586,7/28/2023 7:49,7:49:00,3,0,2, YORK ST & E 31ST AVE,1,1,0,0,1,1,0,0,30,0,0,0,0,1,4,3,16
,2023-31617,39.76004605,-104.8658554,7/29/2023 2:39,2:39:00,3,0,0, HAVANA ST & E MLK JR BLVD,1,3,0,0,1,1,0,0,30,0,0,0,0,0,4,2,16
,2023-31623,39.73371407,-104.9719076,7/25/2023 2:00,2:00:00,6,0,0,E 11TH AVE & N MARION ST,1,3,0,0,1,4,0,0,,0,0,0,0,0,4,4,16
,2023-31625,39.71110264,-104.9769191,7/26/2023 8:26,8:26:00,3,0,0,E ALAMEDA AVE & S EMERSON ST,1,1,0,0,1,1,0,0,30,0,0,0,0,0,4,2,13
,2023-31628,39.79836695,-104.7863798,7/27/2023 15:57,15:57:00,3,0,1, OFF RAMP & E 56TH AVE,1,1,0,0,1,1,0,0,40,0,0,0,0,1,4,2,11
,2023-31629,39.72532042,-105.0529374,7/27/2023 23:16,23:16:00,12,0,0,W 6TH AVE EB ON RAMP SLIP & N SHERIDAN BLVD,1,3,2,0,1,8,0,0,25,0,0,0,0,0,2,2,13
,2023-31632,39.74323368,-104.9726802,7/28/2023 7:15,7:15:00,3,0,0,PARK AVE & E 17TH AVE,1,1,0,0,1,1,0,0,30,0,0,0,0,0,4,2,11
,2023-31637,39.75133325,-104.9929365,7/27/2023 10:10,10:10:00,3,0,0,LAWRENCE ST & 19TH ST,1,1,0,0,1,1,0,0,20,0,0,0,0,0,4,2,14
,2023-31643,39.72328221,-105.011011,7/28/2023 9:45,9:45:00,12,0,0,I-25 & W 6TH AVE FWY,1,1,1,0,1,4,0,0,55,0,0,0,0,0,1,2,16
,2023-31644,39.71133498,-104.9364948,7/28/2023 8:07,8:07:00,15,0,0,E ALAMEDA AVE & LEETSDALE DR,1,1,1,0,1,1,0,0,30,0,0,0,0,0,2,2,7
,2023-31645,39.77977015,-104.9410973,7/28/2023 16:51,16:51:00,10,0,0,I-70 EB OFF RAMP & N COLORADO BLVD,1,1,0,0,1,1,0,0,30,0,0,0,0,0,2,2,14
,2023-31646,39.7448519,-104.9787086,7/27/2023 9:50,9:50:00,15,0,0,E 18TH AVE & N WASHINGTON ST,1,1,0,0,1,1,0,0,30,0,0,0,0,0,4,2,3
,2023-31650,39.71780875,-104.9316235,7/27/2023 10:45,10:45:00,3,0,0, DAHLIA ST & E 1ST AVE,1,1,0,0,1,1,0,0,25,0,0,0,0,0,4,2,3
,2023-31654,39.72294414,-104.9820669,7/27/2023 9:11,9:11:00,15,0,0,E SPEER BLVD & N LOGAN ST,1,1,0,0,1,4,0,0,35,0,0,0,0,0,4,2,7
,2023-31656,39.77290475,-104.8478052,7/27/2023 11:49,11:49:00,12,0,0, PEORIA ST & E 40TH AVE,1,1,0,0,1,4,0,0,40,0,0,0,0,0,4,3,2
,2023-31657,39.79098857,-104.9398868,7/26/2023 8:39,8:39:00,1,0,1, COLORADO BLVD & E 52ND AVE,1,1,0,0,1,1,0,0,35,0,0,0,0,1,2,2,16
,2023-31658,39.78023716,-104.9668562,7/26/2023 12:18,12:18:00,3,0,1, BRIGHTON BLVD & E 46TH N AVE,1,1,0,0,1,1,0,0,35,0,0,0,0,1,2,2,16
,2023-31660,39.78389506,-105.0251029,7/27/2023 13:54,13:54:00,12,0,1, FEDERAL BLVD & I-70 EB RAMPS,1,1,0,0,1,3,0,0,30,0,0,0,0,1,2,3,13
,2023-31661,39.70041901,-105.0250845,7/27/2023 13:09,13:09:00,12,0,0, FEDERAL BLVD & W KENTUCKY AVE,1,1,0,0,1,3,0,0,35,0,0,0,0,0,2,2,3
,2023-31662,39.71472896,-104.9733924,7/27/2023 12:46,12:46:00,12,0,0, DOWNING ST & E BAYAUD AVE,1,1,0,0,1,2,0,0,30,0,0,0,0,0,4,2,11
,2023-31663,39.72571713,-105.0001487,7/28/2023 7:26,7:26:00,10,0,0, KALAMATH ST & W 6TH AVE,1,1,0,0,1,1,0,0,30,0,0,0,0,0,4,2,11
,2023-31664,39.74021883,-104.8987675,7/27/2023 7:37,7:37:00,1,0,0,E COLFAX AVE & N SYRACUSE ST,1,1,0,0,1,1,0,0,35,0,0,0,0,0,2,3,10
,2023-31665,39.78049437,-104.9668077,7/27/2023 8:48,8:48:00,3,0,0, BRIGHTON BLVD & I-70 WB RAMPS,1,1,0,0,1,1,0,0,40,0,0,0,0,0,2,2,16
,2023-31666,39.65615248,-105.0532234,7/27/2023 9:39,9:39:00,12,0,0, SHERIDAN BLVD & W DARTMOUTH AVE,1,1,0,0,1,2,0,0,25,0,0,0,0,0,2,2,3
,2023-31667,39.67317702,-105.0349109,7/26/2023 17:53,17:53:00,3,0,0,W WESLEY AVE & S LOWELL BLVD,1,2,0,0,1,1,0,0,30,0,0,0,0,0,4,2,3
,2023-31670,39.7383758,-104.9541427,7/28/2023 8:26,8:26:00,3,0,1, DETROIT ST & E 14TH AVE,1,3,0,0,1,1,0,0,30,0,0,0,0,2,4,2,14
,2023-31675,39.77913724,-104.9792167,7/28/2023 12:49,12:49:00,12,0,0,I-70 EB OFF RAMP & N WASHINGTON ST,1,1,0,0,1,1,0,0,35,0,0,0,0,0,4,2,16
,2023-31678,39.77870295,-104.9909172,7/27/2023 10:18,10:18:00,12,0,0,I-70 EB OFF RAMP & I-25,1,1,0,0,1,8,0,0,55,0,0,0,0,0,1,2,13
,2023-31680,39.77855253,-104.922293,7/27/2023 14:01,14:01:00,12,0,2,I-70 & N HOLLY ST,1,1,0,0,1,4,0,0,55,0,0,0,0,1,1,2,10
,2023-31683,39.66703085,-104.9407882,7/27/2023 9:50,9:50:00,15,0,0, COLORADO BLVD & E YALE AVE,1,1,0,0,1,4,0,0,35,0,0,0,0,0,2,2,11
,2023-31690,39.68228019,-105.0250196,7/28/2023 9:19,9:19:00,12,0,1, FEDERAL BLVD & W JEWELL AVE,1,1,0,0,1,3,0,0,35,0,0,0,0,1,2,3,16
,2023-31694,39.7294261,-104.9909748,7/28/2023 14:25,14:25:00,15,0,0, SPEER BLVD & BANNOCK ST,1,1,0,0,1,4,0,0,35,0,0,0,0,0,4,2,7
,2023-31695,39.72066102,-104.9862442,7/27/2023 23:28,23:28:00,6,0,0, LINCOLN ST & E 3RD AVE,1,3,0,0,3,4,0,0,30,0,0,0,0,0,4,2,11
,2023-31696,39.69896103,-104.9919015,7/28/2023 7:09,7:09:00,12,0,0, SANTA FE DR & W MISSISSIPPI AVE,1,1,0,0,1,4,0,0,45,0,0,0,0,0,2,2,16
,2023-31698,39.75800641,-104.9033938,7/28/2023 9:55,9:55:00,6,0,0, QUEBEC ST & E 29TH AVE,1,1,0,0,1,4,0,0,,0,0,0,0,0,4,2,16
,2023-31703,39.72529789,-105.0232163,7/27/2023 16:40,16:40:00,12,0,2,W 6TH AVE FWY ON RAMP & N FEDERAL BLVD,1,1,1,0,1,8,0,0,55,0,0,0,0,1,2,2,16
,2023-31704,39.7837947,-104.8007948,7/27/2023 15:01,15:01:00,12,0,0, OFF RAMP & E GREEN VALLEY RANCH BLVD,1,1,0,0,1,1,0,0,25,0,0,0,0,0,4,2,3
,2023-31705,39.72406155,-105.035102,7/28/2023 12:50,12:50:00,6,0,0, LOWELL BLVD & W 5TH AVE,1,1,1,0,1,4,0,0,25,0,0,0,0,0,4,2,13
,2023-31707,39.73995404,-105.0225112,7/28/2023 10:33,10:33:00,12,0,0,W COLFAX AVE & N ELIOT ST,1,1,0,0,1,4,0,0,40,0,0,0,0,0,2,2,13
,2023-31708,39.68802826,-104.9734225,7/28/2023 7:50,7:50:00,12,0,0, DOWNING ST & E IOWA AVE,1,1,1,0,1,4,0,0,30,0,0,0,0,0,4,2,14
,2023-31709,39.72413104,-104.9985652,7/28/2023 13:50,13:50:00,3,0,1,W 5TH AVE & N SANTA FE DR,1,1,0,0,1,1,0,0,25,0,0,0,0,2,4,2,13
,2023-31710,39.74814493,-105.0042556,7/29/2023 1:04,1:04:00,9,0,2,AURARIA PKWY & 12TH ST,1,3,0,0,6,1,0,0,30,0,0,0,1,2,4,1,1
,2023-31713,39.74411175,-104.9883708,7/29/2023 19:20,19:20:00,15,0,0,17TH ST & TREMONT PL,1,1,0,0,1,1,0,0,25,0,0,0,0,0,4,2,3
,2023-31714,39.67077264,-104.8660364,7/29/2023 11:57,11:57:00,3,0,0, PARKER RD & S HAVANA ST,1,1,0,0,1,1,0,0,45,0,0,0,0,0,2,3,16
,2023-31715,39.63861018,-104.8992857,7/28/2023 23:00,23:00:00,3,0,0, SYRACUSE ST & E QUINCY AVE,1,3,0,0,1,1,0,0,35,0,0,0,0,0,4,2,11
,2023-31716,39.79338224,-104.8266423,7/29/2023 17:55,17:55:00,15,0,0,E MAXWELL PL & N ATCHISON WY,1,1,0,0,1,4,0,0,35,0,0,0,0,0,4,3,13
,2023-31717,39.68695637,-104.903508,7/28/2023 18:00,18:00:00,15,0,0, QUEBEC ST & E CHERRY CREEK S DRIVE,1,2,0,0,1,3,0,0,35,0,0,0,0,0,4,2,13
,2023-31719,39.72547069,-105.0130013,7/18/2023 17:07,17:07:00,15,0,0,I-25 ON RAMP & W 6TH AVE UNDERPASS,1,1,1,0,1,8,0,0,,0,0,0,0,0,1,2,16
,2023-31720,39.72541634,-105.0258286,7/24/2023 20:58,20:58:00,5,0,0,W 6TH AVE FWY & N FEDERAL BLVD,1,1,0,0,3,4,0,0,55,0,0,0,0,0,2,1,14
,2023-31722,39.65297837,-104.9177301,7/22/2023 6:00,6:00:00,2,0,1,I-25 NB OFF RAMP & E HAMPDEN AVE,1,1,3,0,1,1,0,0,0,1,0,0,0,2,2,1,16
,2023-31723,39.7399973,-104.966002,7/21/2023 19:20,19:20:00,11,0,1,E COLFAX AVE & N WILLIAMS ST,1,1,0,0,1,1,0,0,35,0,1,0,0,2,2,1,3
,2023-31724,39.74751283,-104.9781948,7/29/2023 19:40,19:40:00,1,0,0,PARK AVE W & E 20TH AVE,1,2,0,0,1,3,0,0,30,0,0,0,0,0,4,2,11
,2023-31725,39.71778676,-104.9497802,7/28/2023 21:45,21:45:00,14,0,0,E 1ST AVE & N STEELE ST,1,3,0,0,6,3,0,0,30,0,0,0,0,0,4,2,16
,2023-31726,39.73080725,-105.0157964,7/29/2023 20:59,20:59:00,5,0,1,I-25 & SB EXIT TO W 8TH AVE,1,3,0,0,2,8,0,0,35,0,0,0,0,2,1,1,16
,2023-31727,39.63910542,-104.8854639,7/29/2023 6:57,6:57:00,12,0,1,I-225 & S YOSEMITE ST,1,1,0,0,1,4,0,0,60,0,0,0,1,2,1,2,16
,2023-31728,39.75638214,-104.9873815,7/29/2023 16:50,16:50:00,3,0,0,24TH ST & BROADWAY ST,1,1,0,0,1,1,0,0,,0,0,0,0,0,4,2,16
,2023-31729,39.76179384,-104.9406764,7/29/2023 14:04,14:04:00,3,0,2,E MLK JR BLVD & N COLORADO BLVD,1,1,0,0,1,1,0,0,30,0,0,0,0,3,2,2,10
,2023-31731,39.78327928,-105.0526335,7/29/2023 8:00,8:00:00,15,0,0,I-70 EB ON RAMP & N SHERIDAN BLVD,1,1,1,0,1,8,0,0,55,0,0,0,0,0,1,2,16
,2023-31733,39.7836187,-104.7741963,7/28/2023 21:54,21:54:00,1,0,0,E GREEN VALLEY RANCH BLVD & N TOWER RD,1,3,0,0,1,1,0,0,35,0,0,0,0,0,4,2,13
,2023-31734,39.74507738,-104.9888455,7/27/2023 4:00,4:00:00,3,0,0,GLENARM PL & 17TH ST,1,3,0,0,1,2,0,0,,0,0,0,0,0,4,2,6
,2023-31736,39.63453898,-104.9072731,7/28/2023 20:10,20:10:00,5,0,1,I-25 & I-225,1,2,0,7,2,4,0,0,55,0,0,0,1,3,1,1,7
,2023-31737,39.74014952,-104.9487979,7/21/2023 14:38,14:38:00,11,0,1,E COLFAX AVE & N STEELE ST,1,1,0,0,1,4,0,0,0,0,1,0,0,3,2,1,16
,2023-31738,39.76185075,-104.9259411,7/22/2023 18:36,18:36:00,2,0,1,E MLK JR BLVD & N GLENCO ST,1,1,0,0,1,9,0,0,0,1,0,0,0,3,4,1,16
,2023-31743,39.71656133,-104.986247,7/28/2023 21:59,21:59:00,15,0,0, LINCOLN ST & E ELLSWORTH AVE,1,3,0,0,1,4,0,0,30,0,0,0,0,0,4,2,11
,2023-31744,39.74632402,-104.9199626,7/29/2023 12:45,12:45:00,6,0,0, IVY ST & E 19TH AVE,1,1,0,0,1,4,0,0,20,0,0,0,0,0,4,2,13
,2023-31745,39.75289491,-104.9926627,7/29/2023 2:11,2:11:00,12,0,0,LARIMER ST & 20TH ST,1,3,0,0,1,4,0,0,30,0,0,0,1,0,4,2,13
,2023-31747,39.71121228,-104.9045276,7/28/2023 15:35,15:35:00,12,0,0,E ALAMEDA AVE & S POPLAR ST,1,1,0,0,1,4,0,0,35,0,0,0,0,0,4,2,13
,2023-31748,39.79226495,-104.8450543,7/28/2023 18:20,18:20:00,6,0,0,12253 E 53RD AVE & E 52ND AVE,1,1,0,0,1,4,0,0,20,0,0,0,0,0,4,2,2
,2023-31751,39.71119319,-104.8929216,7/29/2023 7:25,7:25:00,12,0,0,E ALAMEDA AVE & E FAIRMOUNT DR,1,1,0,0,1,1,0,0,40,0,0,0,0,0,4,2,12
,2023-31752,39.76023496,-105.025244,7/29/2023 14:26,14:26:00,12,0,1, FEDERAL BLVD & N SPEER BLVD,1,1,3,0,1,3,0,0,35,0,0,0,0,1,2,2,2
,2023-31754,39.73869236,-104.9034646,7/28/2023 23:30,23:30:00,3,0,0, QUEBEC ST & E 14TH AVE,1,3,0,0,1,1,0,0,35,0,0,0,0,0,4,2,1
,2023-31755,39.6382838,-104.8947947,7/28/2023 22:05,22:05:00,1,0,0, TAMARAC ST & E QUINCY AVE,1,3,0,0,1,1,0,0,35,0,0,0,0,0,4,2,16
,2023-31757,39.65160714,-105.0580374,7/22/2023 19:44,19:44:00,6,0,0,W HAMPDEN AVE & S DEPEW ST,1,1,0,0,1,4,0,0,10,0,0,0,0,0,4,2,16
,2023-31759,39.76657928,-104.9740166,7/23/2023 1:11,1:11:00,11,0,1,35TH ST & LAWRENCE ST,1,3,0,0,1,9,0,0,0,0,0,1,0,2,4,1,16
,2023-31760,39.76142461,-105.0045011,7/21/2023 17:45,17:45:00,12,0,0,I-25 & 20TH ST,14,3,3,0,1,4,0,0,55,0,0,0,0,0,1,2,16
,2023-31766,39.76026074,-105.0252316,7/23/2023 1:34,1:34:00,3,0,3, SPEER BLVD & N FEDERAL BLVD,1,3,1,0,1,1,0,0,35,0,0,0,0,2,2,2,16
,2023-31767,39.74022375,-104.9587874,7/23/2023 19:00,19:00:00,5,0,0,JOSEPHINE ST & E COLFAX AVE,1,1,0,0,2,3,0,0,30,0,0,0,0,0,4,1,16
,2023-31768,39.7610209,-105.0038414,7/21/2023 20:32,20:32:00,12,0,0,I-25 ON RAMP & 20TH ST,11,3,0,1,1,8,0,0,55,0,0,0,0,0,1,2,7
,2023-31830,39.74166688,-104.9835897,7/26/2023 15:45,15:45:00,12,0,0, GRANT ST & E 16TH AVE,1,1,0,0,1,1,0,0,30,0,0,0,0,0,4,2,3
,2023-31831,39.76540358,-104.9948537,7/26/2023 9:16,9:16:00,12,0,2,PARK AVE W & N GLOBEVILLE RD,1,1,1,0,1,4,0,0,35,0,0,0,0,1,4,2,13
,2023-31832,39.79817411,-104.8441729,6/26/2023 15:19,15:19:00,12,0,0,E 56TH AVE,1,1,0,0,1,4,0,0,65,0,0,0,0,0,2,2,11
,2023-31833,39.71567683,-104.9878492,7/24/2023 19:30,19:30:00,6,0,0,W ARCHER PL & S BROADWAY ST,1,2,0,0,1,4,0,0,,0,0,0,0,0,4,2,10
,2023-31834,39.75122414,-105.0173521,7/26/2023 7:36,7:36:00,1,0,1,W 23RD AVE & I-25 SB RAMPS,1,1,1,0,1,1,0,0,25,0,0,0,0,1,4,2,7
,2023-31835,39.83791,-104.6838669,7/25/2023 5:30,5:30:00,12,0,2,2600 E 78TH AVE,1,1,0,0,1,4,0,0,45,0,0,0,0,2,4,3,11
,2023-31840,39.72919381,-104.9874039,7/26/2023 17:55,17:55:00,12,0,0, BROADWAY ST & E 8TH AVE,1,1,0,0,1,3,0,0,35,0,0,0,0,0,2,2,8
,2023-31842,39.6828683,-104.9594282,7/26/2023 16:56,16:56:00,12,0,0, UNIVERSITY BLVD & E BUCHTEL AVE,1,1,0,0,1,3,0,0,30,0,0,0,0,0,4,2,1
,2023-31844,39.77626767,-104.9895671,7/26/2023 11:20,11:20:00,12,0,1,I-25 & W 44TH AVE,1,1,0,0,1,4,0,0,55,0,0,0,0,1,1,2,13
,2023-31847,39.74488639,-104.9874052,7/26/2023 10:30,10:30:00,15,0,0,E 18TH AVE & N BROADWAY ST,1,1,0,0,1,1,0,0,30,0,0,0,0,0,4,2,3
,2023-31849,39.78401988,-104.9875992,7/26/2023 17:30,17:30:00,15,0,0, BROADWAY ST & W 48TH AVE,1,1,0,0,1,3,0,0,25,0,0,0,0,0,4,3,1
,2023-31850,39.68934182,-104.9317087,7/26/2023 8:07,8:07:00,3,0,1,E FLORIDA AVE & S DAHLIA ST,1,1,0,0,1,1,0,0,30,0,0,0,0,1,4,2,11
,2023-31851,39.77297225,-104.9939064,7/26/2023 11:05,11:05:00,3,0,0,W 41ST AVE & N ELATI ST,1,1,0,0,1,2,0,0,25,0,0,0,0,0,4,2,13
,2023-31852,39.68785204,-104.9690389,7/26/2023 12:55,12:55:00,15,0,0,I-25 & S DOWNING ST,1,1,0,0,1,4,0,0,55,0,0,0,0,0,1,2,16