id,drcog_id,latitude,longitude,crashtime,time,crashtype,numbkilled,numbinjurd,drcoglocat,rdconditin,lightngcon,roadcntgrd,weatherco,location,roaddescrp,schoolzone,constrzone,splimit,bikeinv,pedinv,sctrinv,motoinv,svrty,rdsystem,ttlvehcls,hcf
,2023-31854,39.66026224,-104.8662959,7/26/2023 17:13,17:13:00,3,0,0, HAVANA ST & E DARTMOUTH AVE,1,1,0,0,1,1,0,0,45,0,0,0,0,0,2,2,3
,2023-31855,39.76778563,-104.9954407,7/25/2023 17:18,17:18:00,12,0,1,I-25 & PARK AVE W,1,1,0,0,1,4,0,0,55,0,0,0,0,1,1,3,13
,2023-31856,39.74016169,-104.954177,7/25/2023 21:58,21:58:00,12,0,1,E COLFAX AVE & N DETROIT ST,1,3,0,0,1,1,0,0,30,0,0,0,0,1,2,2,16
,2023-31857,39.75158985,-104.9873839,7/26/2023 12:30,12:30:00,12,0,0, BROADWAY ST & CHAMPA ST,1,1,0,0,1,1,0,0,35,0,0,0,0,0,4,2,16
,2023-31858,39.67672035,-104.9828728,7/25/2023 12:30,12:30:00,3,0,0,E WARREN AVE & S LOGAN ST,1,1,0,0,1,1,0,0,25,0,0,0,0,0,4,2,3
,2023-31862,39.74022346,-104.8881755,7/13/2023 9:55,9:55:00,1,0,0,E COLFAX AVE & N WILLOW ST,1,1,0,0,1,1,0,0,,0,0,0,0,0,2,2,16
,2023-31863,39.71156144,-104.9406351,7/24/2023 12:43,12:43:00,3,0,2,E ALAMEDA AVE & COLORADO BLVD,1,1,0,0,1,2,0,0,35,0,0,0,0,2,4,2,16
,2023-31866,39.68769437,-105.0250411,7/22/2023 17:09,17:09:00,12,0,1, FEDERAL BLVD & W IOWA AVE,1,1,1,0,1,3,0,0,35,0,0,0,0,1,2,2,1
,2023-31867,39.72427358,-105.0120956,7/25/2023 7:38,7:38:00,12,0,2,I-25 & W 6TH AVE FWY,1,1,0,0,1,4,0,0,55,0,0,0,0,1,2,5,16
,2023-31868,39.74033367,-105.0438517,7/26/2023 0:30,0:30:00,12,0,0,W COLFAX AVE & N TENNYSON ST,1,3,0,0,1,3,0,0,30,0,0,0,0,0,2,2,13
,2023-31869,39.6380576,-104.8881953,7/24/2023 13:04,13:04:00,15,0,0,I-225 & S TAMARAC ST,1,1,0,0,1,8,0,0,55,0,0,0,0,0,1,2,1
,2023-31874,39.74558721,-104.9951434,7/19/2023 17:30,17:30:00,2,0,0,15TH ST & CHAMPA ST,1,1,0,0,1,1,0,0,0,1,0,0,0,0,4,1,16
,2023-31876,39.63532818,-105.0824456,7/26/2023 11:00,11:00:00,3,0,0,W STANFORD AVE & S WADSWORTH BLVD,1,1,0,0,1,2,0,0,30,0,0,0,0,0,4,2,16
,2023-31877,39.6767033,-104.9746276,7/25/2023 13:30,13:30:00,6,0,0,E WARREN AVE & S CORONA ST,1,1,0,0,1,1,0,0,25,0,0,0,0,0,4,2,3
,2023-31878,39.78161245,-104.790508,7/21/2023 6:04,6:04:00,12,0,0,GREEN VALLEY RANCH BLVD,1,1,0,0,1,4,0,0,,0,0,0,0,0,4,2,16
,2023-31883,39.73205363,-104.9902455,6/18/2023 14:07,14:07:00,3,0,0,W 10TH AVE & N BANNOCK ST,1,1,0,0,1,1,0,0,30,0,0,0,0,0,4,2,16
,2023-31888,39.73971964,-105.0138904,7/18/2023 16:50,16:50:00,12,0,0,I-25 & W COLFAX AVE,1,1,0,0,1,4,0,0,55,0,0,0,0,0,1,2,13
,2023-31892,39.71929338,-104.9862363,7/26/2023 12:30,12:30:00,15,0,0, LINCOLN ST & E 2ND AVE,1,1,0,0,1,4,0,0,30,0,0,0,0,0,4,2,13
,2023-31894,39.76654641,-104.9836502,7/26/2023 17:16,17:16:00,15,0,0, BRIGHTON BLVD & 31ST ST,1,1,0,0,1,1,0,0,30,0,0,0,0,0,4,2,13
,2023-31896,39.77357559,-104.8424544,7/25/2023 15:30,15:30:00,15,0,0,I-70 EB ON RAMP & N PEORIA ST,1,1,0,0,1,8,0,0,55,0,0,0,0,0,1,2,16
,2023-31897,39.72563307,-104.9849009,7/26/2023 11:10,11:10:00,12,0,0,E 6TH AVE & N SHERMAN ST,1,1,0,0,1,1,0,0,30,0,0,0,0,0,4,2,14
,2023-31899,39.76180229,-104.9405205,7/21/2023 11:43,11:43:00,1,0,0,E MLK JR BLVD & N COLORADO BLVD,1,1,0,0,1,1,0,0,35,0,0,0,0,0,2,2,16
,2023-31902,39.70889536,-104.8753846,7/25/2023 17:45,17:45:00,15,0,0,E ALAMEDA AVE & S DAYTON ST,11,1,0,0,1,1,0,0,30,0,0,0,0,0,4,2,1
,2023-31914,39.76690766,-104.9977045,7/25/2023 17:17,17:17:00,15,0,2,I-25 & PARK AVE W,1,1,0,0,1,4,0,0,55,0,0,0,0,1,1,2,16
,2023-31915,39.67843452,-104.9959864,7/25/2023 11:45,11:45:00,12,0,0,W EVANS AVE & S GALAPAGO ST,1,1,0,0,1,1,0,0,30,0,0,0,0,0,4,2,3
,2023-31917,39.78583235,-104.8449146,7/26/2023 12:05,12:05:00,3,0,1, QUENTIN ST & E ANDREWS DR,1,1,0,0,1,1,0,0,25,0,0,0,0,1,4,2,11
,2023-31918,39.79405145,-104.7773598,7/24/2023 20:32,20:32:00,3,0,1, VENTURA ST & E ELMENDORF DR,1,1,0,0,1,1,0,0,25,0,0,0,0,2,4,2,11
,2023-31920,39.65322273,-104.9153406,7/12/2023 8:40,8:40:00,12,0,0, LOCUST ST & E HAMPDEN AVE,1,1,0,0,1,3,0,0,,0,0,0,0,0,4,2,16
,2023-31923,39.77411638,-104.846156,7/18/2023 5:51,5:51:00,5,0,0,I-70 & N PEORIA ST,1,1,1,0,2,4,0,0,55,0,0,0,0,0,1,2,16
,2023-31924,39.74020588,-104.9211503,7/26/2023 8:00,8:00:00,12,0,0,E COLFAX AVE & N IVANHOE ST,1,1,0,0,1,3,0,0,30,0,0,0,0,0,2,5,16
,2023-31933,39.78361656,-104.7721143,7/19/2023 6:45,6:45:00,1,0,1, TOWER RD & E GREEN VALLEY RANCH BLVD,1,1,0,0,1,1,0,0,45,0,0,0,0,1,4,2,11
,2023-31934,39.68927413,-104.9875008,7/25/2023 9:45,9:45:00,6,0,0, BROADWAY & W FLORIDA AVE,1,1,0,0,1,9,0,0,10,0,0,0,0,0,4,2,1
,2023-31941,39.71206896,-104.9988329,7/26/2023 17:10,17:10:00,15,0,0, KALAMATH ST & W BYERS PL,1,1,0,0,1,4,0,0,30,0,0,0,0,0,4,2,13
,2023-31944,39.70298327,-104.9129002,7/25/2023 15:20,15:20:00,10,0,0, MONACO ST PKWY & LEETSDALE DR,1,1,0,0,1,1,0,0,30,0,0,0,0,0,2,2,1
,2023-31945,39.76944602,-105.0313513,7/26/2023 6:15,6:15:00,6,0,0,W 38TH AVE & N JULIAN ST,1,2,1,0,1,4,0,0,35,0,0,0,0,0,4,2,3
,2023-31946,39.67846879,-104.926637,7/19/2023 11:40,11:40:00,3,0,0,E EVANS AVE & S GRAPE ST,1,1,0,0,1,2,0,0,30,0,0,0,0,0,4,2,13
,2023-31949,39.76933463,-105.052068,7/20/2023 14:49,14:49:00,2,0,1,W 38TH AVE & N ZENOBIA ST,1,1,0,0,1,1,0,0,0,1,0,0,0,2,4,1,16
,2023-31950,39.74612548,-104.9909749,7/26/2023 14:30,14:30:00,10,0,0,17TH ST & CALIFORNIA ST,1,1,0,0,1,1,0,0,30,0,0,0,0,0,4,2,3
,2023-31951,39.76822604,-104.8657905,7/26/2023 15:04,15:04:00,15,0,0, HAVANA ST & SMITH RD,1,1,0,0,1,4,0,0,35,0,0,0,0,0,4,2,13
,2023-31952,39.68917951,-104.9407905,7/14/2023 23:20,23:20:00,15,0,0, COLORADO BLVD & E FLORIDA AVE,1,3,0,0,1,4,0,0,,0,0,0,0,0,2,2,16
,2023-31958,39.79832902,-104.8941254,7/18/2023 22:39,22:39:00,11,0,1, UINTA ST & E 56TH AVE,1,3,0,0,1,1,0,0,45,0,0,1,0,2,4,1,11
,2023-32012,39.73997986,-104.962248,5/29/2023 16:40,16:40:00,6,0,0,E COLFAX AVE & N VINE ST,1,1,0,0,1,4,0,0,35,0,0,0,0,0,2,2,16
,2023-32016,39.74041065,-105.0304426,7/1/2023 22:37,22:37:00,15,0,0,W COLFAX AVE & N IRVING ST,1,3,0,0,1,4,0,0,30,0,0,0,0,0,2,2,16
,2023-32036,39.74000574,-104.974154,7/21/2023 22:06,22:06:00,1,0,1,E COLFAX AVE & N CORONA ST,1,3,0,0,1,1,0,0,30,0,0,0,1,3,2,2,13
,2023-32038,39.63416168,-104.9067302,7/25/2023 7:12,7:12:00,15,0,0,I-25 & I-225,1,1,0,0,1,4,0,0,65,0,0,0,0,0,1,2,11
,2023-32040,39.76393072,-105.0096093,7/24/2023 18:30,18:30:00,6,0,0, SHOSHONE ST & W 33RD AVE,1,3,0,0,1,4,0,0,,0,0,0,0,0,4,2,16
,2023-32042,39.71003187,-104.8706706,7/24/2023 14:50,14:50:00,12,0,1,E ALAMEDA AVE & S GALENA WY,1,1,0,0,1,1,0,0,30,0,0,0,0,1,4,2,3
,2023-32043,39.68494941,-104.9035847,7/25/2023 7:13,7:13:00,12,0,0, QUEBEC ST & E CHERRY CREEK S DR,1,1,0,0,1,4,0,0,35,0,0,0,0,0,4,2,14
,2023-32045,39.6876432,-104.9405448,7/24/2023 7:44,7:44:00,12,0,1, COLORADO BLVD & E IOWA AVE,1,1,1,0,1,3,0,0,35,0,0,0,0,1,2,3,3
,2023-32047,39.68396671,-105.0442597,7/9/2023 1:14,1:14:00,6,0,0,1831  TENNYSON ST & W COLORADO AVE,1,3,1,0,1,4,0,0,,0,0,0,0,0,4,3,16
,2023-32050,39.72564192,-104.9034076,7/25/2023 10:37,10:37:00,1,0,0, QUEBEC ST & E 6TH AVE,1,1,0,0,1,1,0,0,35,0,0,0,0,0,4,2,8
,2023-32051,39.74167603,-104.9849012,7/13/2023 20:54,20:54:00,12,0,0,E 16TH AVE & N SHERMAN ST,1,3,0,0,1,3,0,0,,0,0,0,0,0,4,2,16
,2023-32053,39.78000688,-104.979053,7/24/2023 18:34,18:34:00,3,0,0, WASHINGTON ST & I-70 WB OFF RAMP,1,1,0,0,1,1,0,0,30,0,0,0,0,0,4,2,2
,2023-32055,39.77937572,-104.9794485,7/25/2023 10:14,10:14:00,9,0,1,I-70 EB ON RAMP & N WASHINGTON ST,1,1,0,0,1,8,0,0,55,0,0,0,1,1,1,1,7
,2023-32057,39.73022473,-104.9034669,7/25/2023 14:20,14:20:00,3,0,0, QUEBEC ST & E 8TH AVE,1,1,0,0,1,9,0,0,30,0,0,0,0,0,4,2,11
,2023-32058,39.77869784,-104.9248836,7/25/2023 12:44,12:44:00,15,0,1,I-70 & N HOLLY ST,1,1,0,0,1,4,0,0,55,0,0,0,0,2,1,2,13
,2023-32059,39.73515164,-104.9718309,7/25/2023 15:30,15:30:00,3,0,0, MARION & E 12TH AVE,1,1,0,0,1,9,0,0,35,0,0,0,0,0,4,2,11
,2023-32065,39.65301957,-104.8756712,7/2/2023 14:44,14:44:00,10,0,0,E HAMPDEN AVE & S DAYTON ST,1,1,0,0,1,1,0,0,45,0,0,0,0,0,2,2,11
,2023-32066,39.76737104,-104.9008187,7/6/2023 17:00,17:00:00,15,0,0,E 36TH AVE & N ROSLYN ST,1,1,0,0,1,1,0,0,30,0,0,0,0,0,4,2,1
,2023-32067,39.68586611,-104.9408229,7/25/2023 13:58,13:58:00,15,0,0, COLORADO BLVD & E MEXICO AVE,1,1,1,0,1,3,0,0,35,0,0,0,0,0,2,3,11
,2023-32072,39.71834569,-104.9862383,7/25/2023 19:17,19:17:00,3,0,1, LINCOLN ST & E 1ST AVE,1,1,0,0,1,1,0,0,35,0,0,0,0,1,4,2,11
,2023-32074,39.84413746,-104.6769907,7/25/2023 15:29,15:29:00,16,0,0,8148 PENA BLVD & PRIVATE PROPERTY,1,1,0,7,5,7,0,0,10,0,0,0,0,0,3,1,11
,2023-32077,39.68469246,-104.9582747,7/24/2023 14:26,14:26:00,5,0,0,I-25 & S UNIVERSITY BLVD,1,1,0,0,2,4,0,0,60,0,0,0,0,0,1,2,13
,2023-32083,39.68033671,-104.9875714,7/25/2023 16:48,16:48:00,1,0,0, BROADWAY ST & E ASBURY AVE,1,1,0,7,1,1,0,0,40,0,0,0,0,0,4,2,13
,2023-32085,39.65177865,-105.0530792,7/24/2023 21:30,21:30:00,1,0,0, SHERIDAN BLVD & W HAMPDEN AVE S FRTG RD,1,3,0,0,1,1,0,0,30,0,0,0,0,0,2,2,14
,2023-32087,39.76738114,-104.9025448,7/24/2023 20:23,20:23:00,10,0,0,E 36TH AVE & N QUEBEC ST,1,3,3,0,1,1,0,0,35,0,0,0,0,0,4,2,16
,2023-32089,39.77958215,-104.9035924,7/24/2023 16:24,16:24:00,15,0,1,SB NORTHFIELD QUEBEC & I-70 WB RAMPS,1,1,0,0,1,4,0,0,35,0,0,0,0,1,2,2,16
,2023-32090,39.77335101,-104.8470278,7/25/2023 10:25,10:25:00,3,0,0, PEORIA ST & I-70 EB RAMPS,1,1,0,0,1,1,0,0,35,0,0,0,0,0,4,2,16
,2023-32096,39.67846525,-104.9082014,7/24/2023 12:56,12:56:00,1,0,0, ONEIDA ST & E EVANS AVE,1,1,0,0,1,1,0,0,30,0,0,0,0,0,4,2,7
,2023-32097,39.70395737,-105.0250878,6/29/2023 16:09,16:09:00,12,0,0, FEDERAL BLVD & W EXPOSITION AVE,1,1,0,1,1,4,0,0,45,0,0,0,0,0,2,3,13
,2023-32099,39.73385867,-104.9935094,7/25/2023 13:08,13:08:00,10,0,0, SPEER BLVD & W 11TH AVE,1,1,0,0,1,1,0,0,35,0,0,0,0,0,4,2,13
,2023-32100,39.78318907,-105.0074485,7/25/2023 7:50,7:50:00,12,0,0,I-70 & N PECOS ST,1,1,1,0,1,4,0,0,55,0,0,0,0,0,1,3,7
,2023-32101,39.74285053,-104.9810855,7/24/2023 13:00,13:00:00,6,0,0, PENNSYLVANIA ST & E 17TH AVE,1,1,0,0,1,4,0,0,35,0,0,0,0,0,4,2,16
,2023-32103,39.70601132,-104.9407892,7/25/2023 10:04,10:04:00,12,0,0, COLORADO BLVD & E CHERRY CREEK S DR,1,1,0,0,1,3,0,0,35,0,0,0,0,0,2,2,6
,2023-32105,39.78488383,-105.0499917,7/24/2023 12:20,12:20:00,15,0,0,I-70 EB ON RAMP & N SHERIDAN BLVD,1,1,0,0,1,8,0,0,55,0,0,0,0,0,1,2,10
,2023-32107,39.63874025,-105.0816289,7/25/2023 8:05,8:05:00,3,0,0,W QUINCY AVE & S WADSWORTH BLVD,1,1,0,0,1,1,0,0,40,0,0,0,0,0,2,2,16
,2023-32108,39.74022478,-104.8846586,7/23/2023 2:05,2:05:00,1,0,2,E COLFAX AVE & N YOSEMITE ST,1,3,0,0,1,9,0,0,30,0,0,0,0,2,2,2,11
,2023-32109,39.77662375,-104.9892132,7/24/2023 10:28,10:28:00,15,0,1,I-25 & I-70,1,1,0,0,1,4,0,0,55,0,0,0,0,1,1,2,13
,2023-32110,39.69299874,-104.9779829,7/25/2023 11:06,11:06:00,12,0,0,I-25 & E LOUISIANA AVE,1,1,0,0,1,4,0,0,60,0,0,0,0,0,1,2,13
,2023-32117,39.72414038,-104.9862633,7/21/2023 8:50,8:50:00,3,0,0,E 5TH AVE & N LINCOLN ST,1,1,0,0,1,1,0,0,30,0,0,0,0,0,4,2,11
,2023-32120,39.76738114,-104.9025448,7/24/2023 16:00,16:00:00,10,0,0,E 36TH AVE & N QUEBEC ST,1,1,0,0,1,1,0,0,35,0,0,0,0,0,4,2,11
,2023-32121,39.70066754,-104.9216329,7/13/2023 9:35,9:35:00,6,0,0, HOLLY ST & E KENTUCKY AVE,1,1,0,0,1,4,0,0,25,0,0,0,0,0,4,2,3
,2023-32122,39.65311017,-104.9228209,7/25/2023 18:56,18:56:00,15,0,0,E HAMPDEN AVE & S HOLLY ST,1,1,0,7,1,1,0,0,45,0,0,0,0,0,2,2,13
,2023-32124,39.70023682,-104.9862626,7/25/2023 15:55,15:55:00,15,0,0,I-25 & S BROADWAY,1,1,0,0,1,4,0,0,55,0,0,0,0,0,1,2,13
,2023-32125,39.78102223,-104.7492608,7/24/2023 21:33,21:33:00,3,0,1,E GREEN VALLEY RANCH BLVD & N JEBEL ST,1,4,0,7,1,1,0,0,35,0,0,0,0,2,4,2,1
,2023-32129,39.68934269,-104.8988221,7/24/2023 15:45,15:45:00,12,0,0,E FLORIDA AVE & S SYRACUSE ST,1,1,0,0,1,1,0,0,25,0,0,0,0,0,4,2,3
,2023-32130,39.68228019,-105.0250196,7/14/2023 18:51,18:51:00,12,0,0, FEDERAL BLVD & W JEWELL AVE,1,1,0,0,1,3,0,0,35,0,0,0,0,0,2,2,13
,2023-32131,39.77693504,-104.8808243,7/25/2023 6:18,6:18:00,12,0,0,I-270 & I-70 ON RAMP MERGE PT,1,1,1,0,1,8,0,0,55,0,0,0,0,0,1,2,7
,2023-32132,39.70298327,-104.9129002,7/24/2023 11:30,11:30:00,15,0,0, MONACO ST PKWY & LEETSDALE DR,1,1,0,0,1,1,0,0,30,0,0,0,0,0,2,2,3
,2023-32311,39.72135555,-105.0252906,1/7/2023 22:51,22:51:00,11,1,0,FEDERAL BLVD (300 ) W 3RD AVE,1,3,0,0,1,4,0,0,0,0,1,0,0,4,2,1,16
,2023-32321,39.72214145,-104.8948719,6/23/2023 22:33,22:33:00,11,0,1,E ACADEMY BLVD & N SPRUCE ST,1,3,0,0,3,4,0,0,25,0,1,0,0,2,4,1,16
,2023-32323,39.69150185,-104.9937951,5/10/2023 14:26,14:26:00,10,0,0, SANTA FE DR & W FLORIDA AVE,1,1,0,0,1,2,0,0,35,0,0,0,0,0,2,2,11
,2023-32335,39.78542631,-104.9782995,7/24/2023 18:37,18:37:00,12,0,0, WASHINGTON ST & E 49TH AVE,1,1,0,0,1,3,0,0,35,0,0,0,0,0,4,2,13
,2023-32342,39.68514829,-104.9635923,6/7/2023 8:17,8:17:00,12,0,0,I-25 & S UNIVERSITY BLVD,6,1,0,0,1,4,0,0,,0,0,0,0,0,1,2,16
,2023-32343,39.73509327,-104.9586094,7/11/2023 22:44,22:44:00,6,0,0, JOSEPHINE ST & E 12TH AVE,1,3,0,0,1,4,0,0,35,0,0,0,0,0,4,3,16
,2023-32344,39.75238066,-104.9845954,7/24/2023 5:46,5:46:00,12,0,1,PARK AVE W & N WASHINGTON ST,1,1,0,0,1,4,0,0,25,0,0,0,0,1,4,2,13
,2023-32352,39.71112638,-104.9687045,7/21/2023 8:58,8:58:00,3,0,1, FRANKLIN ST & E ALAMEDA AVE,1,1,3,0,1,1,0,0,25,0,0,0,0,1,4,2,16
,2023-32353,39.76447413,-104.94873,7/24/2023 10:50,10:50:00,6,0,0,E BRUCE RANDOLPH AVE & N ADAMS ST,1,1,0,0,1,1,0,0,30,0,0,0,0,0,4,2,3
,2023-32354,39.6530314,-104.912921,7/24/2023 12:32,12:32:00,15,0,0, MONACO ST & E HAMPDEN AVE,1,1,0,0,1,1,0,0,30,0,0,0,0,0,2,2,16
,2023-32355,39.7798484,-104.9679703,7/22/2023 8:18,8:18:00,12,0,0,I-70 & N BRIGHTON BLVD,1,1,0,0,1,4,0,0,65,0,0,0,0,0,1,3,14
,2023-32356,39.68469162,-104.9535317,7/2/2023 12:21,12:21:00,15,0,0,I-25 SB ON RAMP & S UNIVERSITY BLVD,1,1,1,0,1,8,0,0,,0,0,0,0,0,1,2,16
,2023-32358,39.74000952,-104.9719577,7/24/2023 9:30,9:30:00,6,0,0,E COLFAX AVE & N MARION ST,1,1,0,0,1,4,0,0,30,0,0,0,0,0,2,2,16
,2023-32378,39.69566167,-104.90352,7/24/2023 6:01,6:01:00,3,0,0,E MISSISSIPPI AVE & S QUEBEC ST,1,1,0,0,1,1,0,0,30,0,0,0,0,0,4,2,16
,2023-32379,39.6675635,-104.9407995,5/16/2023 8:30,8:30:00,15,0,0,E YALE AVE & S COLORADO BLVD,1,1,0,0,1,1,0,0,35,0,0,0,0,0,2,2,16
,2023-32382,39.68933346,-104.896746,7/23/2023 20:02,20:02:00,3,0,1,E FLORIDA AVE & S QUEBEC WY,1,3,0,0,1,1,0,0,30,0,0,0,1,3,4,2,16
,2023-32384,39.70757302,-105.0086028,7/23/2023 15:24,15:24:00,3,0,1, QUITEO WY & W VIRGINA AVE,1,1,0,0,1,1,0,0,25,0,0,0,0,2,4,2,11
,2023-32385,39.6538151,-105.0597616,7/9/2023 15:03,15:03:00,6,0,0,3481  FENTON ST & W HAMPDEN N FRTG RD,1,1,1,0,1,4,0,0,15,0,0,0,0,0,4,2,16
,2023-32386,39.76005468,-105.0268432,7/21/2023 14:21,14:21:00,6,0,0, GROVE ST & W 30TH AVE,1,1,0,0,1,4,0,0,25,0,0,0,0,0,4,2,16
,2023-32388,39.67846382,-104.931292,7/16/2023 13:20,13:20:00,12,0,0,E EVANS AVE & S DAHLIA ST,1,1,0,0,1,4,0,0,30,0,0,0,0,0,4,2,3
,2023-32389,39.79810279,-104.8471802,7/23/2023 14:55,14:55:00,12,0,0, PEORIA ST & E 56TH AVE,1,1,0,0,1,3,0,0,40,0,0,0,0,0,4,2,7
,2023-32390,39.76438728,-105.0236278,7/24/2023 16:57,16:57:00,6,0,1, ELIOT ST & W 34TH AVE,1,1,0,0,1,3,0,0,25,0,0,0,0,2,4,2,14
,2023-32393,39.74019095,-104.9408054,7/22/2023 4:54,4:54:00,3,0,3,E COLFAX AVE & N COLORADO BLVD,1,3,0,0,1,3,0,0,35,0,0,0,0,3,2,2,11
,2023-32396,39.78344837,-105.0362074,7/24/2023 11:01,11:01:00,5,0,0,I-70 & N FEDERAL BLVD,1,1,1,0,1,4,0,0,55,0,0,0,0,0,1,3,10
,2023-32397,39.73684884,-105.0358041,6/21/2023 4:23,4:23:00,6,0,0, MEADE ST & W 13TH AVE,1,3,0,0,1,4,0,0,25,0,0,0,0,0,4,2,16
,2023-32398,39.73681149,-104.9597964,7/22/2023 7:22,7:22:00,3,0,1,E 13TH AVE & N YORK ST,1,1,0,0,1,1,0,0,30,0,0,0,1,2,4,2,13
,2023-32402,39.76917769,-105.0029666,7/2/2023 17:38,17:38:00,6,0,0, MARIPOSA ST & W 38TH AVE,1,1,0,0,1,4,0,0,,0,0,0,0,0,4,2,7
,2023-32407,39.77855599,-104.9216018,7/14/2023 19:00,19:00:00,12,0,0,I-70 & HOLLY ST,1,1,0,0,1,4,0,0,55,0,0,0,0,0,1,3,13
,2023-32408,39.77866078,-104.920042,7/13/2023 15:34,15:34:00,15,0,0, IVY ST & E 45TH AVE,1,1,0,0,1,1,0,0,25,0,0,0,0,0,4,2,13
,2023-32410,39.72932999,-105.0251344,7/24/2023 6:55,6:55:00,12,0,2,W 6TH AVE & N FEDERAL BLVD,1,1,1,0,1,4,0,0,55,0,0,0,0,1,2,2,1
,2023-32412,39.74322663,-104.9672165,7/23/2023 10:30,10:30:00,3,0,1, GILPIN ST & E 17TH AVE,1,1,0,0,1,1,0,0,20,0,0,0,0,1,4,2,13
,2023-32413,39.7295259,-105.0532267,7/14/2023 17:37,17:37:00,12,0,3, SHERIDAN BLVD & W 8TH AVE,1,1,1,0,1,3,0,0,30,0,0,0,0,3,2,2,16
,2023-32414,39.71936972,-104.9858173,7/21/2023 18:14,18:14:00,6,0,0,E 2ND AVE & N LINCOLN ST,1,3,0,0,1,4,0,0,,0,0,0,0,0,4,2,16
,2023-32416,39.72117546,-104.9546276,7/24/2023 16:50,16:50:00,6,0,0, DETROIT ST & E 3RD AVE,1,1,0,0,1,4,0,0,,0,0,0,0,0,4,2,16
,2023-32417,39.75990547,-105.0144813,7/22/2023 11:00,11:00:00,6,0,0, WYANDOT ST & W 30TH AVE,1,1,1,0,1,4,0,0,,0,0,0,0,0,4,2,16
,2023-32424,39.78238295,-104.8507946,7/24/2023 11:37,11:37:00,15,0,1,E 47TH AVE & N OAKLAND ST,1,1,0,0,1,4,0,0,35,0,0,0,0,1,4,2,11
,2023-32430,39.77287022,-104.9405104,7/24/2023 11:20,11:20:00,9,0,0, COLORADO BLVD & E 40TH AVE,1,1,0,0,1,1,0,0,40,0,0,0,0,0,2,1,14
,2023-32432,39.78375855,-105.0345717,7/19/2023 20:58,20:58:00,3,0,0,W 48TH AVE & N LOWELL BLVD,1,3,0,0,1,1,0,0,25,0,0,0,0,0,4,2,16
,2023-32433,39.78028377,-104.9661199,6/1/2023 19:01,19:01:00,12,0,0,I-70 & BRIGHTON BLVD,1,1,0,0,1,4,0,0,55,0,0,0,0,0,1,2,13
,2023-32437,39.70298327,-104.9129002,7/24/2023 9:30,9:30:00,14,0,0, MONACO PKWY & LEETSDALE DR,1,1,0,0,1,1,0,0,30,0,0,0,0,0,2,2,3
,2023-32440,39.73369144,-104.9741157,7/24/2023 7:51,7:51:00,3,0,0, CORONA ST & E 11TH AVE,1,1,0,0,1,1,0,0,30,0,0,0,0,0,4,2,3
,2023-32441,39.72408093,-105.0532651,7/11/2023 18:30,18:30:00,12,0,0, SHERIDAN BLVD & W 5TH AVE,1,1,0,0,1,1,0,0,45,0,0,0,0,0,2,2,13
,2023-32442,39.76026078,-105.0059989,7/14/2023 12:50,12:50:00,15,0,0,I-25 & 20TH ST,1,1,0,0,1,4,0,0,55,0,0,0,0,0,1,2,16
,2023-32443,39.65327512,-105.0487364,7/18/2023 10:05,10:05:00,5,0,0,W HAMPDEN AVE & EB ON RAMP FROM S SHERIDAN BLVD,1,1,0,0,2,8,0,0,40,0,0,0,0,0,2,1,16
,2023-32444,39.63407835,-104.9039614,6/29/2023 2:17,2:17:00,5,1,1,I-225 NB ON RAMP FROM SB -25 & MM 0.26,1,3,1,0,3,8,0,0,65,0,0,0,0,4,1,1,1
,2023-32448,39.72908654,-104.9671302,7/22/2023 10:54,10:54:00,15,0,0,E 8TH AVE & N GILPIN ST,1,1,0,0,1,1,0,0,30,0,0,0,0,0,4,2,8
,2023-32450,39.75788463,-104.9917175,6/27/2023 16:37,16:37:00,12,0,1,PARK AVE W & WAZEE ST,1,1,0,0,1,3,0,0,,0,0,0,0,1,4,2,16
,2023-32452,39.7704285,-105.0189814,7/4/2023 1:00,1:00:00,6,0,0,3836  BRYANT ST & W 38TH AVE,1,3,0,0,1,4,0,0,20,0,0,0,0,0,4,2,16
,2023-32454,39.74028196,-105.0124982,7/23/2023 9:29,9:29:00,3,0,1,W COLFAX AVE & I-25 NB OFF RAMP,1,1,0,0,1,1,0,0,40,0,0,0,0,1,2,2,13
,2023-32456,39.735409,-105.0028215,7/24/2023 11:55,11:55:00,15,0,1, MARIPOSA ST & W 12TH AVE,1,1,0,0,1,4,0,0,30,0,0,0,0,1,4,2,11
,2023-32457,39.70815409,-104.9269618,6/3/2023 7:20,7:20:00,12,0,0,LEETSDALE DR & S FOREST ST,11,1,0,0,1,1,0,0,35,0,0,0,0,0,2,2,1
,2023-32459,39.77820615,-104.9109092,7/23/2023 22:41,22:41:00,12,0,1,I-70 & N NORTHFIELD QUEBEC ST,1,3,1,0,1,4,0,0,55,0,0,0,0,1,1,2,12
,2023-32460,39.73569469,-105.0251473,6/21/2023 22:27,22:27:00,11,0,1, FEDERAL BLVD & W HOLDEN PL,11,3,0,1,1,1,0,0,0,0,1,0,0,3,2,1,16
,2023-32461,39.68595387,-105.0531856,6/25/2023 22:05,22:05:00,2,0,1, SHERIDAN BLVD & W OREGON PL,1,3,0,0,1,1,0,0,0,1,0,0,0,3,2,1,16