id,drcog_id,latitude,longitude,crashtime,time,crashtype,numbkilled,numbinjurd,drcoglocat,rdconditin,lightngcon,roadcntgrd,weatherco,location,roaddescrp,schoolzone,constrzone,splimit,bikeinv,pedinv,sctrinv,motoinv,svrty,rdsystem,ttlvehcls,hcf
,2023-32465,39.76575083,-104.9635901,7/22/2023 6:27,6:27:00,6,0,0,E 35TH AVE & N RACE ST,1,1,0,0,6,4,0,0,35,0,0,0,0,0,4,3,14
,2023-32466,39.77960304,-104.9790394,7/24/2023 6:46,6:46:00,12,0,2,I-70 & N WASHINGTON ST,1,1,0,0,1,4,0,0,55,0,0,0,0,1,1,3,7
,2023-32467,39.74027374,-105.0393182,7/6/2023 18:53,18:53:00,11,0,2, PERRY ST & W COLFAX AVE,1,1,0,0,1,2,0,0,30,0,0,1,0,3,2,1,16
,2023-32469,39.75524338,-104.9809146,7/23/2023 18:41,18:41:00,9,0,1,STOUT ST & 26TH ST,1,2,0,0,1,4,0,0,30,0,0,0,1,1,4,1,14
,2023-32472,39.78895641,-104.9782879,7/24/2023 12:42,12:42:00,3,0,0, WASHINGTON ST & E 51ST AVE,1,1,0,0,1,1,0,0,35,0,0,0,0,0,4,2,13
,2023-32473,39.78189636,-104.8259252,7/23/2023 12:10,12:10:00,3,0,1, DILLION ST & E 47TH AVE,1,1,0,0,1,1,0,0,25,0,0,0,0,1,4,2,11
,2023-32475,39.74692655,-104.9634578,5/15/2023 2:08,2:08:00,6,0,0,E 20TH AVE & WELTON ST,11,4,0,1,1,4,0,0,,0,0,0,0,0,4,2,16
,2023-32479,39.77772063,-104.8876681,7/21/2023 16:40,16:40:00,12,0,2,I-70 & N CENTRAL PARK BLVD,1,1,0,0,1,4,0,0,55,0,0,0,0,1,1,2,16
,2023-32481,39.74043341,-104.9587971,7/22/2023 6:39,6:39:00,10,0,1, JOSEPHINE ST & E COLFAX AVE,1,1,0,0,1,2,0,0,30,0,0,0,0,1,4,2,13
,2023-32482,39.78000326,-104.9316586,3/11/2023 17:58,17:58:00,15,0,0,I-70 & N DAHLIA ST,1,3,0,0,1,4,0,0,65,0,0,0,0,0,1,2,12
,2023-32485,39.6966599,-104.9918701,7/23/2023 20:02,20:02:00,1,0,0,W MISSISSIPPI AVE & S SANTA FE DR,1,3,0,0,1,1,0,0,35,0,0,0,0,0,2,2,1
,2023-32486,39.76924667,-105.0252313,7/23/2023 3:44,3:44:00,3,0,0, FEDERAL BLVD & W 38TH AVE,1,3,0,0,1,1,0,0,35,0,0,0,0,0,2,2,7
,2023-32539,39.70015797,-105.0484859,7/23/2023 2:07,2:07:00,12,0,0,MORRISON RD & S WOLFF ST,1,3,0,0,1,4,0,0,30,0,0,0,0,0,4,2,11
,2023-32545,39.74015312,-105.0139217,7/7/2023 19:30,19:30:00,15,0,0,I-25 & W COLFAX AVE,1,1,0,0,1,4,0,0,,0,0,0,0,0,1,2,16
,2023-32546,39.69666192,-104.9929458,7/23/2023 15:18,15:18:00,10,0,0, PLATTE RIVER DR & W MISSISSIPPI AVE,2,1,0,0,1,1,0,0,45,0,0,0,0,0,2,2,13
,2023-32547,39.7153218,-104.959307,7/23/2023 17:23,17:23:00,3,0,0, UNIVERSITY BLVD & E CHERRY CREEK N DR,1,1,0,0,1,1,0,0,30,0,0,0,0,0,4,2,14
,2023-32549,39.71816434,-105.0252449,7/22/2023 21:22,21:22:00,12,0,1, FEDERAL BLVD & W 1ST AVE,1,3,0,0,1,1,0,0,,0,0,0,0,1,2,2,16
,2023-32550,39.74379303,-104.9567036,7/17/2023 13:08,13:08:00,11,0,0,CITY PARK ESPLANADE & E 17TH AVE,1,1,0,0,1,4,0,0,10,1,1,0,0,0,4,1,13
,2023-32551,39.74011553,-104.9861474,7/19/2023 5:08,5:08:00,3,0,1,E COLFAX AVE & N LINCOLN ST,1,2,0,0,1,1,0,0,35,0,0,0,0,2,2,2,16
,2023-32553,39.70294204,-104.9957558,7/18/2023 17:00,17:00:00,15,0,0, PLATTE RIVER DR & W TENNESSEE AVE,1,1,0,0,1,4,0,0,45,0,0,0,0,0,2,2,16
,2023-32562,39.78368107,-105.0154006,7/20/2023 23:00,23:00:00,12,0,0,I-70 & N ZUNI ST,1,3,0,0,1,4,0,0,55,0,0,0,0,0,1,2,16
,2023-32565,39.68228314,-105.0552393,7/22/2023 21:39,21:39:00,15,0,0,W JEWELL AVE & S SHERIDAN BLVD,1,3,0,0,1,4,0,0,30,0,0,0,0,0,2,2,16
,2023-32569,39.74022051,-104.8951689,7/23/2023 11:23,11:23:00,12,0,0,E COLFAX AVE & N TAMARAC ST,1,1,0,0,1,3,0,0,35,0,0,0,0,0,2,2,13
,2023-32570,39.74020306,-104.9989233,7/23/2023 7:12,7:12:00,3,0,1,W COLFAX AVE & N SPEER BLVD,1,1,0,0,1,1,0,0,30,0,0,0,0,1,2,2,3
,2023-32572,39.7338476,-104.9861417,7/17/2023 16:02,16:02:00,2,0,1,E 11TH AVE & N LINCOLN ST,1,1,0,0,1,1,0,0,30,1,0,0,0,2,4,1,11
,2023-32575,39.75839495,-105.0158351,7/23/2023 0:09,0:09:00,12,0,0, ZUNI ST & W 29TH AVE,1,3,0,0,1,1,0,0,30,0,0,0,0,0,4,2,3
,2023-32579,39.79109149,-104.7344288,7/22/2023 19:30,19:30:00,12,0,0,E 52ND AVE & N PICADILLY RD,1,1,0,0,1,1,0,0,15,0,0,0,0,0,4,2,14
,2023-32583,39.76008402,-104.8989774,7/19/2023 19:16,19:16:00,9,0,1, SYRACUSE ST & E MLK BLVD,1,3,0,0,6,1,0,0,35,0,0,0,1,2,4,1,9
,2023-32597,39.7718928,-104.9683919,7/20/2023 8:55,8:55:00,6,0,0, FRANKLIN ST & E 39TH AVE,1,1,0,0,1,4,0,0,20,0,0,0,0,0,4,2,3
,2023-32599,39.74695509,-104.9733392,7/17/2023 17:11,17:11:00,11,0,1, DOWNING ST & E 20TH AVE,1,1,0,0,1,1,0,0,0,0,0,1,0,3,4,1,16
,2023-32608,39.72097816,-104.9547553,6/29/2023 14:55,14:55:00,6,0,0,E 3RD AVE & N DETROIT ST,1,1,0,0,1,4,0,0,30,0,0,0,0,0,4,2,16
,2023-32611,39.6241781,-104.9016297,7/23/2023 18:50,18:50:00,6,0,0,I-25 & E BELLEVIEW AVE,14,1,3,7,1,4,0,0,60,0,0,0,0,0,4,2,13
,2023-32615,39.74515567,-105.0252332,7/14/2023 22:50,22:50:00,12,0,0, FEDERAL BLVD & W 18TH AVE,1,3,0,0,1,1,0,0,35,0,0,0,0,0,2,2,8
,2023-32618,39.75106138,-104.9828948,7/16/2023 21:15,21:15:00,12,0,0,WELTON ST & PARK AVE W,1,3,0,0,1,3,0,0,35,0,0,0,0,0,4,2,16
,2023-32622,39.75803423,-105.0090736,7/17/2023 7:24,7:24:00,15,0,0,I-25 & N SPEER BLVD,1,1,0,0,1,4,0,0,55,0,0,0,0,0,1,2,14
,2023-32623,39.66758004,-104.9222381,7/17/2023 6:19,6:19:00,2,0,1,E YALE AVE & S HOLLY ST,1,1,0,0,1,1,0,0,30,1,0,0,0,3,4,1,11
,2023-32624,39.65615248,-105.0532234,7/19/2023 15:12,15:12:00,3,0,0, SHERIDAN BLVD & W DARTMOUTH AVE,1,1,0,0,1,1,0,0,,0,0,0,0,0,2,2,16
,2023-32625,39.65370322,-105.0528364,7/19/2023 15:12,15:12:00,12,0,0,W HAMPDEN AVE WB OFF RAMP & S SHERIDAN BLVD,1,1,1,0,1,8,0,0,,0,0,0,0,0,2,2,16
,2023-32707,39.77910304,-104.9891672,7/19/2023 15:01,15:01:00,12,0,0,I-25 & I-70,1,1,0,0,1,4,0,0,55,0,0,0,0,0,1,2,3
,2023-32712,39.68567575,-104.9405432,7/20/2023 13:50,13:50:00,15,0,0, COLORADO BLVD & E MEXICO AVE,1,1,0,0,1,1,0,0,35,0,0,0,0,0,2,2,13
,2023-32715,39.76200554,-105.0229244,7/20/2023 7:08,7:08:00,10,0,0,W 32ND AVE & N ELIOT ST,11,1,0,0,1,1,0,0,30,0,0,0,0,0,4,2,11
,2023-32717,39.76776149,-104.9955029,7/19/2023 10:08,10:08:00,5,0,0,I-25 & PARK AVE W,1,1,1,0,3,4,0,0,55,0,0,0,0,0,1,1,14
,2023-32722,39.72563842,-104.987447,7/19/2023 21:42,21:42:00,3,0,0,W 6TH AVE & N BROADWAY ST,1,3,0,0,1,1,0,0,30,0,0,0,0,0,4,2,11
,2023-32725,39.70478657,-104.9947439,7/19/2023 23:31,23:31:00,15,0,0,I-25 & S BROADWAY,1,3,0,0,1,4,0,0,55,0,0,0,0,0,1,2,8
,2023-32726,39.74000169,-104.9764871,7/20/2023 8:55,8:55:00,1,0,0,E COLFAX AVE & N EMERSON ST,1,1,0,0,1,1,0,0,30,0,0,0,0,0,2,2,11
,2023-32728,39.78511724,-105.0252071,7/20/2023 6:45,6:45:00,15,0,0, FEDERAL BLVD & W 49TH AVE,11,1,0,5,1,4,0,0,35,0,0,0,0,0,2,3,11
,2023-32731,39.77771505,-104.9034014,7/20/2023 8:41,8:41:00,9,0,1, NORTHFIELD QUEBEC ST NB & I-70 EB RAMPS,1,1,1,1,1,1,0,0,55,0,0,0,0,2,2,1,14
,2023-32733,39.7801857,-104.9600736,7/18/2023 15:21,15:21:00,12,0,0,I-70 & N YORK ST,1,1,0,0,1,4,0,0,55,0,0,0,0,0,1,2,13
,2023-32734,39.72408093,-105.0532651,7/20/2023 14:13,14:13:00,15,0,0, SHERIDAN BLVD & W 5TH AVE,1,1,1,0,1,1,0,0,35,0,0,0,0,0,2,2,11
,2023-32741,39.73105591,-104.9598492,7/20/2023 12:55,12:55:00,10,0,0, YORK ST & E 9TH AVE,1,1,0,0,1,2,0,0,30,0,0,0,0,0,4,2,11
,2023-32743,39.74482614,-104.9733903,7/19/2023 9:59,9:59:00,10,0,1, DOWNING ST & E 18TH AVE,14,5,3,7,1,1,0,0,30,0,0,0,0,1,4,2,16
,2023-32745,39.7717603,-104.903492,7/15/2023 18:57,18:57:00,3,0,1, QUEBEC ST & E SMITH RD,1,1,0,0,1,1,0,0,30,0,0,0,0,1,4,2,13
,2023-32748,39.78254645,-105.011004,6/30/2023 12:00,12:00:00,6,0,0,W ELK PL & N TEJON ST,1,1,0,0,1,4,0,0,25,0,0,0,0,0,4,2,16
,2023-32752,39.71772155,-105.004268,7/19/2023 11:22,11:22:00,12,0,4,I-25 & W 6TH AVE,1,1,0,0,1,4,0,0,55,0,0,0,0,1,1,3,13
,2023-32753,39.73385085,-104.9848679,7/20/2023 9:34,9:34:00,1,0,0,E 11TH AVE & N SHERMAN ST,1,1,0,0,1,1,0,0,25,0,0,0,0,0,4,2,11
,2023-32754,39.73374098,-104.9934247,7/7/2023 15:25,15:25:00,15,0,0, SPEER BLVD & W 11TH AVE,1,1,0,0,1,4,0,0,30,0,0,0,0,0,4,2,3
,2023-32766,39.74374735,-104.9407835,7/19/2023 16:43,16:43:00,12,0,0, COLORADO BLVD & E 17TH AVE,1,1,0,0,1,1,0,0,30,0,0,0,0,0,2,3,16
,2023-32777,39.76928785,-105.0064468,5/23/2023 16:06,16:06:00,1,0,2,W 38TH AVE & N PECOS ST,1,1,0,0,1,1,0,0,35,0,0,0,0,3,4,2,8
,2023-32779,39.69678855,-104.9407323,7/20/2023 11:37,11:37:00,15,0,0, COLORADO BLVD & E MISSISSIPPI AVE,1,1,0,0,1,3,0,0,35,0,0,0,0,0,2,3,16
,2023-32781,39.79843345,-104.7413642,7/19/2023 23:30,23:30:00,3,0,0, NEPAL ST & E 56TH AVE,1,3,0,0,1,1,0,0,45,0,0,0,0,0,4,2,1
,2023-32782,39.75324267,-104.9757733,7/19/2023 16:37,16:37:00,3,0,0,E 25TH AVE & N EMERSON ST,1,1,0,0,1,1,0,0,20,0,0,0,0,0,4,2,3
,2023-32784,39.68536914,-104.9591762,7/20/2023 8:47,8:47:00,12,0,0,I-25 NB OFF RAMP SLIP & S UNIVERSITY BLVD,1,1,0,0,1,8,0,0,35,0,0,0,0,0,1,2,16
,2023-32785,39.73631774,-105.0142425,7/19/2023 15:52,15:52:00,12,0,0,I-25 & W COLFAX AVE,1,1,0,0,1,4,0,0,55,0,0,0,0,0,1,2,13
,2023-32786,39.71115786,-104.987575,7/20/2023 11:45,11:45:00,12,0,0,W ALAMEDA AVE & S BROADWAY ST,1,1,0,0,1,4,0,0,30,0,0,0,0,0,4,4,13
,2023-32787,39.78361656,-104.7721143,7/20/2023 15:25,15:25:00,12,0,0, TOWER RD & E GREEN VALLEY RANCH BLVD,1,1,0,0,1,1,0,0,,0,0,0,0,0,4,2,16
,2023-32792,39.68968634,-104.9924149,7/20/2023 16:51,16:51:00,12,0,1, SANTA FE DR & W FLORIDA AVE,1,1,0,0,1,4,0,0,45,0,0,0,0,2,2,2,16
,2023-32794,39.67754992,-104.9875709,7/20/2023 11:37,11:37:00,15,0,0, BROADWAY ST & E EVANS AVE,1,1,0,0,1,4,0,0,35,0,0,0,0,0,4,2,11
,2023-32795,39.67852953,-105.00211,7/20/2023 12:44,12:44:00,12,0,0,W EVANS AVE & S LIPAN ST,1,1,0,0,1,3,0,0,35,0,0,0,0,0,4,2,16
,2023-32797,39.77851652,-104.9026731,7/20/2023 7:25,7:25:00,12,0,0,I-70 & N NORTHFIELD QUEBEC ST NB,11,1,0,1,1,4,0,0,55,0,0,0,0,0,1,3,13
,2023-32798,39.78542772,-104.7979571,7/20/2023 8:30,8:30:00,15,0,0, MEMPHIS ST & E 49TH AVE,1,1,0,0,1,4,0,0,30,0,0,0,0,0,4,2,11
,2023-32801,39.70568429,-104.8753533,7/20/2023 12:39,12:39:00,10,0,1, DAYTON ST & E CENTER AVE,11,1,0,0,1,2,0,0,30,0,0,0,1,1,4,2,16
,2023-32802,39.67865344,-105.0250484,7/20/2023 9:06,9:06:00,15,0,0, FEDERAL BLVD & W EVANS AVE,1,1,0,0,1,4,0,0,40,0,0,0,0,0,2,2,11
,2023-32809,39.73365202,-104.9361609,7/19/2023 14:49,14:49:00,6,0,0,E HALE PKWY & N BIRCH ST,1,1,0,0,3,1,0,0,25,0,0,0,0,0,4,2,3
,2023-32812,39.72932951,-105.025018,6/16/2023 7:00,7:00:00,15,0,1, FEDERAL BLVD & W 8TH AVE,1,1,0,0,1,4,0,0,,0,0,0,0,1,2,2,16
,2023-32813,39.7423056,-104.9993313,7/20/2023 14:40,14:40:00,10,0,0, SPEER BLVD & CHAMPA ST,1,1,0,0,1,1,0,0,30,0,0,0,0,0,4,2,11
,2023-32815,39.6531847,-104.9004235,7/20/2023 9:23,9:23:00,12,0,0,E HAMPDEN AVE & S TAMARAC DR,11,1,1,0,1,4,0,0,35,0,0,0,0,0,2,2,14
,2023-32816,39.630288,-104.9050532,7/20/2023 10:28,10:28:00,12,0,1,I-225 NB ON RAMP & NB OFF RAMP GORE PT FROM I-25,1,1,2,0,1,8,0,0,45,0,0,0,0,1,4,2,13
,2023-32821,39.79843453,-104.7627065,6/9/2023 6:50,6:50:00,12,0,0,E 56TH AVE & N DUNKIRK ST,1,1,0,0,1,1,0,0,40,0,0,0,0,0,4,2,16
,2023-32823,39.72488031,-105.0158559,7/19/2023 14:36,14:36:00,5,0,1,W 6TH AVE EB OFF RAMP & I-25 NB,1,1,0,1,2,8,0,0,55,0,0,0,0,2,1,1,1
,2023-32826,39.74323815,-104.9695877,7/20/2023 16:18,16:18:00,15,0,1,E 17TH AVE & N HUMBOLDT ST,1,1,0,0,1,4,0,0,35,0,0,0,0,2,4,4,11
,2023-32827,39.74165238,-104.9924334,7/20/2023 12:45,12:45:00,6,0,0,14TH ST & GLENARM PL,1,1,0,0,1,4,0,0,35,0,0,0,0,0,4,2,11
,2023-32842,39.78026283,-104.9463454,7/19/2023 16:13,16:13:00,5,0,0,I-70 & N COLORADO BLVD,1,1,0,0,3,8,0,0,55,0,0,0,0,0,1,1,1
,2023-32843,39.70103543,-104.9873125,7/18/2023 8:47,8:47:00,12,0,0,I-25 & S BROADWAY,1,1,1,0,1,4,0,0,55,0,0,0,0,0,1,3,1
,2023-32845,39.67846303,-104.9318374,7/20/2023 7:43,7:43:00,12,0,0,E EVANS AVE & S DAHLIA ST,11,1,0,0,1,3,0,0,35,0,0,0,0,0,4,2,3
,2023-32848,39.68210126,-104.9222344,7/20/2023 15:15,15:15:00,3,0,0, HOLLY ST & E JEWELL AVE,1,1,0,0,1,1,0,0,25,0,0,0,0,0,4,2,16
,2023-32850,39.74166971,-104.9861164,7/20/2023 13:45,13:45:00,12,0,0, LINCOLN ST & E 16TH AVE,1,1,0,0,1,1,0,0,35,0,0,0,0,0,4,2,11
,2023-32852,39.74013355,-104.9419032,7/21/2023 20:28,20:28:00,15,0,0,E COLFAX AVE & N HARRISON ST,1,1,0,0,1,1,0,0,35,0,0,0,0,0,2,2,16
,2023-32853,39.68228019,-105.0250196,7/21/2023 1:40,1:40:00,5,0,1, FEDERAL BLVD & W JEWELL AVE,1,3,0,0,3,1,0,0,40,0,0,0,0,3,2,1,14
,2023-32854,39.75892618,-105.0074837,7/21/2023 9:08,9:08:00,15,0,1,I-25 & 20TH ST,1,1,1,0,1,4,0,0,55,0,0,0,0,1,1,3,11
,2023-32856,39.73043629,-104.9823996,7/21/2023 12:00,12:00:00,3,0,0,E 9TH AVE & N LOGAN ST,1,1,0,0,1,1,0,0,35,0,0,0,0,0,4,2,13
,2023-32860,39.71121008,-104.9048073,7/21/2023 18:30,18:30:00,12,0,0,E ALAMEDA AVE & S POPLAR ST,1,1,0,0,1,4,0,0,35,0,0,0,0,0,4,4,10
,2023-32863,39.73368893,-105.0001467,7/20/2023 16:51,16:51:00,10,0,0,W 11TH AVE & N KALAMATH ST,1,1,0,0,1,1,0,0,,0,0,0,0,0,4,2,16
,2023-32868,39.71118407,-105.0039099,7/21/2023 7:59,7:59:00,12,0,1,W ALAMEDA AVE & S NAVAJO ST,1,1,0,1,1,4,0,0,35,0,0,0,0,1,2,4,16
,2023-32869,39.7771963,-104.8835746,7/17/2023 16:56,16:56:00,15,0,0,I-70 & N CENTRAL PARK BLVD,1,1,0,0,1,4,0,0,55,0,0,0,0,0,1,2,11
,2023-32870,39.74167881,-104.9861279,7/14/2023 15:20,15:20:00,2,0,1,E 16TH AVE & N LINCOLN ST,1,1,0,0,1,1,0,0,30,1,0,0,0,2,4,1,11
,2023-32871,39.72564692,-104.9862613,7/21/2023 16:22,16:22:00,10,0,0,E SPEER BLVD & N LINCOLN ST,1,1,0,0,1,1,0,0,30,0,0,0,0,0,4,2,13
,2023-32873,39.69675846,-105.0250715,7/20/2023 21:12,21:12:00,12,0,0, FEDERAL BLVD & W MISSISSIPPI AVE,11,3,0,1,1,4,0,0,40,0,0,0,0,0,2,2,13
,2023-32877,39.70646803,-104.945988,7/21/2023 18:30,18:30:00,10,0,0, GARFIELD ST & E VIRGINIA AVE,14,5,3,7,1,1,0,0,30,0,0,0,0,0,4,2,1
,2023-32879,39.73788658,-104.9798971,7/20/2023 21:29,21:29:00,6,0,1, PEARL ST & E 14TH AVE,11,4,0,1,1,4,0,0,25,0,0,0,0,2,4,3,14
,2023-32883,39.7838946,-105.0252424,7/21/2023 15:40,15:40:00,3,0,1,I-70 EB RAMPS & N FEDERAL BLVD,1,1,0,0,1,1,0,0,45,0,0,0,0,2,2,2,16
,2023-32887,39.69312301,-105.0250363,7/21/2023 4:05,4:05:00,12,0,0, FEDERAL BLVD & W LOUISIANA AVE,1,3,0,0,1,3,0,0,40,0,0,0,0,0,2,2,2
,2023-32888,39.78378643,-104.7979778,7/20/2023 16:45,16:45:00,15,0,0,E GREEN VALLEY RANCH BLVD & N MEMPHIS ST,1,1,0,0,1,1,0,0,,0,0,0,0,0,4,2,16
,2023-32889,39.8379757,-104.6929776,7/21/2023 11:56,11:56:00,12,0,0,E 78TH AVE & N JACKSON GAP ST,1,1,0,0,1,3,0,0,45,0,0,0,0,0,4,2,11
,2023-32891,39.78384307,-105.0051423,7/20/2023 16:40,16:40:00,3,0,0, OSAGE ST & W 48TH AVE,1,1,0,0,1,1,0,0,30,0,0,0,0,0,4,2,11
,2023-32893,39.65308281,-104.8987252,7/21/2023 12:17,12:17:00,3,0,0, TAMARAC DR & E HAMPDEN AVE,1,1,1,0,1,1,0,0,30,0,0,0,0,0,2,2,14
,2023-32894,39.76449929,-104.9684234,7/21/2023 14:35,14:35:00,3,0,0, FRANKLIN ST & E BRUCE RANDOLPH AVE,1,1,0,0,1,1,0,0,20,0,0,0,0,0,4,2,13
,2023-32895,39.7461668,-104.977542,7/21/2023 18:33,18:33:00,3,0,3, CLARKSON ST & E 19TH AVE,1,1,0,0,1,1,0,0,30,0,0,0,0,1,4,2,3
,2023-32896,39.77892707,-104.9498066,7/20/2023 10:14,10:14:00,3,0,2,E 45TH AVE & N STEELE ST,1,1,0,0,1,1,0,0,35,0,0,0,0,1,4,2,16
,2023-32897,39.7772275,-104.9890068,7/21/2023 11:13,11:13:00,12,0,0,I-25 OFF RAMP & I-70 EB ON RAMP,1,1,0,0,1,8,0,0,55,0,0,0,0,0,1,2,16
,2023-32898,39.76928252,-105.0236131,7/21/2023 14:52,14:52:00,15,0,0,W 38TH AVE & N ELIOT ST,1,1,0,0,1,1,0,0,30,0,0,0,0,0,4,8,16
,2023-32899,39.83200535,-104.71554,7/21/2023 8:46,8:46:00,15,0,0,GUN CLUB RD & E 75TH AVE,1,1,3,0,1,1,0,0,25,0,0,0,0,0,4,2,16
,2023-32900,39.73742652,-104.9574392,7/20/2023 7:30,7:30:00,6,0,0, COLUMBINE ST & E 14TH AVE,1,1,0,0,1,4,0,0,,0,0,0,0,0,4,2,16
,2023-32901,39.75177254,-105.003194,7/21/2023 7:00,7:00:00,6,0,0,15TH ST & WEWATTA ST,1,1,0,0,1,4,0,0,,0,0,0,0,0,4,2,16
,2023-32903,39.77714654,-104.8132272,7/21/2023 16:31,16:31:00,15,0,0,E 46TH AVE & N FRASER WY,1,1,0,0,1,1,0,0,30,0,0,0,0,0,4,2,3
,2023-32925,39.74345556,-104.9923558,7/13/2023 13:50,13:50:00,2,0,1,15TH ST & WELTON ST,1,1,0,0,1,4,0,0,30,1,0,0,0,1,4,1,13
,2023-32927,39.67846286,-104.9145784,7/21/2023 21:05,21:05:00,8,0,0,E EVANS AVE & MONACO ST,14,5,3,7,1,2,0,0,35,0,0,0,0,0,4,2,16
,2023-32928,39.76723244,-104.9944032,7/22/2023 2:08,2:08:00,15,0,0,I-25 NB ON RAMP & PARK AVE W,1,3,3,0,1,8,0,0,,0,0,0,0,0,1,2,16
,2023-32929,39.74291648,-104.9761551,7/22/2023 7:28,7:28:00,6,0,0, EMERSON ST & E 17TH AVE,1,1,0,0,1,4,0,0,,0,0,0,0,0,4,2,16
,2023-32930,39.68931642,-104.9965981,7/22/2023 19:38,19:38:00,1,0,1, PLATTE RIVER DR & W FLORIDA AVE,1,1,0,0,1,1,0,0,35,0,0,0,0,1,4,2,13
,2023-32931,39.68486728,-104.9034428,7/22/2023 5:30,5:30:00,12,0,0, QUEBEC DR & E CHERRY CREEK S DR,1,1,0,0,1,3,0,0,35,0,0,0,0,0,4,2,10
,2023-32933,39.83792245,-104.6855839,7/22/2023 11:49,11:49:00,12,0,1,E 78TH AVE & N JACKSON GAP ST,1,1,0,0,1,4,0,0,45,0,0,0,0,2,4,2,7
,2023-32938,39.72549719,-105.0394441,7/22/2023 12:10,12:10:00,3,0,0,W 6TH AVE  DR & N PERRY ST,1,1,0,0,1,1,0,0,,0,0,0,0,0,4,2,16
,2023-32945,39.83576263,-104.746824,7/18/2023 17:40,17:40:00,12,0,1,E-470 & MM 28,1,1,0,0,1,4,0,0,65,0,0,0,0,1,2,2,16
,2023-32946,39.66763456,-104.9113158,7/22/2023 9:13,9:13:00,12,0,0,E YALE AVE & S MAGNOLIA ST,1,1,0,0,1,4,0,0,35,0,0,0,0,0,4,2,7
,2023-32949,39.71742646,-105.0038318,7/21/2023 22:42,22:42:00,6,0,0,I-25 & W ALAMEDA AVE,1,3,1,0,2,4,0,0,55,0,0,0,0,0,1,2,1
,2023-32950,39.78025647,-104.9400537,7/22/2023 12:05,12:05:00,12,0,0,I-70 & N COLORADO BLVD,1,1,0,0,1,4,0,0,55,0,0,0,0,0,1,4,13
,2023-32951,39.75291578,-104.9405974,7/22/2023 19:58,19:58:00,5,0,0, COLORADO BLVD & E 26TH AVE,1,1,0,0,3,4,0,0,35,0,0,0,0,0,2,1,16
,2023-32952,39.69953468,-104.9216263,7/22/2023 19:11,19:11:00,6,0,1,951  HOLLY ST & E KENTUCKY AVE,1,1,0,0,1,4,0,0,35,0,0,0,0,2,4,3,3
,2023-32955,39.75312716,-105.0080449,7/22/2023 13:08,13:08:00,1,0,0, SPEER BLVD & ELITCH CIR,1,1,0,0,1,1,0,0,25,0,0,0,0,0,4,2,11
,2023-32956,39.75322479,-104.9905321,7/22/2023 2:38,2:38:00,6,0,0,21ST ST & LAWRENCE ST,1,3,0,0,1,3,0,0,20,0,0,0,0,0,4,2,14
,2023-32958,39.74823647,-104.9864625,7/22/2023 10:35,10:35:00,10,0,0,20TH ST & WELTON ST,1,1,0,0,1,1,0,0,,0,0,0,0,0,4,2,16
,2023-32959,39.73172016,-104.99196,7/22/2023 13:30,13:30:00,10,0,0, SPEER BLVD & N CHEROKEE ST,1,1,0,0,1,1,0,0,30,0,0,0,0,0,4,2,11
,2023-32960,39.7618276,-104.91242,7/21/2023 19:00,19:00:00,1,0,0,E MLK JR BLVD & N MONACO ST,1,1,0,0,1,1,0,0,35,0,0,0,0,0,4,2,13
,2023-32966,39.77691478,-104.7528918,7/21/2023 22:00,22:00:00,6,0,0,E 43RD PL & N IRAN ST,14,3,0,7,1,4,0,0,20,0,0,0,0,0,4,2,16
,2023-32973,39.73841483,-104.9752965,7/22/2023 1:38,1:38:00,3,0,0, OGDEN ST & E 14TH AVE,1,3,0,0,1,1,0,0,30,0,0,0,0,0,4,2,11
,2023-32974,39.73525888,-104.9916409,7/21/2023 21:12,21:12:00,3,0,0,W 12TH AVE & N CHEROKEE ST,1,3,0,0,1,1,0,0,35,0,0,0,0,0,4,2,11
,2023-32979,39.6336164,-105.0436063,7/15/2023 22:13,22:13:00,6,0,0,W TUFTS AVE & S RALEIGH ST,1,3,0,0,1,4,0,0,25,0,0,0,0,0,4,2,3
,2023-32983,39.75018351,-104.9961594,7/12/2023 16:56,16:56:00,6,0,0,LARIMER ST & 17TH ST,1,1,0,0,1,4,0,0,30,0,0,0,0,0,4,2,16
,2023-32993,39.6912924,-105.0250484,7/16/2023 2:05,2:05:00,9,0,1, FEDERAL BLVD & W ARKANSAS AVE,1,3,0,0,1,4,0,0,35,0,0,0,1,3,2,1,16
,2023-32996,39.70080123,-104.9875302,7/10/2023 20:04,20:04:00,2,0,1,I-25 SB OFF AMP & S BROADWAY,14,5,3,7,1,1,0,0,40,1,0,0,0,1,4,1,11
,2023-32997,39.75128874,-105.0167818,6/24/2023 22:38,22:38:00,15,0,0,I-25 & W 23RD AVE,1,3,0,0,1,4,0,0,55,0,0,0,0,0,1,2,1
,2023-33002,39.77302111,-105.0299504,7/15/2023 8:30,8:30:00,2,0,1, IRVING ST & W 41ST AVE,1,1,0,0,1,3,0,0,25,1,0,0,0,3,4,1,16
,2023-33010,39.78375545,-104.8097974,7/15/2023 15:39,15:39:00,9,0,1,E GREEN VALLEY RANCH BLVD & N CHAMBERS RD,1,1,0,0,6,1,0,0,40,0,0,0,1,2,4,1,14
,2023-33016,39.76094051,-105.0043135,7/14/2023 18:10,18:10:00,12,0,0,I-25 NB ON RAMP & 20TH ST,1,1,1,0,1,8,0,0,35,0,0,0,0,0,2,3,16