id,drcog_id,latitude,longitude,crashtime,time,crashtype,numbkilled,numbinjurd,drcoglocat,rdconditin,lightngcon,roadcntgrd,weatherco,location,roaddescrp,schoolzone,constrzone,splimit,bikeinv,pedinv,sctrinv,motoinv,svrty,rdsystem,ttlvehcls,hcf
,2023-33018,39.72550762,-105.0412509,7/13/2023 20:25,20:25:00,12,0,4,W 6TH AVE & N PERRY ST,1,2,1,0,1,4,0,0,55,0,0,0,0,3,2,4,16
,2023-33019,39.79110521,-105.025101,7/15/2023 20:07,20:07:00,9,0,1, FEDERAL BLVD & W 52ND AVE,1,1,0,0,1,1,0,0,25,0,0,0,1,2,2,1,16
,2023-33020,39.75461441,-104.9745609,7/14/2023 19:19,19:19:00,11,0,1, OGDEN ST & E 26TH AVE,1,2,0,7,1,1,0,0,0,0,0,1,0,1,4,1,16
,2023-33070,39.82507121,-104.6913878,7/18/2023 14:19,14:19:00,8,1,0,E 71ST AVE & N POWHATON RD,1,1,0,0,6,4,0,0,45,0,0,0,0,4,4,2,16
,2023-33074,39.73417852,-104.9407686,8/10/2023 15:43,15:43:00,12,0,0, COLORADO BLVD & E 11TH AVE,1,1,0,0,1,4,0,0,35,0,0,0,0,0,2,4,13
,2023-33082,39.70401065,-105.0275188,8/9/2023 21:25,21:25:00,3,0,0,W EXPOSITION AVE & S HAZEL CT,1,3,0,0,1,1,0,0,25,0,0,0,0,0,4,2,13
,2023-33087,39.75322674,-104.9929228,8/8/2023 16:25,16:25:00,5,0,0,20TH ST & LARIMER ST,1,1,0,0,3,4,0,0,35,0,0,0,0,0,4,1,12
,2023-33090,39.75968215,-104.9856296,8/10/2023 15:17,15:17:00,16,0,0,2600 WALNUT ST,14,5,3,7,6,14,0,0,,0,0,0,0,0,3,3,16
,2023-33091,39.74324016,-104.9726991,8/9/2023 21:00,21:00:00,6,0,0,E 17TH AVE & PARK AVE,1,1,0,0,1,1,0,0,,0,0,0,0,0,4,2,16
,2023-33092,39.65311017,-104.9228209,8/10/2023 9:30,9:30:00,12,0,0,E HAMPDEN AVE & S HOLLY ST,1,1,0,0,1,1,0,0,35,0,0,0,1,0,2,2,3
,2023-33097,39.72541198,-105.0510777,8/7/2023 18:50,18:50:00,15,0,1,W 6TH AVE & N SHERIDAN BLVD,1,1,0,0,1,4,0,0,,0,0,0,0,2,2,4,16
,2023-33108,39.68490268,-104.9513665,6/1/2023 19:45,19:45:00,15,0,0,I-25 & S UNIVERSITY BLVD,1,2,0,0,1,4,0,0,65,0,0,0,0,0,1,2,16
,2023-33113,39.66757771,-104.9237083,8/10/2023 11:49,11:49:00,3,0,0, HUDSON ST & E YALE AVE,1,1,0,0,1,1,0,0,35,0,0,0,0,0,4,2,11
,2023-33116,39.73690517,-105.0159569,8/10/2023 16:23,16:23:00,1,0,0, ZUNI ST & W 13TH AVE,1,1,0,0,1,1,0,0,35,0,0,0,0,0,4,2,13
,2023-33122,39.63486524,-104.8933179,8/10/2023 12:30,12:30:00,15,0,0, TAMARAC ST & I-225 NB RAMPS,1,1,0,0,1,1,0,0,30,0,0,0,0,0,4,2,3
,2023-33125,39.70027192,-104.9082099,8/9/2023 17:10,17:10:00,12,0,0,LEETSDALE DR & S ONEIDA ST,1,1,0,0,1,1,0,0,30,0,0,0,0,0,2,2,3
,2023-33126,39.71111793,-104.959261,8/10/2023 13:30,13:30:00,10,0,0,E ALAMEDA AVE & S UNIVERSITY BLVD,1,1,0,0,1,3,0,0,25,0,0,0,0,0,4,2,13
,2023-33137,39.72413048,-105.000188,8/9/2023 8:31,8:31:00,10,0,0, KALAMATH ST & W 5TH AVE,1,1,0,7,1,1,0,0,35,0,0,0,0,0,4,2,16
,2023-33138,39.63867966,-104.8926845,8/10/2023 10:48,10:48:00,1,0,2, TAMARAC DR & E QUINCY AVE,1,1,0,0,1,1,0,0,35,0,0,0,0,3,4,2,16
,2023-33154,39.77461759,-104.9223169,8/9/2023 12:20,12:20:00,12,0,0, HOLLY ST & E SMITH RD,1,1,0,0,1,1,0,0,35,0,0,0,0,0,4,2,16
,2023-33156,39.70134601,-104.9877208,8/10/2023 8:03,8:03:00,15,0,0,I-25 & S BROADWAY,1,1,0,0,1,4,0,0,60,0,0,0,0,0,1,2,16
,2023-33161,39.78363902,-104.7858142,8/10/2023 11:45,11:45:00,12,0,0,E GREEN VALLEY RANCH BLVD & PENA BLVD,1,1,0,0,1,4,0,0,40,0,0,0,0,0,4,2,1
,2023-33163,39.7811218,-104.9026838,8/10/2023 10:47,10:47:00,12,0,1, QUEBEC ST & SAND CREEK,1,1,0,0,1,4,0,0,35,0,0,0,0,1,2,2,13
,2023-33167,39.77913383,-104.9788065,8/10/2023 8:27,8:27:00,12,0,1,I-70 EB ON RAMP & N WASHINGTON ST,1,1,0,0,1,8,0,0,45,0,0,0,0,1,1,2,16
,2023-33169,39.79838313,-104.7721172,8/9/2023 20:49,20:49:00,12,0,0, TOWER RD & E 56TH AVE,1,3,0,0,1,3,0,0,45,0,0,0,0,0,4,2,7
,2023-33172,39.66504844,-105.0251411,8/9/2023 17:40,17:40:00,12,0,1, FEDERAL BLVD & W AMHERST AVE,1,1,0,0,1,3,0,0,40,0,0,0,0,1,4,3,3
,2023-33173,39.72393457,-105.0117562,8/9/2023 15:01,15:01:00,12,0,0,I-25 & W 6TH AVE FWY,1,1,0,0,1,4,0,0,55,0,0,0,0,0,1,2,16
,2023-33175,39.72097821,-104.9546391,8/7/2023 9:15,9:15:00,15,0,0,E 3RD AVE & N DETROIT ST,1,1,0,0,1,1,0,0,25,0,0,0,0,0,4,3,3
,2023-33176,39.68954646,-105.0532567,7/31/2023 20:15,20:15:00,3,0,3,W FLORIDA AVE & S SHERIDAN BLVD,11,3,0,1,1,1,0,0,35,0,0,0,0,3,2,2,13
,2023-33178,39.70571414,-104.9863031,8/10/2023 13:30,13:30:00,10,0,0, LINCOLN ST & E CENTER AVE,1,1,0,0,1,1,0,0,30,0,0,0,0,0,4,2,13
,2023-33179,39.71118407,-105.0039099,8/10/2023 11:17,11:17:00,15,0,0,W ALAMEDA AVE & S NAVAJO ST,1,1,0,0,1,4,0,0,35,0,0,0,0,0,2,2,11
,2023-33181,39.72560265,-104.9775548,8/10/2023 15:05,15:05:00,3,0,0, CLARKSON ST & E 6TH AVE,1,1,0,0,1,1,0,0,30,0,0,0,0,0,4,2,13
,2023-33182,39.77819179,-104.9155438,8/9/2023 16:26,16:26:00,12,0,1,I-70 & MM 278,1,1,0,0,1,4,0,0,55,0,0,0,0,1,1,2,10
,2023-33185,39.72605771,-104.9928282,8/9/2023 14:24,14:24:00,3,0,0, DELAWARE ST & W 6TH AVE,1,1,0,0,1,2,0,0,,0,0,0,0,0,4,2,14
,2023-33187,39.72114967,-105.0086105,8/9/2023 14:53,14:53:00,15,0,0,I-25 & 6TH AVE,1,1,0,0,1,8,0,0,55,0,0,0,0,0,1,2,13
,2023-33190,39.68207878,-104.9034074,8/9/2023 16:00,16:00:00,15,0,0, QUEBEC ST & E JEWELL AVE,1,1,0,0,1,1,0,0,30,0,0,0,0,0,4,2,3
,2023-33193,39.70079564,-104.9875086,8/9/2023 15:00,15:00:00,3,0,0, BROADWAY & I-25 SB OFF RAMP,1,1,0,0,1,1,0,0,30,0,0,0,0,0,4,2,3
,2023-33201,39.74846451,-104.9769581,8/9/2023 19:40,19:40:00,14,0,0,2000  CLARKSON ST,1,1,0,0,6,4,0,0,35,0,0,0,0,0,4,2,13
,2023-33202,39.65312503,-104.9204608,8/11/2023 17:17,17:17:00,15,0,0,E HAMPDEN AVE & S IVY WY,1,1,1,7,1,4,0,0,45,0,0,0,0,0,2,2,13
,2023-33203,39.75904233,-105.0161444,8/9/2023 15:08,15:08:00,10,0,0,W DUNKELD PL & N ZUNI ST,1,1,0,0,1,4,0,0,30,0,0,0,0,0,4,2,16
,2023-33204,39.68357857,-104.9405028,8/9/2023 8:59,8:59:00,1,0,2, COLORADO BLVD & I-25 NB RAMPS,1,1,0,0,1,1,0,0,40,0,0,0,0,2,2,2,16
,2023-33219,39.78364122,-104.7913802,8/5/2023 13:30,13:30:00,6,0,0,E GREEN VALLEY RANCH BLVD,1,1,0,0,1,8,0,0,65,0,0,0,0,0,4,2,11
,2023-33228,39.72550446,-105.0403174,7/31/2023 0:29,0:29:00,12,0,1,W 6TH AVE & N PERRY ST,1,3,1,0,1,4,0,0,55,0,0,0,1,3,2,2,1
,2023-33230,39.70037925,-105.0390991,7/26/2023 7:03,7:03:00,3,0,0, PATTON CT & W KENTUCKY AVE,1,1,0,0,1,1,0,0,25,0,0,0,0,0,4,2,16
,2023-33234,39.76198292,-104.9597526,8/11/2023 10:29,10:29:00,1,0,2, YORK ST & E MLK JR BLVD,1,1,0,0,1,1,0,0,30,0,0,0,0,1,4,2,13
,2023-33236,39.7413821,-104.9406108,7/30/2023 6:06,6:06:00,5,0,0, COLORADO BLVD & E 16TH AVE,1,1,0,0,2,1,0,0,25,0,0,0,0,0,2,2,16
,2023-33237,39.72437908,-104.9594562,8/9/2023 21:06,21:06:00,15,0,0, UNIVERSITY BLVD & E 5TH AVE,1,3,0,0,1,4,0,0,30,0,0,0,0,0,4,2,8
,2023-33243,39.73649079,-104.9303926,8/10/2023 13:00,13:00:00,15,0,1,E 13TH AVE & N EUDORA ST,1,1,0,1,1,1,0,0,30,0,0,0,0,1,4,2,16
,2023-33247,39.70754818,-104.940789,7/28/2023 11:54,11:54:00,12,0,1, COLORADO BLVD & CHERRY CREEK N DR,1,1,0,0,1,3,0,0,35,0,0,0,0,1,2,3,16
,2023-33248,39.6830834,-104.9404081,8/10/2023 14:09,14:09:00,12,0,0,I-25 & S COLORADO BLVD,1,1,0,0,1,4,0,0,60,0,0,0,0,0,1,2,10
,2023-33249,39.75951149,-104.8642165,8/10/2023 17:06,17:06:00,12,0,0,E MLK BLVD & N HAVANA ST,1,1,0,0,1,3,0,0,30,0,0,0,0,0,4,2,16
,2023-33250,39.7513473,-105.017315,7/28/2023 20:59,20:59:00,12,0,0,I-25 SB OFF RAMP & W 23RD AVE,1,3,1,0,1,8,0,0,30,0,0,0,0,0,1,2,16
,2023-33251,39.70042122,-105.0226483,7/7/2023 5:49,5:49:00,5,0,0,2855 W KENTUCKY AVE & S DECATUR ST,1,1,0,0,2,4,0,0,25,0,0,0,0,0,4,1,16
,2023-33257,39.72194572,-104.9666637,8/11/2023 8:54,8:54:00,2,0,1, GILPIN ST & E 2ND AVE,1,1,0,0,1,4,0,0,25,1,0,0,0,2,4,1,16
,2023-33264,39.7837766,-104.7946641,8/11/2023 21:15,21:15:00,15,0,0,E GREEN VALLEY RANCH BLVD & N AIRPORT WY,1,3,0,0,1,1,0,0,,0,0,0,0,0,4,2,16
,2023-33266,39.70395737,-105.0250878,8/11/2023 12:21,12:21:00,12,0,0, FEDERAL BLVD & W EXPOSITION AVE,1,1,0,0,1,3,0,0,35,0,0,0,0,0,2,2,16
,2023-33267,39.71238253,-104.9998534,8/11/2023 18:41,18:41:00,15,0,0,I-25 & W ALAMEDA AVE,1,1,0,0,1,4,0,0,55,0,0,0,0,0,1,2,1
,2023-33268,39.69645923,-105.008712,8/4/2023 9:35,9:35:00,6,0,0, RARITAN ST & W MISSISSIPPI AVE,1,1,1,0,1,4,0,0,25,0,0,0,0,0,4,2,16
,2023-33270,39.76474336,-104.9223125,8/11/2023 13:15,13:15:00,15,0,0, HOLLY ST & E 33RD AVE,1,1,0,0,1,4,0,0,,0,0,0,0,0,4,2,16
,2023-33274,39.74846467,-105.0033245,8/9/2023 16:57,16:57:00,10,0,0,BLAKE ST & N SPEER BLVD,1,1,1,0,1,1,0,0,30,0,0,0,0,0,4,2,8
,2023-33277,39.68368952,-104.9419734,8/11/2023 17:55,17:55:00,12,0,0,I-25 NB ON RAMP & S COLORADO BLVD,1,1,0,0,1,8,0,0,55,0,0,0,0,0,1,2,13
,2023-33278,39.72910944,-104.9601696,8/10/2023 14:45,14:45:00,15,0,0,E 8TH AVE & N LAFEYETTE ST,11,1,0,1,1,4,0,0,35,0,0,0,0,0,4,2,11
,2023-33280,39.76225951,-105.0036555,8/11/2023 9:25,9:25:00,12,0,5,I-25 & 20TH ST,1,1,0,0,1,4,0,0,55,0,0,0,0,1,1,3,16
,2023-33281,39.76474063,-104.9597574,8/11/2023 15:02,15:02:00,1,0,0, YORK ST & E BRUCE RANDOLPH AVE,1,1,0,0,1,2,0,0,30,0,0,0,0,0,4,2,13
,2023-33285,39.74961405,-104.8866838,8/11/2023 11:20,11:20:00,15,0,0, CENTRAL PARK BLVD & E 23RD AVE,1,1,0,0,1,4,0,0,25,0,0,0,0,0,4,2,16
,2023-33287,39.77534259,-105.0158667,8/11/2023 8:50,8:50:00,3,0,0,W 43RD AVE & N ZUNI ST,1,1,1,0,1,1,0,0,25,0,0,0,0,0,4,2,13
,2023-33288,39.77987555,-104.9905506,8/11/2023 5:13,5:13:00,15,0,0,I-70 WB OFF RAMP TO SB -25 & I-25,1,2,0,0,1,8,0,0,55,0,0,0,0,0,1,2,16
,2023-33289,39.7511922,-105.038153,6/21/2023 15:51,15:51:00,3,0,0, OSCEOLA ST & W 23RD AVE,1,1,0,0,1,1,0,0,30,0,0,0,0,0,4,2,16
,2023-33291,39.78365418,-105.0061108,8/10/2023 23:08,23:08:00,3,0,0,I-70 WB OFF RAMP & N PECOS ST,1,3,0,0,1,6,0,0,40,0,0,0,0,0,4,2,13
,2023-33302,39.7470601,-104.9897761,8/10/2023 15:59,15:59:00,10,0,0,18TH ST & CALIFORNIA ST,1,1,0,0,1,1,0,0,30,0,0,0,0,0,4,2,8
,2023-33303,39.70073063,-104.9865453,8/11/2023 13:45,13:45:00,12,0,0,I-25 & S BROADWAY,1,1,0,0,1,4,0,0,60,0,0,0,0,0,1,2,3
,2023-33305,39.740141,-104.9483703,8/10/2023 18:10,18:10:00,3,0,2, ADAMS ST & E COLFAX AVE,1,2,0,0,1,1,0,0,25,0,0,0,0,2,2,2,13
,2023-33308,39.78367117,-105.006116,8/10/2023 13:51,13:51:00,3,0,0,WB -70 OFF RAMP & N PECOS ST,1,1,0,0,1,6,0,0,30,0,0,0,0,0,1,2,8
,2023-33312,39.7252538,-105.0112223,8/11/2023 9:52,9:52:00,12,0,0,I-25  & W 6TH AVE FWY,1,1,0,0,1,8,0,0,45,0,0,0,0,0,1,2,13
,2023-33322,39.73727713,-104.8881997,8/11/2023 10:15,10:15:00,15,0,0,13TH AVE & WILLOW ST,1,1,0,0,1,1,0,0,35,0,0,0,0,0,4,2,3
,2023-33323,39.78363784,-104.7904896,8/11/2023 7:16,7:16:00,1,0,1,E GREEN VALLEY RANCH BLVD & PENA BLVD,1,1,0,0,1,1,0,0,45,0,0,0,0,1,4,2,7
,2023-33334,39.72491402,-105.012645,8/9/2023 10:55,10:55:00,12,0,0,I-25 & W 6TH AVE,1,1,0,0,1,4,0,0,,0,0,0,0,0,1,2,16
,2023-33342,39.77558108,-104.8652563,8/10/2023 14:10,14:10:00,15,0,0,I-70 & N HAVANA ST,1,1,0,0,1,8,0,0,,0,0,0,0,0,1,2,16
,2023-33343,39.76563634,-104.9305363,8/11/2023 17:29,17:29:00,6,0,0, EUDORA ST & E 35TH AVE,1,1,0,0,1,4,0,0,25,0,0,0,0,0,4,4,3
,2023-33352,39.74021028,-104.8952327,8/10/2023 14:35,14:35:00,3,0,0, TAMARAC ST & E COLFAX AVE,1,1,0,0,1,1,0,0,25,0,0,0,0,0,2,2,3
,2023-33353,39.74020056,-104.9286705,8/11/2023 18:13,18:13:00,3,0,0,E COLFAX AVE & N FAIRFAX ST,11,1,0,0,1,1,0,0,35,0,0,0,0,0,2,2,7
,2023-33356,39.76935656,-104.9007901,4/25/2023 15:15,15:15:00,3,0,0, ROSLYN ST & E 38TH AVE,1,1,0,0,1,2,0,0,25,0,0,0,0,0,4,2,16
,2023-33361,39.67743912,-104.9327707,8/11/2023 14:14,14:14:00,12,0,0,I-25 & E EVANS ST,1,1,0,0,1,4,0,0,55,0,0,0,0,0,1,2,13
,2023-33363,39.72996977,-104.9906484,7/26/2023 11:00,11:00:00,15,0,0,E SPEER BLVD & N BANNOCK ST,1,1,0,0,1,1,0,0,,0,0,0,0,0,4,2,16
,2023-33373,39.67051497,-104.8697926,7/15/2023 3:20,3:20:00,6,0,0,E VASSAR DR & E HARVARD AVE,1,4,1,0,1,4,0,0,,0,0,0,0,0,4,2,16
,2023-33374,39.68576074,-104.9828285,8/12/2023 18:08,18:08:00,3,0,2,E MEXICO AVE & S LOGAN ST,1,1,0,0,1,1,0,0,25,0,0,0,0,2,4,2,11
,2023-33375,39.79787154,-104.8096517,8/12/2023 2:49,2:49:00,5,0,1, CHAMBERS RD & E 56TH AVE,1,3,0,0,3,4,0,0,40,0,0,0,0,1,4,1,14
,2023-33378,39.69496306,-105.0532278,8/12/2023 14:09,14:09:00,1,0,0, SHERIDAN BLVD & W ARIZONA AVE,1,1,0,0,1,1,0,0,35,0,0,0,0,0,2,2,11
,2023-33382,39.85105331,-104.6669422,8/11/2023 21:00,21:00:00,16,0,0,8511 PENA BLVD,1,3,0,0,5,7,0,0,,0,0,0,0,0,3,1,11
,2023-33385,39.75419712,-104.9917682,6/6/2023 22:49,22:49:00,6,0,0,21ST ST & MARKET ST,1,3,0,0,1,2,0,0,20,0,0,0,0,0,4,2,16
,2023-33386,39.70388074,-104.9874887,7/13/2023 18:37,18:37:00,6,0,0,E EXPOSITION AVE & S BROADWAY ST,1,1,0,0,1,4,0,0,,0,0,0,0,0,4,2,16
,2023-33387,39.7691889,-105.0064574,8/9/2023 20:51,20:51:00,6,0,0, PECOS ST & W 38TH AVE,1,3,0,0,1,4,0,0,25,0,0,0,0,0,4,2,16
,2023-33393,39.71115717,-105.0226681,8/11/2023 12:20,12:20:00,3,0,1,W ALAMEDA AVE & S DECATUR ST,1,1,0,0,1,1,0,0,20,0,0,0,0,1,2,2,13
,2023-33395,39.77338732,-104.8470507,8/12/2023 1:08,1:08:00,3,0,3, PEORIA ST & I-70 EB RAMPS,1,3,0,0,1,1,0,0,35,0,0,0,0,1,4,2,13
,2023-33396,39.73229709,-104.998649,8/8/2023 22:30,22:30:00,6,0,1, SANTA FE DR & W 10TH AVE,1,3,0,0,1,4,0,0,30,0,0,0,0,2,4,2,16
,2023-33401,39.78383204,-104.9895234,8/12/2023 15:25,15:25:00,12,0,0,I-25 & W 48TH AVE,1,1,0,0,1,4,0,0,55,0,0,0,0,0,1,2,13
,2023-33406,39.73999014,-104.9644576,8/7/2023 6:18,6:18:00,15,0,0,E COLFAX AVE & N HIGH ST,1,1,0,0,1,4,0,0,30,0,0,0,0,0,2,2,13
,2023-33407,39.66503233,-105.026046,8/11/2023 21:44,21:44:00,6,0,3,W AMHERST AVE & S GREEN CT,1,3,0,0,2,1,0,0,25,0,0,0,0,3,4,4,10
,2023-33413,39.72069991,-104.9985784,7/13/2023 17:00,17:00:00,12,0,0, SANTA FE DR & W 3RD AVE,1,1,0,0,1,4,0,0,30,0,0,0,0,0,4,2,1
,2023-33420,39.76263471,-104.9536468,8/9/2023 6:49,6:49:00,6,0,0, FILLMORE ST & E 33RD AVE,1,2,0,0,1,4,0,0,25,0,0,0,0,0,4,2,16
,2023-33430,39.71110154,-105.0275406,8/11/2023 16:35,16:35:00,1,0,1, HAZEL CT & W ALAMEDA AVE,1,1,0,0,1,1,0,0,20,0,0,0,1,2,2,2,7
,2023-33440,39.69666189,-104.9929227,8/1/2023 13:30,13:30:00,12,0,0,W MISSISSIPPI AVE & S PLATTE RIVER DR,1,1,0,0,1,1,0,0,45,0,0,0,0,0,2,2,7
,2023-33446,39.74016211,-105.0139225,8/8/2023 15:09,15:09:00,12,0,0,I-25 & W COLFAX AVE,1,1,3,0,1,4,0,0,55,0,0,0,0,0,1,2,13
,2023-33505,39.78023609,-105.0226302,8/12/2023 14:55,14:55:00,3,0,0,W 46TH AVE & N ELM CT,1,1,0,0,1,9,0,0,,0,0,0,0,0,4,3,16
,2023-33531,39.76577734,-105.0404771,8/10/2023 7:12,7:12:00,2,0,1,W 35TH AVE & N QUITMAN ST,1,1,0,0,1,1,0,0,25,1,0,0,0,2,4,1,13
,2023-33535,39.70022246,-104.9668864,6/2/2023 17:30,17:30:00,14,0,1,E KENTUCKY AVE & S FRANKLIN ST,1,1,0,0,1,4,0,0,30,0,0,0,0,1,4,2,16
,2023-33539,39.76731921,-104.892498,8/12/2023 17:28,17:28:00,2,0,0, UINTA ST & E 36TH AVE,1,1,0,0,1,1,0,0,0,1,0,0,0,0,4,2,16
,2023-33540,39.73839076,-104.9587033,8/13/2023 10:08,10:08:00,3,0,2,E 14TH AVE & N JOSEPHINE ST,1,1,0,0,1,1,0,0,30,0,0,0,0,2,4,2,16
,2023-33541,39.72560194,-104.9407856,8/13/2023 2:59,2:59:00,12,0,2, COLORADO BLVD & E 6TH AVE,1,3,0,0,1,3,0,0,40,0,0,0,0,2,2,2,14
,2023-33543,39.75477223,-104.9901238,8/10/2023 17:43,17:43:00,12,0,0,22ND ST & LARIMER ST,1,1,0,0,1,3,0,0,30,0,0,0,0,0,4,2,8
,2023-33545,39.71657574,-104.9875017,8/12/2023 21:48,21:48:00,15,0,0, BROADWAY ST & E ELLSWORTH AVE,1,3,0,0,1,1,0,0,35,0,0,0,0,0,4,2,8
,2023-33548,39.6966599,-104.9918701,8/12/2023 12:05,12:05:00,1,0,1,W MISSISSIPPI AVE & S SANTA FE DR,1,1,3,0,1,1,0,0,30,0,0,0,0,2,2,2,13
,2023-33552,39.76448039,-104.95976,8/12/2023 11:46,11:46:00,3,0,1, YORK ST & E BRUCE RANDOLPH AVE,1,1,0,0,1,1,0,0,30,0,0,0,0,1,4,2,11
,2023-33558,39.75271599,-104.9876491,8/12/2023 14:20,14:20:00,6,0,0,CURTIS ST & N BROADWAY ST,1,1,0,0,1,4,0,0,20,0,0,0,0,0,4,2,13
,2023-33559,39.69666192,-104.9929458,8/12/2023 23:12,23:12:00,3,0,0,W MISSISSIPPI AVE & S PLATTE RIVER DR,1,3,0,0,1,1,0,0,40,0,0,0,0,0,2,2,11
,2023-33564,39.72458194,-105.0123737,8/13/2023 10:42,10:42:00,12,0,0,I-25 & W 6TH AVE,1,1,0,0,1,4,0,0,55,0,0,0,0,0,1,2,13
,2023-33565,39.67845872,-104.9178133,8/12/2023 2:46,2:46:00,8,0,2,E EVANS AVE & S JASMINE ST,1,3,0,0,6,4,0,0,35,0,0,0,0,3,4,3,14
,2023-33566,39.70766123,-105.0275271,8/12/2023 10:55,10:55:00,3,0,2,W VIRGINIA AVE & S HAZEL CT,1,1,0,0,1,1,0,0,25,0,0,0,0,1,4,2,7
,2023-33567,39.73038895,-105.0151977,8/13/2023 13:39,13:39:00,9,0,1,I-25 ON RAMP & W 8TH AVE,1,1,0,0,1,8,0,0,55,0,0,0,1,2,1,1,13
,2023-33576,39.70307105,-105.0367595,8/12/2023 17:08,17:08:00,3,0,2,W WALSH PL & S NEWTON ST,1,1,0,0,1,1,0,0,25,0,0,0,1,2,4,2,16
,2023-33580,39.77986097,-104.9677048,8/10/2023 22:23,22:23:00,12,0,0,I-70 & N BRIGHTON BLVD,1,3,0,0,1,13,0,0,,0,0,0,0,0,1,2,16
,2023-33581,39.7729297,-105.0158629,8/12/2023 19:09,19:09:00,6,0,0,W 41ST AVE & N ZUNI ST,1,1,0,0,1,4,0,0,35,0,0,0,0,0,4,3,16
,2023-33593,39.74813226,-104.9815396,7/26/2023 12:50,12:50:00,11,0,0,22ND ST & COURT PL,1,1,0,0,1,1,0,0,35,0,0,1,0,0,4,1,16
,2023-33594,39.77496449,-104.9780379,8/12/2023 5:34,5:34:00,5,0,0,E 38TH AVE & ARKINS CT,1,3,3,0,3,1,0,0,35,0,0,0,0,0,4,1,2
,2023-33601,39.74881944,-105.0013919,8/13/2023 2:18,2:18:00,6,0,0,BLAKE ST & 14TH ST,1,3,0,0,1,4,0,0,,0,0,0,0,0,4,2,16
,2023-33605,39.65302453,-104.912968,8/13/2023 14:27,14:27:00,12,0,0,E HAMPDEN AVE & S MONACO ST,1,1,0,0,1,4,0,0,40,0,0,0,0,0,2,3,3
,2023-33608,39.75239207,-104.9797406,8/11/2023 16:30,16:30:00,6,0,0,25TH ST & GLENARM PL,1,1,0,0,1,4,0,0,20,0,0,0,0,0,4,2,13
,2023-33609,39.7015145,-105.0015309,8/10/2023 21:20,21:20:00,6,0,1,850  LIPAN ST & W ALYS PL,1,4,0,0,1,1,0,0,25,0,0,0,0,2,4,3,16
,2023-33610,39.75132795,-105.0164847,8/13/2023 10:13,10:13:00,5,0,0,I-25 & W 23RD AVE,1,1,0,0,1,4,0,0,55,0,0,0,0,0,1,2,11
,2023-33618,39.71758497,-105.0044216,8/12/2023 23:05,23:05:00,12,0,0,I-25 & W ALAMEDA AVE,1,3,0,0,1,4,0,0,55,0,0,0,0,0,1,3,3
,2023-33619,39.72326952,-105.010995,8/9/2023 12:24,12:24:00,12,0,0,I-25 & W 6TH AVE,1,1,1,0,1,4,0,0,55,0,0,0,0,0,1,4,13
,2023-33620,39.68214704,-104.9887932,8/11/2023 20:16,20:16:00,6,0,0,1879  ACOMA ST & W JEWELL AVE,1,1,3,0,1,4,0,0,25,0,0,0,0,0,4,2,8
,2023-33626,39.71118379,-105.0397104,6/2/2023 18:22,18:22:00,3,0,0,W ALAMEDA AVE & S PERRY ST,1,1,0,0,1,1,0,0,35,0,0,0,0,0,2,2,16
,2023-33627,39.73682653,-104.9684938,8/3/2023 18:20,18:20:00,11,0,1,E 13TH AVE & N FRANKLIN ST,1,1,0,0,1,3,0,0,25,0,1,0,0,3,4,1,3
,2023-33643,39.77557393,-104.8630548,8/10/2023 14:02,14:02:00,12,0,2,I-70 & N HAVANA ST,1,1,0,0,1,4,0,0,55,0,0,0,0,1,1,4,16
,2023-33655,39.66767445,-104.9718937,8/10/2023 15:50,15:50:00,6,0,1,E YALE AVE & S MARION CIR,1,1,0,0,1,4,0,0,25,0,0,0,0,3,4,2,16
,2023-33659,39.68469268,-104.9596767,8/9/2023 16:20,16:20:00,12,0,0,I-25 & S UNIVERSITY BLVD,1,1,0,0,1,4,0,0,55,0,0,0,0,0,1,2,13
,2023-33660,39.7700495,-104.9647084,8/11/2023 10:03,10:03:00,6,0,0, HIGH ST,1,1,0,0,1,3,0,0,20,0,0,0,0,0,4,3,16
,2023-33661,39.72326952,-105.010995,8/9/2023 13:30,13:30:00,15,0,0,I-25 & W 6TH AVE,1,1,1,0,1,4,0,0,55,0,0,0,0,0,1,2,13
,2023-33705,39.69107168,-104.9405474,8/14/2023 14:05,14:05:00,12,0,0, COLORADO BLVD & E ARKANSAS AVE,1,1,1,0,1,3,0,0,35,0,0,0,0,0,2,2,7
,2023-33709,39.7002184,-104.9299936,8/9/2023 12:00,12:00:00,16,0,0,4700 E KENTUCKY AVE,14,5,0,7,5,7,0,0,10,0,0,0,0,0,3,2,16
,2023-33715,39.72390731,-105.0117263,8/14/2023 18:54,18:54:00,12,0,1,I-25 & W 6TH AVE FWY,1,1,0,0,1,4,0,0,55,0,0,0,0,2,2,2,13
,2023-33720,39.76122541,-105.0039739,8/13/2023 22:24,22:24:00,5,0,1,I-25 & 20TH ST,1,3,3,0,2,4,0,0,55,0,0,0,0,3,1,1,16
,2023-33721,39.77339076,-104.8472455,8/14/2023 12:54,12:54:00,12,0,0,I-70 EB OFF RAMP & N PEORIA ST,1,1,0,0,1,8,0,0,35,0,0,0,0,0,4,2,3
,2023-33725,39.7329461,-105.0254308,8/14/2023 10:42,10:42:00,3,0,0,W 10TH AVE & N FEDERAL BLVD,1,1,0,0,1,9,0,0,30,0,0,0,0,0,4,2,13