id,drcog_id,latitude,longitude,crashtime,time,crashtype,numbkilled,numbinjurd,drcoglocat,rdconditin,lightngcon,roadcntgrd,weatherco,location,roaddescrp,schoolzone,constrzone,splimit,bikeinv,pedinv,sctrinv,motoinv,svrty,rdsystem,ttlvehcls,hcf
,2023-33732,39.74007252,-104.9408055,8/12/2023 15:47,15:47:00,3,0,0,E COLFAX AVE & N COLORADO BLVD,1,1,0,0,1,1,0,0,30,0,0,0,0,0,2,2,11
,2023-33733,39.74378365,-104.9116749,8/12/2023 0:56,0:56:00,3,0,0,E 17TH AVE & N MAGNOLIA ST,1,3,0,0,1,1,0,0,20,0,0,0,0,0,4,2,13
,2023-33735,39.79450135,-104.8658799,8/14/2023 13:58,13:58:00,10,0,0, HAVANA ST & E 54TH AVE,1,1,0,0,1,1,0,0,40,0,0,0,0,0,4,2,13
,2023-33749,39.69657128,-104.8610863,8/13/2023 20:34,20:34:00,15,0,0,E MISSISSIPPI AVE & S FULTON ST,1,3,0,0,1,4,0,0,45,0,0,0,0,0,4,2,13
,2023-33753,39.76928785,-105.0064468,8/13/2023 13:02,13:02:00,15,0,0,W 38TH AVE & N PECOS ST,1,1,0,0,1,1,0,0,35,0,0,0,0,0,4,2,13
,2023-33754,39.73368152,-104.9752749,8/13/2023 23:00,23:00:00,3,0,0, OGDEN & E 11TH AVE,1,3,0,0,1,9,0,0,30,0,0,0,0,0,4,2,16
,2023-33755,39.76846754,-104.916415,8/13/2023 23:51,23:51:00,6,0,0, KRAMERIA ST & E 38TH AVE,1,3,0,0,1,4,0,0,20,0,0,0,0,0,4,2,11
,2023-33759,39.7176165,-104.9875044,8/13/2023 14:10,14:10:00,12,0,0, BROADWAY ST & W IRVINGTON PL,1,1,0,0,1,3,0,0,35,0,0,0,0,0,4,2,11
,2023-33760,39.70824889,-104.9274825,8/12/2023 17:40,17:40:00,3,0,2,LEETSDALE DR & S FOREST ST,1,1,0,0,1,3,0,0,35,0,0,0,0,2,2,2,16
,2023-33762,39.76086242,-105.0044738,8/14/2023 17:30,17:30:00,15,0,0,I-25 & 20TH ST,1,1,0,0,1,4,0,0,55,0,0,0,0,0,1,2,11
,2023-33767,39.74638644,-105.0195988,7/9/2023 15:10,15:10:00,15,0,0,I-25 & W 17TH AVE,1,1,0,7,1,4,0,0,55,0,0,0,0,0,1,2,16
,2023-33777,39.6784607,-104.9170214,8/12/2023 3:41,3:41:00,16,0,0,E EVANS AVE & S JASMINE ST,1,3,0,0,5,4,0,0,,0,0,0,0,0,3,2,16
,2023-33781,39.77770134,-104.9034014,8/14/2023 8:46,8:46:00,15,0,0, QUEBEC ST & I-70 EB RAMPS,1,1,0,0,1,1,0,0,35,0,0,0,0,0,2,2,8
,2023-33783,39.77851651,-104.9026617,8/14/2023 6:52,6:52:00,12,0,1,I-70 & N NORTHFIELD QUEBEC ST,1,1,0,0,1,4,0,0,55,0,0,0,0,1,1,2,3
,2023-33785,39.69566818,-104.9035147,8/14/2023 16:39,16:39:00,12,0,0, QUEBEC ST & E MISSISSIPPI AVE,1,1,0,0,1,1,0,0,30,0,0,0,0,0,4,2,3
,2023-33793,39.72728455,-104.9836345,8/14/2023 17:07,17:07:00,2,0,0,E 7TH AVE & N GRANT ST,1,1,0,0,1,1,0,0,30,1,0,0,0,0,4,1,11
,2023-33794,39.71988932,-104.9891762,8/14/2023 15:45,15:45:00,8,0,0, ACOMA ST & 2ND AVE,1,1,0,7,1,4,0,0,,0,0,0,0,0,4,2,16
,2023-33795,39.72971846,-105.0152062,8/14/2023 1:05,1:05:00,12,0,1,I-25 & W 8TH AVE,1,4,1,0,1,4,0,0,55,0,0,0,0,2,1,2,3
,2023-33799,39.84379592,-104.6727855,8/13/2023 18:39,18:39:00,12,0,1,PENA BLVD & 8000,1,1,0,0,1,4,0,0,45,0,0,0,0,2,4,2,14
,2023-33808,39.73883564,-104.9406137,8/14/2023 4:06,4:06:00,12,0,1, COLORADO BLVD & E 14TH AVE,1,3,0,0,1,4,0,0,35,0,0,0,0,2,2,3,1
,2023-33810,39.70749989,-104.9733739,8/14/2023 19:54,19:54:00,15,0,0, DOWNING ST & E VIRGINIA AVE,1,3,0,0,1,1,0,0,25,0,0,0,0,0,4,2,13
,2023-33811,39.75114189,-104.9931829,8/12/2023 15:20,15:20:00,11,0,0,LAWRENCE ST & 19TH ST,1,1,0,0,1,4,0,0,0,0,0,1,0,0,4,1,16
,2023-33817,39.7400416,-104.9835907,8/11/2023 21:23,21:23:00,15,0,0,E COLFAX AVE & N GRANT ST,1,3,0,0,1,3,0,0,35,0,0,0,0,0,2,2,3
,2023-33827,39.74593274,-105.0059186,7/22/2023 16:44,16:44:00,9,0,1,WALNUT ST & 10TH ST,1,1,0,0,1,2,0,0,15,0,0,0,1,3,4,1,7
,2023-33848,39.73343498,-104.9874125,8/15/2023 12:00,12:00:00,15,0,0, BROADWAY & E 11TH AVE,1,1,0,0,1,4,0,0,35,0,0,0,0,0,4,2,16
,2023-33854,39.79835633,-104.7815094,8/15/2023 15:01,15:01:00,15,0,0,E 56TH AVE & N TELLURIDE ST,1,1,0,0,1,4,0,0,45,0,0,0,0,0,4,3,11
,2023-33863,39.72892127,-104.9998979,8/15/2023 13:02,13:02:00,15,0,0,W 8TH AVE & N KALAMATH ST,1,1,0,0,1,3,0,0,30,0,0,0,0,0,4,2,11
,2023-33865,39.78881476,-105.0532557,8/14/2023 12:38,12:38:00,15,0,0, SHERIDAN BLVD & W BENTON WY,1,1,1,0,1,1,0,0,35,0,0,0,0,0,2,2,1
,2023-33869,39.79738484,-104.8405339,8/14/2023 5:13,5:13:00,6,0,0, SCRANTON ST & E RANDOLPH PL,1,2,0,0,1,4,0,0,25,0,0,0,0,0,4,3,16
,2023-33870,39.6853831,-105.0342475,8/14/2023 10:00,10:00:00,6,0,0,W MEXICO AVE & S LOWELL BLVD,1,1,0,1,1,1,0,0,,0,0,0,0,0,4,2,16
,2023-33871,39.79805892,-104.8294141,8/15/2023 7:00,7:00:00,15,0,0,E 56TH AVE & N CROWN BLVD,1,1,0,0,1,4,0,0,35,0,0,0,0,0,4,2,1
,2023-33872,39.76023541,-105.0069508,8/13/2023 21:01,21:01:00,6,0,1,W 18TH ST & N CENTRAL ST,1,3,0,0,1,4,0,0,25,0,0,0,0,2,4,2,16
,2023-33873,39.83341357,-104.7718892,8/14/2023 23:30,23:30:00,5,0,0,PENA BLVD & TOWER RD,1,3,0,0,1,4,0,0,65,0,0,0,0,0,4,1,13
,2023-33876,39.7439712,-105.0532224,8/14/2023 20:48,20:48:00,1,0,1, SHERIDAN BLVD & W 17TH AVE,1,3,0,0,1,1,0,0,35,0,0,0,0,2,2,3,13
,2023-33877,39.70102285,-104.9872959,8/8/2023 7:09,7:09:00,12,0,2,I-25 & S BROADWAY,1,1,0,0,1,4,0,0,60,0,0,0,0,1,1,5,2
,2023-33879,39.75761796,-104.9984151,8/14/2023 9:51,9:51:00,12,0,0,20TH ST & CHESTNUT PL,1,1,0,0,1,4,0,0,35,0,0,0,0,0,4,2,13
,2023-33881,39.68939095,-104.9920504,8/4/2023 20:30,20:30:00,1,0,1,W FLORIDA AVE & S SANTA FE DR,1,3,0,0,1,1,0,0,45,0,0,0,1,3,2,2,16
,2023-33883,39.77655574,-105.0158549,8/15/2023 11:00,11:00:00,3,0,0, ZUNI ST & W 44TH AVE,1,1,0,0,1,1,0,0,30,0,0,0,0,0,4,2,13
,2023-33884,39.7384223,-104.9758671,8/14/2023 8:30,8:30:00,11,0,1,E 14TH AVE & N EMERSON ST,1,1,0,0,1,9,0,0,0,0,1,0,0,2,4,1,16
,2023-33890,39.78463245,-105.0253096,8/15/2023 19:13,19:13:00,1,0,1, FEDERAL BLVD & I-70 WB RAMPS,1,2,0,0,1,1,0,0,30,0,0,0,0,1,2,2,13
,2023-33891,39.79145206,-104.8813771,8/14/2023 2:00,2:00:00,6,0,0, BEELER ST & E PRAIRIE MEADOW DR,1,3,0,0,1,4,0,0,25,0,0,0,0,0,4,2,16
,2023-33892,39.67866293,-105.0196145,4/25/2023 19:30,19:30:00,11,0,1,W EVANS AVE & S CLAY ST,11,2,0,0,1,4,0,0,,0,1,0,0,2,4,1,16
,2023-33894,39.74821145,-104.9660891,8/15/2023 9:46,9:46:00,6,0,0,E 21ST AVE & N FRANKLIN ST,1,1,0,0,1,4,0,0,20,0,0,0,0,0,4,2,16
,2023-33896,39.73677901,-104.9494336,8/12/2023 2:47,2:47:00,6,0,0,13TH AVE & N STEELE ST,1,3,0,0,1,4,0,0,35,0,0,0,0,0,4,2,16
,2023-33901,39.75115296,-104.9489334,8/15/2023 10:51,10:51:00,12,0,0,E 23RD AVE & N STEELE ST,1,1,0,0,1,4,0,0,30,0,0,0,0,0,4,2,3
,2023-33904,39.78787147,-104.810592,5/18/2023 4:00,4:00:00,6,0,0,E 52ND AVE & N GRANBY ST,1,3,0,0,1,1,0,0,25,0,0,0,0,0,4,2,1
,2023-33907,39.84999742,-104.6700001,8/14/2023 11:52,11:52:00,16,0,1,PENA BLVD & **PARKING ENTRANCE**,1,3,0,0,5,2,0,0,15,0,1,0,0,2,3,1,7
,2023-33908,39.63631511,-104.8940267,8/14/2023 21:49,21:49:00,3,0,0, TAMARAC ST & I-225 WB RAMPS,1,3,0,0,1,1,0,0,35,0,0,0,0,0,4,2,16
,2023-33909,39.76077942,-105.0158232,8/15/2023 18:01,18:01:00,12,0,0,W 31ST AVE & N ZUNI ST,1,1,0,0,1,1,0,0,25,0,0,0,0,0,4,2,11
,2023-33911,39.78006562,-104.941263,8/15/2023 7:55,7:55:00,12,0,2,I-70 & N COLORADO BLVD,1,1,0,0,1,4,0,0,35,0,0,0,0,1,4,2,16
,2023-33914,39.76409844,-105.0532431,8/15/2023 9:58,9:58:00,12,0,1, SHERIDAN BLVD & W 33RD AVE,1,1,0,0,1,4,0,0,35,0,0,0,0,1,2,3,13
,2023-33915,39.78971129,-104.968819,8/15/2023 17:06,17:06:00,3,0,0,W 51ST AVE & N FRANKLIN ST,1,1,0,0,1,2,0,0,25,0,0,0,0,0,4,2,13
,2023-33918,39.76953681,-105.0343553,8/15/2023 14:43,14:43:00,3,0,0,W 38TH AVE & N LOWELL BLVD,1,1,0,0,1,9,0,0,15,0,0,0,0,0,4,2,13
,2023-33920,39.73480801,-105.0391534,8/14/2023 10:30,10:30:00,5,0,0,W 12TH AVE & N PERRY ST,1,1,0,0,3,3,0,0,20,0,0,0,0,0,4,2,10
,2023-33921,39.65872489,-104.9207739,8/14/2023 20:36,20:36:00,15,0,0,I-25 & E EVANS AVE,1,3,0,0,1,4,0,0,75,0,0,0,0,0,1,2,13
,2023-33925,39.71101251,-104.9480296,8/14/2023 20:49,20:49:00,1,0,3,E CHERRY CREEK  DR & E ALAMEDA AVE,1,3,0,0,1,1,0,0,30,0,0,0,0,2,4,2,7
,2023-33926,39.82555923,-104.7718861,8/14/2023 12:48,12:48:00,12,0,0, TOWER RD & E 71ST AVE,1,1,0,0,1,3,0,0,40,0,0,0,0,0,4,2,16
,2023-33927,39.76177536,-105.0131352,8/14/2023 13:14,13:14:00,6,0,0, VALLEJO ST & W 32ND AVE,1,1,0,0,1,4,0,0,20,0,0,0,0,0,4,2,11
,2023-33929,39.71248108,-104.9996548,8/15/2023 8:21,8:21:00,12,0,0,I-25 & W ALAMEDA AVE,1,1,0,0,1,4,0,0,55,0,0,0,0,0,1,2,1
,2023-33931,39.66757996,-104.9237194,8/14/2023 16:00,16:00:00,10,0,0,E YALE AVE & S HUDSON ST,1,1,0,0,1,1,0,0,30,0,0,0,0,0,4,2,3
,2023-33932,39.67475815,-104.870816,8/15/2023 10:49,10:49:00,10,0,0,E ILIFF AVE & S PARKER RD,1,1,0,0,1,1,0,0,35,0,0,0,0,0,2,2,16
,2023-33933,39.78177653,-104.7721378,8/15/2023 0:10,0:10:00,9,0,1,E 47TH AVE & N TOWER RD,1,3,0,0,3,3,0,0,40,0,0,0,0,1,4,1,1
,2023-33934,39.72569636,-105.0293074,8/14/2023 16:00,16:00:00,12,0,0,W 6TH AVE ON RAMP & N FEDERAL BLVD,1,1,0,0,1,8,0,0,55,0,0,0,0,0,2,2,13
,2023-33936,39.65316597,-104.9128992,7/4/2023 17:21,17:21:00,12,0,0,E HAMPDEN AVE & S MONACO ST,1,1,0,0,1,3,0,0,40,0,0,0,0,0,2,2,11
,2023-33938,39.775693,-104.8665521,8/15/2023 10:24,10:24:00,12,0,0,I-70 & N HAVANA ST,1,1,1,0,1,4,0,0,55,0,0,0,0,0,1,2,13
,2023-33941,39.70387042,-104.9129416,8/14/2023 7:49,7:49:00,3,0,0, MONACO ST & E EXPOSITION AVE,1,1,1,0,1,1,0,0,35,0,0,0,0,0,4,2,11
,2023-33945,39.73529217,-104.9967664,8/9/2023 23:01,23:01:00,6,0,0,GALAPAGO ST & W 12TH AVE,1,3,0,0,1,4,0,0,20,0,0,0,0,0,4,2,16
,2023-33951,39.78053265,-104.9895569,8/15/2023 8:30,8:30:00,12,0,0,I-25 & I-70 WB,1,1,1,0,1,4,0,0,55,0,0,0,0,0,1,2,7
,2023-33952,39.7463537,-105.0252282,3/11/2023 17:42,17:42:00,12,0,0, FEDERAL BLVD & W 19TH AVE,1,2,0,0,1,1,0,0,,0,0,0,0,0,2,2,16
,2023-33954,39.7439463,-105.0284081,8/8/2023 16:29,16:29:00,5,0,0,W 17TH AVE & N HOOKER ST,1,1,0,0,3,1,0,0,25,0,0,0,0,0,4,1,1
,2023-33955,39.72915799,-104.969462,8/15/2023 10:58,10:58:00,6,0,0, HUMBOLDT ST & E 8TH AVE,1,1,0,0,1,3,0,0,25,0,0,0,0,0,4,2,8
,2023-33956,39.71117078,-104.9899964,8/14/2023 17:50,17:50:00,12,0,0,W ALAMEDA AVE & S BANNOCK ST,1,1,0,0,1,1,0,0,30,0,0,0,0,0,4,2,3
,2023-33957,39.77998555,-104.9463972,8/15/2023 6:54,6:54:00,3,0,1, MADISON ST & E 46TH AVE,1,1,0,0,1,1,0,0,25,0,0,0,0,2,4,2,11
,2023-33959,39.82456218,-104.6734035,8/15/2023 5:45,5:45:00,3,0,0, ROBERTSDALE ST & E 71ST AVE,1,2,0,0,1,1,0,0,30,0,0,0,0,0,4,2,3
,2023-33960,39.78177653,-104.7721378,8/15/2023 14:10,14:10:00,3,0,0,E 47TH AVE & N TOWER RD,1,1,3,0,1,1,0,0,35,0,0,0,0,0,4,2,13
,2023-33964,39.76576647,-104.984635,8/14/2023 7:40,7:40:00,10,0,0, BRIGHTON BLVD & 31ST ST,1,1,0,0,1,4,0,0,35,0,0,0,0,0,4,2,11
,2023-33966,39.76581307,-105.0346321,8/14/2023 11:29,11:29:00,2,0,1, LOWELL BLVD & W 35TH AVE,1,1,0,0,1,1,0,0,25,1,0,0,0,1,4,1,2
,2023-33967,39.78358458,-104.79048,8/15/2023 9:54,9:54:00,12,0,0,PENA BLVD & E GREEN VALLEY RANCH BLVD,1,1,0,0,1,4,0,0,45,0,0,0,0,0,4,2,11
,2023-33968,39.78237909,-104.8470104,8/14/2023 7:40,7:40:00,1,0,0, PEORIA ST & E 47TH AVE,1,1,0,0,1,2,0,0,35,0,0,0,0,0,4,2,11
,2023-33969,39.78214858,-104.9019623,8/15/2023 13:53,13:53:00,12,0,0, SAND CREEK RD & NORTHFIELD QUEBEC ST,1,1,0,0,1,3,0,0,30,0,0,0,0,0,2,2,13
,2023-33972,39.75264871,-104.9999924,8/14/2023 13:40,13:40:00,11,0,1,WYNKOOP ST & 17TH ST,1,1,0,0,1,4,0,0,,0,1,0,0,2,4,1,16
,2023-33973,39.71816434,-105.0252449,8/15/2023 8:45,8:45:00,3,0,1, FEDERAL BLVD & W 1ST AVE,1,1,0,0,1,1,0,0,40,0,0,0,0,2,2,2,13
,2023-33974,39.77814197,-104.9128799,8/14/2023 17:00,17:00:00,12,0,0,I-70 & N MONACO ST,1,1,0,0,1,4,0,0,55,0,0,0,0,0,1,4,10
,2023-33977,39.65310214,-104.9295269,8/14/2023 9:28,9:28:00,12,0,0,E HAMPDEN AVE & S ELM ST,1,1,1,0,1,3,0,0,40,0,0,0,0,0,2,2,11
,2023-33978,39.76840912,-104.9947537,8/14/2023 8:32,8:32:00,12,0,0,I-25 & PARK AVE W,1,1,0,0,1,4,0,0,55,0,0,0,0,0,1,2,1
,2023-33981,39.78369667,-105.0061237,8/14/2023 8:20,8:20:00,3,0,1,I-70 WB OFF RAMP & N PECOS ST,1,1,0,0,1,6,0,0,35,0,0,0,0,1,1,2,11
,2023-33982,39.65198805,-104.917969,6/24/2023 8:05,8:05:00,15,0,0,I-25 & E HAMPDEN AVE,1,1,0,0,1,4,0,0,,0,0,0,0,0,1,2,16
,2023-33987,39.72301527,-105.0102815,8/15/2023 9:58,9:58:00,12,0,0,I-25 NB OFF RAMP & MM 209,1,1,1,0,1,8,0,0,55,0,0,0,0,0,1,2,3
,2023-34050,39.62779681,-104.9037917,8/16/2023 16:37,16:37:00,12,0,1,I-25 & E UNION AVE,1,1,1,0,1,4,0,0,65,0,0,0,0,2,1,2,1
,2023-34058,39.71118407,-105.0039099,8/15/2023 7:51,7:51:00,15,0,0,W ALAMEDA AVE & S NAVAJO ST,1,1,0,0,1,4,0,0,30,0,0,0,0,0,2,3,13
,2023-34063,39.71803437,-104.9546256,8/15/2023 16:45,16:45:00,1,0,0,E 1ST AVE & N DETROIT ST,1,1,0,0,1,1,0,0,30,0,0,0,0,0,4,2,3
,2023-34067,39.73847436,-105.0325308,8/14/2023 19:46,19:46:00,6,0,0,W 14TH AVE & S KNOX CT,1,1,0,0,1,4,0,0,25,0,0,0,0,0,4,2,3
,2023-34068,39.69660002,-104.8917157,8/11/2023 17:35,17:35:00,1,0,0, VALENTIA ST & E MISSISSIPPI AVE,11,2,0,0,1,1,0,0,25,0,0,0,0,0,4,2,13
,2023-34070,39.76466405,-105.02557,8/16/2023 12:48,12:48:00,6,0,0,W 34TH AVE & N FEDERAL BLVD,1,1,0,0,1,4,0,0,25,0,0,0,0,0,4,2,16
,2023-34080,39.76206358,-104.9721154,8/16/2023 9:10,9:10:00,6,0,0,MARION ST & E 31ST AVE,1,1,0,0,1,4,0,0,30,0,0,0,0,0,4,3,2
,2023-34082,39.69302153,-104.9862703,8/16/2023 10:12,10:12:00,1,0,0,E LOUISIANA AVE & S LINCOLN ST,1,1,0,0,1,1,0,0,30,0,0,0,0,0,4,2,11
,2023-34088,39.71129136,-104.903494,8/15/2023 11:30,11:30:00,15,0,0, QUEBEC ST & E ALAMEDA AVE,1,1,0,0,1,1,0,0,30,0,0,0,0,0,4,2,13
,2023-34092,39.7183455,-104.9652969,8/15/2023 10:35,10:35:00,12,0,0,E 1ST AVE & N HIGH ST,1,1,0,0,1,1,0,0,30,0,0,0,0,0,4,2,3
,2023-34093,39.76050009,-104.9002239,8/15/2023 23:10,23:10:00,3,0,0,E MLK  BLVD & N ROSYLN ST,1,3,0,0,1,1,0,0,30,0,0,0,0,0,4,2,1
,2023-34095,39.72830107,-104.9394596,8/15/2023 15:00,15:00:00,6,0,0, ALBION ST & W 8TH AVE,1,1,0,0,1,4,0,0,25,0,0,0,0,0,4,3,3
,2023-34096,39.78363784,-104.7904896,8/16/2023 7:30,7:30:00,1,0,0,E GREEN VALLEY RANCH BLVD & PENA BLVD,1,1,0,0,1,1,0,0,35,0,0,0,0,0,4,2,11
,2023-34097,39.7551368,-104.9760835,8/16/2023 9:05,9:05:00,15,0,0,28TH ST & GLENARM ST,1,1,1,0,1,4,0,0,20,0,0,0,0,0,4,2,11
,2023-34110,39.74000304,-104.9672415,8/16/2023 12:00,12:00:00,12,0,0,E COLFAX AVE & N GILPIN ST,1,1,0,0,1,1,0,0,35,0,0,0,0,0,2,2,3
,2023-34113,39.74007935,-104.9124455,8/15/2023 13:45,13:45:00,3,0,5,E COLFAX AVE & N MONACO ST PKWY,1,1,0,0,1,1,0,0,30,0,0,0,0,3,2,3,13
,2023-34114,39.78377772,-104.7721151,8/16/2023 15:45,15:45:00,12,0,0, TOWER RD & E GREEN VALLEY RANCH BLVD,1,1,0,0,1,4,0,0,45,0,0,0,0,0,4,2,16
,2023-34115,39.62706727,-104.90668,8/14/2023 10:30,10:30:00,6,0,0,E LAYTON AVE & S OLIVE ST,1,1,0,0,1,1,0,0,25,0,0,0,0,0,4,2,3
,2023-34118,39.7112788,-104.9035054,8/15/2023 12:45,12:45:00,1,0,0,E ALAMEDA AVE & S QUEBEC ST,1,1,0,0,1,1,0,0,30,0,0,0,0,0,4,2,3
,2023-34123,39.74175066,-104.9861163,8/12/2023 8:20,8:20:00,12,0,0, LINCOLN ST & E 16TH AVE,1,1,0,0,1,4,0,0,30,0,0,0,0,0,4,2,13
,2023-34124,39.77542877,-104.8613705,8/16/2023 13:40,13:40:00,15,0,1,I-70 & N HAVANA ST,1,1,0,0,1,4,0,0,55,0,0,0,0,1,1,2,10
,2023-34131,39.76208859,-105.0532418,8/17/2023 9:34,9:34:00,15,0,0,SHERIDAN BLVD & W 32ND AVE,1,1,0,0,1,1,0,0,35,0,0,0,0,0,2,2,13
,2023-34132,39.77851146,-104.8990562,8/16/2023 18:09,18:09:00,12,0,1,I-70 & N NORTHFIELD QUEBEC ST,1,1,0,0,1,4,0,0,55,0,0,0,0,1,1,2,13
,2023-34133,39.74054379,-105.0142514,8/16/2023 14:26,14:26:00,12,0,0,I-25 & W COLFAX AVE,1,1,0,0,1,4,0,0,55,0,0,0,0,0,1,4,13
,2023-34137,39.71173712,-104.9992129,8/16/2023 11:01,11:01:00,12,0,0,I-25 ON RAMP & W ALAMEDA AVE,1,1,0,0,1,8,0,0,35,0,0,0,0,0,1,2,13
,2023-34139,39.77823271,-104.8975114,8/16/2023 7:01,7:01:00,5,0,1,I-270 & I-70 EB UNDERPASS,1,1,1,0,2,8,0,0,55,0,0,0,0,1,1,1,3
,2023-34140,39.73048731,-104.9902597,8/15/2023 12:35,12:35:00,15,0,0, BANNOCK ST & E 9TH AVE,1,1,0,0,1,2,0,0,25,0,0,0,0,0,4,2,11
,2023-34145,39.70552945,-105.0408619,8/15/2023 13:52,13:52:00,3,0,2, QUITMAN ST & MORRISON RD,1,1,0,0,1,1,0,0,25,0,0,0,0,2,4,2,10
,2023-34146,39.70144648,-105.0466555,8/16/2023 16:30,16:30:00,15,0,0,MORRISON RD & W ADA PL,1,1,0,0,1,4,0,0,30,0,0,0,0,0,4,2,16
,2023-34148,39.72008792,-104.8907428,8/16/2023 11:38,11:38:00,3,0,0, UINTA WY & E LOWRY BLVD,1,1,0,0,1,6,0,0,15,0,0,0,0,0,4,2,16
,2023-34168,39.69953117,-104.9593284,8/15/2023 18:06,18:06:00,12,0,0,UNIVERSITY BLVD & E KENTUCKY AVE,1,1,0,0,1,4,0,0,30,0,0,0,0,0,1,4,13
,2023-34171,39.67844163,-104.9406289,8/16/2023 14:53,14:53:00,3,0,2, COLORADO BLVD & E EVANS AVE,1,1,0,0,1,1,0,0,40,0,0,0,0,2,2,2,13
,2023-34172,39.78025596,-104.9400305,8/15/2023 8:56,8:56:00,12,0,0,I-70 & N COLORADO BLVD,1,1,0,0,1,4,0,0,55,0,0,0,0,0,1,3,16
,2023-34174,39.65428913,-105.0412013,8/14/2023 5:24,5:24:00,12,0,0,W HAMPDEN AVE & S KNOX CT,1,2,0,0,1,4,0,0,55,0,0,0,0,0,2,2,16
,2023-34175,39.73845418,-104.9610163,5/2/2023 12:41,12:41:00,11,0,1, GAYLORD & E 14TH AVE,1,1,1,0,1,9,0,0,,0,1,0,0,3,4,1,16
,2023-34179,39.78615122,-104.8370163,8/15/2023 9:32,9:32:00,2,0,0, URSULA ST & E ANDREWS DR,1,1,0,0,1,1,0,0,35,1,0,0,0,0,4,1,7
,2023-34240,39.6382838,-104.8947947,8/10/2023 10:48,10:48:00,1,0,2, TAMARAC ST & E QUINCY AVE,1,1,0,0,1,1,0,0,35,0,0,0,0,3,4,2,16
,2023-34241,39.74346213,-104.9591717,5/18/2023 6:30,6:30:00,5,2,0, JOSEPHINE ST & E 17TH AVE,1,1,0,0,3,1,0,0,25,0,0,0,0,4,4,1,10
,2023-34246,39.74327186,-104.9810958,7/28/2023 8:22,8:22:00,3,0,0,E 17TH AVE & N PENNSYLVANIA ST,1,1,0,0,1,1,0,0,25,0,0,0,0,0,4,2,16
,2023-34248,39.76443855,-105.0097147,8/5/2023 23:13,23:13:00,6,0,0,W 34TH AVE & N SHOSHONE ST,1,3,0,0,1,4,0,0,35,0,0,0,0,0,4,3,16
,2023-34252,39.74297044,-104.9761546,8/8/2023 11:45,11:45:00,6,0,0,EMERSON ST & E 17TH AVE,1,1,0,0,1,4,0,0,35,0,0,0,1,0,4,2,16
,2023-34254,39.67660315,-104.9406366,8/17/2023 12:55,12:55:00,1,0,0, COLORADO BLVD & E WARREN AVE,1,1,0,0,1,1,0,0,35,0,0,0,0,0,2,2,11
,2023-34256,39.77556098,-104.8629045,8/16/2023 15:40,15:40:00,15,0,0,I-70 & N HAVANA ST,1,1,0,0,1,4,0,0,55,0,0,0,0,0,1,3,11
,2023-34258,39.75666812,-105.0346323,7/27/2023 5:00,5:00:00,5,0,0, LOWELL ST & W 27TH AVE,1,3,0,0,3,1,0,0,25,0,0,0,0,0,4,1,16
,2023-34259,39.79354357,-104.9034281,8/17/2023 16:24,16:24:00,1,0,0, QUEBEC ST & E 53RD PL,1,1,0,0,1,1,0,0,40,0,0,0,0,0,2,2,13
,2023-34263,39.74012533,-104.9418599,7/31/2023 16:15,16:15:00,12,0,0,E COLFAX AVE & N HARRISON ST,1,1,0,0,1,1,0,0,35,0,0,0,0,0,2,2,16
,2023-34275,39.74960169,-105.0003506,8/13/2023 2:06,2:06:00,3,0,0,15TH ST & BLAKE ST,1,3,0,0,1,1,0,0,25,0,0,0,0,0,4,2,13
,2023-34277,39.65314682,-105.0530759,8/17/2023 15:24,15:24:00,12,0,0, SHERIDAN BLVD & W HAMPDEN AVE,1,1,0,0,1,3,0,0,40,0,0,0,0,0,2,3,3
,2023-34282,39.71124655,-105.025172,8/16/2023 15:31,15:31:00,12,0,0, FEDERAL BLVD & W ALAMEDA AVE,1,1,0,0,1,1,0,0,35,0,0,0,0,0,2,2,3
,2023-34286,39.78330977,-105.0577785,8/17/2023 4:57,4:57:00,9,0,1,I-70 & N SHERIDAN BLVD,1,4,1,0,1,8,0,0,55,0,0,0,1,2,1,2,1
,2023-34287,39.77824109,-104.903401,8/17/2023 12:40,12:40:00,12,0,1, QUEBEC ST & I-70 EB OVERPASS,1,1,0,0,1,4,0,0,40,0,0,0,0,1,2,3,3
,2023-34290,39.76778966,-104.9954303,7/12/2023 12:25,12:25:00,15,0,0,I-25 & PARK AVE W,1,1,0,0,1,4,0,0,,0,0,0,0,0,1,2,16
,2023-34294,39.7805503,-104.9488533,8/15/2023 14:39,14:39:00,12,0,1,I-70 & VASQUEZ BLVD,1,1,0,0,1,4,0,0,55,0,0,0,0,2,1,3,13
,2023-34296,39.7620263,-105.0161017,8/2/2023 7:00,7:00:00,5,0,0,32ND AVE & N ZUNI ST,1,1,0,0,2,9,0,0,15,0,0,0,0,0,4,1,16
,2023-34298,39.69115708,-104.9593442,8/16/2023 17:54,17:54:00,12,0,0, UNIVERSITY BLVD & E ARKANSAS AVE,1,1,0,0,1,3,0,0,30,0,0,0,0,0,4,3,13
,2023-34299,39.71126751,-105.0432591,8/12/2023 2:19,2:19:00,5,0,0, STUART ST & W ALAMEDA AVE,1,3,0,0,4,1,0,0,25,0,0,0,0,0,4,1,16