id,drcog_id,latitude,longitude,crashtime,time,crashtype,numbkilled,numbinjurd,drcoglocat,rdconditin,lightngcon,roadcntgrd,weatherco,location,roaddescrp,schoolzone,constrzone,splimit,bikeinv,pedinv,sctrinv,motoinv,svrty,rdsystem,ttlvehcls,hcf
,2023-34301,39.7079961,-104.9260942,8/16/2023 14:18,14:18:00,12,0,0,LEETSDALE DR & S FOREST ST,1,1,0,0,1,4,0,0,35,0,0,0,0,0,2,2,13
,2023-34304,39.70023316,-104.9593281,8/17/2023 12:00,12:00:00,1,0,2, UNIVERSITY BLVD & E KENTUCKY AVE,1,1,0,0,1,1,0,0,30,0,0,0,0,1,4,2,3
,2023-34305,39.74558426,-105.0008521,7/16/2023 12:48,12:48:00,15,0,0, SPEER BLVD & LAWRENCE ST,1,1,0,0,1,4,0,0,35,0,0,0,0,0,4,2,16
,2023-34307,39.75940578,-105.028428,8/17/2023 7:44,7:44:00,6,0,0,W HAYWARD PL & N HOOKER ST,1,1,0,0,1,4,0,0,20,0,0,0,0,0,4,2,16
,2023-34308,39.76446855,-104.9462712,8/16/2023 16:16,16:16:00,12,0,0,BRUCE RANDOLPH AVE & N MADISON ST,14,5,3,7,1,3,0,0,30,0,0,0,0,0,4,2,13
,2023-34316,39.76066742,-105.0047883,8/17/2023 6:03,6:03:00,15,0,0,I-25 & 20TH ST,1,1,0,0,1,4,0,0,55,0,0,0,0,0,1,2,11
,2023-34317,39.77306796,-104.8361308,8/16/2023 17:13,17:13:00,12,0,0,I-70 & MM 282.171,1,1,0,0,1,4,0,0,55,0,0,0,0,0,1,2,10
,2023-34321,39.73298648,-105.0250508,8/17/2023 11:21,11:21:00,3,0,0,W 10TH AVE & N FEDERAL BLVD,1,1,1,0,1,2,0,0,25,0,0,0,0,0,4,2,13
,2023-34327,39.70394383,-105.0250753,8/17/2023 6:50,6:50:00,3,0,0,W EXPOSITION AVE & S FEDERAL BLVD,1,1,0,0,1,1,0,0,35,0,0,0,0,0,4,2,16
,2023-34328,39.79838251,-104.9033946,8/16/2023 16:11,16:11:00,12,0,0, QUEBEC ST & E 56TH AVE,1,1,0,0,1,1,0,0,40,0,0,0,0,0,4,3,14
,2023-34331,39.76080172,-105.0111536,8/17/2023 8:15,8:15:00,3,0,1,W 31ST AVE & N TEJON ST,1,1,1,0,1,1,0,0,25,1,0,0,0,2,4,1,13
,2023-34333,39.71296998,-104.9042035,8/14/2023 13:12,13:12:00,6,0,0, POPLAR ST & E CEDAR AVE,1,1,0,0,1,4,0,0,25,0,0,0,0,0,4,2,12
,2023-34336,39.73848094,-105.035167,8/16/2023 14:30,14:30:00,6,0,0,W 14TH AVE & N LOWELL BLVD,1,1,0,0,1,4,0,0,15,0,0,0,0,0,4,2,7
,2023-34337,39.72927,-104.9124382,8/16/2023 22:23,22:23:00,3,0,1, MONACO ST & E 8TH AVE,1,3,0,0,1,1,0,0,30,0,0,0,0,1,4,2,13
,2023-34338,39.62418828,-105.0945611,8/16/2023 13:37,13:37:00,1,0,3,W BELLEVIEW AVE & S DUDLEY ST,1,1,0,0,1,3,0,0,40,0,0,0,0,3,4,2,11
,2023-34339,39.75021755,-105.0047702,8/16/2023 20:57,20:57:00,15,0,1, SPEER BLVD & WEWATTA ST,1,3,0,0,1,1,0,0,20,0,0,0,0,2,4,2,16
,2023-34343,39.69675935,-105.0375853,8/16/2023 12:45,12:45:00,12,0,0,W MISSISSIPPI AVE & S OSEOLA ST,1,1,0,0,1,4,0,0,30,0,0,0,0,0,4,2,11
,2023-34346,39.74033967,-104.9407925,8/14/2023 14:20,14:20:00,12,0,0, COLORADO BLVD & E COLFAX AVE,1,1,0,0,1,4,0,0,30,0,0,0,0,0,2,2,13
,2023-34349,39.70398036,-105.0430819,8/12/2023 2:15,2:15:00,3,0,0, STUART ST & MORRISON RD,1,3,0,0,1,1,0,0,25,0,0,0,0,0,4,2,16
,2023-34350,39.7401168,-104.9904235,8/5/2023 23:17,23:17:00,12,0,0,14TH ST & W COLFAX AVE,1,3,0,0,1,1,0,0,20,0,0,0,0,0,2,2,1
,2023-34353,39.71116687,-104.9875748,8/17/2023 16:23,16:23:00,3,0,0, BROADWAY & W ALAMEDA AVE,1,1,0,0,1,1,0,0,25,0,0,0,0,0,4,2,3
,2023-34355,39.69672349,-105.0061667,7/31/2023 9:27,9:27:00,5,0,0, PECOS ST & W MISSISSIPPI AVE,1,1,0,0,4,4,0,0,20,0,0,0,0,0,4,1,16
,2023-34356,39.74377164,-104.9124339,8/15/2023 11:40,11:40:00,15,0,0,E 17TH AVE & N MONACO ST,1,1,0,0,1,4,0,0,,0,0,0,0,0,4,2,16
,2023-34358,39.76118838,-104.9027527,8/17/2023 16:04,16:04:00,3,0,0, QUEBEC ST & E MLK BLVD,1,1,0,0,1,1,0,0,35,0,0,0,0,0,4,2,13
,2023-34359,39.78048615,-104.9529485,8/17/2023 7:43,7:43:00,12,0,1,I-70 & N FILLMORE ST,1,1,0,0,1,4,0,0,55,0,0,0,0,1,1,4,3
,2023-34361,39.72252794,-104.9826108,8/16/2023 16:50,16:50:00,15,0,0,LOGAN ST & E SPEER BLVD,1,1,0,0,1,3,0,0,30,0,0,0,0,0,4,2,13
,2023-34362,39.76936304,-105.0440011,8/16/2023 16:42,16:42:00,1,0,1,W 38TH AVE & N TENNYSON ST,1,1,0,0,1,1,0,0,35,0,0,0,0,1,4,2,10
,2023-34365,39.74161842,-104.9597886,8/17/2023 16:04,16:04:00,11,0,0,E 16TH AVE & N YORK ST,1,1,0,0,1,1,0,0,0,0,0,1,0,0,4,1,16
,2023-34366,39.67679231,-104.9322006,8/10/2023 14:11,14:11:00,12,0,0,I-25 & E EVANS AVE,1,1,1,0,1,4,0,0,65,0,0,0,0,0,1,2,13
,2023-34371,39.78347102,-105.0389862,8/16/2023 16:22,16:22:00,12,0,0,I-70 & N LOWELL BLVD,1,1,0,0,1,4,0,0,55,0,0,0,0,0,1,2,16
,2023-34374,39.77389378,-104.8457416,8/16/2023 14:08,14:08:00,15,0,0,I-70 & N PEORIA ST,1,1,1,0,1,4,0,0,55,0,0,0,0,0,1,2,10
,2023-34376,39.75595385,-104.8990012,8/12/2023 11:11,11:11:00,3,0,0,E 28TH AVE & N SYRACUSE ST,1,1,0,0,1,1,0,0,25,0,0,0,0,0,4,2,13
,2023-34377,39.75288477,-104.9874148,8/17/2023 7:00,7:00:00,15,0,0, BROADWAY & 22ND ST,1,1,0,0,1,3,0,0,30,0,0,0,0,0,4,2,14
,2023-34382,39.75185621,-104.9887658,8/17/2023 10:37,10:37:00,3,0,2,21ST ST & CURTIS ST,1,1,0,0,1,1,0,0,25,0,0,0,0,2,4,2,11
,2023-34386,39.78555683,-104.8948132,8/13/2023 17:00,17:00:00,15,0,0,E NORTHFIELD BLVD & N ULSTER ST,1,1,0,0,1,4,0,0,35,0,0,0,0,0,4,2,16
,2023-34387,39.70387432,-104.9674905,8/17/2023 16:15,16:15:00,3,0,0, GILPIN ST & E EXPOSITION AVE,1,1,0,0,1,1,0,0,25,0,0,0,0,0,4,2,3
,2023-34388,39.6908095,-104.9874843,8/13/2023 1:50,1:50:00,6,0,0, BROADWAY & E FLORIDA AVE,1,3,0,0,1,4,0,0,30,0,0,0,0,0,4,2,13
,2023-34389,39.69286519,-105.0156442,7/5/2023 4:10,4:10:00,6,0,0, ZUNI ST & W LOUISIANA AVE,1,2,2,0,1,4,0,0,20,0,0,0,0,0,4,3,16
,2023-34391,39.83112608,-104.7718822,8/10/2023 11:08,11:08:00,3,0,0,TOWER RD,1,1,0,7,1,5,0,0,,0,0,0,0,0,2,2,16
,2023-34393,39.74004661,-105.0002472,8/16/2023 12:52,12:52:00,12,0,0,W COLFAX AVE & N KALAMATH ST,1,1,0,0,1,3,0,0,30,0,0,0,0,0,2,2,13
,2023-34398,39.75364827,-104.9934266,7/30/2023 0:50,0:50:00,12,0,0,MARKET ST & 20TH ST,1,3,3,0,1,3,0,0,,0,0,0,0,0,4,3,16
,2023-34400,39.74777805,-105.0043565,7/30/2023 3:57,3:57:00,5,0,0,AURARIA PKWY & 12TH ST,1,3,0,0,6,3,0,0,30,0,0,0,0,0,4,1,16
,2023-34408,39.74850705,-105.0030696,8/4/2023 7:12,7:12:00,15,0,0,BLAKE ST & N SPEER BLVD,1,1,0,0,1,1,0,0,35,0,0,0,0,0,4,2,16
,2023-34409,39.76925859,-105.0252689,8/8/2023 13:15,13:15:00,12,0,1,W 38TH AVE & N FEDERAL BLVD,1,1,0,0,1,3,0,0,35,0,0,0,0,1,2,2,1
,2023-34410,39.71841134,-105.0001863,8/17/2023 17:18,17:18:00,10,0,1, KALAMATH ST & W 1ST AVE,1,1,0,0,1,1,0,0,35,0,0,0,0,1,4,2,13
,2023-34413,39.74323281,-104.9659994,8/10/2023 12:23,12:23:00,10,0,1,E 17TH AVE & N WILLIAMS ST,1,1,0,0,1,1,0,0,30,0,0,0,1,3,4,2,3
,2023-34414,39.76926628,-104.912707,8/16/2023 5:54,5:54:00,3,0,2,E 38TH AVE & N MONACO ST,1,1,0,0,1,1,0,0,25,0,0,0,0,1,4,2,16
,2023-34416,39.74169668,-104.9861163,8/12/2023 11:50,11:50:00,2,0,1,E 16TH AVE & LINCOLN ST,1,1,0,0,1,1,0,0,30,1,0,0,0,2,4,1,13
,2023-34417,39.7448185,-104.9671966,8/18/2023 9:00,9:00:00,3,0,1,E 18TH AVE & N GILPIN ST,1,1,0,0,1,1,0,0,30,0,0,0,0,2,4,2,14
,2023-34419,39.70766809,-105.0250817,8/18/2023 12:47,12:47:00,12,0,0, FEDERAL BLVD & W VIRGINIA AVE,1,1,0,0,1,4,0,0,35,0,0,0,0,0,2,2,16
,2023-34420,39.71800701,-104.9511809,8/18/2023 12:15,12:15:00,12,0,0,E 1ST AVE & S ST PAUL ST,1,1,0,0,1,3,0,0,30,0,0,0,0,0,4,2,13
,2023-34421,39.74506093,-105.000698,8/16/2023 21:30,21:30:00,15,0,0, SPEER BLVD & LAWRENCE ST,1,3,0,0,1,4,0,0,,0,0,0,0,0,4,2,16
,2023-34422,39.79824194,-104.7863974,8/11/2023 10:50,10:50:00,12,0,0,PENA BLVD & E 56TH AVE,1,1,1,0,1,4,0,0,25,0,0,0,0,0,4,2,16
,2023-34425,39.77851594,-104.9022524,7/11/2023 1:21,1:21:00,12,0,0,I-70 & N NORTHFIELD QUEBEC ST,1,4,0,0,1,4,0,0,,0,0,0,0,0,1,2,16
,2023-34427,39.71136614,-104.986364,8/17/2023 9:00,9:00:00,12,0,0, LINCOLN ST & E ALAMEDA AVE,1,1,0,0,1,4,0,0,30,0,0,0,0,0,4,3,1
,2023-34428,39.7433671,-104.9873765,8/16/2023 16:00,16:00:00,3,0,0, BROADWAY ST & E 17TH AVE,1,1,1,0,1,1,0,0,30,0,0,0,0,0,4,2,16
,2023-34429,39.77851651,-104.9026617,8/16/2023 13:41,13:41:00,12,0,0,I-70 & N NORTHFIELD QUEBEC ST,1,1,1,0,1,4,0,0,55,0,0,0,0,0,1,2,1
,2023-34432,39.78055386,-104.9486089,8/18/2023 15:26,15:26:00,12,0,0,I-70 & N STEELE ST,1,1,0,0,1,4,0,0,65,0,0,0,0,0,1,2,14
,2023-34433,39.7305045,-104.9984937,8/18/2023 16:28,16:28:00,15,0,0,W 9TH AVE & N SANTA FE DR,11,1,0,1,1,4,0,0,20,0,0,0,0,0,4,2,10
,2023-34435,39.71124655,-105.025172,8/17/2023 12:59,12:59:00,12,0,1, FEDERAL BLVD & W ALAMEDA AVE,1,1,0,0,1,3,0,0,35,0,0,0,0,1,2,2,16
,2023-34436,39.76889767,-105.0416727,8/17/2023 21:00,21:00:00,6,0,0, RALEIGH ST & W 38TH AVE,1,4,0,0,1,4,0,0,25,0,0,0,0,0,4,2,16
,2023-34437,39.77917175,-104.9675722,8/18/2023 6:15,6:15:00,15,0,0,I-70 EB OFF RAMP SLIP & N BRIGHTON BLVD,1,1,0,0,1,8,0,0,30,0,0,0,0,0,4,2,11
,2023-34439,39.73289342,-104.9069084,8/16/2023 22:15,22:15:00,10,0,0,E 11TH AVE & N OLIVE ST,1,4,0,0,1,1,0,0,25,0,0,0,0,0,4,2,9
,2023-34440,39.71799159,-104.9511911,8/18/2023 17:04,17:04:00,1,0,1,E 1ST AVE & N ST PAUL ST,1,1,0,0,1,1,0,0,30,0,0,0,0,1,4,2,7
,2023-34442,39.77904612,-105.0254538,8/18/2023 12:09,12:09:00,6,0,0,W SCOTT PL & N FEDERAL BLVD,1,1,0,0,1,4,0,0,25,0,0,0,0,0,4,2,16
,2023-34443,39.71766001,-104.9407882,8/18/2023 18:53,18:53:00,5,0,1, COLORADO BLVD & E 1ST AVE,1,2,1,0,2,4,0,0,35,0,0,0,0,3,2,1,10
,2023-34445,39.67845831,-104.9179763,8/18/2023 9:09,9:09:00,12,0,2,E EVANS AVE & S JASMINE ST,1,1,0,0,1,4,0,0,35,0,0,0,0,1,4,3,14
,2023-34448,39.7272823,-104.9625046,8/18/2023 12:34,12:34:00,5,0,0,E 7TH AVE & N VINE ST,1,1,0,0,3,1,0,0,25,0,0,0,0,0,4,1,7
,2023-34449,39.71749741,-104.946168,8/15/2023 13:11,13:11:00,6,0,0, MADISON ST & E 1ST AVE,1,1,0,0,1,4,0,0,30,0,0,0,0,0,4,2,16
,2023-34450,39.70752642,-104.9863628,8/18/2023 16:45,16:45:00,12,0,0,E VIRGINIA AVE & S LINCOLN ST,1,1,0,0,1,1,0,0,35,0,0,0,0,0,4,2,13
,2023-34451,39.79826158,-104.8200498,8/17/2023 16:44,16:44:00,12,0,0,E 56TH AVE & N CROWN BLVD,1,1,0,0,1,1,0,0,40,0,0,0,0,0,4,2,3
,2023-34452,39.7520564,-104.9873955,8/17/2023 11:49,11:49:00,15,0,0, BROADWAY & CHAMPA ST,1,1,0,0,1,4,0,0,35,0,0,0,0,0,4,2,11
,2023-34453,39.65302525,-104.8727437,8/18/2023 8:09,8:09:00,15,0,0,E HAMPDEN AVE & S FLORENCE ST,1,1,0,0,1,4,0,0,35,0,0,0,0,0,2,2,11
,2023-34459,39.69655897,-104.8669197,8/18/2023 12:09,12:09:00,5,0,0,E MISSISSIPPI AVE & S HAVANA ST,1,1,0,0,6,4,0,0,35,0,0,0,0,0,4,1,10
,2023-34462,39.71163301,-104.9034687,8/16/2023 11:35,11:35:00,12,0,0, QUEBEC ST & E ALAMEDA AVE,1,1,0,0,1,4,0,0,35,0,0,0,0,0,4,2,16
,2023-34463,39.64956308,-105.034625,8/18/2023 15:39,15:39:00,12,0,1,W KENYON AVE & OMAHA DR,1,1,0,0,1,4,0,0,35,0,0,0,0,1,4,2,13
,2023-34464,39.72579216,-105.0426161,8/18/2023 20:24,20:24:00,12,0,1,W 6TH AVE & N STUART ST,1,3,1,0,1,4,0,0,55,0,0,0,0,1,2,2,11
,2023-34467,39.84999742,-104.6700001,8/17/2023 21:48,21:48:00,5,0,1,PENA BLVD & JACKSON GAP,1,3,0,0,3,7,0,0,25,0,0,0,0,2,3,1,10
,2023-34468,39.78389463,-105.0253659,8/18/2023 14:06,14:06:00,12,0,0,I-70 EB OFF RAMP & N FEDERAL BLVD,1,1,0,0,1,8,0,0,35,0,0,0,0,0,1,2,13
,2023-34470,39.63182403,-105.0347648,8/13/2023 17:00,17:00:00,6,0,0,W UNION AVE & S LOWELL BLVD,1,4,0,0,1,4,0,0,25,0,0,0,0,0,4,2,16
,2023-34473,39.78341797,-105.0319781,8/18/2023 19:02,19:02:00,12,0,0,I-70 & N FEDERAL BLVD,1,1,0,0,1,4,0,0,55,0,0,0,0,0,1,2,16
,2023-34474,39.77856133,-104.9222931,8/18/2023 7:53,7:53:00,12,0,0,I-70 & N HOLLY ST,1,1,0,0,1,4,0,0,55,0,0,0,0,0,1,2,13
,2023-34475,39.67842552,-104.9508283,8/18/2023 8:52,8:52:00,3,0,3, ST PAUL ST & E EVANS AVE,1,1,0,0,1,1,0,0,35,0,0,0,0,2,4,2,16
,2023-34479,39.78376517,-104.9404554,8/18/2023 7:34,7:34:00,12,0,0, COLORADO BLVD & E 48TH AVE,1,1,0,0,1,1,0,0,45,0,0,0,0,0,2,2,16
,2023-34483,39.66747997,-104.9286278,8/18/2023 14:00,14:00:00,3,0,1,YALE AVE & YALE CIR,1,1,0,0,1,1,0,0,30,0,0,0,0,2,4,2,13
,2023-34486,39.71821046,-105.0510543,8/18/2023 22:24,22:24:00,12,0,0,W 1ST AVE & N ZENOBIA ST,1,3,0,0,1,4,0,0,30,0,0,0,0,0,4,2,16
,2023-34491,39.84928942,-104.6726895,8/19/2023 20:10,20:10:00,15,0,0,PENA BLVD & E 80TH AVE,11,3,0,1,1,4,0,0,35,0,0,0,0,0,4,2,11
,2023-34495,39.67321884,-105.0250552,8/19/2023 15:05,15:05:00,12,0,3, FEDERAL BLVD & W WESLEY AVE,1,1,0,0,1,4,0,0,40,0,0,0,0,3,2,3,3
,2023-34496,39.66818246,-104.9828352,8/19/2023 20:45,20:45:00,6,0,1, LOGAN ST & E YALE AVE,11,3,0,0,1,4,0,0,25,0,0,0,0,2,4,3,14
,2023-34497,39.73104788,-105.0156519,8/19/2023 10:28,10:28:00,5,0,0,I-25 & SB OFF RAMP GORE PT TO W 8TH AVE,1,1,0,0,3,4,0,0,55,0,0,0,0,0,1,1,10
,2023-34499,39.7706558,-104.973175,8/16/2023 23:56,23:56:00,5,0,0,3930 BLAKE ST & 40TH ST,1,3,0,0,1,4,0,0,35,0,0,0,0,0,4,1,3
,2023-34500,39.74198755,-104.8846637,8/18/2023 15:07,15:07:00,3,0,1,E 16TH AVE & N YOSEMITE ST,1,1,0,0,1,1,0,0,25,0,0,0,0,2,4,2,13
,2023-34506,39.7193437,-104.9891753,8/14/2023 13:00,13:00:00,11,0,1, ACOMA ST & W 2ND AVE,1,1,0,0,1,1,0,0,0,0,0,0,0,3,4,1,16
,2023-34507,39.67113269,-104.9953042,8/19/2023 2:51,2:51:00,9,0,1, SANTA FE DR & W HARVARD AVE,1,3,0,0,3,4,0,0,50,0,0,0,0,2,2,1,16
,2023-34509,39.72540634,-105.0531446,8/19/2023 17:45,17:45:00,1,0,0, SHERIDAN BLVD & W 6TH AVE EB RAMPS,1,1,1,0,1,1,0,0,35,0,0,0,0,0,2,2,10
,2023-34514,39.72933007,-105.0252035,8/19/2023 16:13,16:13:00,3,0,2,W 8TH AVE & N FEDERAL BLVD,1,1,0,0,1,1,0,0,40,0,0,0,0,2,2,4,3
,2023-34516,39.72094395,-104.9874502,8/14/2023 14:00,14:00:00,11,0,1,W 3RD AVE & N BROADWAY ST,1,1,0,0,1,1,0,0,0,0,0,0,0,3,4,1,16
,2023-34520,39.67231661,-105.0384797,8/16/2023 4:40,4:40:00,6,0,0,W HARVARD AVE & S PATTON CT,1,3,0,0,1,4,0,0,25,0,0,0,0,0,4,2,16
,2023-34521,39.77664784,-105.0251484,8/19/2023 14:18,14:18:00,3,0,0,W 44TH AVE & N FEDERAL BLVD,1,1,0,0,1,1,0,0,35,0,0,0,1,0,2,2,13
,2023-34523,39.7399982,-104.9787542,8/18/2023 21:06,21:06:00,1,0,1,E COLFAX AVE & N WASHINGTON ST,1,3,0,0,1,1,0,0,35,0,0,0,0,2,2,2,3
,2023-34524,39.66257023,-104.9129724,8/11/2023 10:50,10:50:00,15,0,0, MONACO ST & E CORNELL AVE,1,1,0,0,1,4,0,0,35,0,0,0,0,0,4,2,16
,2023-34529,39.75670592,-104.9973065,8/18/2023 22:09,22:09:00,12,0,0,20TH ST & CHESTNUT PL,1,3,1,0,1,4,0,0,30,0,0,0,0,0,4,3,3
,2023-34530,39.74372873,-104.9320737,8/11/2023 16:40,16:40:00,5,0,0,E 17TH AVE & N DAHLIA ST,1,1,3,7,6,1,0,0,30,0,0,0,0,0,4,1,10
,2023-34532,39.73817587,-105.0266015,8/19/2023 0:04,0:04:00,6,0,0,W 14TH AVE & N GROVE ST,1,3,0,0,1,4,0,0,25,0,0,0,0,0,4,3,16
,2023-34538,39.71833196,-104.9745908,8/14/2023 17:00,17:00:00,3,0,0, CORONA ST & E 1ST AVE,1,1,0,0,1,1,0,0,25,0,0,0,0,0,4,2,3
,2023-34539,39.6754978,-105.0532642,8/14/2023 7:33,7:33:00,12,0,0, SHERIDAN BLVD & W WARREN AVE,1,1,0,0,1,4,0,0,40,0,0,0,0,0,2,2,16
,2023-34541,39.74735434,-104.9874064,8/19/2023 19:30,19:30:00,3,0,0,WELTON ST & N BROADWAY ST,11,1,3,1,1,1,0,0,,0,0,0,0,0,4,2,16
,2023-34610,39.68228019,-105.0250196,8/20/2023 3:00,3:00:00,3,0,3, FEDERAL BLVD & W JEWELL AVE,1,3,0,0,1,2,0,0,40,0,0,0,0,2,2,2,3
,2023-34613,39.74027784,-105.0298734,8/20/2023 11:15,11:15:00,3,0,0,W COLFAX AVE & N IRVING ST,1,1,0,0,1,1,0,0,30,0,0,0,0,0,2,2,13
,2023-34619,39.74022369,-104.8875722,8/5/2023 2:27,2:27:00,11,0,1,8615 E COLFAX AVE,1,3,0,0,1,9,0,0,15,0,1,0,0,2,4,1,11
,2023-34622,39.74377478,-104.956681,8/15/2023 13:23,13:23:00,2,0,1, CITY PARK ESPLANADE & E 17TH AVE,1,1,0,0,1,3,0,0,25,1,0,0,0,3,4,1,3
,2023-34631,39.74559983,-104.9951434,8/20/2023 2:56,2:56:00,10,0,0,CHAMPA ST & 15TH ST,1,3,0,0,1,1,0,0,25,0,0,0,0,0,4,2,3
,2023-34632,39.78389461,-105.0252986,8/20/2023 14:49,14:49:00,3,0,0, FEDERAL BLVD & I-70 EB OFF RAMP,1,1,0,0,1,1,0,0,35,0,0,0,0,0,2,2,3
,2023-34639,39.75482788,-105.02052,8/20/2023 0:56,0:56:00,3,0,0,W 26TH AVE & N CLAY ST,1,3,0,0,1,1,0,0,35,0,0,0,0,0,4,2,16
,2023-34640,39.76569837,-104.9499228,8/20/2023 12:51,12:51:00,3,0,0,E 35TH AVE & N STEELE ST,1,1,0,0,1,1,0,0,30,0,0,0,0,0,4,2,13
,2023-34645,39.76330255,-105.0064422,8/16/2023 13:24,13:24:00,6,0,0, PECOS ST & W 33RD AVE,1,1,1,0,1,4,0,0,25,0,0,0,0,0,4,2,16
,2023-34646,39.70751074,-104.9827953,8/17/2023 13:15,13:15:00,1,0,0, LOGAN ST & E VIRGINIA AVE,1,1,0,0,1,1,0,0,30,0,0,0,0,0,4,2,3
,2023-34647,39.69672881,-105.0086982,8/19/2023 23:21,23:21:00,1,0,1,1770 W MISSISSIPPI AVE & S RARITAN ST,1,3,0,0,1,2,0,0,30,0,0,0,0,2,4,2,16
,2023-34651,39.73684778,-104.9861411,8/20/2023 14:20,14:20:00,3,0,0,E 13TH AVE & N LINCOLN ST,1,1,1,0,1,1,0,0,30,0,0,0,0,0,4,2,3
,2023-34655,39.75482906,-105.0217763,8/19/2023 19:30,19:30:00,14,0,0,W 26TH AVE & N ELIOT ST,1,3,0,0,1,4,0,0,,0,0,0,0,0,4,2,16
,2023-34656,39.71132307,-105.0532578,8/19/2023 20:48,20:48:00,1,0,0, SHERIDAN BLVD & W ALAMEDA AVE,1,3,0,0,1,1,0,0,35,0,0,0,0,0,2,2,14
,2023-34658,39.69690567,-105.053201,8/19/2023 11:27,11:27:00,15,0,1,MORRISON RD & S SHERIDAN BLVD,1,1,0,0,1,1,0,0,35,0,0,0,0,1,2,2,7
,2023-34660,39.69312301,-105.0250363,8/19/2023 22:37,22:37:00,3,0,2, FEDERAL BLVD & W LOUISIANA AVE,1,3,0,0,1,1,0,0,40,0,0,0,0,2,2,2,7
,2023-34663,39.77711829,-104.8809921,8/19/2023 18:33,18:33:00,12,0,1,I-70 & I-270 NWB ON RAMP GORE PT,11,2,0,1,1,8,0,0,55,0,0,0,0,2,1,2,7
,2023-34666,39.73827879,-104.9364416,8/17/2023 9:18,9:18:00,15,0,0,E 14TH AVE & N BIRCH ST,1,1,0,0,1,3,0,0,35,0,0,0,0,0,4,2,16
,2023-34670,39.74007867,-104.9034223,8/20/2023 8:28,8:28:00,3,0,1,E COLFAX AVE & N QUEBEC ST,1,1,0,0,1,1,0,0,30,0,0,0,0,2,2,4,16
,2023-34672,39.78632326,-104.7696225,8/20/2023 3:28,3:28:00,5,0,2, ARGONNE ST & 49TH AVE,1,3,0,0,2,4,0,0,20,0,0,0,0,3,4,1,10
,2023-34673,39.84999742,-104.6700001,8/18/2023 5:30,5:30:00,16,0,0,8400 PENA BLVD,1,3,0,0,5,3,0,0,45,0,0,0,0,0,3,2,10
,2023-34674,39.75045908,-104.9781227,8/16/2023 20:50,20:50:00,6,0,0, WASHINGTON ST & E 23RD AVE,1,3,0,0,3,4,0,0,25,0,0,0,0,0,4,2,9
,2023-34675,39.66763906,-104.9128803,8/18/2023 17:10,17:10:00,1,0,2, MONACO ST & E YALE AVE,1,1,0,0,1,1,0,0,35,0,0,0,0,3,4,2,13
,2023-34680,39.68568448,-104.9408322,8/17/2023 17:31,17:31:00,11,0,1,E MEXICO AVE & S COLORADO BLVD,1,1,0,0,1,1,0,0,45,0,1,0,0,1,2,1,13
,2023-34682,39.74373666,-104.9286431,8/17/2023 12:40,12:40:00,6,0,0,E 17TH AVE & N FILBERT CT,1,1,0,0,1,4,0,0,30,0,0,0,0,0,4,3,16
,2023-34683,39.77646013,-104.7905406,8/20/2023 13:47,13:47:00,12,0,0, PENA BLVD & GREEN VALLEY RANCH BLVD,1,1,0,0,1,4,0,0,65,0,0,0,0,1,4,2,14
,2023-34684,39.71039582,-104.9987802,8/16/2023 14:57,14:57:00,12,0,0,I-25 & W ALAMEDA AVE,1,1,0,0,1,4,0,0,,0,0,0,0,0,1,2,16
,2023-34685,39.74483312,-104.9731145,8/16/2023 8:57,8:57:00,11,0,1,E 18TH AVE & N DOWNING ST,1,1,0,0,1,9,0,0,30,0,1,0,0,2,4,1,11
,2023-34688,39.79839239,-104.7721287,8/19/2023 4:45,4:45:00,3,0,1,E 56TH AVE & N TOWER RD,1,3,0,0,1,1,0,0,40,0,0,0,0,2,4,2,16
,2023-34704,39.77010848,-104.9785679,8/20/2023 18:02,18:02:00,12,0,2,35TH ST & N BRIGHTON BLVD,1,1,0,0,1,4,0,0,30,0,0,0,0,2,4,3,11
,2023-34706,39.7626115,-105.0024793,8/19/2023 22:48,22:48:00,15,0,0,I-25 & NB ON RAMP MERGE PT FROM 20TH ST,1,3,0,0,1,4,0,0,55,0,0,0,0,0,1,2,3
,2023-34712,39.71968265,-105.0349189,8/20/2023 8:01,8:01:00,6,0,0, LOWELL BLVD & N 2ND AVE,1,4,0,0,1,4,0,0,,0,0,0,0,0,4,2,16
,2023-34717,39.77974107,-104.9785898,8/20/2023 5:46,5:46:00,15,0,0,I-70 & N WASHINGTON ST,1,1,0,7,1,4,0,0,55,0,0,0,0,0,1,2,13
,2023-34719,39.75119967,-105.0176506,8/14/2023 17:32,17:32:00,2,0,1,2546 W 23RD AVE & N ALCOTT ST,1,1,1,0,2,9,0,0,30,1,0,0,0,2,4,1,11
,2023-34733,39.73896762,-105.0346166,8/19/2023 16:28,16:28:00,3,0,0, LOWELL BLVD & W COLFAX AVE,1,1,0,0,1,2,0,0,25,0,0,0,0,0,4,2,11
,2023-34734,39.75269375,-104.9981347,8/19/2023 23:45,23:45:00,12,0,1,WAZEE ST & 18TH ST,1,3,0,0,1,4,0,0,25,0,0,0,0,2,4,2,11
,2023-34736,39.71120246,-104.9971447,8/18/2023 9:55,9:55:00,11,0,1, SANTA FE DR & W ALAMEDA AVE,1,1,0,0,1,1,0,0,30,0,0,0,0,2,4,1,11