id,drcog_id,latitude,longitude,crashtime,time,crashtype,numbkilled,numbinjurd,drcoglocat,rdconditin,lightngcon,roadcntgrd,weatherco,location,roaddescrp,schoolzone,constrzone,splimit,bikeinv,pedinv,sctrinv,motoinv,svrty,rdsystem,ttlvehcls,hcf
,2023-34745,39.68809267,-104.9694856,8/17/2023 15:23,15:23:00,15,0,2,I-25 & S FRANKLIN ST,1,1,0,0,1,4,0,0,60,0,0,0,0,1,1,3,16
,2023-34826,39.77102377,-104.8470347,7/22/2023 8:00,8:00:00,12,0,0, PEORIA ST & E 39TH AVE,1,1,0,0,1,3,0,0,35,0,0,0,0,0,4,2,7
,2023-34829,39.7563246,-105.0157341,8/21/2023 7:55,7:55:00,12,0,0, SPEER BLVD & N ZUNI ST,1,1,1,0,1,3,0,0,35,0,0,0,0,0,4,2,1
,2023-34841,39.76815084,-104.9658886,8/20/2023 3:12,3:12:00,6,0,0,E 37TH AVE & N WILLIAMS ST,1,3,0,0,1,4,0,0,30,0,0,0,1,0,4,3,16
,2023-34844,39.75147538,-104.9979632,8/11/2023 16:30,16:30:00,10,0,0,BLAKE ST & 17TH ST,1,1,0,0,1,1,0,0,,0,0,0,0,0,4,2,16
,2023-34852,39.74168019,-104.9862557,8/21/2023 11:20,11:20:00,12,0,0,E 16TH AVE & N LINCOLN ST,1,1,1,0,1,4,0,0,30,0,0,0,0,0,4,2,13
,2023-34859,39.77892188,-104.9541357,8/15/2023 14:01,14:01:00,3,0,0, CLAYTON ST & E 45TH AVE,1,1,0,0,1,1,0,0,25,0,0,0,0,0,4,2,16
,2023-34861,39.69317218,-104.9924866,8/20/2023 13:35,13:35:00,15,0,0, SANTA FE DR & W LOUISANNA AVE,1,1,0,0,1,2,0,0,45,0,0,0,0,0,2,2,11
,2023-34865,39.68225032,-105.0283098,8/21/2023 15:12,15:12:00,12,0,0,W JEWELL AVE & S HOOKER ST,1,1,0,0,1,1,0,0,30,0,0,0,0,0,4,2,3
,2023-34867,39.69310725,-105.0273675,8/20/2023 5:55,5:55:00,6,0,0,W LOUISIANA AVE & S HOOKER AVE,1,3,0,0,1,4,0,0,,0,0,0,0,0,4,2,16
,2023-34872,39.71931836,-104.8755351,8/13/2023 17:09,17:09:00,5,0,0, DAYTON ST & E 1ST AVE,1,1,0,0,2,4,0,0,30,0,0,0,0,0,4,1,16
,2023-34885,39.74038596,-104.943051,7/30/2023 23:25,23:25:00,6,0,2, JACKSON ST & E COLFAX AVE,1,3,0,0,6,4,0,0,30,0,0,0,0,1,4,3,1
,2023-34887,39.77483125,-104.8469494,8/8/2023 8:50,8:50:00,15,0,0,I-70 WB OFF RAMP & N PEORIA ST,1,1,0,0,1,1,0,0,35,0,0,0,0,0,4,2,16
,2023-34889,39.67169975,-104.9593889,8/20/2023 10:19,10:19:00,3,0,0, UNIVERSITY BLVD & E HARVARD AVE,1,1,1,0,1,2,0,0,30,0,0,0,0,0,4,2,11
,2023-34890,39.78019789,-104.9507973,8/18/2023 14:07,14:07:00,12,0,0,I-70 & N STEELE ST,1,1,0,0,1,4,0,0,,0,0,0,0,0,1,2,16
,2023-34891,39.78050482,-104.9526865,8/18/2023 14:59,14:59:00,12,0,0,I-70 & N STEELE ST,1,1,0,0,1,4,0,0,55,0,0,0,0,0,1,3,16
,2023-34893,39.66854588,-105.0417426,8/21/2023 1:07,1:07:00,5,0,0, RALEIGH ST & W YALE AVE,1,3,0,0,3,4,0,0,25,0,0,0,0,0,4,1,14
,2023-34904,39.75841975,-105.0205303,8/21/2023 13:27,13:27:00,2,0,1, CLAY ST & W 29TH AVE,1,1,0,1,1,1,0,0,0,1,0,0,0,2,4,1,16
,2023-34908,39.71656133,-104.986247,8/21/2023 18:32,18:32:00,12,0,1, LINCOLN ST & E ELLSWORTH AVE,1,1,0,0,1,3,0,0,30,0,0,0,0,1,4,3,1
,2023-34910,39.77699076,-104.8844108,8/18/2023 12:48,12:48:00,5,0,1,I-270 OFF RAMP & I-70 EB ON RAMP MERGE PT,1,1,0,0,2,8,0,0,55,0,0,0,0,1,1,1,2
,2023-34912,39.71803404,-104.9544627,8/13/2023 0:54,0:54:00,12,0,0,E 1ST AVE & N DETROIT ST,1,3,0,0,1,4,0,0,30,0,0,0,0,0,4,2,1
,2023-34913,39.76134276,-104.9394082,8/19/2023 8:00,8:00:00,6,0,0, ALBION ST & E MLK JR BLVD,1,4,0,0,1,4,0,0,25,0,0,0,0,0,4,2,3
,2023-34919,39.75306623,-105.0153219,8/13/2023 2:46,2:46:00,5,0,0,I-25 & NB ON RAMP GORE PT TO N SPEER BLVD,1,3,0,0,3,8,0,0,55,0,0,0,0,0,1,1,16
,2023-34920,39.79918849,-104.7863572,8/20/2023 11:23,11:23:00,12,0,0,PENA BLVD & 56TH AVE,1,1,0,0,1,4,0,0,65,0,0,0,0,0,4,3,16
,2023-34922,39.68213927,-105.044265,8/21/2023 12:19,12:19:00,12,0,0, TENNYSON ST & W JEWELL AVE,1,1,0,0,1,1,0,0,30,0,0,0,0,0,4,2,13
,2023-34927,39.63635842,-104.8938792,7/26/2023 15:35,15:35:00,10,0,0,I-225 WB OFF RAMP & S TAMARAC ST,1,1,0,0,1,1,0,0,,0,0,0,0,0,4,2,16
,2023-34933,39.74411175,-104.9883708,8/15/2023 5:32,5:32:00,12,0,0,17TH ST & TREMONT PL,1,3,0,0,1,4,0,0,25,0,0,0,0,0,4,2,11
,2023-34935,39.73658971,-104.9873947,8/21/2023 15:30,15:30:00,5,0,0, BROADWAY ST & E 13TH AVE,1,1,3,0,2,4,0,0,35,0,0,0,0,0,4,2,16
,2023-34936,39.77288216,-104.9429452,8/21/2023 13:55,13:55:00,3,0,3,E 40TH AVE & N JACKSON ST,1,1,0,0,1,1,0,0,35,0,0,0,0,2,4,2,11
,2023-34940,39.62989511,-104.9049064,8/21/2023 18:13,18:13:00,12,0,1,I-25 & I-225 NB RAMP MERGE PT,1,1,0,0,1,8,0,0,,0,0,0,0,2,1,4,13
,2023-34942,39.74034246,-105.032854,6/19/2023 15:43,15:43:00,15,0,0,W COLFAX AVE & N LOWELL BLVD,1,1,0,0,1,4,0,0,35,0,0,0,0,0,2,2,16
,2023-34946,39.71088143,-104.9863728,8/19/2023 10:35,10:35:00,10,0,0, LINCOLN ST & E ALAMEDA AVE,1,1,0,0,1,2,0,0,30,0,0,0,0,0,4,2,11
,2023-34948,39.66773394,-105.0812241,8/20/2023 20:06,20:06:00,8,0,1,W YALE AVE & S WADSWORTH BLVD,1,3,0,0,1,3,0,0,30,0,0,0,0,1,4,2,16
,2023-34951,39.74002375,-104.9980265,8/21/2023 7:55,7:55:00,3,0,1,W COLFAX AVE & N SPEER BLVD,1,1,3,0,1,1,0,0,30,0,0,0,0,1,2,2,16
,2023-34953,39.7484011,-104.9915117,8/18/2023 14:21,14:21:00,2,0,1,CHAMPA ST & 18TH ST,1,1,0,0,1,1,0,0,0,1,0,0,0,2,4,1,16
,2023-34954,39.6954046,-105.041391,8/21/2023 16:06,16:06:00,6,0,1, QUITMAN ST & W ARIZONA AVE,1,1,1,0,1,4,0,0,25,0,0,0,0,2,4,2,10
,2023-34956,39.71112539,-105.0157171,8/20/2023 22:33,22:33:00,12,0,1,W ALAMEDA AVE & S ZUNI ST,1,3,0,0,1,1,0,0,,0,0,0,0,1,2,2,16
,2023-34957,39.79820177,-104.847181,8/19/2023 13:55,13:55:00,12,0,0, PEORIA ST & E 56TH AVE,1,3,0,0,1,3,0,0,,0,0,0,0,0,4,2,16
,2023-34960,39.6604993,-105.0178331,8/20/2023 21:27,21:27:00,6,0,1,W DARTMOUTH AVE & S BRYANT ST,1,4,1,0,1,4,0,0,25,0,0,0,0,2,4,3,3
,2023-34961,39.77403865,-104.8474157,8/21/2023 6:30,6:30:00,15,0,0,I-70 & N PEORIA ST,1,1,0,0,1,4,0,0,55,0,0,0,0,0,1,2,3
,2023-34962,39.7803019,-104.965786,8/21/2023 11:39,11:39:00,12,0,0,I-70 & N BRIGHTON BLVD,1,1,0,0,1,4,0,0,55,0,0,0,0,0,1,2,3
,2023-34965,39.72513478,-105.0128147,8/7/2023 6:45,6:45:00,15,0,0,I-25 & W 6TH AVE,1,1,1,0,1,4,0,0,55,0,0,0,0,0,1,2,1
,2023-34971,39.73299502,-105.0251692,8/21/2023 9:52,9:52:00,12,0,0, FEDERAL BLVD & W 10TH AVE,1,1,0,0,1,4,0,0,35,0,0,0,0,0,2,2,3
,2023-34972,39.7092011,-104.9828312,8/20/2023 12:50,12:50:00,6,0,0, LOGAN ST & E DAKOTA AVE,1,1,0,0,1,4,0,0,30,0,0,0,0,0,4,2,3
,2023-34976,39.72553063,-105.0324814,8/19/2023 0:00,0:00:00,5,0,1, KNOX CT & W 6TH AVE WB RAMPS,1,3,0,0,3,4,0,0,25,0,0,0,0,2,2,1,16
,2023-34977,39.74045584,-104.9286604,8/19/2023 15:30,15:30:00,5,0,0,FAIRFAX ST  & E COLFAX AVE,1,1,0,0,2,9,0,0,15,0,0,0,0,0,4,1,13
,2023-34978,39.78912842,-104.7344352,8/21/2023 15:40,15:40:00,3,0,0,E 51ST PL & N PICADILLY RD,1,1,0,0,1,1,0,0,45,0,0,0,0,0,4,3,16
,2023-34985,39.78421751,-105.0252742,8/18/2023 19:10,19:10:00,5,0,1,I-70 & N FEDERAL BLVD,1,1,0,0,3,4,0,0,65,0,0,0,0,2,1,2,16
,2023-34988,39.77290707,-104.854295,6/23/2023 6:25,6:25:00,6,0,0,E 40TH AVE & N LIMA ST,1,1,0,0,3,4,0,0,30,0,0,0,0,0,4,2,16
,2023-35057,39.78758863,-105.025221,8/21/2023 19:48,19:48:00,6,0,0, FEDERAL BLVD & W 50TH AVE,1,3,0,0,1,4,0,0,35,0,0,0,0,0,2,2,11
,2023-35070,39.77950005,-104.9798774,8/21/2023 8:20,8:20:00,12,0,0,I-70 & WASHINGTON ST,1,1,0,0,1,4,0,0,55,0,0,0,0,0,2,3,13
,2023-35071,39.69480115,-104.992464,8/21/2023 14:00,14:00:00,10,0,0, SANTA FE DR & W ARIZONA AVE,1,1,0,0,1,1,0,0,35,0,0,0,0,0,2,2,3
,2023-35082,39.71779163,-105.0409009,8/5/2023 1:27,1:27:00,6,0,0,67 N QUITMAN ST,1,3,0,0,1,4,0,0,25,0,0,0,0,0,4,2,16
,2023-35084,39.75872993,-104.9781531,8/22/2023 9:03,9:03:00,12,0,0,CHAMPA ST & 28TH ST,1,1,0,0,1,4,0,0,20,0,0,0,0,0,4,3,16
,2023-35089,39.76125571,-104.9029339,8/21/2023 9:15,9:15:00,15,0,0,E MLK BLVD & N QUEBEC ST,1,1,0,0,1,4,0,0,30,0,0,0,0,0,4,2,14
,2023-35093,39.68591083,-105.0250216,8/6/2023 17:07,17:07:00,12,0,0, FEDERAL BLVD & W MEXICO AVE,1,2,1,0,1,1,0,0,,0,0,0,0,0,2,2,16
,2023-35096,39.70573931,-104.9875581,8/22/2023 13:24,13:24:00,3,0,0, BROADWAY & E CENTER AVE,1,1,0,0,1,1,0,0,30,0,0,0,0,0,4,2,11
,2023-35104,39.74017892,-104.9407926,8/10/2023 16:30,16:30:00,3,0,1, COLORADO BLVD & E COLFAX AVE,1,1,0,0,1,1,0,0,35,0,0,0,0,2,2,2,16
,2023-35105,39.72537235,-105.0056339,8/17/2023 7:45,7:45:00,12,0,0,W 6TH AVE & N OSAGE ST,1,1,1,0,1,4,0,0,45,0,0,0,0,0,2,3,3
,2023-35106,39.66052023,-105.0251646,8/3/2023 12:11,12:11:00,12,0,0, FEDERAL BLVD & W DARTMOUTH AVE,1,1,1,0,1,4,0,0,40,0,0,0,0,0,2,2,16
,2023-35109,39.65301215,-104.9406964,8/22/2023 7:53,7:53:00,3,0,2,E HAMPDEN AVE & S COLORADO BLVD,1,1,0,0,1,1,0,0,45,0,0,0,0,1,2,2,11
,2023-35110,39.73341035,-104.9848556,8/18/2023 13:00,13:00:00,6,0,0, SHERMAN ST & E 11TH AVE,1,1,0,0,1,4,0,0,35,0,0,0,0,0,4,2,11
,2023-35111,39.71941233,-104.9594375,8/22/2023 11:45,11:45:00,10,0,0, UNIVERSITY BLVD & E 2ND AVE,1,1,0,0,1,1,0,0,30,0,0,0,0,0,4,2,3
,2023-35114,39.78363724,-104.7845222,8/22/2023 7:45,7:45:00,1,0,2,E GREEN VALLEY RANCH BLVD & N SALIDA ST,1,1,0,0,1,1,0,0,35,0,0,0,0,3,4,2,11
,2023-35118,39.7529259,-104.980462,8/4/2023 16:00,16:00:00,3,0,2,25TH ST & WELTON ST,1,1,0,0,1,1,0,0,25,0,0,0,0,3,4,2,1
,2023-35119,39.70969638,-105.0015116,8/22/2023 16:18,16:18:00,12,0,0, LIPAN ST & W NEVADA PL,1,1,0,0,1,4,0,0,30,0,0,0,0,0,4,2,3
,2023-35120,39.69302996,-104.9777199,8/22/2023 6:50,6:50:00,12,0,0,I-25 & S EMERSON ST,1,1,0,0,1,4,0,0,60,0,0,0,0,0,1,3,1
,2023-35122,39.71750024,-104.9875055,8/8/2023 20:27,20:27:00,12,0,0, BROADWAY & W IRVINGTON PL,1,3,0,0,1,3,0,0,30,0,0,0,0,0,4,2,1
,2023-35127,39.7750626,-104.8465938,8/21/2023 17:31,17:31:00,12,0,1,I-70 WB OFF RAMP SLIP & PEORIA ST,1,1,3,0,1,8,0,0,55,0,0,0,0,1,4,4,13
,2023-35128,39.71817445,-104.9665811,8/8/2023 17:15,17:15:00,15,0,0,E 1ST AVE & N GILPIN ST,1,1,0,0,1,1,0,0,30,0,0,0,0,0,4,2,1
,2023-35129,39.7306243,-104.991879,8/22/2023 15:30,15:30:00,15,0,0, SPEER BLVD & ARAPAHOE ST,1,1,0,0,1,4,0,0,35,0,0,0,0,0,4,2,13
,2023-35130,39.77300291,-104.8658081,8/2/2023 6:57,6:57:00,12,0,0, HAVANA ST & E 40TH AVE,1,1,0,0,1,3,0,0,40,0,0,0,0,0,4,2,11
,2023-35133,39.74217597,-104.884652,8/5/2023 3:03,3:03:00,6,0,0,YOSEMITE ST & E 16TH AVE,1,4,0,0,1,4,0,0,,0,0,0,0,0,4,3,16
,2023-35134,39.74293802,-105.0158258,5/21/2023 2:50,2:50:00,5,0,2,I-25 & SB OFF RAMP GORE PT TO W COLFAX AVE,1,3,0,0,3,8,0,0,55,0,0,0,0,3,1,1,1
,2023-35135,39.71118378,-105.0062849,8/22/2023 14:03,14:03:00,1,0,0,1357 W ALAMEDA AVE & S PECOS ST,1,1,0,0,1,2,0,0,35,0,0,0,0,0,2,3,11
,2023-35136,39.77282654,-104.792225,8/21/2023 22:45,22:45:00,3,0,0,E 40TH AVE & N AIRPORT BLVD,1,3,0,0,1,1,0,0,35,0,0,0,0,1,4,2,16
,2023-35137,39.7395196,-104.8858274,8/15/2023 17:04,17:04:00,9,0,1, XENIA ST & COLFAX AVE,1,3,0,0,1,4,0,0,,0,0,0,1,3,4,1,16
,2023-35144,39.75267495,-104.9946793,8/22/2023 10:30,10:30:00,10,0,0,MARKET ST & 19TH ST,1,1,0,0,1,1,0,0,30,0,0,0,0,0,4,2,3
,2023-35145,39.77701942,-104.8827093,8/18/2023 17:19,17:19:00,12,0,1,I-70 & N CENTRAL PARK BLVD,1,1,0,0,1,4,0,0,55,0,0,0,0,2,1,3,14
,2023-35146,39.77986097,-104.9677048,8/21/2023 15:01,15:01:00,12,0,1,I-70 & N BRIGHTON BLVD,1,1,0,0,1,4,0,0,55,0,0,0,0,1,1,3,3
,2023-35147,39.69088529,-104.9932428,8/22/2023 13:00,13:00:00,10,0,0, SANTA FE DR & S PLATTE RIVER DR,1,1,0,7,1,2,0,0,45,0,0,0,0,0,2,2,16
,2023-35151,39.72730305,-104.9975647,8/22/2023 16:34,16:34:00,3,0,1, INCA ST & W 7TH AVE,1,1,0,0,1,1,0,0,30,0,0,0,0,2,4,2,16
,2023-35152,39.78406379,-105.0530035,8/22/2023 18:21,18:21:00,12,0,0,I-70 WB OFF RAMP & N SHERIDAN BLVD,1,1,0,0,1,8,0,0,55,0,0,0,0,0,1,2,13
,2023-35155,39.75461391,-104.975755,8/22/2023 12:00,12:00:00,6,0,0, EMERSON ST & E 26TH AVE,1,1,0,0,1,4,0,0,25,0,0,0,0,0,4,2,3
,2023-35158,39.73368578,-104.9810439,8/22/2023 11:30,11:30:00,3,0,0, PENNSYLVANIA ST & E 11TH AVE,1,1,0,0,1,1,0,0,35,0,0,0,0,0,4,2,11
,2023-35159,39.67692737,-104.9593919,8/21/2023 8:30,8:30:00,12,0,1, UNIVERSITY BLVD & E WARREN AVE,1,1,0,0,1,3,0,1,30,0,0,0,0,1,4,3,3
,2023-35161,39.74554986,-104.9950941,8/9/2023 16:13,16:13:00,12,0,0,15TH ST & CHAMPA ST,1,1,0,0,1,3,0,0,,0,0,0,0,0,4,2,16
,2023-35167,39.70222677,-105.0275174,8/20/2023 21:26,21:26:00,3,0,1,W OHIO AVE & A HAZEL CT,1,3,0,0,1,3,0,0,25,0,0,0,0,3,4,3,13
,2023-35168,39.76009405,-104.8905183,8/14/2023 8:52,8:52:00,12,0,0, CENTRAL PARK BLVD & E MARTIN LUTHER KING JR BLVD,1,1,0,0,1,4,0,0,,0,0,0,0,0,4,2,16
,2023-35171,39.62411961,-104.8897792,8/21/2023 13:07,13:07:00,3,0,2,E BELLEVIEW AVE & S DTC BLVD,1,1,0,0,1,1,0,0,40,0,0,0,0,2,4,2,7
,2023-35172,39.76074188,-104.9662191,8/7/2023 8:45,8:45:00,6,0,0,E 31ST AVE & N WILLIAMS ST,1,1,0,0,1,4,0,0,25,0,0,0,0,0,4,2,1
,2023-35174,39.79423762,-104.846416,8/6/2023 17:30,17:30:00,6,0,0,E 54TH AVE & N QUARI ST,1,1,0,0,1,4,0,0,25,0,0,0,0,0,4,2,1
,2023-35176,39.69664858,-104.9918859,8/22/2023 14:45,14:45:00,15,0,0, SANTA FE DR & W MISSISSIPPI AVE,1,1,0,0,1,1,0,0,40,0,0,0,0,0,2,2,3
,2023-35178,39.72910939,-104.9601811,8/18/2023 7:15,7:15:00,3,0,1,E 8TH AVE & N YORK ST,1,1,0,0,1,1,0,0,30,0,0,0,0,1,4,2,1
,2023-35180,39.78375725,-104.9666924,8/21/2023 17:32,17:32:00,3,0,1,E 48TH AVE & BRIGHTON BLVD,1,1,0,0,1,1,0,0,25,0,0,0,0,2,4,2,13
,2023-35192,39.71156144,-104.9406351,8/21/2023 15:15,15:15:00,12,0,0,E ALAMEDA AVE & S COLORADO BLVD,1,1,0,0,1,1,0,0,35,0,0,0,0,0,2,2,3
,2023-35194,39.75292575,-104.9804786,8/22/2023 18:49,18:49:00,10,0,0,WELTON ST & 25TH ST,1,1,0,0,1,1,0,0,30,0,0,0,0,0,4,2,13
,2023-35195,39.73843627,-104.982328,8/22/2023 12:09,12:09:00,10,0,0,E 14TH AVE & N LOGAN ST,1,1,0,0,1,1,0,0,30,0,0,0,0,0,4,2,8
,2023-35196,39.76559041,-105.0252988,8/22/2023 8:12,8:12:00,12,0,0, FEDERAL BLVD & W 35TH AVE,1,1,0,0,1,1,0,0,35,0,0,0,0,0,2,3,1
,2023-35197,39.74378523,-104.9034668,8/15/2023 17:07,17:07:00,12,0,1,E 17TH AVE & N QUEBEC ST,1,1,0,0,1,3,0,0,35,0,0,0,0,2,4,2,16
,2023-35209,39.71100589,-104.9481383,8/22/2023 17:18,17:18:00,12,0,0,E ALAMEDA AVE & E CHERRY CREEK S DR,1,1,0,0,1,3,0,0,30,0,0,0,0,0,4,2,3
,2023-35211,39.72096076,-104.9449615,8/22/2023 8:31,8:31:00,3,0,0, MONROE ST & E 3RD AVE,1,1,0,0,1,1,0,0,25,0,0,0,0,0,4,2,11
,2023-35213,39.69262932,-105.0532099,8/22/2023 8:44,8:44:00,12,0,1, SHERIDAN BLVD & W LOUISIANA AVE,1,1,0,0,1,4,0,0,35,0,0,0,0,1,2,2,13
,2023-35216,39.71816434,-105.0252449,8/5/2023 20:40,20:40:00,1,0,0, FEDERAL BLVD & W 1ST AVE,1,3,0,0,1,1,0,0,35,0,0,0,0,0,2,4,16
,2023-35217,39.75885508,-104.9971437,8/22/2023 12:55,12:55:00,3,0,1, HURON ST & E 29TH AVE,1,1,0,0,1,2,0,0,35,0,0,0,0,1,4,2,8
,2023-35218,39.62419817,-104.9087728,8/22/2023 12:02,12:02:00,1,0,0,E BELLEVIEW AVE & S NIAGARA ST,1,1,1,0,1,1,0,0,35,0,0,0,0,0,2,2,14
,2023-35219,39.78318971,-104.847018,7/27/2023 20:40,20:40:00,11,1,0, PEORIA ST & E 47TH AVE,1,3,0,0,1,4,0,0,0,0,1,0,0,4,4,1,16
,2023-35227,39.72145543,-105.008634,8/22/2023 18:20,18:20:00,12,0,2,I-25 & NB OFF RAMP TO W 6TH AVE FWY,1,1,0,0,1,8,0,0,60,0,0,0,0,1,1,3,16
,2023-35228,39.74878877,-104.9822911,8/22/2023 7:07,7:07:00,6,0,0,TREMONT PL & 21ST ST,1,1,0,0,1,4,0,0,20,0,0,0,0,0,4,2,16
,2023-35232,39.70402292,-104.9929504,8/15/2023 21:12,21:12:00,12,0,1,I-25 & S SANTA FE DR,1,3,0,0,1,4,0,0,55,0,0,0,1,3,1,4,16
,2023-35233,39.78389458,-105.0251138,4/7/2023 1:45,1:45:00,11,0,1, FEDERAL BLVD & I-70 EB RAMPS,1,3,0,0,1,1,0,0,,0,1,0,0,3,2,1,16
,2023-35235,39.74147063,-104.9034551,8/21/2023 13:00,13:00:00,12,0,1, QUEBEC ST & E 16TH AVE,1,1,0,0,1,1,0,0,30,0,0,0,0,1,4,3,3
,2023-35238,39.77432048,-104.8515841,8/21/2023 12:40,12:40:00,12,0,0,I-70 & N PEORIA ST,1,1,0,0,1,4,0,0,55,0,0,0,0,0,1,2,16
,2023-35293,39.84928942,-104.6726895,8/12/2023 18:05,18:05:00,12,0,1,PENA BLVD & E 84TH AVE,1,1,0,0,1,4,0,0,15,0,0,0,0,2,4,2,16
,2023-35297,39.7463537,-105.0252282,8/21/2023 7:00,7:00:00,15,0,0, FEDERAL BLVD & 19TH AVE,1,1,0,0,1,4,0,0,35,0,0,0,0,0,2,2,16
,2023-35299,39.75743247,-105.0105514,8/20/2023 22:19,22:19:00,6,0,0,15TH ST & CENTRAL ST,1,3,1,0,1,4,0,0,25,0,0,0,0,0,4,2,16
,2023-35300,39.75794822,-104.9917994,6/3/2023 23:06,23:06:00,2,0,1,PARK AVE W & WAZEE ST,11,3,0,1,1,1,0,0,,1,0,0,0,2,4,1,16
,2023-35304,39.81276432,-104.7721169,8/21/2023 13:46,13:46:00,10,0,0,E 64TH AVE & N TOWER RD,1,1,0,0,1,1,0,0,35,0,0,0,0,0,4,2,13
,2023-35314,39.76733622,-104.8943721,8/18/2023 13:20,13:20:00,2,0,1,7797 E 36TH AVE & ULSTER ST,1,1,0,0,1,2,0,0,0,1,0,0,0,3,4,1,16
,2023-35361,39.68953895,-105.0532505,8/18/2023 20:33,20:33:00,1,0,1, SHERIDAN BLVD & W FLORIDA AVE,1,3,0,0,1,1,0,0,40,0,0,0,0,1,2,2,13
,2023-35368,39.75492326,-105.0107421,8/22/2023 15:02,15:02:00,15,0,0,I-25 NB ON RAMP & N SPEER BLVD,1,1,0,0,1,8,0,0,25,0,0,0,0,0,1,2,13
,2023-35370,39.75581725,-105.0251296,5/3/2023 17:03,17:03:00,3,0,1, FEDERAL BLVD & W 27TH AVE,1,1,0,0,1,2,0,0,,0,0,0,1,3,2,2,16
,2023-35376,39.70216941,-105.0456224,8/22/2023 17:21,17:21:00,12,0,0,MORRISON RD & S UTICA ST,1,1,0,0,1,4,0,0,30,0,0,0,0,0,4,4,16
,2023-35384,39.71119398,-104.9971292,8/23/2023 20:16,20:16:00,1,0,0,W ALAMEDA AVE & S SANTA FE DR,1,3,0,0,1,3,0,0,30,0,0,0,0,0,2,2,13
,2023-35393,39.73386557,-104.9874153,8/21/2023 5:52,5:52:00,3,0,0, BROADWAY & W 11TH AVE,1,1,0,0,1,1,0,0,30,0,0,0,0,0,4,2,1
,2023-35394,39.7448306,-104.95979,6/30/2023 22:47,22:47:00,5,0,2, YORK ST & E 18TH AVE,1,3,3,0,3,4,0,0,35,0,0,0,0,3,4,1,16
,2023-35397,39.7983231,-104.8844567,8/18/2023 21:33,21:33:00,15,0,0,E 56TH AVE & N CENTRAL PARK BLVD,1,3,0,0,1,1,0,0,,0,0,0,0,0,4,2,16
,2023-35399,39.65293256,-105.0560059,8/10/2023 2:04,2:04:00,5,0,1,W HAMPDEN FRONTAGE ROAD & S SHERIDAN BLVD,1,3,0,0,3,4,1,0,35,0,0,0,0,1,2,1,16
,2023-35400,39.70081521,-104.9870229,8/23/2023 10:22,10:22:00,12,0,0,I-25 & S BROADWAY,1,1,0,0,1,4,0,0,55,0,0,0,0,0,1,2,13
,2023-35401,39.74027784,-105.0298734,8/9/2023 10:49,10:49:00,12,0,0,W COLFAX AVE & N IRVING ST,1,1,0,0,1,1,0,0,35,0,0,0,0,0,2,2,16
,2023-35405,39.7618182,-104.9124085,8/4/2023 15:20,15:20:00,12,0,0, MONACO ST & E MLK JR BLVD,1,1,0,0,1,3,0,0,,0,0,0,0,0,4,2,16
,2023-35406,39.67432144,-104.8703273,8/1/2023 17:00,17:00:00,12,0,0, PARKER RD & E ILIFF AVE,1,1,0,0,1,4,0,0,35,0,0,0,0,0,2,2,16
,2023-35412,39.7400037,-104.9753335,8/17/2023 1:07,1:07:00,12,0,0,E COLFAX AVE & N OGDEN ST,1,3,0,0,1,1,0,0,,0,0,0,0,0,2,2,16
,2023-35417,39.74015358,-104.9551299,8/21/2023 7:34,7:34:00,3,0,0, CLAYTON ST & E COLFAX AVE,1,1,0,0,1,1,0,0,30,0,0,0,0,0,2,2,11
,2023-35418,39.66760421,-104.9593794,8/23/2023 8:34,8:34:00,10,0,0, UNIVERSITY BLVD & E YALE AVE,1,1,0,0,1,1,0,0,35,0,0,0,0,0,4,2,16
,2023-35421,39.71416479,-105.0006933,8/23/2023 7:11,7:11:00,12,0,0,I-25 & W CEDAR AVE,1,1,0,0,1,4,0,0,55,0,0,0,0,0,1,2,13
,2023-35422,39.69391965,-104.9790562,8/22/2023 17:00,17:00:00,15,0,0,I-25 & S WASHINGTON ST,1,1,0,0,1,4,0,0,65,0,0,0,0,0,1,2,3
,2023-35423,39.73527409,-105.0018122,8/23/2023 15:32,15:32:00,6,0,0,W 12TH AVE & N LIPAN ST,1,1,0,0,1,9,0,0,25,0,0,0,0,0,4,2,16
,2023-35429,39.70934878,-104.9899998,8/22/2023 15:50,15:50:00,3,0,0, BANNOCK ST & W DAKOTA AVE,1,1,0,0,1,1,0,0,25,0,0,0,0,0,4,2,3
,2023-35430,39.76801966,-104.9948158,8/23/2023 6:52,6:52:00,5,0,0,I-25 & PARK AVE W,1,2,1,0,2,4,0,0,55,0,0,0,0,0,1,1,1
,2023-35431,39.74561559,-104.9034638,8/18/2023 6:16,6:16:00,10,0,1,E 19TH AVE & N QUEBEC ST,1,2,0,0,1,1,0,0,30,0,0,0,1,2,4,2,14
,2023-35432,39.71115945,-104.9863808,6/29/2023 12:10,12:10:00,15,0,0,E ALAMEDA AVE & S LINCOLN ST,1,1,0,0,1,1,0,0,35,0,0,0,0,0,4,2,16
,2023-35436,39.74960169,-105.0003506,2/17/2023 1:34,1:34:00,11,0,1,15TH ST & BLAKE ST,1,3,0,0,1,3,0,0,,0,1,0,0,3,4,1,16
,2023-35437,39.76694775,-104.9745131,8/22/2023 11:11,11:11:00,10,0,0,LARIMER ST & 35TH ST,1,1,0,0,1,1,0,0,30,0,0,0,0,0,4,2,13