id,drcog_id,latitude,longitude,crashtime,time,crashtype,numbkilled,numbinjurd,drcoglocat,rdconditin,lightngcon,roadcntgrd,weatherco,location,roaddescrp,schoolzone,constrzone,splimit,bikeinv,pedinv,sctrinv,motoinv,svrty,rdsystem,ttlvehcls,hcf
,2023-35445,39.65706012,-104.8846979,8/22/2023 8:09,8:09:00,3,0,0, YOSEMITE ST & E EASTMAN PL,1,1,0,0,1,1,0,0,25,0,0,0,0,0,4,2,16
,2023-35449,39.74517015,-105.0345612,8/21/2023 17:24,17:24:00,1,0,0,W 18TH AVE & N LOWELL BLVD,1,1,0,0,1,1,0,0,25,0,0,0,0,0,4,2,14
,2023-35450,39.79322769,-104.835684,8/7/2023 16:41,16:41:00,6,0,0,E 55TH AVE & N UVALDA ST,1,1,0,0,1,2,0,0,25,0,0,0,0,0,4,2,16
,2023-35457,39.72011747,-104.9775376,8/23/2023 17:49,17:49:00,3,0,0,E SPEER BLVD & N CLARKSON ST,1,1,0,0,1,1,0,0,35,0,0,0,0,0,4,2,13
,2023-35458,39.77280525,-104.8016296,8/8/2023 23:20,23:20:00,1,0,2,E 40TH AVE & N KITTREDGE ST,1,3,0,0,1,3,0,0,45,0,0,0,0,3,4,2,14
,2023-35461,39.76737075,-104.9025334,8/22/2023 14:40,14:40:00,10,0,0, QUEBEC ST & E 36TH AVE,1,1,0,0,1,1,0,0,45,0,0,0,0,0,4,2,8
,2023-35462,39.69149295,-104.97694,8/23/2023 17:54,17:54:00,3,0,3, EMERSON ST & E BUCHTEL BLVD,1,1,0,0,1,1,0,0,30,0,0,0,0,3,4,3,11
,2023-35465,39.76228022,-104.9733429,8/13/2023 21:24,21:24:00,6,0,0, DOWNING ST & E MLK BLVD,1,3,0,0,1,4,0,0,35,0,0,0,0,0,4,2,13
,2023-35466,39.75586074,-104.9818463,8/23/2023 11:30,11:30:00,3,0,0,26TH ST & CHAMPA ST,1,1,3,0,1,1,0,0,25,0,0,0,0,0,4,2,13
,2023-35467,39.74008838,-105.0053453,8/23/2023 21:18,21:18:00,12,0,2,W COLFAX AVE & N OSAGE ST,1,3,0,0,1,3,0,0,30,0,0,0,0,1,2,3,14
,2023-35469,39.78010795,-104.9885762,8/22/2023 7:43,7:43:00,12,0,0,I-70 & I-25,1,1,1,0,1,4,0,0,55,0,0,0,0,0,1,2,16
,2023-35470,39.78376517,-104.9404554,8/18/2023 19:50,19:50:00,11,0,1, COLORADO BLVD & E 48TH AVE,1,2,0,0,1,1,0,0,0,0,1,0,0,2,4,1,16
,2023-35471,39.72869886,-105.0148435,8/14/2023 11:30,11:30:00,15,0,0,I-25 & SB OFF RAMP GORE PT TO W 6TH AVE,1,1,0,0,1,8,0,0,55,0,0,0,0,0,1,2,13
,2023-35473,39.70766123,-105.0275271,8/6/2023 0:08,0:08:00,3,0,0,W VIRGINIA AVE & S HAZEL CT,1,3,0,0,1,1,0,0,,0,0,0,0,0,4,2,16
,2023-35475,39.73618328,-104.9139496,8/23/2023 5:52,5:52:00,6,0,0,LOCUST ST & E 13TH AVE,1,4,0,1,1,4,0,0,20,0,0,0,0,0,4,2,3
,2023-35478,39.77958904,-104.8470218,8/23/2023 15:53,15:53:00,1,0,1, PEORIA ST & E 46TH AVE,1,1,0,0,1,1,0,0,35,0,0,0,0,2,4,2,13
,2023-35479,39.73216179,-105.0155895,8/21/2023 17:14,17:14:00,12,0,0,I-25 & 8TH AVE,1,1,0,0,1,4,0,0,55,0,0,0,0,0,1,3,13
,2023-35484,39.6696623,-104.9272381,8/23/2023 9:20,9:20:00,12,0,1,I-25 & E YALE AVE,1,1,1,0,1,4,0,0,65,0,0,0,0,1,1,2,1
,2023-35487,39.72554627,-105.0344672,8/18/2023 6:54,6:54:00,12,0,0,W 6TH AVE & S FEDERAL BLVD,1,1,0,0,1,4,0,0,55,0,0,0,0,0,2,4,13
,2023-35492,39.66556767,-105.0251384,3/2/2023 18:58,18:58:00,11,0,1,2786  FEDERAL BLVD & W AMHERST AVE,1,3,0,0,1,2,0,0,0,0,1,0,0,3,2,1,16
,2023-35494,39.71705998,-104.9037172,8/21/2023 13:07,13:07:00,11,0,1,E LOWRY BLVD & N QUEBEC ST,1,1,0,0,1,1,0,0,30,0,1,0,0,2,4,1,11
,2023-35495,39.7672158,-104.9978588,8/21/2023 11:22,11:22:00,15,0,0,I-25 & W 20TH ST,1,1,0,0,1,4,0,0,,0,0,0,0,0,1,3,16
,2023-35496,39.6967635,-105.0156786,8/23/2023 16:31,16:31:00,8,0,2,W MISSISSIPPI AVE & S ZUNI ST,1,1,0,0,6,1,0,0,35,0,0,0,0,1,4,2,16
,2023-35500,39.68268519,-104.9403933,8/23/2023 8:13,8:13:00,12,0,0, COLORADO BLVD & I-25 ,1,1,1,0,1,4,0,0,35,0,0,0,0,0,2,2,3
,2023-35501,39.70857343,-105.0365307,8/23/2023 8:21,8:21:00,12,0,0,MORRISON RD & MEADE ST,1,1,0,0,1,4,0,0,30,0,0,0,0,0,4,2,13
,2023-35503,39.70804865,-104.8789573,8/5/2023 10:25,10:25:00,12,0,0,E ALAMEDA AVE & S CLINTON ST,1,1,0,0,1,3,0,0,40,0,0,0,0,0,4,2,3
,2023-35504,39.78746224,-105.0251167,8/23/2023 9:55,9:55:00,1,0,0,W REGIS BLVD & N FEDERAL BLVD,1,1,0,0,1,1,0,0,30,0,0,0,0,0,2,2,13
,2023-35506,39.67838397,-104.957419,8/23/2023 10:14,10:14:00,15,0,0,E EVANS AVE & S JOSEPHINE ST,1,1,0,0,1,4,0,0,30,0,0,0,0,0,4,2,11
,2023-35507,39.74395193,-105.0298182,8/21/2023 12:00,12:00:00,6,0,0,W 17TH AVE & N IRVING ST,1,1,0,0,1,4,0,0,30,0,0,0,0,0,4,2,3
,2023-35508,39.68498685,-105.0250115,8/9/2023 5:02,5:02:00,14,0,1, FEDERAL BLVD & W COLORADO AVE,1,3,3,0,6,3,0,0,,0,0,0,0,2,2,2,16
,2023-35510,39.7474329,-104.9034479,8/23/2023 8:24,8:24:00,12,0,0,QUEBEC ST & MONTVIEW BLVD,1,1,0,0,1,1,0,0,35,0,0,0,0,0,4,2,13
,2023-35511,39.7111505,-104.9863693,8/8/2023 10:30,10:30:00,15,0,0, LINCOLN ST & E ALAMEDA AVE,1,1,0,0,1,1,0,0,30,0,0,0,0,0,4,2,1
,2023-35513,39.7728672,-104.9416884,8/23/2023 14:36,14:36:00,3,0,0, HARRISON ST & E 40TH AVE,1,1,0,0,1,1,0,0,25,0,0,0,0,0,4,2,11
,2023-35522,39.754691,-104.9222934,8/23/2023 12:35,12:35:00,10,0,0, HOLLY ST & E 26TH AVE,1,1,0,0,1,1,0,0,25,0,0,0,0,0,4,2,13
,2023-35524,39.7740567,-104.8476243,8/23/2023 14:38,14:38:00,12,0,0,I-70 EB OFF RAMP SLIP & N PEORIA ST,1,1,0,0,1,8,0,0,40,0,0,0,0,0,4,2,11
,2023-35530,39.68223804,-105.0442524,8/11/2023 17:15,17:15:00,2,0,1,W JEWELL AVE & S TENNYSON ST,1,1,0,0,1,3,0,0,25,1,0,0,0,3,4,1,11
,2023-35531,39.79845629,-104.753299,8/23/2023 7:15,7:15:00,3,0,0, IRELAND ST & E 56TH AVE,1,1,0,0,1,1,0,0,45,0,0,0,0,0,4,2,11
,2023-35581,39.69664326,-104.9874309,8/21/2023 17:45,17:45:00,3,0,0, BROADWAY ST & W MISSISSIPPI AVE,1,1,0,0,1,1,0,0,30,0,0,0,0,0,4,2,3
,2023-35586,39.69857353,-104.9792428,8/24/2023 15:30,15:30:00,5,0,0, WASHINGTON & E TENNESSEE AVE,1,1,0,0,2,9,0,0,,0,0,0,0,0,4,1,14
,2023-35588,39.72412908,-104.9582675,8/23/2023 18:00,18:00:00,3,0,0,E 5TH AVE & N JOSEPHINE ST,1,1,0,0,1,1,0,0,25,0,0,0,0,0,4,2,3
,2023-35590,39.77397373,-104.8810361,8/24/2023 13:20,13:20:00,5,0,1,E 40TH AVE & N CENTRAL PARK BLVD,1,1,0,0,3,2,0,0,40,0,0,0,0,1,4,1,3
,2023-35592,39.65335355,-105.0551592,8/24/2023 9:07,9:07:00,12,0,0,W HAMPDEN AVE & S SHERIDAN BLVD,1,1,0,0,1,4,0,0,60,0,0,0,0,0,2,2,16
,2023-35593,39.83201435,-104.7155512,8/24/2023 15:39,15:39:00,10,0,0,E 75TH AVE & N GUN CLUB RD,1,1,0,0,1,1,0,0,45,0,0,0,0,0,4,3,1
,2023-35597,39.79355015,-104.9034358,8/24/2023 15:52,15:52:00,1,0,0, QUEBEC ST & E 53RD PL,1,1,0,0,1,1,0,0,40,0,0,0,0,0,4,2,1
,2023-35598,39.73839658,-104.9634875,8/23/2023 21:03,21:03:00,15,0,0,E 14TH AVE & N RACE ST,1,3,0,0,1,1,0,0,35,0,0,0,0,0,4,2,16
,2023-35600,39.71395339,-105.0008252,8/23/2023 15:12,15:12:00,12,0,2,I-25 & W ALAMEDA AVE,1,1,1,0,1,4,0,0,55,0,0,0,0,1,1,2,16
,2023-35601,39.69112552,-104.9405474,8/23/2023 14:30,14:30:00,15,0,0, COLORADO BLVD & E ARKANSAS AVE,1,1,0,0,1,1,0,0,35,0,0,0,0,0,2,2,2
,2023-35604,39.66778635,-105.0532454,8/24/2023 5:39,5:39:00,3,0,0,W YALE AVE & S SHERIDAN BLVD,1,2,1,0,1,1,0,0,35,0,0,0,0,0,2,2,1
,2023-35607,39.68287416,-104.940362,8/23/2023 13:57,13:57:00,12,0,0,I-25 & S COLORADO BLVD,1,1,0,0,1,4,0,0,55,0,0,0,0,0,1,2,13
,2023-35608,39.77803542,-104.8477373,8/24/2023 9:55,9:55:00,12,0,1,E 45TH AVE & N PEORIA ST,1,1,0,0,1,4,0,0,30,0,0,0,0,1,4,2,11
,2023-35611,39.72471714,-105.0155338,6/1/2023 20:00,20:00:00,15,0,0,W 6TH AVE EB OFF RAMP & I-25 NB,1,3,1,0,1,8,0,0,55,0,0,0,0,0,2,2,16
,2023-35612,39.70576212,-105.0298053,3/14/2023 20:07,20:07:00,11,0,1, IRVING ST & W CENTER AVE,1,4,0,0,1,3,0,0,,0,1,0,0,3,4,1,16
,2023-35615,39.65307542,-104.8987358,8/23/2023 18:43,18:43:00,1,0,0,E HAMPDEN AVE & S TAMARAC DR,1,1,0,0,1,1,0,0,45,0,0,0,0,0,2,2,16
,2023-35616,39.68727642,-104.9804447,7/27/2023 12:35,12:35:00,6,0,0, PEARL ST & E IOWA AVE,1,1,0,0,1,4,0,0,,0,0,0,0,0,4,2,16
,2023-35617,39.66750574,-104.8661332,8/24/2023 12:31,12:31:00,3,0,1, HAVANA ST & E YALE AVE,1,1,0,0,1,1,0,0,45,0,0,0,0,2,2,2,16
,2023-35618,39.74166686,-104.9823318,8/24/2023 6:48,6:48:00,3,0,0, LOGAN ST & E 16TH AVE,1,1,0,0,1,1,0,0,25,0,0,0,0,0,4,2,11
,2023-35622,39.78311505,-105.0064249,8/23/2023 8:28,8:28:00,12,0,0,I-70 & N PECOS ST,1,1,1,0,1,4,0,0,55,0,0,0,0,0,1,4,7
,2023-35626,39.67843479,-104.9593933,8/5/2023 18:53,18:53:00,15,0,0, UNIVERSITY BLVD & E EVANS AVE,1,1,0,0,1,1,0,0,35,0,0,0,0,0,4,2,13
,2023-35627,39.67528799,-105.02504,8/24/2023 7:50,7:50:00,3,0,0,W ILIFF AVE & S FEDERAL BLVD,1,1,0,0,1,1,0,0,30,0,0,0,0,0,2,2,11
,2023-35630,39.79834667,-104.7792037,8/13/2023 3:27,3:27:00,1,0,1,E 56TH AVE & N TOWER RD,1,3,0,0,1,1,0,0,40,0,0,0,0,2,4,2,1
,2023-35632,39.65316589,-104.9129224,8/23/2023 9:00,9:00:00,12,0,0,E HAMPDEN AVE & S MONACO ST,1,1,0,0,1,1,0,0,35,0,0,0,0,0,2,2,13
,2023-35633,39.62697254,-104.9038529,8/23/2023 15:00,15:00:00,12,0,0,I-25 SB OFF RAMP & E BELLEVIEW AVE,1,1,1,0,1,8,0,0,45,0,0,0,0,0,4,2,3
,2023-35634,39.75732552,-105.0097101,8/23/2023 16:57,16:57:00,15,0,0,I-25 NB ON RAMP ENT & N SPEER BLVD,1,1,1,0,1,8,0,0,55,0,0,0,0,0,1,2,13
,2023-35637,39.72554368,-105.0247398,8/24/2023 18:03,18:03:00,12,0,0,W 6TH AVE FWY & N FEDERAL BLVD,1,1,0,0,1,4,0,0,55,0,0,0,0,0,2,2,1
,2023-35638,39.7073548,-104.9408599,5/24/2023 14:45,14:45:00,12,0,0,E CHERRY CREEK  DR & S COLORADO BLVD,1,1,0,0,1,3,0,0,,0,0,0,0,0,4,2,16
,2023-35640,39.76737075,-104.9025334,8/22/2023 12:37,12:37:00,12,0,0, QUEBEC ST & E 36TH AVE,1,1,0,0,1,1,0,0,35,0,0,0,0,0,4,2,16
,2023-35643,39.74577444,-104.9722187,4/29/2023 17:02,17:02:00,16,0,0,1375 E 19TH AVE & N MARION ST ,1,1,0,0,5,7,0,0,,0,0,0,0,0,3,2,16
,2023-35646,39.76564381,-104.9404961,8/24/2023 8:20,8:20:00,3,0,2, COLORADO BLVD & E 35TH AVE,1,1,0,0,1,1,0,0,35,0,0,0,0,1,2,2,16
,2023-35647,39.76013947,-104.940518,8/24/2023 15:49,15:49:00,1,0,2, COLORADO BLVD & E 30TH AVE,1,1,0,0,1,1,0,0,35,0,0,0,0,2,2,2,1
,2023-35648,39.73869445,-104.884657,8/24/2023 10:46,10:46:00,3,0,1, YOSEMITE ST & E 14TH AVE,1,1,0,0,1,1,0,0,20,0,0,0,0,1,4,2,16
,2023-35650,39.69112552,-104.9405474,8/24/2023 12:00,12:00:00,12,0,0, COLORADO BLVD & E ARKANSAS AVE,1,1,0,0,1,3,0,0,35,0,0,0,0,0,2,3,3
,2023-35656,39.69674837,-105.0250643,8/24/2023 13:24,13:24:00,1,0,0,W MISSISSIPPI AVE & S FEDERAL BLVD,1,1,0,0,1,1,0,0,30,0,0,0,0,0,2,2,3
,2023-35658,39.68932802,-104.9430262,8/23/2023 16:00,16:00:00,3,0,0, JACKSON ST & E FLORIDA AVE,1,1,0,0,1,1,0,0,25,0,0,0,0,0,4,2,3
,2023-35661,39.67679033,-105.0199976,8/24/2023 8:02,8:02:00,15,0,0,W WARREN AVE & S CLAY ST,1,1,0,0,1,1,0,0,25,0,0,0,0,0,4,2,11
,2023-35662,39.77856133,-104.9222931,8/23/2023 14:59,14:59:00,15,0,0,I-70 & N HOLLY ST,1,1,0,0,1,4,0,0,55,0,0,0,0,0,1,2,10
,2023-35671,39.67529692,-105.0250402,8/24/2023 16:37,16:37:00,12,0,0, FEDERAL BLVD & W ILIFF AVE,1,1,1,0,1,2,0,0,10,0,0,0,0,0,2,2,13
,2023-35673,39.76814848,-104.96473,8/20/2023 3:12,3:12:00,5,0,0,E 37TH AVE & N HIGH ST,1,3,0,0,2,1,0,0,30,0,0,0,0,0,4,2,10
,2023-35677,39.74756611,-105.0252229,8/24/2023 9:14,9:14:00,15,0,0, FEDERAL BLVD & W 20TH AVE,1,1,0,0,1,1,0,0,35,0,0,0,0,0,2,2,13
,2023-35678,39.70758417,-104.940789,8/24/2023 8:35,8:35:00,15,0,0, COLORADO BLVD & CHERRY CREEK N DR,1,1,0,0,1,4,0,0,35,0,0,0,0,0,2,2,11
,2023-35682,39.74651629,-104.9887204,8/24/2023 17:25,17:25:00,15,0,0,WELTON ST & 18TH ST,1,1,0,0,1,4,0,0,35,0,0,0,0,0,4,4,1
,2023-35688,39.71113468,-105.0178676,6/3/2023 14:42,14:42:00,15,0,0,W ALAMEDA AVE & S BRYANT ST,1,1,0,0,1,3,0,0,,0,0,0,0,0,2,2,16
,2023-35689,39.74013458,-105.0052347,8/23/2023 12:33,12:33:00,12,0,1, OSAGE ST & W COLFAX AVE,1,1,0,0,1,3,0,0,30,0,0,0,0,1,2,2,13
,2023-35698,39.69566818,-104.9035147,8/24/2023 14:15,14:15:00,3,0,1, QUEBEC ST & E MISSISSIPPI AVE,1,1,0,0,1,1,0,0,30,0,0,0,0,1,4,2,3
,2023-35699,39.66760554,-104.9156155,8/24/2023 9:50,9:50:00,3,0,0, LEYDEN ST & E YALE AVE,1,1,3,0,1,1,0,0,35,0,0,0,0,0,4,2,16
,2023-35700,39.76643257,-104.9786236,8/24/2023 17:07,17:07:00,10,0,0,BLAKE ST & 33RD ST,14,5,3,7,1,1,0,0,30,0,0,0,0,0,4,2,13
,2023-35701,39.73000046,-105.0001712,5/31/2023 8:09,8:09:00,16,0,0,1041  GALAPAGO ST,1,1,0,0,5,7,0,0,,0,1,0,0,1,3,1,16
,2023-35703,39.68568104,-104.9402811,8/23/2023 8:05,8:05:00,3,0,2,E MEXICO AVE & S COLORADO BLVD,1,1,0,0,1,1,0,0,35,0,0,0,0,2,2,3,14
,2023-35704,39.7476299,-105.0053583,8/23/2023 8:05,8:05:00,1,0,1,AURARIA PKWY & 11TH ST,1,1,0,0,1,1,0,0,35,0,0,0,1,3,4,2,11
,2023-35708,39.72905766,-104.97525,8/24/2023 17:18,17:18:00,1,0,0, OGDEN ST & E 8TH AVE,1,1,0,0,1,1,0,0,25,0,0,0,0,0,4,2,8
,2023-35709,39.71120439,-104.9983795,8/25/2023 9:29,9:29:00,3,0,0,W ALAMEDA AVE & S KALAMATH ST,11,1,0,0,1,1,0,0,35,0,0,0,0,0,4,2,14
,2023-35713,39.76794825,-104.8657895,8/25/2023 12:35,12:35:00,15,0,0, HAVANA ST & E SMITH RD,11,1,0,1,1,4,0,0,30,0,0,0,0,0,4,2,1
,2023-35714,39.79837588,-104.7863785,8/24/2023 16:51,16:51:00,12,0,0,PENA BLVD & 56TH AVE,14,5,3,7,1,4,0,0,,0,0,0,0,0,4,3,16
,2023-35716,39.72454342,-105.0383589,8/24/2023 12:34,12:34:00,3,0,0,W 5TH AVE & N OSCEOLA ST,1,1,0,0,1,1,0,0,25,0,0,0,0,0,4,2,11
,2023-35718,39.74373033,-105.0114815,5/18/2023 21:45,21:45:00,3,0,0,5TH ST & WALNUT ST,1,3,0,0,1,2,0,0,,0,0,0,0,0,4,2,16
,2023-35719,39.83345293,-104.6929352,8/23/2023 13:01,13:01:00,1,0,1, JACKSON GAP ST & PENA BLVD,1,1,0,0,1,1,0,0,30,0,0,0,0,2,4,2,11
,2023-35720,39.78049846,-104.9624128,8/23/2023 16:54,16:54:00,12,0,0,I-70 & BRIGHTON BLVD,1,1,0,0,1,4,0,0,55,0,0,0,0,0,1,3,13
,2023-35723,39.74003685,-105.0015736,8/24/2023 21:06,21:06:00,15,0,1,W COLFAX AVE & N LIPAN ST,1,3,0,0,1,1,0,0,35,0,0,0,1,2,2,3,14
,2023-35724,39.7651506,-104.8925168,8/25/2023 17:16,17:16:00,3,0,1, UINTA ST & E 35TH AVE,1,1,0,0,1,3,0,0,25,0,0,0,0,1,4,2,11
,2023-35726,39.74035518,-105.050085,8/25/2023 12:56,12:56:00,12,0,0,W COLFAX AVE & N XAVIER ST,11,1,0,1,1,4,0,0,35,0,0,0,0,0,2,3,16
,2023-35727,39.7544427,-104.9034078,8/24/2023 20:03,20:03:00,5,0,0, QUEBEC ST & E 26TH AVE,1,3,0,0,2,4,0,0,35,0,0,0,0,0,4,1,2
,2023-35728,39.77950819,-104.9891637,8/24/2023 15:44,15:44:00,12,0,0,I-25 & I-70,1,1,1,0,1,4,0,0,55,0,0,0,0,0,1,2,10
,2023-35729,39.83589987,-104.7154961,8/24/2023 20:19,20:19:00,1,0,1, GUN CLUB RD & E 77TH AVE,1,3,0,0,1,3,0,0,35,0,0,0,0,1,4,2,13
,2023-35733,39.78555689,-104.8948247,8/25/2023 11:30,11:30:00,10,0,0,E NORTHFIELD BLVD & N TAMARAC ST,11,1,0,1,1,1,0,0,35,0,0,0,0,0,4,2,11
,2023-35737,39.72422689,-104.9594554,8/25/2023 10:20,10:20:00,15,0,0, UNIVERSITY BLVD & E 5TH AVE,11,1,0,1,1,4,0,0,30,0,0,0,0,0,4,2,13
,2023-35740,39.67853231,-105.0024114,8/24/2023 7:51,7:51:00,10,0,0,W EVANS AVE & S LIPAN ST,1,1,0,0,1,3,0,0,30,0,0,0,0,0,4,3,16
,2023-35743,39.70393027,-104.992655,8/24/2023 14:51,14:51:00,15,0,0,I-25 & NB OFF RAMP MERGE PT TO S SANTA FE DR,1,1,1,0,1,8,0,0,55,0,0,0,0,0,1,2,11
,2023-35753,39.72547933,-105.013702,8/24/2023 15:36,15:36:00,15,0,0,6TH AVE FWY & I-25,1,1,0,0,1,4,0,0,45,0,0,0,0,0,2,2,13
,2023-35759,39.69659749,-104.9317474,8/25/2023 15:45,15:45:00,3,0,0,E MISSISSIPPI AVE & S DAHLIA ST,11,1,0,1,1,1,0,0,25,0,0,0,0,0,4,2,13
,2023-35760,39.83807308,-104.7097479,8/25/2023 11:50,11:50:00,3,0,0, CALAWBA ST & E 78TH AVE,11,1,1,1,1,2,0,0,45,0,0,0,0,0,4,2,8
,2023-35769,39.78903185,-104.7611634,8/25/2023 1:11,1:11:00,6,0,0,E 50TH PL & N ESPANA WY,1,3,0,0,1,4,0,0,20,0,0,0,0,0,4,2,16
,2023-35770,39.72360638,-105.0113927,8/24/2023 13:46,13:46:00,15,0,1,I-25 & W 6TH AVE FWY,1,1,1,0,1,4,0,0,55,0,0,0,1,1,1,2,16
,2023-35771,39.71473675,-104.9827074,6/1/2023 12:30,12:30:00,3,0,0,E BAYAUD AVE & S LOGAN ST,1,1,0,0,1,1,0,0,,0,0,0,0,0,4,2,16
,2023-35772,39.75671238,-105.0108691,8/24/2023 14:13,14:13:00,12,0,0,I-25 & N SPEER BLVD,1,1,0,0,1,4,0,0,55,0,0,0,0,0,1,2,14
,2023-35773,39.77468656,-104.7905556,8/25/2023 10:34,10:34:00,12,0,0,E 40TH AVE,11,1,0,1,1,4,0,0,65,0,0,0,0,0,4,3,1
,2023-35774,39.72933857,-105.0251494,8/25/2023 8:55,8:55:00,12,0,0, FEDERAL BLVD & W 6TH AVE,1,1,0,0,1,4,0,0,35,0,0,0,0,0,2,2,13
,2023-35776,39.74967046,-104.9034246,8/24/2023 7:40,7:40:00,12,0,0, QUEBEC ST & E 22ND AVE,1,1,0,0,1,4,0,0,30,0,0,0,0,0,4,2,16
,2023-35777,39.71835919,-104.9891773,8/24/2023 14:32,14:32:00,3,0,1, ACOMA ST & W 1ST AVE,1,1,0,0,1,1,0,0,25,0,0,0,1,2,4,2,16
,2023-35778,39.77737826,-104.8855565,8/24/2023 17:38,17:38:00,12,0,0,I-70 & N CENTRAL PARK BLVD,1,1,0,0,1,4,0,0,55,0,0,0,0,0,1,2,16
,2023-35779,39.79673872,-104.7618201,8/25/2023 8:00,8:00:00,15,0,0,E ROBINS DR & N ENSENADA ST,1,1,0,0,1,4,1,0,20,0,0,0,0,0,4,2,16
,2023-35780,39.72510761,-105.0351054,8/25/2023 10:16,10:16:00,12,0,0,W 6TH AVE WB OFF RAMP,11,1,0,1,1,8,0,0,30,0,0,0,0,0,2,2,13
,2023-35781,39.69968738,-104.9216274,8/25/2023 4:34,4:34:00,6,0,0, HOLLY ST & E KENTUCKY AVE,1,3,0,0,1,4,0,0,35,0,0,0,0,0,4,3,13
,2023-35782,39.74178784,-104.978736,8/21/2023 18:21,18:21:00,15,0,0, WASHINGTON ST & E 16TH AVE,1,1,0,0,1,3,0,0,25,0,0,0,0,0,4,2,8
,2023-35783,39.74342263,-105.0160395,8/25/2023 5:35,5:35:00,15,0,0,I-25 & W COLFAX AVE,1,3,0,0,1,4,0,0,55,0,0,0,0,0,1,2,11
,2023-35785,39.72625534,-105.0113179,8/24/2023 7:38,7:38:00,15,0,0,I-25 SB ON RAMP FROM WB W 6TH AVE,1,1,1,0,1,8,0,0,45,0,0,0,0,0,4,2,11
,2023-35788,39.83435369,-104.7718825,8/25/2023 19:15,19:15:00,12,0,1, TOWER RD & PENA BLVD,1,1,1,0,1,4,0,0,45,0,0,0,0,2,4,2,3
,2023-35790,39.76709299,-104.9945522,8/25/2023 0:13,0:13:00,5,0,1,I-25 NB ON RAMP & PARK AVE W,1,3,0,0,2,8,0,0,35,0,0,0,0,2,4,1,9
,2023-35791,39.83345953,-104.6851379,8/25/2023 13:51,13:51:00,12,0,1,PENA BLVD  & JACKSON GAP ST,11,1,0,1,1,4,0,0,55,0,0,0,0,2,4,2,7
,2023-35792,39.69566167,-104.90352,8/24/2023 9:51,9:51:00,11,0,1,E MISSISSIPPI AVE & S QUEBEC ST,1,1,0,0,1,1,0,0,0,0,1,0,0,2,4,1,16
,2023-35793,39.77984931,-105.006447,8/24/2023 21:30,21:30:00,10,0,1,4577  PECOS ST & W 46TH AVE,1,3,0,1,1,2,0,0,30,0,0,0,0,2,4,2,13
,2023-35796,39.7183553,-104.9036891,8/24/2023 14:30,14:30:00,1,0,0, QUEBEC ST & E 1ST AVE,1,1,0,0,1,1,0,0,30,0,0,0,0,0,4,2,13
,2023-35798,39.78126307,-104.8470149,8/25/2023 17:26,17:26:00,1,0,0, PEORIA ST & ALBROOK DR,11,1,0,1,1,2,0,0,35,0,0,0,0,0,4,2,11
,2023-35811,39.76089899,-104.9947069,8/24/2023 12:27,12:27:00,12,0,0,PARK AVE W & WEWATTA ST,1,1,0,0,1,4,0,0,35,0,0,0,0,0,4,2,7
,2023-35813,39.74162045,-104.9634726,8/24/2023 15:00,15:00:00,3,0,1, RACE ST & E 16TH AVE,11,1,0,0,1,1,0,0,35,0,0,0,0,1,4,2,1
,2023-35814,39.75488607,-105.0251283,8/26/2023 3:00,3:00:00,9,0,1, FEDERAL BLVD & W 26TH AVE,11,3,0,0,6,4,0,0,35,0,0,0,0,2,2,1,16
,2023-35815,39.67486242,-104.967593,8/26/2023 14:58,14:58:00,3,0,0, GILPIN ST & E ILIFF AVE,1,1,0,0,1,1,0,0,25,0,0,0,0,0,4,2,11
,2023-35816,39.71847037,-104.9593069,8/26/2023 14:50,14:50:00,15,0,0, UNIVERSITY BLVD & E 1ST AVE,1,1,0,0,1,4,0,0,35,0,0,0,0,0,4,2,13
,2023-35817,39.69116969,-104.982809,8/25/2023 18:05,18:05:00,3,0,0,E ARKANSAS AVE & S LOGAN ST,11,2,0,1,1,1,0,0,25,0,0,0,0,0,4,2,13
,2023-35818,39.76744918,-104.9124887,8/26/2023 3:51,3:51:00,5,0,1, MONACO ST & 36TH AVE ,1,4,0,0,6,1,0,0,25,0,0,0,0,2,4,1,8
,2023-35819,39.78024473,-104.9395198,8/26/2023 14:50,14:50:00,15,0,0,I-70 & N COLORADO BLVD,1,1,1,0,1,4,0,0,55,0,0,0,0,0,1,2,16
,2023-35820,39.83735012,-104.7467944,8/26/2023 13:41,13:41:00,15,0,0,E-470 & MM 28,1,1,2,0,1,4,0,0,65,0,0,0,0,0,1,2,13
,2023-35822,39.72893847,-104.9928469,8/26/2023 7:46,7:46:00,10,0,0,W 8TH AVE & N DELAWARE ST,1,1,0,0,1,1,0,0,30,0,0,0,0,0,4,2,13
,2023-35824,39.74326815,-104.9805295,8/26/2023 16:56,16:56:00,3,0,1,E 17TH AVE & N PENNSYLVANIA ST,1,1,0,0,1,9,0,0,30,0,0,0,0,2,4,2,8
,2023-35825,39.77987821,-104.9895635,8/25/2023 17:17,17:17:00,15,0,0,I-25 & I-70,11,1,0,1,1,4,0,0,65,0,0,0,0,0,1,5,8
,2023-35833,39.72047972,-104.9791372,8/18/2023 0:30,0:30:00,15,0,0,E SPEER BLVD & N WASHINGTON ST,1,3,0,0,1,1,0,0,30,0,0,0,0,0,4,2,13
,2023-35836,39.73954708,-105.0265272,8/25/2023 1:57,1:57:00,5,0,0,W COLFAX AVE EB OFF RAMP & N FEDERAL BLVD,1,3,1,0,2,8,0,0,45,0,0,0,0,0,2,1,9