id,drcog_id,latitude,longitude,crashtime,time,crashtype,numbkilled,numbinjurd,drcoglocat,rdconditin,lightngcon,roadcntgrd,weatherco,location,roaddescrp,schoolzone,constrzone,splimit,bikeinv,pedinv,sctrinv,motoinv,svrty,rdsystem,ttlvehcls,hcf
,2023-35837,39.76444685,-104.9406522,8/26/2023 14:48,14:48:00,3,0,0, COLORADO BLVD & E BRUCE RANDOLPH AVE,1,1,0,0,1,1,0,0,35,0,0,0,0,0,2,2,13
,2023-35846,39.77640065,-104.9895652,8/12/2023 21:44,21:44:00,15,0,0,I-25 & SB OFF RAMP GORE PT TO PARK AVE W,1,3,0,0,1,4,0,0,55,0,0,0,0,0,1,2,16
,2023-35847,39.77832342,-104.9805271,7/31/2023 20:49,20:49:00,11,1,0,E 45TH AVE & N PEARL ST,11,3,0,1,1,4,0,0,25,0,1,0,0,4,4,1,16
,2023-35848,39.74090962,-104.9697111,8/26/2023 11:50,11:50:00,3,0,0, HUMBOLDT ST & PARK AVE,1,1,0,0,1,1,0,0,25,0,0,0,0,0,4,2,13
,2023-35856,39.68237542,-105.0309573,8/25/2023 8:00,8:00:00,6,0,0, JULIAN ST & W JEWELL AVE,1,1,0,0,1,4,0,0,20,0,0,0,0,0,4,2,16
,2023-35857,39.67865344,-105.0250484,8/26/2023 9:55,9:55:00,10,0,0, FEDERAL BLVD & W EVANS AVE,1,1,0,0,1,2,0,0,30,0,0,0,0,0,2,2,13
,2023-35858,39.67328102,-105.0250548,8/26/2023 1:27,1:27:00,12,0,0, FEDERAL BLVD & W HARVARD AVE,1,3,0,0,1,1,0,0,35,0,0,0,0,0,2,2,13
,2023-35860,39.78131258,-104.7536072,8/26/2023 16:29,16:29:00,6,0,0,E 47TH PL & N IRELAND ST,1,1,0,0,1,4,0,0,20,0,0,0,0,0,4,3,3
,2023-35864,39.78066003,-104.9410913,8/25/2023 15:57,15:57:00,15,0,0,E 46TH  AVE & N COLORADO BLVD,11,1,0,1,1,4,0,0,30,0,0,0,0,0,1,2,3
,2023-35865,39.74001221,-104.9952855,8/26/2023 1:06,1:06:00,1,0,1,W COLFAX AVE & N FOX ST,1,3,0,0,1,1,0,0,30,0,0,0,0,2,2,2,16
,2023-35866,39.77736975,-104.8854638,8/26/2023 11:06,11:06:00,5,0,1,I-70 & N CENTRAL PARK BLVD,2,1,0,0,1,13,0,0,55,0,0,0,0,3,1,2,16
,2023-35867,39.79280374,-104.7385634,7/13/2023 23:45,23:45:00,6,0,1,5280  NETHERLAND ST & E 53RD AVE,1,3,0,0,6,4,0,0,,0,0,0,0,1,4,7,16
,2023-35868,39.76002422,-104.8925773,8/25/2023 9:46,9:46:00,3,0,0,E MLK BLVD & N UINTA ST,11,1,0,1,1,1,0,0,,0,0,0,0,0,4,2,16
,2023-35869,39.74357615,-104.9925285,8/25/2023 21:50,21:50:00,12,0,1,WELTON ST & 15TH ST,1,3,0,0,1,1,0,0,25,0,0,0,0,1,4,2,3
,2023-35873,39.74139484,-104.9988346,8/3/2023 16:00,16:00:00,11,0,1, SPEER BLVD & STOUT ST,1,1,0,0,1,1,0,0,30,0,0,1,0,3,4,1,1
,2023-35880,39.74298444,-104.9835891,8/26/2023 17:54,17:54:00,15,0,1, GRANT ST & E 17TH AVE,1,1,3,7,1,4,0,0,25,0,0,0,0,2,4,2,1
,2023-35881,39.73869565,-104.8881794,8/25/2023 16:58,16:58:00,3,0,1, WILLOW ST & E 14TH AVE,11,1,0,1,1,1,0,0,25,0,0,0,0,2,4,2,7
,2023-35882,39.73846057,-104.9968842,8/25/2023 12:00,12:00:00,10,0,1,W 14TH AVE & N SPEER BLVD,11,1,0,1,1,1,0,0,30,0,0,0,0,1,4,2,16
,2023-35884,39.79629423,-104.8471653,8/25/2023 16:47,16:47:00,3,0,1,E 55TH AVE & N PEORIA ST,11,1,0,1,1,1,0,0,20,0,0,0,0,1,4,2,11
,2023-35885,39.71235985,-105.0156957,8/26/2023 13:00,13:00:00,15,0,0,236  ZUNI ST & W CEDAR AVE,1,1,0,0,1,4,0,0,20,0,0,0,0,0,4,2,13
,2023-35887,39.7384365,-104.9836065,8/25/2023 10:50,10:50:00,3,0,0,E 14TH AVE & N GRANT ST,11,1,1,1,1,1,0,0,30,0,0,0,0,0,4,3,16
,2023-35888,39.78316283,-104.7721184,8/25/2023 11:29,11:29:00,15,0,0, TOWER RD & E GREEN VALLEY RANCH BLVD,11,1,0,1,1,4,0,0,40,0,0,0,0,0,4,2,11
,2023-35889,39.73537358,-104.9861236,8/25/2023 20:07,20:07:00,12,0,1, LINCOLN ST & E 12TH AVE,11,3,0,0,1,3,0,0,25,0,0,0,0,1,4,2,16
,2023-35890,39.66763164,-104.9128858,8/26/2023 13:38,13:38:00,1,0,0,E YALE AVE & S MONACO ST,1,1,0,0,1,1,0,0,30,0,0,0,1,0,4,3,13
,2023-35891,39.72816266,-105.0146528,8/24/2023 17:53,17:53:00,12,0,0,I-25 & SB OFF RAMP GORE PT TO W 6TH AVE FWY,1,1,0,0,1,4,0,0,55,0,0,0,0,0,1,2,16
,2023-35893,39.78243829,-104.8242657,5/17/2023 10:05,10:05:00,6,0,0, DILLON ST & E 48TH AVE,1,1,0,0,1,4,1,0,20,0,0,0,0,0,4,4,16
,2023-35896,39.78561951,-105.0345798,8/25/2023 16:05,16:05:00,3,0,1,W 49TH AVE & N LOWELL BLVD,11,1,0,1,1,1,0,0,35,0,0,0,0,2,4,2,11
,2023-35897,39.70618007,-104.9967914,8/26/2023 5:55,5:55:00,1,0,2, KALAMATH ST & I-25 SB ON RAMP,1,2,0,0,1,1,0,0,40,0,0,0,0,3,2,2,16
,2023-35900,39.77412437,-105.01586,8/22/2023 17:30,17:30:00,2,0,1,W 42ND AVE & N ZUNI ST,1,1,0,0,1,1,0,0,0,1,0,0,0,3,4,1,16
,2023-35901,39.77447858,-105.0439857,8/21/2023 5:46,5:46:00,5,0,0, TENNYSON ST & W 43RD AVE,1,2,0,0,3,4,0,0,25,0,0,0,0,0,4,1,16
,2023-35902,39.68469087,-104.9500261,8/21/2023 14:59,14:59:00,12,0,0,I-25 & S STEELE ST,1,1,0,0,1,4,0,0,55,0,0,0,0,0,1,2,11
,2023-35904,39.63650524,-105.0347195,8/22/2023 15:36,15:36:00,14,0,1, LOWELL BLVE & W RADCLIFF AVE,1,1,0,0,6,3,0,0,25,0,0,0,1,1,4,2,16
,2023-35906,39.69655039,-104.8659308,8/16/2023 20:16,20:16:00,2,0,1, HAVANA ST & E MISSISSIPPI AVE,1,3,0,0,1,1,0,0,0,1,0,0,0,3,2,1,16
,2023-35908,39.76715541,-104.9980108,2/12/2023 22:55,22:55:00,12,0,1,I-25 & 20TH ST,1,3,1,0,1,4,0,0,,0,1,0,0,3,1,2,16
,2023-36000,39.76083238,-105.0040935,8/26/2023 21:29,21:29:00,1,0,0,20TH ST & I-25 NB RAMPS,1,3,0,0,1,1,0,0,25,0,0,0,0,0,4,2,7
,2023-36011,39.73771227,-104.9764572,8/15/2023 10:20,10:20:00,6,0,0, EMERSON ST & E 14TH AVE,1,4,0,0,1,4,0,0,20,0,0,0,0,0,4,2,16
,2023-36020,39.77656858,-105.0532509,8/27/2023 10:54,10:54:00,12,0,0, SHERIDAN BLVD & W 44TH AVE,1,1,0,0,1,1,0,0,35,0,0,0,0,0,2,2,10
,2023-36021,39.71841321,-105.0532807,8/26/2023 21:11,21:11:00,12,0,0, SHERIDAN BLVD & W 1ST AVE,1,3,0,0,1,3,0,0,35,0,0,0,0,0,2,2,11
,2023-36022,39.79647984,-104.7690902,8/27/2023 3:57,3:57:00,5,0,0,E MAXWELL PL & N ARGONNE ST,1,4,0,0,4,1,0,0,20,0,0,0,0,0,4,1,16
,2023-36027,39.66180098,-104.8662625,8/27/2023 15:00,15:00:00,14,0,0, HAVANA ST & E CORNELL AVE,1,1,1,0,6,1,0,0,45,0,0,0,0,0,2,3,10
,2023-36030,39.74022152,-104.8928774,8/24/2023 13:00,13:00:00,11,0,1,E COLFAX AVE & N UINTA ST,1,1,0,0,1,4,0,0,0,0,1,0,0,1,2,1,16
,2023-36035,39.73675197,-104.9194638,8/27/2023 9:53,9:53:00,3,0,1, JERSEY ST & E 13TH AVE,1,1,0,0,1,1,0,0,20,0,0,0,0,2,4,2,13
,2023-36036,39.64878394,-104.8986598,8/27/2023 16:28,16:28:00,6,0,1, ROSEMARY WY & S SPRUCE ST,1,3,1,0,3,4,0,0,25,0,0,0,0,1,4,2,2
,2023-36038,39.76825656,-104.9942781,8/27/2023 2:55,2:55:00,15,0,0,I-25 & NB OFF RAMP TO I-70 MERGE PT,1,4,0,0,1,8,0,0,55,0,0,0,0,0,1,2,13
,2023-36039,39.72559296,-104.9407856,8/27/2023 4:10,4:10:00,1,0,3, COLORADO BLVD & E 6TH AVE,1,3,0,0,1,1,0,0,35,0,0,0,0,3,2,2,16
,2023-36045,39.75078102,-104.9849277,8/27/2023 0:09,0:09:00,3,0,0,CALIFORNIA ST & 22ND ST,1,3,3,7,1,1,0,0,20,0,0,0,0,0,4,2,8
,2023-36049,39.67838051,-104.9508283,8/27/2023 17:22,17:22:00,3,0,0,E EVANS AVE & S ST PAUL ST,11,1,0,1,1,1,0,0,35,0,0,0,0,0,4,2,11
,2023-36053,39.71840336,-105.0002788,8/27/2023 1:39,1:39:00,6,0,0,W 1ST AVE & N KALAMATH ST,1,3,0,0,1,4,0,0,25,0,0,0,0,0,4,6,1
,2023-36054,39.75322895,-104.9745783,8/27/2023 14:14,14:14:00,6,0,0,E 25TH AVE & N OGDEN ST,11,1,0,1,1,4,0,0,25,0,0,0,0,0,4,2,3
,2023-36055,39.70754464,-104.9876226,8/25/2023 1:59,1:59:00,5,0,0, BROADWAY & W VIRGINIA AVE,1,3,0,0,3,1,0,0,30,0,0,0,0,0,4,1,16
,2023-36060,39.73369491,-104.9810556,8/21/2023 16:43,16:43:00,3,0,1,E 11TH AVE & N PENNSYLVANIA ST,1,1,0,0,1,1,0,0,25,0,0,0,0,1,4,3,8
,2023-36063,39.78967157,-104.8219025,8/26/2023 18:26,18:26:00,3,0,0,E 52ND AVE & N CRYSTAL ST,1,1,0,0,1,1,0,0,25,0,0,0,0,0,4,2,11
,2023-36076,39.78944478,-105.0346014,8/24/2023 16:02,16:02:00,6,0,1, LOWELL BLVD & W 51ST AVE,1,1,1,0,1,4,0,0,30,0,0,0,0,1,4,3,16
,2023-36084,39.75493201,-104.9830491,8/27/2023 11:35,11:35:00,12,0,0,25TH ST & CHAMPA ST,1,1,0,0,1,1,0,0,25,0,0,0,0,0,4,2,1
,2023-36085,39.68950083,-105.0250605,8/27/2023 17:52,17:52:00,5,0,0, FEDERAL BLVD & W FLORIDA AVE,11,1,0,0,3,4,0,0,40,0,0,0,0,0,2,1,16
,2023-36086,39.78363797,-104.7905239,8/27/2023 10:31,10:31:00,1,0,2,E GREEN VALLEY RANCH BLVD & PENA BLVD INBOUND,1,1,0,0,1,3,0,0,45,0,0,0,0,2,4,2,13
,2023-36091,39.71119398,-104.9971292,6/3/2023 4:00,4:00:00,11,0,1,W ALAMEDA AVE & S SANTA FE DR,11,3,0,0,3,1,0,0,40,0,1,0,0,1,4,1,16
,2023-36106,39.74837329,-105.0181024,8/24/2023 14:09,14:09:00,15,0,0,I-25 & W COLFAX AVE,1,1,0,0,1,4,0,0,55,0,0,0,0,0,1,2,13
,2023-36107,39.78283176,-104.9889844,8/25/2023 23:38,23:38:00,5,0,1,I-70 WB OFF RAMP & I-25 NB ON RAMP,1,4,1,0,2,8,0,0,40,0,0,0,0,3,1,1,16
,2023-36113,39.62416993,-104.901625,8/26/2023 5:50,5:50:00,9,0,0,I-25 & E BELLEVIEW AVE,1,1,0,0,1,4,0,0,55,0,0,0,0,0,1,1,16
,2023-36115,39.76083238,-105.0040935,8/25/2023 12:37,12:37:00,11,0,1,I-25 NB OFF RAMP & 20TH ST,11,1,1,1,1,1,0,0,25,0,0,1,0,2,4,1,11
,2023-36118,39.70728352,-104.9991973,8/24/2023 16:40,16:40:00,15,0,0, JASON ST & VIRGINIA AVE,1,1,0,0,1,4,0,0,35,0,0,0,0,0,2,2,16
,2023-36123,39.68937915,-104.9920546,8/24/2023 9:30,9:30:00,11,0,1, SANTA FE DR & W FLORIDA AVE,1,1,0,0,1,3,0,0,0,0,1,0,0,2,2,1,16
,2023-36173,39.61700625,-105.0911219,8/26/2023 14:27,14:27:00,3,0,0, WADSWORTH BLVD & W CRESTLINE AVE,1,1,0,0,1,2,0,0,45,0,0,0,0,0,2,2,16
,2023-36178,39.7910687,-105.0604289,8/28/2023 17:30,17:30:00,12,0,0,W 52ND AVE & N GRAY ST,11,2,0,1,1,1,0,0,30,0,0,0,0,0,4,2,1
,2023-36179,39.77403765,-104.8474041,8/27/2023 15:16,15:16:00,12,0,0,I-70 & N PEORIA ST,1,1,0,0,1,4,0,0,55,0,0,0,0,0,1,2,14
,2023-36181,39.74867335,-105.0020468,8/28/2023 3:01,3:01:00,5,0,0,BLAKE ST & 14TH ST,14,5,3,7,2,4,0,0,25,0,0,0,0,0,4,1,1
,2023-36186,39.78051592,-104.9512077,8/28/2023 10:09,10:09:00,1,0,0,E 46TH AVE & N COLUMBINE ST,1,1,0,0,1,1,0,0,30,0,0,0,0,0,4,2,10
,2023-36187,39.74003226,-104.9825471,6/9/2023 15:10,15:10:00,15,0,0,E COLFAX AVE & N LOGAN ST,1,1,0,0,1,4,0,0,,0,0,0,0,0,2,2,16
,2023-36191,39.74008356,-104.8847645,8/28/2023 0:54,0:54:00,3,0,0,E COLFAX AVE & N YOSEMITE ST,11,3,0,0,1,1,0,0,30,0,0,0,0,0,2,2,16
,2023-36193,39.68218536,-104.9899494,6/22/2023 14:30,14:30:00,6,0,0,BANNOCK ST & W JEWELL AVE,1,1,0,0,1,3,0,0,25,0,0,0,0,0,4,2,16
,2023-36194,39.77663139,-104.7423323,8/20/2023 6:05,6:05:00,5,0,0,E MITCHELL PL & N MALAYA ST,1,1,0,0,2,3,0,0,25,0,0,0,0,0,4,1,1
,2023-36198,39.76712493,-105.0064521,8/24/2023 11:42,11:42:00,14,0,0, PECOS ST & W 36TH AVE,1,1,0,0,1,4,0,0,25,0,0,0,0,0,4,2,16
,2023-36202,39.73686518,-104.9753949,8/28/2023 9:56,9:56:00,6,0,1,E 13TH AVE & N OGDEN ST,1,1,0,0,1,4,0,0,30,0,0,0,0,2,4,4,2
,2023-36207,39.73843809,-104.987413,8/12/2023 2:16,2:16:00,3,0,1,BROADWAY & E 14TH AVE,1,3,0,0,1,1,0,0,,0,0,0,0,1,4,2,16
,2023-36210,39.76470109,-105.0015359,8/17/2023 22:46,22:46:00,12,0,1,I-25 & 20TH ST,1,3,0,0,1,4,0,0,55,0,0,0,0,2,1,2,16
,2023-36212,39.75064765,-104.9799109,8/16/2023 17:20,17:20:00,3,0,0,24TH ST & TREMONT PL,1,1,0,0,1,1,0,0,,0,0,0,0,0,4,2,16
,2023-36215,39.68575625,-104.9734217,8/20/2023 2:00,2:00:00,6,0,0, DOWNING ST & E MEXICO AVE,1,4,0,7,1,4,0,0,35,0,0,0,0,0,4,2,16
,2023-36216,39.71450787,-105.0009173,8/8/2023 2:41,2:41:00,12,0,0,I-25 & W BAYAUD AVE,1,3,0,0,1,4,0,0,55,0,0,0,0,0,1,2,16
,2023-36217,39.74007252,-104.9408055,8/26/2023 0:41,0:41:00,10,0,0,E COLFAX AVE & N COLORADO BLVD,1,3,0,0,1,1,0,0,40,0,0,0,0,0,2,2,14
,2023-36218,39.78369129,-104.9926302,6/9/2023 14:11,14:11:00,5,0,0, ELATI ST & W WARNER PL,1,1,0,0,2,1,0,0,30,0,0,0,0,0,4,1,16
,2023-36223,39.68950083,-105.0250605,8/23/2023 1:07,1:07:00,12,0,0, FEDERAL BLVD & W FLORIDA AVE,1,3,0,0,1,3,0,0,40,0,0,0,0,0,2,2,13
,2023-36224,39.74011838,-105.0532102,8/7/2023 15:07,15:07:00,12,0,0, SHERIDAN BLVD & W COLFAX AVE,1,1,0,0,1,4,0,0,,0,0,0,0,0,2,2,16
,2023-36228,39.71025142,-105.0038789,8/11/2023 7:23,7:23:00,3,0,0, NAVAJO ST & W NEVADA PL,1,1,0,0,1,1,0,0,25,0,0,0,0,0,4,2,16
,2023-36231,39.75997906,-105.0090396,8/28/2023 9:19,9:19:00,6,0,0,17TH ST & BOULDER ST,1,1,1,0,1,4,0,0,25,0,0,0,0,0,4,2,16
,2023-36233,39.63425524,-105.1099016,8/27/2023 20:15,20:15:00,1,0,1, KIPLING ST & W STANFORD AVE,1,3,0,0,1,1,0,0,45,0,0,0,0,1,4,2,11
,2023-36234,39.77889056,-104.9891727,8/24/2023 20:53,20:53:00,15,0,0,I-25 & I-70,1,2,0,0,1,4,0,0,60,0,0,0,0,0,1,2,7
,2023-36235,39.77599257,-104.8700213,8/25/2023 17:01,17:01:00,12,0,0,I-70 & N HAVANA ST,11,1,0,1,1,4,0,0,55,0,0,0,0,0,1,2,1
,2023-36237,39.69178899,-105.0518794,8/21/2023 0:40,0:40:00,6,0,0, ZENOBIA ST & W ARKANSAS AVE,1,3,0,0,1,4,0,0,25,0,0,0,0,0,4,2,16
,2023-36240,39.73847447,-105.0329898,8/28/2023 17:25,17:25:00,10,0,0,W 14TH AVE & N KNOX CT,1,1,0,0,1,3,0,0,30,0,0,0,0,0,4,2,11
,2023-36241,39.68944073,-105.0015945,8/27/2023 13:29,13:29:00,11,0,1, LIPAN ST & W FLORIDA AVE,1,1,1,0,1,1,0,0,0,0,0,1,0,1,4,1,16
,2023-36245,39.65315798,-104.9153482,8/28/2023 14:34,14:34:00,1,0,0,E HAMPDEN AVE & S LOCUST ST,1,3,0,0,1,1,0,0,40,0,0,0,0,0,2,2,13
,2023-36246,39.74879568,-104.9944402,8/16/2023 10:00,10:00:00,12,0,0,ARAPAHOE ST & 17TH ST,1,1,0,0,1,1,0,0,,0,0,0,0,0,4,2,16
,2023-36249,39.66975598,-104.9270436,8/28/2023 8:06,8:06:00,15,0,0,I-25 ON RAMP & E YALE AVE,1,1,0,0,1,8,0,0,65,0,0,0,0,0,1,2,11
,2023-36250,39.75436093,-105.0065584,8/27/2023 14:45,14:45:00,11,0,0,LITTLE RAVEN ST & 15TH ST,1,1,0,0,1,1,0,0,25,0,1,0,0,0,4,1,11
,2023-36251,39.70521105,-104.9969837,8/20/2023 9:25,9:25:00,2,1,1, KALAMATH ST & I-25,1,1,0,0,1,8,0,0,0,1,0,0,0,4,2,1,16
,2023-36253,39.70311029,-105.0253378,8/14/2023 8:55,8:55:00,3,0,0,W WALSH PL & S FEDERAL BLVD,1,1,0,0,1,9,0,0,,0,0,0,0,0,4,2,16
,2023-36254,39.63481224,-104.8934994,8/28/2023 12:43,12:43:00,5,0,0,I-225 NB OFF RAMP & S TAMARAC ST,1,1,1,0,2,1,0,0,45,0,0,0,0,0,1,1,16
,2023-36257,39.67847176,-104.9222777,8/28/2023 19:49,19:49:00,1,0,0,E EVANS AVE & S HOLLY ST,1,3,0,0,1,1,0,0,30,0,0,0,0,0,4,2,16
,2023-36258,39.76321166,-105.0239399,8/27/2023 11:39,11:39:00,6,0,0,W 33RD AVE & N ELIOT ST,1,1,0,0,1,4,0,0,20,0,0,0,0,0,4,2,3
,2023-36259,39.73369341,-104.9803828,8/15/2023 1:21,1:21:00,6,0,0,551 E 11TH AVE & N PEARL ST,1,3,0,0,1,4,0,0,25,0,0,0,0,0,4,2,16
,2023-36261,39.71498688,-105.0252394,8/10/2023 10:39,10:39:00,15,0,0, FEDERAL BLVD & W BAYAUD AVE,1,1,0,0,1,1,0,0,,0,0,0,0,0,2,2,16
,2023-36263,39.72907894,-104.9729238,8/27/2023 23:01,23:01:00,3,0,0,E 8TH AVE & N DOWNING ST,11,3,0,1,1,1,0,0,30,0,0,0,0,0,4,2,13
,2023-36264,39.68811402,-104.9875089,8/12/2023 13:54,13:54:00,12,0,0, BROADWAY & E IOWA AVE,1,1,0,0,1,4,0,0,35,0,0,0,0,0,4,2,1
,2023-36265,39.77999842,-104.8899997,7/29/2023 13:00,13:00:00,16,0,0,E NORTHFIELD BLVD & N UINTA ST,1,1,0,0,5,7,0,0,20,0,0,0,0,0,3,2,16
,2023-36266,39.67190054,-104.9287213,8/28/2023 7:06,7:06:00,12,0,1,I-25 & E YALE AVE,1,1,1,0,1,4,0,0,65,0,0,0,0,1,1,2,1
,2023-36267,39.73424246,-104.9861282,8/15/2023 13:45,13:45:00,12,0,1, LINCOLN ST & E 11TH AVE,1,1,0,0,1,4,0,0,35,0,0,0,0,1,4,3,1
,2023-36269,39.72457084,-105.0126522,8/12/2023 22:17,22:17:00,15,0,0,I-25 & W 6TH AVE,1,4,0,0,1,4,0,0,,0,0,0,0,0,1,2,16
,2023-36270,39.74505967,-104.9992883,8/18/2023 20:30,20:30:00,10,0,0,13TH ST & ARAPAHOE ST,1,3,1,1,1,1,0,0,30,0,0,0,0,0,4,2,13
,2023-36274,39.72479983,-105.0121948,8/23/2023 22:00,22:00:00,12,0,0,I-25 NB OFF RAMP GORE & W 6TH AVE,1,3,1,0,1,8,0,0,55,0,0,0,0,0,1,2,13
,2023-36277,39.75725425,-105.0101431,8/12/2023 13:30,13:30:00,12,0,1,I-25 & 15TH ST,1,1,0,0,1,4,0,0,,0,0,0,0,1,1,2,16
,2023-36278,39.78018408,-104.9599345,8/24/2023 17:15,17:15:00,12,0,2,I-70 & N YORK ST,1,1,0,0,1,4,0,0,55,0,0,0,0,2,1,3,3
,2023-36280,39.76001331,-104.8905319,8/10/2023 14:10,14:10:00,15,0,0,E MLK BLVD & N CENTRAL PARK BLVD,1,1,0,0,1,1,0,0,25,0,0,0,0,0,4,2,16
,2023-36282,39.78418547,-105.0259711,8/28/2023 17:36,17:36:00,12,0,0,I-70 & PECOS ST,1,1,0,0,1,4,0,0,60,0,0,0,0,0,1,3,13
,2023-36284,39.6886055,-105.0156302,8/27/2023 6:41,6:41:00,11,0,1,W GUNNISON PL & S ZUNI ST,6,1,0,0,1,3,0,0,20,0,1,0,0,1,4,1,13
,2023-36288,39.74180136,-104.9823323,8/19/2023 19:02,19:02:00,10,0,0, LOGAN ST & E 16TH AVE,11,2,0,1,1,2,0,0,25,0,0,0,0,0,4,2,13
,2023-36300,39.77893081,-104.9541472,8/25/2023 4:15,4:15:00,6,0,0,E 45TH AVE & N CLAYTON ST,1,3,0,0,1,1,0,0,,0,0,0,0,0,4,2,13
,2023-36303,39.79851333,-104.7863738,8/25/2023 5:34,5:34:00,12,0,0,PENA BLVD & 56TH AVE,1,3,1,0,1,4,0,0,65,0,0,0,0,0,4,4,16
,2023-36311,39.74016565,-104.9559541,8/26/2023 16:24,16:24:00,2,0,1,2626 E COLFAX AVE & N ELIZABETH ST,1,1,0,0,1,2,0,0,35,1,0,0,0,2,2,1,14
,2023-36312,39.74165437,-104.9747851,8/28/2023 17:30,17:30:00,2,0,1,E 16TH AVE & N OGDEN ST,1,1,0,0,1,1,0,0,25,1,0,0,0,2,4,1,13
,2023-36395,39.72207819,-104.8823839,8/29/2023 18:32,18:32:00,10,0,2,E 5TH PL & N YOSEMITE WAY,1,1,0,0,1,1,0,0,35,0,0,0,0,1,4,2,8
,2023-36400,39.72539516,-105.052637,8/16/2023 6:01,6:01:00,5,0,0,W 6TH AVE EB ON RAMP & N SHERIDAN BLVD,1,1,1,0,3,8,0,0,35,0,0,0,0,0,2,1,1
,2023-36402,39.67484752,-104.9650355,8/29/2023 8:33,8:33:00,12,0,1,E ILIFF AVE & S HIGH ST,1,1,0,0,1,4,0,0,25,0,0,0,0,1,4,2,3
,2023-36403,39.67846466,-104.9250343,8/1/2023 12:08,12:08:00,15,0,0,E EVANS AVE & S GRAPE ST,1,1,0,0,1,3,0,0,30,0,0,0,0,0,4,2,16
,2023-36405,39.78065121,-104.9410799,7/20/2023 0:58,0:58:00,5,0,0, COLORADO BLVD & E 46TH AVE N,1,3,0,0,3,1,0,0,35,0,0,0,0,0,2,1,1
,2023-36411,39.72413104,-104.9985652,8/29/2023 8:43,8:43:00,3,0,0,W 5TH AVE & N SANTA FE DR,1,1,0,0,1,1,0,0,25,0,0,0,0,0,4,2,11
,2023-36415,39.71392418,-104.987536,8/2/2023 22:07,22:07:00,15,0,1, BROADWAY & W MAPLE AVE,1,3,0,0,1,3,0,0,35,0,0,0,1,3,4,2,11
,2023-36416,39.77657292,-105.0509044,8/15/2023 20:07,20:07:00,1,0,0,W 44TH AVE & N YATES ST,1,2,0,0,1,3,0,0,30,0,0,0,0,0,4,2,16
,2023-36420,39.75103111,-104.9405996,8/28/2023 18:25,18:25:00,1,0,0, COLORADO BLVD & E 23RD AVE,1,2,0,0,1,1,0,0,35,0,0,0,0,0,2,2,1
,2023-36430,39.74000431,-104.9749839,8/28/2023 20:54,20:54:00,3,0,0,E COLFAX AVE & N OGDEN ST,1,3,0,0,1,1,0,0,30,0,0,0,0,0,2,2,16
,2023-36436,39.7368208,-104.9634925,8/19/2023 21:30,21:30:00,10,0,0,E 13TH AVE & N RACE ST,1,3,0,0,1,1,0,0,,0,0,0,0,0,4,2,16
,2023-36441,39.78226451,-104.8657293,8/29/2023 10:25,10:25:00,1,0,1, HAVANA ST & E 47TH AVE,1,1,0,0,1,1,0,0,35,0,0,0,0,2,4,2,16
,2023-36444,39.74000771,-104.973011,8/29/2023 7:09,7:09:00,12,0,0,E COLFAX AVE & N DOWNING ST,1,1,0,0,1,1,0,0,35,0,0,0,0,0,2,2,16
,2023-36445,39.79815826,-104.8096391,8/29/2023 7:08,7:08:00,15,0,0, CHAMBERS RD & E 56TH AVE,1,1,0,0,1,4,0,0,45,0,0,0,0,0,4,2,7
,2023-36450,39.77305308,-104.8473796,8/29/2023 15:00,15:00:00,12,0,3,I-70 EB OFF RAMP SLIP & N PEORIA ST,1,1,0,0,1,8,0,0,20,0,0,0,0,1,1,2,13
,2023-36452,39.74165437,-104.9747851,8/29/2023 17:40,17:40:00,11,0,1,16TH AVE & N OGDEN ST,14,1,3,2,1,1,0,0,25,0,0,1,0,1,4,1,16
,2023-36453,39.74527523,-105.00072,8/29/2023 16:00,16:00:00,12,0,0, SPEER BLVD & LAWRENCE ST,1,1,0,0,1,1,0,0,30,0,0,0,0,0,4,2,3
,2023-36456,39.79801281,-104.8471794,8/25/2023 10:00,10:00:00,15,0,0, PEORIA ST & E 56TH AVE,11,1,0,1,1,4,0,0,35,0,0,0,0,0,4,2,16
,2023-36457,39.65310679,-104.9256812,8/29/2023 13:51,13:51:00,12,0,1,E HAMPDEN AVE & S GRAPE ST,1,1,0,0,1,4,0,0,40,0,0,0,0,1,2,2,14
,2023-36461,39.71333186,-104.9875405,8/29/2023 18:34,18:34:00,6,0,0, BROADWAY  & E MAPLE AVE,1,1,0,0,1,9,0,0,,0,0,0,0,0,4,2,13
,2023-36463,39.72563795,-104.9862612,8/29/2023 6:35,6:35:00,15,0,0, LINCOLN ST & E 6TH AVE,1,2,0,0,1,1,0,0,30,0,0,0,0,0,4,2,13
,2023-36464,39.77958904,-104.8470218,8/29/2023 6:55,6:55:00,1,0,0, PEORIA ST & E 46TH AVE,1,1,0,0,1,1,0,0,30,0,0,0,0,0,4,2,11
,2023-36467,39.76918238,-105.0532475,3/31/2023 7:22,7:22:00,15,0,0, SHERIDAN BLVD & W 38TH AVE,1,1,0,0,1,4,0,0,35,0,0,0,0,0,2,2,16
,2023-36468,39.79838576,-104.7860058,8/28/2023 14:00,14:00:00,12,0,0,E 56TH AVE & PENA BLVD,1,1,0,0,1,4,0,0,40,0,0,0,0,0,4,3,16