id,drcog_id,latitude,longitude,crashtime,time,crashtype,numbkilled,numbinjurd,drcoglocat,rdconditin,lightngcon,roadcntgrd,weatherco,location,roaddescrp,schoolzone,constrzone,splimit,bikeinv,pedinv,sctrinv,motoinv,svrty,rdsystem,ttlvehcls,hcf
,2023-36469,39.79772842,-104.7721239,8/12/2023 17:36,17:36:00,12,0,1, TOWER RD & E 56TH AVE,1,1,0,0,1,4,0,0,,0,0,0,0,1,4,2,16
,2023-36471,39.73727116,-105.0139664,8/29/2023 12:36,12:36:00,12,0,1,I-25 & W COLFAX AVE,1,1,1,0,1,4,0,0,55,0,0,0,0,1,1,2,16
,2023-36473,39.76567335,-104.9948629,7/29/2023 20:15,20:15:00,3,0,1,PARK AVE W & N GLOBEVILLE RD,1,1,0,0,1,1,0,0,35,0,0,0,0,3,4,2,14
,2023-36476,39.69675846,-105.0250715,8/29/2023 12:34,12:34:00,12,0,0, FEDERAL BLVD & W MISSISSIPPI AVE,1,1,0,0,1,1,0,0,40,0,0,0,0,0,2,2,3
,2023-36477,39.74147955,-104.9034668,8/28/2023 16:25,16:25:00,3,0,1,E 16TH AVE & N QUEBEC ST,1,1,0,0,1,1,0,0,30,0,0,0,0,1,4,2,11
,2023-36480,39.76182214,-104.9058024,8/29/2023 13:55,13:55:00,3,0,0,E MLK BLVD & N PONTIAC ST,1,1,0,0,1,1,0,0,20,0,0,0,0,0,4,2,16
,2023-36482,39.76118693,-105.0047616,8/28/2023 8:02,8:02:00,12,0,3,I-25 & 20TH ST,1,1,0,0,1,4,0,0,55,0,0,0,0,1,1,2,16
,2023-36484,39.62943084,-104.9046892,8/29/2023 8:16,8:16:00,12,0,1,I-25 & I-225 NB OFF RAMP MERGE PT,1,1,1,0,1,4,0,0,65,0,0,0,0,1,1,2,1
,2023-36487,39.65303398,-104.9091113,8/28/2023 16:15,16:15:00,15,0,0,E HAMPDEN AVE & S ONEIDA WY,1,1,0,0,1,1,0,0,35,0,0,0,0,0,2,3,3
,2023-36488,39.70708777,-104.9966289,8/29/2023 11:21,11:21:00,12,0,0, KALAMATH ST & I-25,1,1,0,0,1,4,0,0,45,0,0,0,0,0,2,2,13
,2023-36489,39.65310841,-104.9243157,8/24/2023 12:44,12:44:00,12,0,0,E HAMPDEN AVE & S HUDSON WY,1,1,0,0,1,3,0,0,35,0,0,0,0,0,2,2,3
,2023-36492,39.72169109,-104.8813769,8/29/2023 15:26,15:26:00,3,0,1,E 5TH AVE & N YOSEMITE WY,1,1,1,0,1,9,0,0,10,0,0,0,0,1,4,2,11
,2023-36495,39.67848783,-104.9899582,8/29/2023 14:00,14:00:00,3,0,0, BANNOCK ST & W EVANS AVE,1,1,0,0,1,1,0,0,25,0,0,0,0,0,4,2,3
,2023-36496,39.76654662,-104.9836338,5/9/2023 23:22,23:22:00,3,0,0,31ST ST & N BRIGHTON BLVD,1,4,0,0,1,1,0,0,35,0,0,0,0,0,4,2,13
,2023-36497,39.74019249,-104.9389584,8/29/2023 9:29,9:29:00,10,0,2,E COLFAX AVE & N ALBION ST,1,1,0,0,1,1,0,0,35,0,0,0,0,2,2,2,16
,2023-36510,39.75668203,-104.9971738,8/29/2023 14:40,14:40:00,5,0,1,WEWATTA ST & 21ST ST,1,1,1,0,6,4,0,0,35,0,0,0,0,1,4,1,3
,2023-36512,39.74890739,-104.9873883,8/29/2023 15:10,15:10:00,12,0,0,20TH ST & N BROADWAY,1,1,0,0,1,1,0,0,25,0,0,0,0,0,4,2,7
,2023-36513,39.69498473,-104.9407337,8/29/2023 11:07,11:07:00,3,0,1, COLORADO BLVD & E ARIZONA AVE,1,1,0,0,1,2,0,0,35,0,0,0,0,1,2,2,16
,2023-36515,39.72571713,-105.0001487,8/29/2023 12:15,12:15:00,3,0,0, KALAMATH ST & W 6TH AVE,1,1,0,0,1,1,0,0,35,0,0,0,0,0,4,2,3
,2023-36516,39.71155757,-104.9407887,8/28/2023 12:55,12:55:00,15,0,0, COLORADO BLVD & E ALAMEDA AVE,1,1,0,0,1,1,0,0,35,0,0,0,0,0,2,2,3
,2023-36517,39.7289055,-104.9984399,8/29/2023 13:30,13:30:00,6,0,0,W 8TH AVE & N SANTE FE DR,1,1,0,0,1,4,0,0,35,0,0,0,0,0,4,2,16
,2023-36525,39.72570812,-105.0001485,8/28/2023 7:47,7:47:00,15,0,0,W 6TH AVE & N KALAMATH ST,1,1,0,0,1,3,0,0,35,0,0,0,0,0,4,2,14
,2023-36526,39.74166971,-104.9861164,8/28/2023 11:10,11:10:00,10,0,0, LINCOLN ST & E 16TH AVE,1,1,0,0,1,1,0,0,,0,0,0,0,0,4,2,16
,2023-36527,39.73840254,-104.9660094,8/28/2023 16:40,16:40:00,10,0,0,E 14TH AVE & N WILLIAMS ST,1,1,3,0,1,1,0,0,25,0,0,0,0,0,4,2,16
,2023-36528,39.74078234,-105.0142965,8/29/2023 12:04,12:04:00,15,0,0,I-25 & W COLFAX AVE,1,1,0,0,1,4,0,0,,0,0,0,0,0,1,3,16
,2023-36531,39.77396673,-104.8416729,8/29/2023 7:30,7:30:00,12,0,0,I-70 WB COLLECTOR RAMP FROM  CHAMBERS RD & N PEORIA ST,1,1,0,0,1,8,0,0,55,0,0,0,0,0,1,2,13
,2023-36539,39.65334021,-105.0645429,8/29/2023 8:37,8:37:00,12,0,1,W HAMPDEN AVE & S SHERIDAN BLVD,1,1,0,0,1,4,0,0,65,0,0,0,0,2,2,2,3
,2023-36540,39.74198084,-104.9488527,8/28/2023 11:13,11:13:00,6,0,0,E 16TH AVE & N ADAMS ST,1,1,0,0,1,1,0,0,,0,0,0,0,0,4,2,16
,2023-36541,39.7517442,-104.9958768,8/28/2023 14:34,14:34:00,3,0,2,MARKET ST & 18TH ST,1,1,0,0,1,1,0,0,30,0,0,0,0,3,4,2,13
,2023-36545,39.65299286,-104.9322849,8/29/2023 8:10,8:10:00,12,0,0,E HAMPDEN AVE & S DEXTER ST,1,1,1,0,1,4,0,0,40,0,0,0,0,0,2,2,3
,2023-36546,39.78572714,-104.8830783,7/26/2023 15:32,15:32:00,10,0,0,E NORTHFIELD BLVD & N CENTRAL PARK BLVD,11,1,0,0,1,1,0,0,35,0,0,0,0,0,4,2,8
,2023-36626,39.72932227,-105.0150886,8/29/2023 11:00,11:00:00,15,0,0,I-25 & W 8TH AVE,1,1,0,0,1,4,0,0,65,0,0,0,0,0,1,2,3
,2023-36639,39.75478074,-105.0135687,8/28/2023 14:23,14:23:00,12,0,0,I-25 & N SPEER BLVD,1,1,0,0,1,4,0,0,,0,0,0,0,0,1,4,16
,2023-36644,39.74021695,-104.902538,8/30/2023 15:38,15:38:00,16,0,0,7300 E COLFAX AVE N QUINCE ST,1,1,0,0,5,7,0,0,,0,0,0,0,0,3,2,16
,2023-36648,39.76736514,-104.8996648,8/29/2023 18:40,18:40:00,12,0,0,E 36TH AVE & N SYRACUSE ST,1,1,0,0,1,1,0,0,30,0,0,0,0,0,4,2,13
,2023-36650,39.75738268,-104.933914,8/28/2023 10:19,10:19:00,15,0,0, CHERRY ST & E 26TH AVE,1,1,0,0,1,4,0,0,25,0,0,0,0,0,4,2,13
,2023-36651,39.71003455,-104.8706595,8/30/2023 12:07,12:07:00,12,0,1,E ALAMEDA AVE & S GALENA WAY,1,1,0,0,1,4,0,0,40,0,0,0,0,1,4,2,3
,2023-36658,39.72910035,-104.9601925,8/30/2023 18:29,18:29:00,3,0,0, YORK ST & E 8TH AVE,1,1,0,0,1,1,0,0,25,0,0,0,0,0,4,2,7
,2023-36659,39.74033749,-105.0392256,8/29/2023 19:06,19:06:00,15,0,0,W COLFAX AVE & N PERRY ST,1,3,0,0,1,4,0,0,30,0,0,0,0,0,2,2,13
,2023-36661,39.77851345,-104.9004674,8/30/2023 10:50,10:50:00,12,0,2,I-70 & N QUEBEC ST,1,1,0,0,1,13,0,0,55,0,0,0,0,1,1,3,16
,2023-36666,39.76805631,-105.0158557,8/25/2023 6:54,6:54:00,3,0,0,W 37TH AVE & N ZUNI ST,1,1,0,0,1,1,0,0,20,0,0,0,0,0,4,2,11
,2023-36667,39.76926611,-105.0205119,8/23/2023 8:25,8:25:00,14,0,0,W 38TH AVE & N CLAY ST,14,5,3,7,1,1,0,0,,0,0,0,0,0,4,2,16
,2023-36672,39.77769234,-104.9034014,6/15/2023 11:20,11:20:00,3,0,1, NORTHFIELD QUEBEC ST NB & I-70 EB RAMPS,1,1,0,0,1,1,0,0,45,0,0,0,0,2,2,2,13
,2023-36673,39.70084555,-104.9874715,8/30/2023 20:50,20:50:00,1,0,0, BROADWAY & I-25 SB RAMPS,1,4,0,0,1,1,0,0,35,0,0,0,0,0,1,2,1
,2023-36675,39.79429579,-104.8312849,8/30/2023 20:41,20:41:00,10,0,0,E MAXWELL PL & N WORCHESTER ST,1,3,0,0,1,1,0,0,30,0,0,0,0,0,4,2,11
,2023-36677,39.79841271,-104.7777273,8/30/2023 18:05,18:05:00,15,0,0,E 56TH AVE & N TELLURIDE ST,1,1,0,0,1,4,0,0,40,0,0,0,0,0,4,3,11
,2023-36678,39.70929728,-104.8659672,8/30/2023 9:55,9:55:00,1,0,1, HAVANA ST & E DAKOTA AVE,1,1,0,0,1,1,0,0,35,0,0,0,0,2,2,2,11
,2023-36683,39.69857496,-105.0250781,8/30/2023 10:07,10:07:00,15,0,0, FEDERAL BLVD & W TENNESSEE AVE,1,1,0,0,1,4,0,0,35,0,0,0,0,0,2,2,13
,2023-36690,39.78363973,-104.7861754,8/30/2023 8:00,8:00:00,12,0,0,E GREEN VALLEY RANCH BLVD & N SALIDA ST,1,1,0,0,1,4,0,0,35,0,0,0,0,0,4,3,13
,2023-36692,39.76936636,-105.0279473,8/25/2023 0:15,0:15:00,5,0,1,W 38TH AVE & N GROVE ST,1,3,1,0,2,4,0,0,35,0,0,0,0,2,4,1,16
,2023-36695,39.78010367,-105.0532609,8/30/2023 10:18,10:18:00,12,0,0, SHERIDAN BLVD & W 46TH AVE,1,1,0,0,1,4,0,0,35,0,0,0,0,0,2,2,13
,2023-36697,39.74014896,-104.9485556,8/5/2023 21:10,21:10:00,6,0,0,3242 E COLFAX AVE & N ADAMS ST,1,3,0,0,1,4,0,0,,0,0,0,0,0,2,2,16
,2023-36699,39.79838514,-104.7856221,8/29/2023 17:19,17:19:00,12,0,0,E 56TH AVE & PENA BLVD,1,1,0,0,1,4,0,0,30,0,0,0,0,0,4,3,13
,2023-36702,39.74026553,-104.9881282,8/29/2023 16:41,16:41:00,15,0,0,CHEYENNE PL & W COLFAX AVE,1,1,0,0,1,1,0,0,,0,0,0,0,0,2,2,8
,2023-36708,39.67252872,-104.928894,8/29/2023 7:52,7:52:00,12,0,0,I-25 & E EVANS AVE,1,1,0,0,1,4,0,0,60,0,0,0,0,0,1,2,1
,2023-36709,39.78020212,-104.9316496,8/23/2023 16:15,16:15:00,12,0,1,I-70 & N DAHLIA ST,1,1,0,7,1,4,0,0,55,0,0,0,0,3,1,2,3
,2023-36710,39.67915108,-105.053268,8/29/2023 21:03,21:03:00,1,0,0, SHERIDAN BLVD & W EVANS AVE,1,3,0,0,1,1,0,0,40,0,0,0,1,0,2,2,11
,2023-36711,39.70570234,-104.8659675,8/30/2023 17:18,17:18:00,1,0,2,615  HAVANA ST & S GALENA WY,1,1,0,0,1,2,0,0,40,0,0,0,0,2,2,2,7
,2023-36713,39.75996315,-104.8963987,8/29/2023 14:00,14:00:00,11,0,0, TRENTON ST & E MLK JR BLVD,1,1,0,0,1,1,0,0,25,0,1,0,0,0,4,1,11
,2023-36715,39.77822005,-104.9047884,8/30/2023 14:03,14:03:00,12,0,4,I-70 & N QUEBEC ST,1,1,0,0,1,4,0,0,55,0,0,0,0,1,1,2,16
,2023-36716,39.79479131,-104.8097334,8/30/2023 17:10,17:10:00,9,0,1,E MAXWELL PL & N CHAMBERS RD,1,1,0,0,1,1,0,0,30,0,0,0,1,2,4,1,7
,2023-36717,39.74167595,-104.9848664,8/29/2023 7:33,7:33:00,2,0,1,E 16TH AVE & N SHERMAN ST,1,1,0,0,1,1,0,0,20,1,0,0,0,2,4,1,16
,2023-36719,39.78237909,-104.8470104,8/30/2023 14:18,14:18:00,8,0,0, PEORIA ST & E 47TH AVE,1,1,0,0,1,1,0,0,25,0,0,0,0,0,4,2,13
,2023-36731,39.75368565,-105.0252857,8/30/2023 9:22,9:22:00,12,0,0, FEDERAL BLVD & W 25TH AVE,1,1,0,0,1,4,0,0,35,0,0,0,0,0,2,2,13
,2023-36732,39.77288216,-104.9429452,8/30/2023 16:01,16:01:00,11,0,0,E 40TH AVE & N JACKSON ST,1,1,0,0,1,1,0,0,0,0,0,1,0,0,4,1,16
,2023-36733,39.74378153,-104.8928584,8/29/2023 8:08,8:08:00,3,0,0, UINTA ST & E 17TH AVE,1,1,0,0,1,1,0,0,20,0,0,0,0,0,4,2,11
,2023-36735,39.66758107,-104.917567,8/30/2023 5:54,5:54:00,2,0,1,E YALE AVE & S KEARNEY ST,1,4,0,0,1,1,0,0,30,1,0,0,0,1,4,1,16
,2023-36739,39.77291419,-104.8658148,8/29/2023 6:45,6:45:00,1,0,0, HAVANA ST & E 40TH AVE,1,1,0,0,1,1,0,0,40,0,0,0,0,0,4,2,11
,2023-36747,39.73932075,-105.0141377,8/30/2023 8:17,8:17:00,12,0,0,I-25 & W COLFAX AVE,1,1,0,0,1,4,0,0,45,0,0,0,0,0,1,2,13
,2023-36751,39.71511376,-105.0349039,8/28/2023 23:59,23:59:00,6,0,0, LOWELL BLVD & W BAYAUD AVE,1,3,0,0,6,4,0,0,25,0,0,0,0,0,4,2,16
,2023-36753,39.7463627,-104.9888775,8/30/2023 12:29,12:29:00,15,0,0,18TH ST & WELTON ST ,1,1,0,0,1,9,0,0,30,0,0,0,0,0,4,2,8
,2023-36755,39.75474741,-104.8864812,8/28/2023 23:43,23:43:00,5,0,1, XANTHIA CT & E 26TH AVE,1,1,0,0,3,4,0,0,20,0,0,0,0,2,4,1,1
,2023-36759,39.74517287,-104.9887229,4/27/2023 19:02,19:02:00,11,0,1,GLENARM PL & 17TH ST,1,1,0,0,1,2,0,0,0,0,0,1,0,3,4,1,16
,2023-36803,39.7029825,-105.0444673,7/10/2023 13:44,13:44:00,10,0,0,MORRISON RD & W OHIO AVE,1,1,0,0,1,4,0,0,30,0,0,0,0,0,4,2,11
,2023-36826,39.74762388,-105.0532475,8/19/2023 14:00,14:00:00,3,0,2,W 20TH AVE & SHERIDAN BLVD,1,1,0,0,1,1,0,0,35,0,0,0,0,3,2,3,13
,2023-36832,39.74401619,-104.9407828,8/31/2023 10:41,10:41:00,12,0,0, COLORADO BLVD & E 17TH AVE,1,1,0,0,1,4,0,0,30,0,0,0,0,0,2,3,3
,2023-36837,39.77992333,-104.966387,8/31/2023 9:40,9:40:00,12,0,0,I-70 & N BRIGHTON BLVD,1,1,0,0,1,4,0,0,55,0,0,0,0,0,1,3,13
,2023-36840,39.65432038,-104.8756563,8/30/2023 23:35,23:35:00,12,0,0,E GIRARD AVE & S DAYTON ST,1,3,0,0,1,1,0,0,25,0,0,0,0,0,4,2,14
,2023-36841,39.77843566,-105.0251428,8/24/2023 21:16,21:16:00,11,0,1,W 45TH AVE & N FEDERAL BLVD,11,3,0,1,1,1,0,0,0,0,1,0,0,3,2,1,16
,2023-36847,39.73685636,-104.9957088,8/30/2023 18:02,18:02:00,3,0,1,W 13TH AVE & N SPEER BLVD,1,1,0,0,1,1,0,0,30,0,0,0,1,1,4,2,13
,2023-36853,39.78051874,-104.9667564,8/31/2023 6:17,6:17:00,3,0,0,I-70 WB OFF RAMP & N BRIGHTON BLVD,1,2,1,0,1,1,0,0,35,0,0,0,0,0,2,2,7
,2023-36854,39.78511541,-104.9895104,8/31/2023 10:15,10:15:00,5,0,1,I-25 & W 48TH AVE,1,1,0,0,2,4,0,0,65,0,0,0,0,1,1,1,16
,2023-36856,39.77426514,-104.8478793,8/31/2023 9:00,9:00:00,12,0,0,I-70 & N PEORIA ST,1,1,0,0,1,13,0,0,55,0,0,0,0,0,1,2,11
,2023-36857,39.74746842,-104.8846757,8/31/2023 6:50,6:50:00,3,0,0,E MONTVIEW BLVD & N CENTRAL PARK BLVD,1,1,0,0,1,1,0,0,35,0,0,0,0,0,4,2,11
,2023-36859,39.65432204,-104.8740479,9/1/2023 8:31,8:31:00,6,0,0,E GIRARD AVE & S DAYTON ST,1,1,0,0,1,2,0,0,25,0,0,0,0,0,4,2,16
,2023-36861,39.6971536,-104.9827641,8/30/2023 15:18,15:18:00,12,0,0,I-25 & S LOGAN ST,1,1,0,0,1,4,0,0,55,0,0,0,0,0,1,2,13
,2023-36865,39.78238195,-104.8490288,8/30/2023 15:03,15:03:00,1,0,0,E 47TH AVE & N PARIS ST,1,1,0,0,1,1,0,0,30,0,0,0,0,0,4,2,13
,2023-36867,39.65305447,-104.8847967,8/30/2023 11:15,11:15:00,12,0,0,E HAMPDEN AVE & S YOSEMITE ST,1,1,0,0,1,1,0,0,35,0,0,0,0,0,2,2,3
,2023-36869,39.65303562,-104.9317144,8/30/2023 22:37,22:37:00,5,0,0,E HAMPDEN AVE & E HAPPY CANYON RD,1,3,2,0,6,1,0,0,40,0,0,0,0,0,2,1,6
,2023-36872,39.78179453,-104.7775513,8/31/2023 8:05,8:05:00,12,0,0, WALDEN ST & E 47TH AVE,1,1,1,0,1,4,1,0,20,0,0,0,0,0,4,2,16
,2023-36875,39.72892253,-105.0003372,8/31/2023 14:55,14:55:00,15,0,0,W 8TH AVE & N KALAMATH ST,1,1,0,0,1,4,0,0,,0,0,0,0,0,4,2,16
,2023-36876,39.70484117,-104.9957961,8/30/2023 14:39,14:39:00,10,0,0, SANTA FE DR & I-25 SB RAMP,1,1,1,0,1,8,0,0,35,0,0,0,0,0,2,2,10
,2023-36878,39.73539753,-105.0015682,8/31/2023 7:30,7:30:00,6,0,0, LIPAN ST & W 12TH AVE,1,1,0,0,1,4,0,0,25,0,0,0,0,0,4,2,16
,2023-36883,39.73828724,-104.9407605,8/31/2023 12:30,12:30:00,12,0,0, COLORADO BLVD & E 14TH AVE,1,1,0,0,1,1,0,0,35,0,0,0,0,0,2,2,3
,2023-36885,39.72558463,-104.9694518,8/30/2023 21:05,21:05:00,5,0,0,E 6TH AVE & N HUMBOLDT ST,1,3,0,0,3,1,0,0,30,0,0,0,0,0,4,1,16
,2023-36887,39.74031629,-105.0532099,8/31/2023 9:19,9:19:00,1,0,0, SHERIDAN BLVD & W COLFAX AVE,1,1,0,0,1,1,0,0,35,0,0,0,0,0,2,2,13
,2023-36888,39.72922848,-104.9375326,8/31/2023 7:39,7:39:00,12,0,0,E 8TH AVE & N BELLAIRE ST,1,1,0,0,1,3,0,0,30,0,0,0,0,0,4,3,3
,2023-36890,39.75115678,-104.9405994,8/23/2023 21:00,21:00:00,15,0,1, COLORADO BLVD & E 23RD AVE,1,3,0,0,1,3,0,0,35,0,0,0,0,1,2,2,11
,2023-36891,39.70923205,-105.0355894,8/31/2023 18:56,18:56:00,9,0,1,3614 MORRISON RD & S LOWELL BLVD,1,1,0,0,1,4,0,0,35,0,0,0,1,3,4,1,7
,2023-36894,39.75124601,-105.0173624,8/30/2023 21:02,21:02:00,1,0,0,W 23RD AVE & I-25 SB RAMPS,1,3,0,0,1,1,0,0,35,0,0,0,0,0,4,2,7
,2023-36898,39.67847176,-104.9222777,8/30/2023 15:00,15:00:00,12,0,0,E EVANS AVE & S HOLLY ST,1,1,0,0,1,1,0,0,30,0,0,0,0,0,4,2,3
,2023-36901,39.71453084,-104.9757487,8/30/2023 17:00,17:00:00,6,0,0, OGDEN ST & E BAYAUD AVE,1,1,0,0,1,4,0,0,,0,0,0,0,0,4,2,16
,2023-36902,39.6675635,-104.9407995,8/30/2023 12:00,12:00:00,3,0,0,E YALE AVE & S COLORADO BLVD,1,1,0,0,1,1,0,0,30,0,0,0,0,0,4,2,3
,2023-36903,39.73870295,-104.8905649,8/31/2023 11:00,11:00:00,3,0,0,E 14TH AVE & N VERBENA ST,1,1,0,0,1,1,0,0,25,0,0,0,0,0,4,2,11
,2023-36904,39.77350825,-104.7905669,8/31/2023 13:24,13:24:00,12,0,0,PENA BLVD & E 40TH AVE,1,1,0,0,1,4,0,0,65,0,0,0,0,0,4,3,13
,2023-36905,39.73280384,-104.9316393,8/31/2023 13:58,13:58:00,3,0,1,E HALE PKWY & N DAHLIA ST,1,1,0,0,1,1,0,0,25,0,0,0,0,2,4,2,11
,2023-36906,39.65295588,-104.9446555,8/30/2023 22:15,22:15:00,12,0,1,E HAMPDEN AVE & S MONROE ST,1,3,3,0,1,4,0,0,45,0,0,0,0,1,2,2,10
,2023-36907,39.6914346,-104.912899,8/31/2023 9:00,9:00:00,12,0,0,E CHERRY CREEK  DR & S MONACO ST,1,1,0,0,1,1,0,0,25,0,0,0,0,0,4,2,3
,2023-36909,39.70800226,-104.926128,8/31/2023 7:50,7:50:00,15,0,2,LEETSDALE DR & S FOREST ST,1,1,0,0,1,4,0,0,30,0,0,0,0,1,2,2,11
,2023-36913,39.68360524,-104.9408198,8/30/2023 15:34,15:34:00,12,0,0,I-25 ON RAMP & S COLORADO BLVD,1,1,1,0,1,8,0,0,35,0,0,0,0,0,1,2,3
,2023-36916,39.63653516,-104.8930326,9/1/2023 17:15,17:15:00,12,0,1,I-225 SB OFF RAMP & S TAMARAC ST,14,1,0,0,1,8,0,0,35,0,0,0,0,1,1,2,7
,2023-36918,39.77791212,-104.8506835,9/1/2023 15:51,15:51:00,10,0,0,E 45TH AVE & N PARIS ST,1,1,0,0,1,1,0,0,20,0,0,0,0,0,4,2,16
,2023-36921,39.71109974,-104.9780939,8/31/2023 9:49,9:49:00,5,0,0,E ALAMEDA AVE & S CLARKSON ST,1,1,0,0,1,1,0,0,30,0,0,0,0,0,4,1,13
,2023-36922,39.83346185,-104.6929467,8/31/2023 10:46,10:46:00,3,0,0,PENA BLVD & N JACKSON GAP ST,1,1,0,0,1,1,0,0,45,0,0,0,0,0,4,2,1
,2023-36923,39.72571713,-105.0001487,8/31/2023 18:10,18:10:00,10,0,0, KALAMATH ST & W 6TH AVE,1,2,0,0,1,1,0,0,30,0,0,0,0,0,4,2,8
,2023-36925,39.70751442,-105.0226924,8/31/2023 15:48,15:48:00,3,0,0,W VIRGINIA AVE & S DECATUR ST,1,1,0,0,1,1,0,0,25,0,0,0,0,0,4,2,11
,2023-36927,39.72094261,-104.9406279,8/31/2023 9:55,9:55:00,15,0,0, COLORADO BLVD & E 3RD AVE,1,1,0,0,1,1,0,0,,0,0,0,0,0,2,2,16
,2023-36928,39.72569715,-104.9975586,8/31/2023 13:35,13:35:00,10,0,2,W 6TH AVE & N INCA ST,1,1,0,0,1,1,0,0,30,0,0,0,0,2,4,2,11
,2023-36932,39.70733259,-104.94062,8/30/2023 18:56,18:56:00,12,0,0, COLORADO BLVD & E VIRGINIA AVE,14,3,0,0,1,1,0,0,35,0,0,0,0,0,2,2,16
,2023-36934,39.78050457,-104.9622393,8/31/2023 7:15,7:15:00,15,0,0,I-70 WB OFF RAMP & N BRIGHTON BLVD,1,1,0,0,1,8,0,0,55,0,0,0,0,0,1,2,11
,2023-36936,39.78562853,-104.8343409,8/31/2023 7:35,7:35:00,12,0,0, XANADU ST & E ANDREWS DR,1,1,0,0,1,4,0,0,20,0,0,0,0,0,4,2,11
,2023-36937,39.7566876,-105.0109023,9/1/2023 13:14,13:14:00,12,0,5,I-25 & N SPEER BLVD,1,1,0,0,1,4,0,0,55,0,0,0,0,1,1,3,16
,2023-36940,39.73299502,-105.0251692,8/31/2023 14:54,14:54:00,3,0,0, FEDERAL BLVD & W 10TH AVE,1,1,0,0,1,2,0,0,30,0,0,0,0,0,2,2,16
,2023-36941,39.77940983,-104.8396978,8/31/2023 12:05,12:05:00,6,0,0, CROWN BLVD & E ALBROOK DR,1,1,1,0,1,4,1,0,20,0,0,0,0,0,4,2,16
,2023-36945,39.65924396,-105.0433775,9/1/2023 8:38,8:38:00,3,0,0,W DARTMOUTH AVE & S RALEIGH ST,1,1,0,0,1,1,0,0,25,0,0,0,0,0,4,2,13
,2023-36947,39.72410438,-104.9862514,8/31/2023 12:35,12:35:00,15,0,1, LINCOLN ST & E 5TH AVE,1,1,0,0,1,3,0,0,35,0,0,0,0,2,4,2,13
,2023-36948,39.78363359,-104.7820573,8/31/2023 15:39,15:39:00,12,0,0,E GREEN VALLEY RANCH BLVD & N TELLURIDE ST,1,1,0,0,1,4,0,0,35,0,0,0,0,0,4,2,16
,2023-36955,39.73247038,-104.9888497,9/1/2023 10:20,10:20:00,6,0,0, ACOMA ST & E 10TH AVE,1,1,0,0,1,4,0,0,35,0,0,0,0,0,4,2,1
,2023-36959,39.67865344,-105.0250484,8/30/2023 16:51,16:51:00,15,0,0, FEDERAL BLVD & W EVANS AVE,1,1,0,0,1,3,0,0,30,0,0,0,0,0,2,2,8
,2023-36964,39.78349588,-104.7904832,8/31/2023 14:15,14:15:00,12,0,0,PENA BLVD & GREEN VALLEY RANCH BLVD,1,1,1,0,1,4,0,0,65,0,0,0,0,0,4,2,16
,2023-36976,39.67846028,-104.9402621,8/31/2023 13:00,13:00:00,12,0,0,E EVANS AVE & S COLORADO BLVD,1,1,0,0,1,3,0,0,35,0,0,0,0,0,2,2,14
,2023-36979,39.73675441,-104.9418346,8/30/2023 10:00,10:00:00,15,0,0,E 13TH AVE & N HARRISON ST,1,1,0,0,1,1,0,0,30,0,0,0,0,0,4,2,3
,2023-36981,39.77599475,-104.8827299,8/31/2023 14:25,14:25:00,12,0,0, CENTRAL PARK BLVD & E 40TH AVE,1,1,0,0,1,3,0,0,35,0,0,0,0,0,4,2,3
,2023-36982,39.7400337,-104.9988092,9/1/2023 12:22,12:22:00,3,0,0,W COLFAX AVE & N SPEER BLVD,1,1,0,0,1,1,0,0,35,0,0,0,0,0,2,2,13
,2023-36984,39.78360423,-104.9004612,9/1/2023 12:10,12:10:00,1,0,1, QUEBEC ST & I-270 WB ON RAMP,1,1,0,0,1,1,0,0,40,0,0,0,0,1,2,2,11
,2023-36988,39.78363784,-104.7904896,8/31/2023 18:20,18:20:00,1,0,0,E GREEN VALLEY RANCH BLVD & N PENA BLVD,1,1,0,0,1,1,0,0,35,0,0,0,0,0,4,2,13
,2023-36989,39.76928325,-104.7534304,9/1/2023 12:18,12:18:00,1,0,1,E 38TH AVE & N HIMALAYA RD,1,1,0,0,1,1,0,0,30,0,0,0,0,1,4,2,7
,2023-36990,39.65432315,-104.874189,9/1/2023 8:13,8:13:00,3,0,0,E GIRARD AVE & S DAYTON ST,1,1,0,7,1,2,0,0,25,0,0,0,0,0,4,2,16
,2023-36991,39.7399982,-104.9787542,8/31/2023 22:05,22:05:00,12,0,0,E COLFAX AVE & N WASHINGTON ST,1,3,0,0,1,1,0,0,,0,0,0,0,0,2,3,16
,2023-36992,39.71115945,-104.9863808,8/31/2023 20:52,20:52:00,3,0,0,E ALAMEDA AVE & S LINCOLN ST,1,3,0,7,1,1,0,0,25,0,0,0,0,0,4,2,16
,2023-36993,39.71117504,-105.0384996,8/29/2023 10:35,10:35:00,15,0,0,W ALAMEDA AVE & S OSCEOLA ST,1,1,0,0,1,4,0,0,35,0,0,0,0,0,2,2,11
,2023-36996,39.69655039,-104.8659308,9/1/2023 7:45,7:45:00,12,0,1, HAVANA ST & E MISSISSIPPI AVE,1,1,0,0,1,1,0,0,40,0,0,0,0,1,2,2,1
,2023-37002,39.74020163,-105.0052344,9/1/2023 1:21,1:21:00,3,0,0,W COLFAX AVE & N OSAGE ST,1,3,0,0,1,1,0,0,30,0,0,0,0,0,2,3,3