id,drcog_id,latitude,longitude,crashtime,time,crashtype,numbkilled,numbinjurd,drcoglocat,rdconditin,lightngcon,roadcntgrd,weatherco,location,roaddescrp,schoolzone,constrzone,splimit,bikeinv,pedinv,sctrinv,motoinv,svrty,rdsystem,ttlvehcls,hcf
,2023-37003,39.71803019,-104.9522171,9/1/2023 7:55,7:55:00,1,0,0,E 1ST AVE & N MILWAUKEE ST,1,1,0,7,1,1,0,0,35,0,0,0,0,0,4,2,11
,2023-37011,39.70559881,-104.8903307,8/31/2023 7:19,7:19:00,11,0,0,E FAIRMOUNT DR & S VALENTIA ST,1,1,0,0,1,6,0,0,0,0,0,1,0,0,4,1,16
,2023-37013,39.77296497,-104.8349291,9/1/2023 12:35,12:35:00,12,0,0,I-70 & EB ON RAMP MERGE PT TO I-225,1,1,0,0,1,4,0,0,55,0,0,0,0,0,1,2,13
,2023-37014,39.77985824,-104.9677625,9/1/2023 7:29,7:29:00,12,0,0,I-70 & N BRIGHTON BLVD,1,1,1,0,1,4,0,0,55,0,0,0,0,0,1,2,16
,2023-37015,39.70706739,-104.8853826,9/1/2023 12:40,12:40:00,1,0,1,E ALAMEDA AVE & S XENIA ST,1,1,0,0,1,1,0,0,35,0,0,0,0,2,4,2,13
,2023-37019,39.70386957,-104.986275,9/1/2023 12:39,12:39:00,10,0,0, LINCOLN ST & E EXPOSITION AVE,1,1,0,0,1,1,0,0,30,0,0,0,0,0,4,2,8
,2023-37026,39.84039155,-104.6718307,9/1/2023 6:59,6:59:00,10,0,0,PENA BLVD & SHADY GROVE ST,1,1,0,0,1,3,0,0,45,0,0,0,0,0,4,2,1
,2023-37027,39.73845296,-104.9968899,8/26/2023 14:00,14:00:00,10,0,0, SPEER BLVD & W 14TH AVE,1,1,0,0,1,1,0,0,35,0,0,0,0,0,4,2,11
,2023-37028,39.7364989,-104.9234426,9/1/2023 10:00,10:00:00,15,0,1,E 13TH AVE & N HUDSON ST,1,1,0,0,1,1,0,0,30,0,0,0,0,2,4,2,11
,2023-37029,39.83341357,-104.7718892,9/1/2023 18:54,18:54:00,5,0,0,PENA BLVD & N TOWER RD,1,2,0,0,3,4,0,0,65,0,0,0,0,0,4,1,16
,2023-37031,39.73999096,-104.9848548,9/1/2023 2:09,2:09:00,12,0,0,E COLFAX AVE & N SHERMAN ST,1,3,1,0,1,1,0,0,35,0,0,0,0,0,2,2,16
,2023-37036,39.68434531,-104.9609752,8/31/2023 20:01,20:01:00,5,0,0,I-25 OFF RAMP & S UNIVERSITY BLVD,1,3,1,0,6,1,0,0,35,0,0,0,0,0,1,1,6
,2023-37039,39.79825831,-104.7918271,9/1/2023 16:15,16:15:00,12,0,0,E 56TH AVE & N MEMPHIS ST,1,1,0,0,1,4,0,0,40,0,0,0,0,1,4,2,3
,2023-37040,39.74166722,-104.981089,9/1/2023 12:57,12:57:00,3,0,0, PENNSYLVANIA ST & E 16TH AVE,1,1,0,0,1,1,0,0,25,0,0,0,0,1,4,2,13
,2023-37041,39.74003685,-105.0015736,9/1/2023 14:29,14:29:00,15,0,0,W COLFAX AVE & N LIPAN ST,1,1,0,0,1,1,0,0,30,0,0,0,0,0,2,3,16
,2023-37043,39.69296327,-104.971067,9/1/2023 15:38,15:38:00,12,0,0, LAFAYETTE ST & E LOUISIANA AVE,1,1,0,0,1,1,0,0,35,0,0,0,1,0,4,2,11
,2023-37046,39.7769564,-104.8818117,9/2/2023 7:31,7:31:00,15,0,0,I-70 & N CENTRAL PARK BLVD,1,1,0,0,1,4,0,0,55,0,0,0,0,0,1,2,11
,2023-37051,39.74003635,-104.9835795,9/1/2023 18:56,18:56:00,10,0,1, GRANT ST & E COLFAX AVE,1,1,0,0,1,1,0,0,30,0,0,0,0,1,2,2,3
,2023-37055,39.70766809,-105.0250817,9/2/2023 3:42,3:42:00,5,0,1, FEDERAL BLVD & W VIRGINIA ST,1,3,0,0,3,4,0,0,40,0,0,0,0,2,2,1,13
,2023-37061,39.66750574,-104.8661332,9/2/2023 16:06,16:06:00,12,0,2, HAVANA ST & E YALE AVE,1,1,3,0,1,1,0,0,35,0,0,0,0,2,2,2,13
,2023-37067,39.71102809,-104.9987918,9/2/2023 9:23,9:23:00,15,0,0,I-25 & W ALAMEDA AVE,1,1,1,0,1,4,0,0,55,0,0,0,0,0,1,2,1
,2023-37069,39.78274837,-104.8470138,9/2/2023 0:42,0:42:00,5,0,0,PEORIA ST & E ALBROOK DR,1,3,0,0,3,4,0,0,,0,0,0,0,0,4,1,16
,2023-37070,39.77940195,-104.7683763,9/2/2023 16:02,16:02:00,3,0,2,E 46TH PL & N ARGONNE ST,1,1,0,0,1,1,0,0,25,0,0,0,0,2,4,3,11
,2023-37072,39.71294677,-104.9827908,9/1/2023 6:20,6:20:00,1,0,0,E CEDAR AVE & S LOGAN ST,14,5,3,7,1,1,0,0,30,0,0,0,0,0,4,2,16
,2023-37074,39.75613585,-104.979761,9/1/2023 22:32,22:32:00,3,0,0,27TH ST & STOUT ST,1,3,0,0,1,1,0,0,30,0,0,0,0,0,4,2,11
,2023-37075,39.77282663,-104.7914832,9/1/2023 23:18,23:18:00,3,0,0, RAMPS & E 40TH AVE,1,3,0,0,1,1,0,0,40,0,0,0,0,0,4,2,13
,2023-37076,39.6173661,-105.0913864,9/2/2023 12:58,12:58:00,12,0,2, WADSWORTH BLVD & W CRESTLINE AVE,1,1,0,0,1,4,0,0,45,0,0,0,0,1,2,2,13
,2023-37077,39.73051043,-105.0001694,9/2/2023 14:58,14:58:00,3,0,0, KALAMATH ST & W 9TH AVE,1,1,0,0,1,9,0,0,25,0,0,0,0,0,4,2,13
,2023-37078,39.77872123,-104.9223045,9/2/2023 14:52,14:52:00,3,0,0,E 45TH  DR & N HOLLY ST,1,1,0,0,1,1,0,0,25,0,0,0,0,0,4,2,16
,2023-37079,39.7092263,-104.8891284,8/29/2023 21:06,21:06:00,5,0,0,E ALAMEDA AVE & S FAIRMOUNT DR,1,3,0,0,6,4,0,0,35,0,0,0,0,0,4,1,14
,2023-37080,39.71772746,-105.0042767,9/2/2023 8:38,8:38:00,12,0,1,I-25 & W 6TH AVE FWY,1,1,1,0,1,4,0,0,65,0,0,0,0,2,1,2,16
,2023-37084,39.71986174,-105.0069147,9/2/2023 17:10,17:10:00,12,0,0,I-25 & W 6TH AVE FWY,1,1,0,0,1,4,0,0,60,0,0,0,0,0,1,2,11
,2023-37085,39.63874375,-105.0717538,9/2/2023 2:21,2:21:00,5,0,1,W QUINCY AVE & S SHERIDAN BLVD,1,3,0,0,6,4,0,0,40,0,0,0,0,2,4,2,16
,2023-37088,39.72559987,-104.9407949,7/17/2023 21:08,21:08:00,8,0,0,E 6TH AVE & N COLORADO BLVD,1,3,0,7,1,1,0,0,30,0,0,0,0,0,2,2,16
,2023-37091,39.73678427,-105.0177365,9/2/2023 16:40,16:40:00,2,0,1,W 13TH AVE & N ZUNI ST,1,1,0,0,1,4,0,0,0,1,0,0,0,2,4,1,16
,2023-37092,39.67842552,-104.9508283,9/2/2023 7:49,7:49:00,3,0,2,E EVANS AVE & S ST PAUL ST,1,1,0,0,1,3,0,0,25,0,0,0,0,1,4,3,16
,2023-37093,39.71121283,-104.9129298,9/2/2023 15:37,15:37:00,3,0,1,E ALAMEDA AVE & S MONACO ST,1,1,0,0,1,1,0,0,35,0,0,0,0,2,4,3,7
,2023-37095,39.76780912,-104.9948527,9/2/2023 0:17,0:17:00,5,0,1,PARK AVE W & I-25 NB OFF RAMP,1,3,0,0,3,1,0,0,35,0,0,0,0,1,4,1,13
,2023-37100,39.76738114,-104.9025448,9/1/2023 23:19,23:19:00,1,0,0,E 36TH AVE & N QUEBEC ST,1,3,0,0,1,1,0,0,35,0,0,0,0,0,4,2,8
,2023-37116,39.76230412,-105.0036168,9/2/2023 18:32,18:32:00,9,0,1,I-25 & 20TH ST,1,1,0,0,1,4,0,0,55,0,0,0,0,2,1,1,16
,2023-37119,39.71815416,-105.0326558,9/1/2023 23:41,23:41:00,2,0,1,W 1ST AVE & N KNOX CT,1,3,0,0,1,3,0,0,0,1,0,0,0,3,4,1,16
,2023-37121,39.74006045,-104.9384005,9/2/2023 2:43,2:43:00,5,0,1,E COLFAX AVE & N ASH ST,1,3,0,0,3,1,0,0,35,0,0,0,0,2,2,1,14
,2023-37122,39.74035198,-105.0494707,9/2/2023 11:43,11:43:00,15,0,0,4888 W COLFAX AVE & N XAVIER ST,1,1,0,0,1,4,0,0,35,0,0,0,0,0,2,2,16
,2023-37194,39.68177905,-104.9376578,8/30/2023 14:02,14:02:00,15,0,0,I-25 & S COLORADO BLVD,1,1,1,0,1,4,0,0,60,0,0,0,0,0,1,3,13
,2023-37197,39.78633125,-104.9894981,8/31/2023 7:26,7:26:00,5,0,1,I-25 & W 48TH AVE,1,1,0,0,2,4,0,0,55,0,0,0,1,1,1,2,16
,2023-37256,39.76272322,-104.9293525,7/6/2023 22:38,22:38:00,6,0,0, ELM ST & E THRILL PL,1,3,0,0,1,4,0,0,30,0,0,0,0,0,4,3,1
,2023-37257,39.73999181,-104.9979917,7/8/2023 16:23,16:23:00,15,0,0, SPEER BLVD & W COLFAX AVE,1,1,0,0,1,1,0,0,35,0,0,0,0,0,2,2,11
,2023-37258,39.77547079,-105.0029566,6/27/2023 6:43,6:43:00,6,0,0, MARIPOSA ST & W 43RD AVE,1,2,0,0,1,4,0,0,20,0,0,0,0,0,4,2,16
,2023-37262,39.73069956,-104.9694699,6/20/2023 20:30,20:30:00,6,0,0, HUMBOLDT ST & E 9TH AVE,1,1,0,0,1,4,0,0,20,0,0,0,0,0,4,2,3
,2023-37264,39.78184759,-104.9786513,9/4/2023 14:41,14:41:00,12,0,0,E 47TH AVE & N WASHINGTON ST,1,1,0,0,1,1,0,0,30,0,0,0,0,0,4,2,13
,2023-37275,39.69586428,-104.9812706,8/24/2023 21:26,21:26:00,5,0,0,I-25 & MM 206.5,1,3,0,0,1,4,0,0,55,0,0,0,0,0,1,4,16
,2023-37280,39.740952,-104.9787388,8/12/2023 12:15,12:15:00,16,0,0,1566  WASHINGTON ST & E 16TH AVE ,1,1,0,0,5,7,0,0,,0,0,0,0,0,3,2,11
,2023-37281,39.68753874,-105.0273817,8/18/2023 2:02,2:02:00,5,0,0,1610  HAZEL CT & W IOWA AVE,1,3,1,0,5,10,0,0,25,0,0,0,0,0,3,1,11
,2023-37283,39.77676266,-104.9034201,8/31/2023 20:12,20:12:00,15,0,0, NORTHFIELD QUEBEC ST & I-70,1,3,0,0,1,4,0,0,40,0,0,0,0,0,2,2,11
,2023-37285,39.72400036,-105.0532653,8/30/2023 21:41,21:41:00,12,0,0, SHERIDAN BLVD & W 5TH AVE,1,3,0,0,1,3,0,0,,0,0,0,0,0,2,2,16
,2023-37287,39.77292322,-104.8658265,7/21/2023 15:04,15:04:00,12,0,0,E 40TH AVE & N HAVANA ST,1,1,0,0,1,1,0,0,,0,0,0,0,0,4,2,16
,2023-37289,39.73726456,-104.8987475,9/3/2023 19:40,19:40:00,3,0,0, SYRACUSE ST & E 13TH AVE,11,3,0,1,1,1,0,0,30,0,0,0,0,0,4,2,11
,2023-37290,39.69566818,-104.9035147,9/4/2023 16:20,16:20:00,3,0,0, QUEBEC ST & E MISSISSIPPI AVE,1,1,0,0,1,3,0,0,35,0,0,0,0,0,4,2,16
,2023-37294,39.76182251,-104.9105843,9/4/2023 6:47,6:47:00,5,0,1,E MLK BLVD & N NIAGARA ST,1,1,0,0,6,1,0,0,30,0,0,0,0,2,4,1,16
,2023-37295,39.75515727,-105.0126841,9/1/2023 13:46,13:46:00,12,0,1,I-25 & N SPEER BLVD,1,1,1,0,1,4,0,0,55,0,0,0,0,1,1,2,3
,2023-37297,39.69664787,-104.9407278,9/2/2023 2:21,2:21:00,12,0,0, COLORADO BLVD & E MISSISSIPPI AVE,1,3,0,0,1,3,0,0,40,0,0,0,0,0,2,2,16
,2023-37298,39.71873648,-104.9734034,9/4/2023 0:20,0:20:00,5,0,0,E SPEER BLVD & N DOWNING ST,1,3,0,0,2,4,0,0,35,0,0,0,0,0,4,1,1
,2023-37299,39.74027679,-105.0311306,9/3/2023 12:23,12:23:00,5,0,0,W COLFAX AVE & N JULIAN ST,1,1,0,0,3,1,0,0,30,0,0,0,0,0,2,1,1
,2023-37302,39.68224725,-105.0531976,9/3/2023 15:02,15:02:00,12,0,1, SHERIDAN BLVD & W JEWELL AVE,11,1,1,1,1,3,0,0,40,0,0,0,0,2,2,2,13
,2023-37304,39.65428027,-105.0531192,9/2/2023 9:26,9:26:00,12,0,0, SHERIDAN BLVD & W HAMPDEN AVE WB RAMPS,1,1,0,0,1,4,0,0,35,0,0,0,0,0,2,2,13
,2023-37306,39.78375443,-104.9592549,9/3/2023 18:47,18:47:00,3,0,1, YORK ST & E 48TH AVE,1,3,0,0,1,1,0,0,30,0,0,0,0,2,4,2,13
,2023-37308,39.76404541,-105.0346178,8/28/2023 15:49,15:49:00,12,0,1, LOWELL BLVD & W 33RD AVE,1,1,0,0,1,4,0,0,,0,0,0,0,1,4,2,16
,2023-37310,39.72562154,-104.983619,8/9/2023 12:35,12:35:00,3,0,1, GRANT ST & E 6TH AVE,1,1,1,0,1,1,0,0,30,0,0,0,0,1,4,2,16
,2023-37312,39.73975886,-105.0141714,9/1/2023 15:08,15:08:00,15,0,0,I-25 & W COLFAX AVE,1,1,0,0,1,4,0,0,55,0,0,0,0,0,1,2,13
,2023-37315,39.73829474,-104.9257929,9/1/2023 15:20,15:20:00,10,0,0,E 14TH AVE & N GLENCOE ST,1,1,0,0,1,1,0,0,30,0,0,0,0,0,4,2,13
,2023-37317,39.69294209,-104.9405601,8/31/2023 17:30,17:30:00,3,0,0,E LOUISIANA AVE & S COLORADO BLVD,1,1,0,0,1,1,0,0,30,0,0,0,0,0,2,2,13
,2023-37319,39.68591083,-105.0250216,9/3/2023 8:56,8:56:00,12,0,0, FEDERAL BLVD & W MEXICO AVE,1,1,0,0,1,4,0,0,40,0,0,0,0,0,2,2,7
,2023-37320,39.81823802,-104.7720202,9/2/2023 23:00,23:00:00,1,0,0, TOWER RD & E 67TH AVE,1,3,0,0,1,1,0,0,45,0,0,0,0,0,4,2,8
,2023-37322,39.72741933,-104.983621,9/4/2023 16:36,16:36:00,6,0,0,GRANT ST & E 7TH AVE,1,1,0,0,1,4,0,0,30,0,0,0,0,0,4,2,16
,2023-37323,39.77426405,-104.847035,9/3/2023 18:00,18:00:00,12,0,0,I-70 & N PEORIA ST,11,1,0,1,1,4,0,0,55,0,0,0,0,0,1,3,3
,2023-37324,39.73039958,-104.9811275,9/2/2023 23:47,23:47:00,16,0,1, PENNSYLVANIA ST & E 9TH AVE,1,3,1,0,5,8,0,0,15,0,0,0,0,1,3,1,16
,2023-37325,39.73345474,-104.959807,9/2/2023 14:15,14:15:00,3,0,0,E 11TH AVE & N YORK ST,1,1,0,0,1,1,0,0,25,0,0,0,0,0,4,2,13
,2023-37326,39.74011838,-105.0532102,8/31/2023 7:47,7:47:00,12,0,0, SHERIDAN BLVD & W COLFAX AVE,1,1,0,0,1,3,0,0,35,0,0,0,0,0,2,2,3
,2023-37327,39.67860591,-105.0277825,9/3/2023 23:02,23:02:00,6,0,1,W EVANS AVE & S HAZEL CT,1,3,0,0,1,4,0,0,25,0,0,0,0,1,4,2,1
,2023-37332,39.70607151,-104.9407949,9/4/2023 6:54,6:54:00,1,0,0,E CHERRY CREEK  DR & S COLORADO BLVD,1,1,0,0,1,1,0,0,35,0,0,0,0,0,2,2,11
,2023-37333,39.75971186,-105.0063237,9/4/2023 11:27,11:27:00,15,0,2,I-25 & 20TH ST,1,1,0,0,1,4,0,0,55,0,0,0,0,2,1,2,1
,2023-37334,39.7400852,-104.8905627,9/4/2023 19:00,19:00:00,1,0,0,E COLFAX AVE & VERBENA ST,1,1,0,0,1,1,0,0,30,0,0,0,0,0,2,3,13
,2023-37337,39.65165932,-104.9174966,7/24/2023 18:30,18:30:00,15,0,0,I-25 & E HAMPDEN AVE,1,1,0,0,1,4,0,0,65,0,0,0,0,0,1,2,16
,2023-37338,39.75527208,-104.993087,9/3/2023 21:45,21:45:00,15,0,0,BLAKE ST & 21ST ST,1,3,0,0,1,4,0,0,25,0,0,0,0,0,4,2,16
,2023-37339,39.72483986,-104.9862563,8/31/2023 14:40,14:40:00,15,0,0, LINCOLN ST & E 5TH AVE,1,1,0,0,1,4,0,0,35,0,0,0,0,0,4,2,13
,2023-37341,39.74028219,-105.0125096,9/3/2023 1:10,1:10:00,12,0,0,I-25 NB OFF RAMP & W COLFAX AVE,1,3,0,0,1,1,0,0,40,0,0,0,0,0,2,2,7
,2023-37342,39.75072548,-104.9716276,9/3/2023 7:11,7:11:00,6,0,0,E 23RD AVE & N MARION ST,1,1,0,0,1,4,0,0,25,0,0,0,0,0,4,3,16
,2023-37343,39.75579872,-105.0121864,8/17/2023 10:24,10:24:00,12,0,0,I-25 & N SPEER BLVD,1,1,0,0,1,4,0,0,55,0,0,0,0,0,1,3,13
,2023-37355,39.78911939,-104.7344216,9/4/2023 11:39,11:39:00,1,0,1, PICADILLY RD & E 51ST PL,1,1,0,0,1,1,0,0,35,0,0,0,0,2,4,2,16
,2023-37358,39.74347377,-104.9861155,8/28/2023 8:30,8:30:00,6,0,0, LINCOLN ST & E 17TH AVE,1,1,0,0,1,4,0,0,30,0,0,0,0,0,4,2,10
,2023-37359,39.72551131,-105.0130774,9/3/2023 10:15,10:15:00,12,0,0,I-25 & W 6TH AVE,1,1,0,0,1,4,0,0,55,0,0,0,0,0,1,2,16
,2023-37363,39.68469111,-104.951067,9/3/2023 15:35,15:35:00,12,0,2,I-25 & S STEELE ST,1,1,0,0,1,4,0,0,60,0,0,0,0,1,1,3,13
,2023-37364,39.7400416,-104.9835907,7/29/2023 0:48,0:48:00,3,0,0,E COLFAX AVE & N GRANT ST,1,3,0,0,1,1,0,0,35,0,0,0,0,0,2,2,13
,2023-37366,39.67873584,-104.9338758,9/4/2023 12:06,12:06:00,5,0,1,I-25 & NB OFF RAMP GORE PT TO COLORADO BLVD,1,1,0,0,3,8,0,0,55,0,0,0,0,3,1,1,14
,2023-37367,39.79837588,-104.7863785,9/4/2023 8:00,8:00:00,12,0,0,PENA BLVD & E 56TH AVE,1,1,0,0,1,4,0,0,65,0,0,0,0,0,4,2,13
,2023-37368,39.70041901,-105.0250845,9/2/2023 10:08,10:08:00,3,0,1, FEDERAL BLVD & W KENTUCKY AVE,1,1,0,0,1,1,0,0,35,0,0,0,0,1,2,2,13
,2023-37370,39.78363784,-104.7904896,9/4/2023 0:20,0:20:00,12,0,3,E GREEN VALLEY RANCH BLVD & PENA BLVD,1,3,0,0,1,8,0,0,15,0,0,0,0,2,4,2,11
,2023-37373,39.72944415,-105.0015902,9/3/2023 18:39,18:39:00,6,0,1, LIPAN ST & W 8TH AVE,1,1,0,0,1,4,0,0,0,0,0,1,0,3,4,1,16
,2023-37374,39.73216179,-105.0155895,9/3/2023 0:48,0:48:00,5,0,1,I-25 & W 8TH AVE,1,3,0,0,2,4,0,0,55,0,0,0,0,3,1,2,16
,2023-37375,39.7530218,-105.0405133,9/3/2023 5:34,5:34:00,5,0,1,W BYRON PL & N QUITMAN ST,1,2,0,7,3,12,0,0,25,0,0,0,0,2,4,1,16
,2023-37376,39.7293216,-105.0148226,9/4/2023 0:39,0:39:00,5,0,0,I-25 & W 8TH AVE,1,3,0,0,1,4,0,0,55,0,0,0,0,0,1,3,13
,2023-37377,39.75634088,-105.0114023,9/3/2023 17:25,17:25:00,12,0,0,I-25 & N SPEER BLVD,11,1,0,0,1,4,0,0,55,0,0,0,0,0,1,2,1
,2023-37380,39.74998526,-104.969651,9/4/2023 10:00,10:00:00,6,0,0,1871  DOWNING ST,1,3,3,0,5,7,0,0,,0,0,0,0,0,3,2,16
,2023-37384,39.69566818,-104.9035147,9/3/2023 12:08,12:08:00,1,0,1, QUEBEC ST & E MISSISSIPPI AVE,1,1,0,0,1,1,0,0,35,0,0,0,0,1,4,2,16
,2023-37385,39.77786783,-104.835615,8/17/2023 21:42,21:42:00,12,0,0,E ALBROOK DR & N ATCHISON WY,1,3,0,0,1,1,0,0,25,0,0,0,0,0,4,2,13
,2023-37387,39.7293216,-105.0148226,9/4/2023 12:19,12:19:00,12,0,1,I-25 & W 8TH AVE,1,1,0,0,1,4,0,0,55,0,0,0,0,1,1,2,13
,2023-37388,39.73237307,-104.9861279,9/3/2023 8:15,8:15:00,6,0,0, LINCOLN ST & E 10TH AVE,1,1,1,0,1,4,0,0,30,0,0,0,0,0,4,2,16
,2023-37390,39.73289129,-104.9597973,9/2/2023 13:12,13:12:00,10,0,0, YORK ST & E 11TH AVE,1,1,0,0,1,2,0,0,30,0,0,0,0,0,4,2,13
,2023-37392,39.72539742,-105.0531452,9/4/2023 2:04,2:04:00,1,0,0,W 6TH AVE EB RAMPS & N SHERIDAN BLVD,1,3,0,0,1,1,0,0,40,0,0,0,0,0,2,3,16
,2023-37397,39.77781274,-104.8241298,9/1/2023 23:17,23:17:00,6,0,1,14571 E ANDREWS DR & N DURHAM CT,1,3,0,0,1,4,0,0,,0,0,0,0,2,4,2,10
,2023-37400,39.78744608,-105.0345704,9/2/2023 2:16,2:16:00,5,0,0,W 50TH AVE & N LOWELL BLVD,1,3,0,0,3,4,0,0,35,0,0,0,0,0,4,1,16
,2023-37403,39.7398436,-105.0138974,9/1/2023 6:07,6:07:00,15,0,0,I-25 & W COLFAX AVE,1,3,1,0,1,4,0,0,,0,0,0,0,0,1,2,16
,2023-37411,39.73681149,-104.9597964,9/3/2023 18:17,18:17:00,3,0,0,E 13TH AVE & N YORK ST,11,1,0,0,1,1,0,0,30,0,0,0,0,1,4,2,3
,2023-37461,39.77851616,-104.902412,9/5/2023 7:20,7:20:00,12,0,1,I-70 & NORTHFIELD QUEBEC ST,1,1,0,0,1,13,0,0,55,0,0,0,0,2,1,3,13
,2023-37462,39.7437585,-104.9407925,8/3/2023 15:00,15:00:00,12,0,0,E 17TH AVE & N COLORADO BLVD,1,1,0,0,1,1,0,0,30,0,0,0,0,0,2,2,3
,2023-37464,39.66763164,-104.9128858,9/4/2023 10:27,10:27:00,1,0,2,E YALE AVE & S MONACO ST,1,1,0,0,1,1,0,0,30,0,0,0,0,1,4,2,11
,2023-37467,39.77871091,-104.9222931,9/4/2023 12:42,12:42:00,3,0,0, HOLLY ST & E 45TH AVE,1,1,0,0,1,1,0,0,30,0,0,0,0,0,4,2,13
,2023-37473,39.71115754,-105.0348833,9/1/2023 13:21,13:21:00,3,0,0, LOWELL BLVD & W ALAMEDA AVE,1,1,0,0,1,1,0,0,30,0,0,0,0,0,2,2,11
,2023-37474,39.65303398,-104.9091113,9/5/2023 1:34,1:34:00,12,0,0,E HAMPDEN AVE & S ONEIDA WY,1,3,0,0,1,3,0,0,40,0,0,0,0,0,2,3,2
,2023-37478,39.75381293,-104.9845078,9/4/2023 11:09,11:09:00,12,0,0,CHAMPA ST & 24TH ST,1,1,0,0,1,4,0,0,25,0,0,0,0,0,4,2,3
,2023-37482,39.62417805,-105.0912895,9/4/2023 17:30,17:30:00,12,0,0, WADSWORTH BLVD & W BELLEVIEW AVE,1,1,0,0,1,3,0,0,45,0,0,0,0,0,2,2,16
,2023-37486,39.68893102,-104.9711724,8/31/2023 16:45,16:45:00,12,0,0,I-25 & S DOWNING ST,1,1,0,0,1,4,0,0,60,0,0,0,0,0,1,2,13
,2023-37488,39.76567383,-105.0299389,8/29/2023 7:50,7:50:00,12,0,1, IRVING ST & W 35TH AVE,1,1,0,0,1,3,0,0,30,0,0,0,0,1,4,3,1
,2023-37497,39.6827966,-104.9594255,9/5/2023 8:44,8:44:00,10,0,1, UNIVERSITY BLVD & E BUCHTEL BLVD,1,1,0,0,1,1,0,0,,0,0,0,0,1,4,2,16
,2023-37502,39.71657574,-104.9875017,9/5/2023 8:26,8:26:00,1,0,0,E ELLSWORTH AVE & N BROADWAY ST,1,1,0,0,1,1,0,0,30,0,0,0,0,0,4,2,11
,2023-37503,39.69129531,-105.0015699,9/5/2023 7:45,7:45:00,2,0,1,W ARKANSAS AVE & S LIPAN ST,1,1,1,0,1,1,0,0,0,1,0,0,0,1,4,1,16
,2023-37505,39.74020482,-105.0052482,9/5/2023 9:16,9:16:00,1,0,0,W COLFAX AVE & 7TH ST,1,1,0,0,1,1,0,0,30,0,0,0,0,0,2,2,13
,2023-37510,39.72567867,-104.9941712,9/4/2023 23:46,23:46:00,5,0,0,W 6TH AVE & N ELATI ST,1,3,0,0,2,4,0,0,35,0,0,0,0,0,4,2,16
,2023-37511,39.7560424,-105.0221235,9/1/2023 11:01,11:01:00,6,0,0,W 27TH AVE & N DECATUR ST,1,1,0,0,1,2,0,0,25,0,0,0,0,0,4,2,16
,2023-37514,39.73044133,-104.9752636,9/1/2023 9:37,9:37:00,3,0,0, OGDEN ST & E 9TH AVE,1,1,0,0,1,1,0,0,20,0,0,0,0,0,4,2,11
,2023-37519,39.72564683,-104.9862729,9/4/2023 20:44,20:44:00,10,0,0,E 6TH AVE & N LINCOLN ST,1,3,0,0,1,1,0,0,35,0,0,0,0,0,4,2,3
,2023-37522,39.68939095,-104.9920504,9/1/2023 6:56,6:56:00,9,0,0,W FLORIDA AVE & S SANTA FE DR,1,1,0,0,1,1,0,0,35,0,0,0,0,0,2,1,14
,2023-37527,39.67848671,-104.9985144,9/5/2023 17:16,17:16:00,1,0,1, PLATTE RIVER DR & W EVANS AVE,14,5,3,7,1,1,0,0,35,0,0,0,0,2,4,2,13
,2023-37536,39.79206687,-104.8220958,9/4/2023 8:35,8:35:00,6,0,0,5471 CHANDLER WAY,1,1,0,0,1,4,0,0,,0,0,0,0,0,4,2,16
,2023-37539,39.63406616,-105.1099008,8/31/2023 10:54,10:54:00,12,0,1, KIPLING ST & W STANFORD AVE,1,1,1,0,1,3,0,0,40,0,0,0,0,2,4,2,3
,2023-37540,39.78047808,-104.9573212,9/5/2023 7:55,7:55:00,12,0,0,I-70 & N JOSPEHINE ST,1,1,0,7,1,4,0,0,65,0,0,0,0,0,1,2,11
,2023-37541,39.72571169,-105.0438143,9/5/2023 0:19,0:19:00,12,0,1,W 6TH AVE & N SHERIDAN BLVD,1,4,1,0,1,4,0,0,55,0,0,0,0,2,2,2,11
,2023-37542,39.68837482,-104.9875071,9/5/2023 6:54,6:54:00,12,0,0, BROADWAY & E IOWA AVE,1,1,0,0,1,4,0,0,35,0,0,0,0,0,4,2,3
,2023-37543,39.74368579,-105.0252094,9/5/2023 7:55,7:55:00,12,0,0, FEDERAL BLVD & W 17TH AVE,1,1,0,0,1,3,0,0,35,0,0,0,0,0,2,2,16
,2023-37544,39.73111397,-104.9752609,9/1/2023 10:30,10:30:00,6,0,0,OGDEN ST & E 9TH AVE,1,1,0,0,1,4,0,0,20,0,0,0,0,0,4,2,16
,2023-37545,39.78348928,-105.0118118,9/5/2023 7:10,7:10:00,12,0,0,I-70 & N PECOS ST,1,1,1,0,1,4,0,0,55,0,0,0,0,0,1,4,3
,2023-37547,39.79810769,-104.8359806,9/5/2023 14:53,14:53:00,12,0,0,E 56TH AVE & N UVALDA ST,1,1,0,0,1,4,0,1,40,0,0,0,0,1,4,3,7
,2023-37556,39.72026141,-105.0250543,9/4/2023 13:31,13:31:00,12,0,1, FEDERAL BLVD & W 2ND AVE,1,1,0,0,1,3,0,0,35,0,0,0,0,2,2,2,16
,2023-37557,39.71472896,-104.9733924,9/5/2023 14:02,14:02:00,1,0,0, DOWNING ST & E BAYAUD AVE,1,1,0,0,1,1,0,0,30,0,0,0,0,0,4,2,11
,2023-37566,39.71741582,-105.0493947,8/28/2023 15:58,15:58:00,8,0,1,XAVIER ST & W ELLSWORTH AVE,1,1,1,0,6,4,0,0,25,0,0,0,0,2,4,3,16