id,drcog_id,latitude,longitude,crashtime,time,crashtype,numbkilled,numbinjurd,drcoglocat,rdconditin,lightngcon,roadcntgrd,weatherco,location,roaddescrp,schoolzone,constrzone,splimit,bikeinv,pedinv,sctrinv,motoinv,svrty,rdsystem,ttlvehcls,hcf
,2023-37571,39.71114921,-104.9827836,8/31/2023 13:20,13:20:00,15,0,0, LOGAN ST & E ALAMEDA AVE,1,1,0,0,1,1,0,0,25,0,0,0,0,0,4,2,3
,2023-37572,39.75629482,-105.0158354,8/28/2023 21:48,21:48:00,12,0,0, ZUNI ST & N SPEER BLVD,1,1,0,0,1,1,0,0,35,0,0,0,0,0,4,2,16
,2023-37573,39.76540043,-104.9026146,8/26/2023 16:29,16:29:00,3,0,0,E 35TH AVE & N QUEBEC ST,1,1,0,0,1,1,0,0,25,0,0,0,0,0,4,3,16
,2023-37576,39.77672984,-104.8099026,8/31/2023 13:55,13:55:00,12,0,1, CHAMBERS RD & E 46TH AVE,1,1,0,0,1,4,0,0,40,0,0,0,0,1,4,3,16
,2023-37577,39.78237909,-104.8470104,9/4/2023 10:25,10:25:00,3,0,0, PEORIA ST & ALBROOK DR,1,1,0,0,1,2,0,0,35,0,0,0,0,0,4,2,1
,2023-37578,39.71118634,-105.0145187,9/4/2023 21:59,21:59:00,3,0,1, YUMA ST & W ALAMEDA AVE,1,3,0,0,1,1,0,0,,0,0,0,0,2,2,2,16
,2023-37579,39.77317693,-104.8079426,9/5/2023 9:22,9:22:00,10,0,0,E 40TH AVE & E ANDREWS DR,1,1,0,0,1,2,0,0,15,0,0,0,0,0,4,2,16
,2023-37581,39.82093713,-104.6654694,9/5/2023 16:03,16:03:00,16,0,0,6975  VALLEYHEAD ST & **ROW C 25**,1,1,0,0,5,1,0,0,15,0,0,0,0,0,3,4,7
,2023-37582,39.74025822,-105.0113536,8/30/2023 10:55,10:55:00,12,0,0,W COLFAX AVE & N OSAGE ST,1,1,1,0,1,4,0,0,35,0,0,0,0,0,2,2,1
,2023-37583,39.65307542,-104.8987358,9/5/2023 16:56,16:56:00,1,0,1,E HAMPDEN AVE & S TAMARAC DR,1,1,1,0,1,1,0,0,45,0,0,0,0,2,2,2,11
,2023-37584,39.76005544,-104.8659369,9/5/2023 8:05,8:05:00,12,0,0,E MLK BLVD & N HAVANA ST,1,1,0,0,1,1,0,0,30,0,0,0,0,0,4,2,14
,2023-37585,39.72565107,-104.9888895,8/31/2023 17:19,17:19:00,2,0,1,W 6TH AVE & N ACOMA ST,1,1,0,0,1,1,0,0,0,1,0,0,0,3,4,1,16
,2023-37586,39.76182315,-105.0040801,9/5/2023 0:35,0:35:00,6,0,0,I-25 & 20TH ST,1,3,0,0,1,4,0,0,55,0,0,0,0,0,1,2,16
,2023-37588,39.79629423,-104.8471653,9/5/2023 16:01,16:01:00,3,0,0,E 55TH AVE & N PEORIA ST,1,1,0,0,1,1,0,0,35,0,0,0,0,0,4,2,11
,2023-37589,39.7828876,-104.9783754,9/5/2023 11:33,11:33:00,15,0,0, WASHINGTON ST & E ELK PL,1,1,0,0,1,1,0,0,35,0,0,0,0,0,4,2,13
,2023-37591,39.69391291,-104.9790486,9/5/2023 8:32,8:32:00,12,0,1,I-25 & S WASHINGTON ST,1,1,0,0,1,4,0,0,55,0,0,0,0,1,1,2,16
,2023-37593,39.68209534,-104.931666,9/1/2023 11:58,11:58:00,11,0,1, DAHLIA ST & E JEWELL AVE,1,1,0,0,1,1,0,0,0,0,0,1,0,2,4,1,16
,2023-37595,39.68279347,-104.9401078,9/5/2023 15:22,15:22:00,12,0,0,I-25 & S COLORADO BLVD,1,1,0,0,1,4,0,0,60,0,0,0,0,0,1,3,1
,2023-37598,39.74315532,-104.9810846,9/1/2023 7:51,7:51:00,11,0,1, PENNSYLVANIA AVE & E 17TH AVE,1,1,0,0,1,1,0,0,25,1,0,0,0,3,4,1,11
,2023-37599,39.74175209,-104.9672204,8/31/2023 22:58,22:58:00,10,0,0,GILPIN ST & E 16TH AVE,1,3,0,0,1,2,0,0,30,0,0,0,0,0,4,2,14
,2023-37600,39.77666444,-104.8449688,9/5/2023 7:20,7:20:00,3,0,0,E 44TH AVE & N QUENTIN ST,1,1,0,0,1,1,0,0,30,0,0,0,0,0,4,2,11
,2023-37601,39.71118407,-105.0039099,9/5/2023 17:27,17:27:00,1,0,3,W ALAMEDA AVE & S NAVAJO ST,1,1,0,0,1,3,0,0,35,0,0,0,0,2,2,2,7
,2023-37605,39.74002555,-104.9823271,8/30/2023 20:28,20:28:00,11,0,1, LOGAN ST & E COLFAX AVE,1,3,0,0,1,1,0,0,0,0,1,0,0,2,2,1,16
,2023-37706,39.74823647,-104.9864625,9/6/2023 13:00,13:00:00,3,0,0,20TH ST & WELTON ST,1,1,0,0,1,1,0,0,35,0,0,0,0,0,4,2,8
,2023-37708,39.79041244,-104.9688581,9/6/2023 17:39,17:39:00,10,0,0, RACE CT & N NATIONAL WESTERN DR,1,1,0,0,1,2,0,0,25,0,0,0,0,0,4,2,1
,2023-37709,39.78011607,-104.7826692,9/6/2023 8:10,8:10:00,10,0,0, TELLURIDE ST & E 45TH AVE,1,1,0,0,1,4,0,0,30,0,0,0,0,0,4,2,11
,2023-37712,39.76970863,-104.9796299,9/3/2023 20:18,20:18:00,6,0,0,32ND ST & N BRIGHTON BLVD,1,4,0,0,5,4,0,0,,0,0,0,0,0,3,2,16
,2023-37714,39.73163052,-104.9902577,9/5/2023 15:00,15:00:00,10,0,0, BANNOCK ST & W 10TH AVE,1,1,0,0,1,2,0,0,35,0,0,0,0,0,4,2,11
,2023-37716,39.70034753,-105.0344407,9/5/2023 16:30,16:30:00,3,0,0,W KENTUCKY AVE & S LOWELL BLVD,1,1,0,0,1,1,0,0,25,0,0,0,0,0,4,2,3
,2023-37717,39.76031932,-105.0439941,9/6/2023 7:53,7:53:00,3,0,0,W 30TH AVE & N TENNYSON ST,1,1,1,0,1,1,0,0,25,0,0,0,0,0,4,2,11
,2023-37723,39.73367562,-104.9775996,9/5/2023 15:56,15:56:00,3,0,1,E 11TH AVE & N CLARKSON ST,1,1,0,0,1,1,0,0,25,0,0,0,0,2,4,2,8
,2023-37731,39.69128932,-105.0390476,9/6/2023 8:00,8:00:00,3,0,0,W ARKANSAS AVE & S PATTON CT,1,1,0,0,1,1,0,0,20,0,0,0,0,0,4,2,13
,2023-37732,39.67846175,-104.9366939,9/6/2023 7:56,7:56:00,10,0,0, BIRCH ST & E EVANS AVE,1,1,0,0,1,1,0,0,35,0,0,0,0,0,4,2,11
,2023-37733,39.73385867,-104.9935094,9/6/2023 6:29,6:29:00,15,0,0, SPEER BLVD & W 11TH AVE,1,1,0,0,1,1,0,0,35,0,0,0,0,0,4,2,8
,2023-37735,39.83692968,-104.6719103,8/21/2023 12:20,12:20:00,15,0,1,PENA CIR,1,1,1,0,1,4,0,0,65,0,0,0,1,2,4,2,14
,2023-37737,39.76821212,-104.9746137,8/24/2023 23:59,23:59:00,6,0,0,WALNUT ST & 35TH ST,1,3,0,0,1,4,0,0,,0,0,0,0,0,4,3,16
,2023-37738,39.67490759,-104.9851888,9/6/2023 14:43,14:43:00,3,0,1, SHERMAN ST & E ILIFF AVE,1,1,1,0,1,1,0,0,0,0,0,1,0,2,4,1,16
,2023-37739,39.77573311,-104.8649021,9/5/2023 22:30,22:30:00,9,0,1,I-70 & N HAVANA ST,1,3,0,0,1,13,0,0,55,0,0,0,1,1,1,1,7
,2023-37744,39.72543662,-105.0533057,9/6/2023 6:58,6:58:00,15,0,0, SHERIDAN BLVD & W 6TH AVE EB RAMPS,1,1,0,0,1,1,0,0,35,0,0,0,0,0,2,2,13
,2023-37751,39.71657574,-104.9875017,9/4/2023 21:59,21:59:00,3,0,0,BROADWAY & E ELLSWORTH AVE,1,3,0,0,1,1,0,0,35,0,0,0,0,0,4,2,1
,2023-37757,39.78166548,-104.901882,9/6/2023 16:20,16:20:00,12,0,0, NORTHFIELD QUEBEC ST & N SAND CREEK RD,1,1,0,0,1,3,0,0,40,0,0,0,0,0,2,2,13
,2023-37758,39.73600867,-104.9551242,9/6/2023 11:52,11:52:00,3,0,0, CLAYTON ST & E 13TH AVE,1,1,0,0,1,2,0,0,20,0,0,0,0,0,4,2,16
,2023-37762,39.73227348,-104.9798367,7/15/2023 16:35,16:35:00,6,0,0, PEARL ST & E 10TH AVE,1,1,0,0,1,4,0,0,,0,0,0,0,0,4,2,16
,2023-37764,39.76571612,-105.0252989,9/6/2023 7:03,7:03:00,12,0,0, FEDERAL BLVD & E 35TH AVE,1,1,0,0,1,3,0,0,35,0,0,0,0,0,2,2,3
,2023-37765,39.71647492,-104.9036985,9/6/2023 9:09,9:09:00,5,0,0,QUEBEC ST & E LOWRY BLVD,1,1,0,0,3,4,0,0,35,0,0,0,0,0,4,1,14
,2023-37766,39.71083198,-105.0275383,8/4/2023 18:47,18:47:00,2,0,1, HAZEL CT & W ALAMEDA AVE,1,1,0,0,1,9,0,0,0,1,0,0,0,3,4,1,16
,2023-37767,39.83955348,-104.6760953,9/6/2023 8:03,8:03:00,15,0,0,8300 PENA BLVD,1,1,0,0,1,4,0,0,45,0,0,0,0,0,4,2,13
,2023-37768,39.75481059,-105.0162327,9/5/2023 13:56,13:56:00,12,0,0,W 26TH AVE & N ZUNI ST,1,1,1,0,1,4,0,0,30,0,0,0,0,0,4,2,13
,2023-37769,39.77796555,-104.7662641,9/3/2023 2:56,2:56:00,6,0,0,E 45TH AVE & N BISCAY ST,1,3,0,0,1,4,0,0,35,0,0,0,0,0,4,3,16
,2023-37771,39.79090168,-104.941674,8/28/2023 10:54,10:54:00,12,0,1, VASQUEZ BLVD & E 52ND AVE,1,1,0,0,1,1,0,0,,0,0,0,0,1,4,3,16
,2023-37776,39.66763906,-104.9128803,9/5/2023 16:00,16:00:00,12,0,0, MONACO ST & E YALE AVE,1,1,0,0,1,1,0,0,30,0,0,0,0,0,4,2,3
,2023-37778,39.72909456,-104.9873924,9/5/2023 20:40,20:40:00,15,0,0,W 8TH AVE & N BROADWAY ST,1,3,0,0,1,1,0,0,30,0,0,0,0,0,4,2,16
,2023-37780,39.75616098,-105.0096629,9/6/2023 10:57,10:57:00,12,0,0,PLATTE ST & 15TH ST,1,1,0,0,1,4,0,0,30,0,0,0,0,0,4,2,13
,2023-37784,39.72427751,-105.0175046,9/5/2023 5:23,5:23:00,5,0,0, ALCOTT ST & W 5TH AVE,1,3,0,0,2,4,0,0,25,0,0,0,0,0,4,1,16
,2023-37790,39.73287259,-104.9020515,9/6/2023 8:11,8:11:00,3,0,1,E 11TH AVE & N QUINCE ST,1,1,0,0,1,1,0,0,30,0,0,0,0,2,4,2,10
,2023-37792,39.69312301,-105.0250363,9/5/2023 15:30,15:30:00,10,0,0, FEDERAL BLVD & W LOUISIANA AVE,1,1,0,0,1,1,0,0,35,0,0,0,0,0,2,2,3
,2023-37795,39.7400086,-104.9900074,8/11/2023 23:30,23:30:00,16,0,0,1320 GLENARM PL,1,3,0,0,5,7,0,0,,0,0,1,0,0,3,1,16
,2023-37796,39.77694092,-104.8789303,9/5/2023 7:40,7:40:00,15,0,4,I-70 & N CENTRAL PARK,1,1,0,0,1,13,0,0,55,0,0,0,0,3,1,3,16
,2023-37797,39.71819748,-104.9732429,9/5/2023 14:30,14:30:00,12,0,0,E SPEER BLVD & N DOWNING ST,1,1,0,0,1,1,0,0,30,0,0,0,0,0,4,2,3
,2023-37800,39.70395737,-105.0250878,9/6/2023 15:34,15:34:00,12,0,0, FEDERAL BLVD & W EXPOSITION AVE,1,1,0,0,1,4,0,0,35,0,0,0,0,0,2,2,13
,2023-37801,39.78383162,-105.0064365,9/6/2023 14:07,14:07:00,15,0,0, PECOS ST & W 48TH AVE,1,1,0,0,1,6,0,0,20,0,0,0,0,0,4,2,13
,2023-37802,39.74009142,-104.9587921,9/5/2023 9:20,9:20:00,12,0,0, JOSEPHINE ST & E COLFAX AVE,1,1,0,0,1,1,0,0,25,0,0,0,0,0,2,3,3
,2023-37805,39.78360423,-104.9004612,5/19/2023 22:20,22:20:00,1,0,3, NORTHFIELD QUEBEC ST & I-270 WB ON RAMP,1,3,0,0,1,1,0,0,35,0,0,0,0,3,2,3,16
,2023-37808,39.74618464,-104.9836011,9/6/2023 17:52,17:52:00,2,0,1,E 19TH AVE & N GRANT ST,1,1,0,0,1,1,0,0,0,1,0,0,0,2,4,1,16
,2023-37815,39.70817263,-104.9270636,7/20/2023 11:52,11:52:00,15,0,0,LEETSDALE DR & S FOREST ST,1,1,0,0,1,3,0,0,35,0,0,0,0,0,2,2,16
,2023-37818,39.73972922,-105.0163789,7/21/2023 18:08,18:08:00,3,0,0,LOWER W COLFAX AVE & N ZUNI ST,1,1,0,0,1,2,0,0,,0,0,0,0,0,2,2,16
,2023-37824,39.74168257,-104.9684492,8/19/2023 16:53,16:53:00,15,0,0, FRANKLIN ST & E 16TH AVE,1,1,0,0,1,4,0,0,30,0,0,0,0,0,4,2,16
,2023-37825,39.71651611,-104.9791608,9/7/2023 11:17,11:17:00,3,0,0,E ELLSWORTH AVE & N WASHINGTON ST,1,1,0,0,1,1,0,0,25,0,0,0,0,0,4,2,11
,2023-37828,39.68949573,-105.0442499,9/6/2023 11:00,11:00:00,12,0,0,W FLORIDA AVE & S TENNYSON ST,1,1,0,0,1,1,0,0,30,0,0,0,0,0,4,2,3
,2023-37830,39.75108863,-105.0174065,9/7/2023 8:03,8:03:00,15,0,0,I-25 SB ON RAMP CONNECTOR & W 23RD AVE,1,1,1,0,1,8,0,0,35,0,0,0,0,0,1,2,10
,2023-37833,39.71939804,-104.9554229,9/7/2023 13:16,13:16:00,15,0,0,E 2ND AVE & N CLAYTON ST,1,1,0,0,1,4,0,0,25,0,0,0,0,0,4,2,11
,2023-37838,39.78010026,-104.805909,9/6/2023 15:14,15:14:00,15,0,0, JASPER ST & E BOLLING DR,1,1,0,0,1,3,0,0,25,0,0,0,0,0,4,2,8
,2023-37840,39.67902616,-104.9675681,9/7/2023 14:31,14:31:00,15,0,0, GILPIN ST & E EVANS AVE,1,1,0,0,1,4,0,0,25,0,0,0,0,0,4,2,11
,2023-37841,39.71740338,-104.8949099,9/7/2023 14:25,14:25:00,15,0,1,E LOWRY BLVD & FAIRMOUNT DR,1,1,0,0,1,4,0,0,30,0,0,0,0,2,4,2,13
,2023-37848,39.69675846,-105.0250715,9/7/2023 14:15,14:15:00,10,0,0, FEDERAL BLVD & W MISSISSIPPI AVE,1,1,0,0,1,2,0,0,35,0,0,0,0,0,2,2,16
,2023-37851,39.67862449,-105.0275303,9/6/2023 9:06,9:06:00,12,0,0, HAZEL CT & W EVANS AVE,1,1,0,0,1,3,0,0,25,0,0,0,0,0,4,2,16
,2023-37853,39.78355797,-104.790481,9/7/2023 6:50,6:50:00,12,0,0,PENA BLVD & E GREEN VALLEY RANCH BLVD,1,1,0,0,1,1,0,0,25,0,0,0,0,0,4,2,16
,2023-37855,39.76199183,-104.959741,9/7/2023 10:05,10:05:00,3,0,1,E MLK BLVD & N YORK ST,1,1,0,0,1,1,0,0,35,0,0,0,0,1,4,2,16
,2023-37857,39.71934962,-104.9915368,9/7/2023 18:09,18:09:00,6,0,0,W 2ND AVE & N BANNOCK ST,1,1,0,0,1,4,0,0,25,0,0,0,0,0,4,2,14
,2023-37858,39.77822583,-104.9021981,9/6/2023 16:38,16:38:00,12,0,1,I-70 & N NORTHFIELD QUEBEC ST,1,1,0,0,1,4,0,0,55,0,0,0,0,1,1,2,10
,2023-37859,39.74002308,-105.0028213,9/6/2023 16:49,16:49:00,11,0,1, MARIPOSA ST & W COLFAX AVE,1,1,0,0,1,1,0,0,35,0,1,0,0,1,2,1,11
,2023-37862,39.68491044,-104.9594473,9/7/2023 8:45,8:45:00,12,0,0,I-25 & S UNIVERSITY BLVD,1,1,0,0,1,4,0,0,65,0,0,0,0,0,1,2,3
,2023-37870,39.6937989,-104.9924825,9/7/2023 6:05,6:05:00,12,0,1, SANTA FE DR & W LOUISIANA AVE,1,2,0,0,1,4,0,0,45,0,0,0,1,2,2,2,3
,2023-37872,39.78010775,-104.9316536,9/6/2023 7:40,7:40:00,12,0,1,I-70 & N DAHLIA ST,1,1,1,0,1,13,0,0,55,0,0,0,1,2,1,2,13
,2023-37874,39.74337279,-104.9269108,9/7/2023 8:22,8:22:00,15,0,0,E 17TH AVE & N FOREST ST,1,1,0,0,1,1,0,0,30,0,0,0,0,0,4,2,11
,2023-37878,39.68756224,-104.9919398,9/7/2023 10:47,10:47:00,3,0,1, SANTA FE DR & W IOWA AVE,1,1,0,0,1,1,0,0,55,0,0,0,0,2,2,2,16
,2023-37879,39.68733706,-104.9919431,9/7/2023 12:02,12:02:00,14,0,0, SANTA FE DR & W IOWA AVE,1,1,0,0,1,3,0,0,45,0,0,0,0,0,2,2,14
,2023-37882,39.70734312,-104.9222679,9/6/2023 16:49,16:49:00,1,0,0,LEETSDALE DR & S HOLLY ST,1,1,0,0,1,1,0,0,35,0,0,0,0,0,2,2,3
,2023-37883,39.79843453,-104.7627065,9/6/2023 16:51,16:51:00,1,0,3,E 56TH AVE & N DUNKIRK ST,1,1,0,0,1,1,0,0,45,0,0,0,0,1,4,3,13
,2023-37899,39.71736685,-104.9485846,9/7/2023 19:03,19:03:00,6,0,1, ADAMS ST & E 1ST AVE,1,1,0,0,1,4,0,0,25,0,0,0,0,1,4,2,3
,2023-37901,39.73052212,-104.9986319,9/7/2023 15:30,15:30:00,12,0,0,SANTA FE DR & W 9TH AVE,1,1,0,0,1,4,0,0,25,0,0,0,0,0,4,4,14
,2023-37902,39.74003492,-104.9787426,8/23/2023 12:50,12:50:00,1,0,0, WASHINGTON ST & E COLFAX AVE,1,1,0,0,1,4,0,1,,0,0,0,0,0,4,2,16
,2023-37908,39.76188425,-104.990981,9/6/2023 9:30,9:30:00,15,0,0,WEWATTA WAY & DENARGO ST,1,1,0,0,1,1,0,0,25,0,0,0,0,0,4,2,3
,2023-37916,39.72026141,-105.0250543,9/6/2023 10:00,10:00:00,12,0,0, FEDERAL BLVD & W 2ND AVE,1,1,0,0,1,1,0,0,35,0,0,0,0,0,2,2,3
,2023-37917,39.68748163,-104.9405446,9/6/2023 8:25,8:25:00,12,0,1, COLORADO BLVD & E IOWA AVE,1,1,0,0,1,1,0,0,35,0,0,0,0,1,2,2,3
,2023-37919,39.75245563,-105.0532527,9/7/2023 17:12,17:12:00,12,0,0, SHERIDAN BLVD & W BYRON PL,1,1,0,0,1,4,0,0,30,0,0,0,0,0,2,2,7
,2023-37920,39.79109,-105.0239532,9/7/2023 9:03,9:03:00,3,0,1, ELIOT ST & W 52ND AVE,1,1,0,0,1,1,0,0,25,0,0,0,0,1,4,2,13
,2023-37921,39.70633932,-104.9963205,9/7/2023 9:17,9:17:00,15,0,0,I-25 & S SANTA FE DR,1,1,0,0,1,4,0,0,55,0,0,0,0,0,1,2,13
,2023-37922,39.77423791,-104.8470352,9/3/2023 18:50,18:50:00,12,0,0,I-70 & N PEORIA ST,11,1,0,1,1,4,0,0,55,0,0,0,0,0,1,3,16
,2023-37927,39.76017001,-104.914073,8/31/2023 8:12,8:12:00,11,0,0,E 30TH AVE & N LOCUST ST,1,1,0,7,1,1,0,0,0,0,0,1,0,0,4,1,16
,2023-37928,39.72349863,-105.0250226,9/7/2023 7:48,7:48:00,12,0,0, FEDERAL BLVD & W 5TH AVE,1,1,0,0,1,3,0,0,35,0,0,0,0,0,2,2,3
,2023-37933,39.77875555,-104.923574,9/6/2023 16:49,16:49:00,12,0,3,I-70 & N HOLLY ST,1,1,0,0,1,4,0,0,55,0,0,0,0,1,1,2,16
,2023-37935,39.77661515,-105.020492,9/7/2023 20:28,20:28:00,12,0,0,W 44TH AVE & N CLAY ST,1,3,0,0,1,3,0,0,30,0,0,0,0,0,4,2,3
,2023-37937,39.62556763,-104.9055111,9/7/2023 10:30,10:30:00,6,0,0,E CHENANGO AVE & S OLIVE ST,1,1,0,0,1,1,0,0,25,0,0,0,0,0,4,2,3
,2023-37942,39.74161842,-104.9597886,9/7/2023 18:39,18:39:00,2,0,1,E 16TH AVE & N YORK ST,1,2,0,0,1,1,0,0,35,1,0,0,0,2,4,1,7
,2023-37943,39.79838313,-104.7721172,9/6/2023 15:48,15:48:00,1,0,0, TOWER RD & E 56TH AVE,1,1,0,0,1,1,0,0,40,0,0,0,0,0,4,2,11
,2023-37944,39.73663202,-104.9861286,9/2/2023 0:23,0:23:00,12,0,1, LINCOLN ST & E 13TH AVE,1,3,0,0,1,4,0,0,,0,0,0,0,2,4,2,16
,2023-37946,39.69311554,-105.0087376,9/6/2023 19:19,19:19:00,3,0,0, RARITAN ST & W LOUISIANA AVE,1,2,0,0,1,1,0,0,25,0,0,0,0,0,4,4,16
,2023-37947,39.63425524,-105.1099016,9/6/2023 18:03,18:03:00,1,0,3, KIPLING ST & W STANFORD AVE,1,1,0,0,1,1,0,0,45,0,0,0,0,2,4,2,1
,2023-37950,39.74021143,-104.9124455,9/8/2023 0:10,0:10:00,3,0,1,E COLFAX AVE & N MONACO ST PKWY,1,3,0,0,1,1,0,0,35,0,0,0,0,2,2,2,13
,2023-37951,39.72568918,-105.0270297,9/6/2023 14:18,14:18:00,12,0,0,W 6TH AVE FWY ON RAMP & N FEDERAL BLVD,1,1,1,0,1,8,0,0,55,0,0,0,0,0,2,2,16
,2023-37952,39.74763472,-105.0026538,9/6/2023 13:45,13:45:00,15,0,0, SPEER BLVD & MARKET ST,1,1,0,0,1,1,0,0,30,0,0,0,0,0,4,2,3
,2023-37955,39.70158582,-104.9885915,9/7/2023 9:26,9:26:00,12,0,0,I-25 SB OFF RAMP & S BROADWAY,1,1,1,0,1,8,0,1,35,0,0,0,0,0,1,2,16
,2023-37957,39.78028252,-104.966143,9/6/2023 11:32,11:32:00,12,0,0,I-70 & N BRIGHTON BLVD,1,1,0,0,1,4,0,0,55,0,0,0,0,0,1,3,3
,2023-37959,39.77651499,-104.8733161,9/1/2023 20:44,20:44:00,12,0,1,I-70 & WB OFF RAMP GORE PT TO N CENTRAL PARK BLVD,1,3,2,0,1,8,0,0,55,0,0,0,0,1,1,2,16
,2023-37963,39.76165446,-105.0042492,9/5/2023 11:02,11:02:00,12,0,0,I-25 & 20TH ST,1,1,0,0,1,4,0,0,55,0,0,0,0,0,1,4,13
,2023-37964,39.77300705,-105.0287774,9/4/2023 17:05,17:05:00,6,0,0,W 41ST AVE & N HOOKER ST,1,1,0,0,1,1,0,0,20,0,0,0,0,0,4,4,3
,2023-37965,39.72984456,-105.015005,9/6/2023 6:01,6:01:00,12,0,1,I-25 & NB ON RAMP MERGE PT FROM W 6TH AVE,1,2,1,0,1,4,0,0,55,0,0,0,0,1,1,2,1
,2023-37968,39.77941745,-104.9407582,9/7/2023 9:33,9:33:00,12,0,0, COLORADO BLVD & I-70 EB RAMPS,1,1,1,0,1,8,0,0,55,0,0,0,0,0,2,2,2
,2023-37969,39.69839038,-104.9500169,9/7/2023 16:40,16:40:00,3,0,1,E TENNESSEE AVE & S STEELE ST,1,1,0,0,1,1,0,0,25,0,0,0,0,1,4,2,11
,2023-37970,39.63943252,-104.9107971,9/5/2023 7:34,7:34:00,5,0,0,I-25 & E QUINCY AVE,1,2,0,0,2,4,0,0,,0,0,0,0,0,1,6,16
,2023-37982,39.67864851,-105.011018,9/7/2023 18:58,18:58:00,3,0,4,W EVANS AVE & S TEJON ST,1,2,0,0,1,1,0,0,35,0,0,0,0,2,4,2,13
,2023-37984,39.73344136,-104.9586131,9/8/2023 13:50,13:50:00,15,0,0, JOSEPHINE ST & E 11TH AVE,1,1,1,0,1,1,0,0,25,0,0,0,0,0,4,2,7
,2023-37986,39.78030001,-104.9895592,9/8/2023 10:42,10:42:00,12,0,0,I-25 & I-70,1,1,1,0,1,4,0,0,55,0,0,0,0,0,1,2,13
,2023-37991,39.78686262,-104.9894927,9/8/2023 6:25,6:25:00,15,0,0,I-25 & I-70,1,1,0,0,1,4,0,0,65,0,0,0,0,0,1,2,13
,2023-37992,39.73986986,-105.0138989,9/8/2023 19:46,19:46:00,12,0,0,I-25 & W COLFAX AVE,1,3,0,0,1,4,0,0,65,0,0,0,0,0,1,2,11
,2023-37994,39.72540061,-105.0242482,9/8/2023 13:39,13:39:00,5,0,3,W 6TH AVE FWY & N FEDERAL BLVD,1,1,0,0,2,8,0,0,55,0,0,0,0,1,1,2,13
,2023-37996,39.7312847,-105.053224,9/8/2023 19:16,19:16:00,12,0,0, SHERIDAN BLVD & W 9TH AVE,1,1,0,0,1,3,0,0,35,0,0,0,0,0,2,2,13
,2023-38001,39.78192403,-104.9869482,9/8/2023 17:45,17:45:00,3,0,2,E 47TH AVE & N LEAF CT,1,1,0,0,1,1,0,0,25,0,0,0,0,2,4,2,13
,2023-38002,39.83784308,-104.6711594,9/7/2023 20:22,20:22:00,3,0,0,SHADY GROVE & E 80TH AVE,1,3,0,0,1,2,0,0,,0,0,0,0,0,4,2,11
,2023-38003,39.74002698,-105.0029132,9/7/2023 15:25,15:25:00,12,0,1,W COLFAX AVE & N MARIPOSA ST,1,1,0,0,1,4,0,0,35,0,0,0,0,3,2,2,3
,2023-38004,39.78364911,-104.7611401,9/7/2023 10:35,10:35:00,3,0,0, FLANDERS WAY & E GREEN VALLEY RANCH BLVD,1,1,0,0,1,1,0,0,25,0,0,0,0,0,4,2,16
,2023-38005,39.77651669,-104.9889832,9/7/2023 17:33,17:33:00,12,0,0,I-25 OFF RAMP TO -70 & W 44TH AVE,1,1,0,0,1,8,0,0,55,0,0,0,0,0,1,2,8
,2023-38009,39.76001331,-104.8905319,9/8/2023 11:10,11:10:00,3,0,0,E MLK BLVD & N CENTRAL PARK BLVD,1,1,0,0,1,1,0,0,35,0,0,0,0,0,4,2,8
,2023-38011,39.83360568,-104.7718782,9/8/2023 11:30,11:30:00,12,0,0, TOWER RD & PENA BLVD,1,1,1,0,1,4,0,0,35,0,0,0,0,0,4,2,16
,2023-38012,39.7668721,-104.9977962,9/7/2023 22:01,22:01:00,15,0,0,I-25 & NB OFF RAMP GORE PT TO PARK AVE W,1,3,0,0,1,4,0,0,55,0,0,0,0,0,1,2,13
,2023-38018,39.63869373,-105.084402,9/8/2023 20:35,20:35:00,3,0,0,W QUINCY AVE & S ZEPHYR ST,1,3,0,0,1,1,0,0,,0,0,0,0,0,4,2,2
,2023-38019,39.70115249,-104.9870796,9/8/2023 16:37,16:37:00,12,0,0,I-25 & S BROADWAY,1,1,0,0,1,4,0,0,55,0,0,0,0,0,1,2,13
,2023-38020,39.74197832,-104.9034527,9/8/2023 17:39,17:39:00,12,0,1,E 16TH AVE & N QUEBEC,1,1,0,0,1,4,0,0,35,0,0,0,0,2,4,3,14
,2023-38025,39.74324057,-104.9709165,9/8/2023 16:29,16:29:00,12,0,1,E 17TH AVE & N LAFAYETTE ST,1,1,0,0,1,3,0,0,30,0,0,0,0,1,4,3,3
,2023-38027,39.72735379,-104.940627,9/8/2023 19:23,19:23:00,5,0,0, COLORADO BLVD & E 7TH AVE,1,3,0,0,3,1,0,0,40,1,0,0,0,0,2,1,1
,2023-38033,39.77300504,-104.940511,9/8/2023 16:37,16:37:00,15,0,0, COLORADO BLVD & E 40TH AVE,1,1,0,0,1,4,0,0,35,0,0,0,0,0,2,2,14
,2023-38034,39.65304245,-104.8720122,9/8/2023 16:00,16:00:00,12,0,0,E HAMPDEN AVE & S FLORENCE ST,1,1,0,0,1,1,0,0,45,0,0,0,0,0,2,2,16
,2023-38035,39.67847235,-104.9316163,9/8/2023 13:20,13:20:00,1,0,0, DAHLIA ST & E EVANS AVE,1,1,0,0,1,1,0,0,35,0,0,0,0,0,4,2,13
,2023-38036,39.79797407,-104.7864352,9/8/2023 7:33,7:33:00,12,0,0,PENA BLVD & E 56TH AVE,1,1,1,0,1,4,0,0,65,0,0,0,0,0,4,2,7