id,drcog_id,latitude,longitude,crashtime,time,crashtype,numbkilled,numbinjurd,drcoglocat,rdconditin,lightngcon,roadcntgrd,weatherco,location,roaddescrp,schoolzone,constrzone,splimit,bikeinv,pedinv,sctrinv,motoinv,svrty,rdsystem,ttlvehcls,hcf
,2023-38037,39.78389506,-105.0251029,9/8/2023 13:41,13:41:00,1,0,0, FEDERAL BLVD & I-70 EB RAMPS,1,1,0,0,1,1,0,0,40,0,0,0,0,0,2,2,11
,2023-38039,39.70628801,-104.9967362,9/8/2023 18:54,18:54:00,12,0,3, SANTA FE DR & I-25,14,5,3,7,1,4,0,0,45,0,0,0,0,1,2,2,13
,2023-38040,39.78362577,-104.7773061,9/7/2023 11:50,11:50:00,15,0,0,E GREEN VALLEY RANCH BLVD & N WALDEN ST,1,1,0,0,1,4,1,0,35,0,0,0,0,0,4,2,1
,2023-38041,39.84724747,-104.6773901,9/7/2023 20:34,20:34:00,6,0,0,PENA BLVD & E 84TH AVE,1,3,1,0,1,4,0,0,10,0,0,0,0,0,4,2,13
,2023-38042,39.77979461,-104.9288878,9/8/2023 7:15,7:15:00,12,0,0,I-70 & N DAHLIA ST,1,1,0,0,1,4,0,0,65,0,0,0,0,0,1,3,16
,2023-38043,39.76769308,-104.9956793,9/7/2023 21:29,21:29:00,12,0,2,I-25 & PARK AVE W,1,3,0,0,1,5,0,0,60,0,0,0,0,1,1,2,11
,2023-38044,39.77484499,-104.847109,9/7/2023 21:33,21:33:00,5,0,1, PEORIA ST & I-70 WB RAMPS,1,3,0,0,3,1,0,0,35,0,0,0,0,1,1,1,11
,2023-38045,39.76138075,-105.0052092,9/7/2023 12:51,12:51:00,10,0,0,I-25 & W 20TH ST,1,1,0,0,1,1,0,0,35,0,0,0,0,0,1,2,13
,2023-38046,39.75252319,-104.98962,9/8/2023 10:50,10:50:00,12,0,0,21ST ST & ARAPAHOE ST,1,1,0,0,1,1,0,0,30,0,0,0,0,0,4,2,1
,2023-38047,39.71296206,-104.9053365,9/7/2023 16:40,16:40:00,3,0,1,E CEDAR PL & S PONTIAC ST,1,1,0,0,1,1,0,0,25,0,0,0,0,1,4,2,13
,2023-38048,39.78362558,-104.7772131,9/8/2023 7:50,7:50:00,12,0,0,E GREEN VALLEY RANCH BLVD & N WALDEN ST,1,1,0,0,1,4,0,0,35,0,0,0,0,0,4,2,11
,2023-38049,39.66700664,-104.9251764,9/7/2023 14:42,14:42:00,15,0,2,I-25 & E YALE AVE,1,1,0,0,1,4,0,0,65,0,0,0,0,1,1,2,16
,2023-38050,39.72021215,-104.9534187,9/7/2023 13:40,13:40:00,5,0,0, FILLMORE ST & E 2ND AVE,1,1,0,0,1,4,0,0,25,0,0,0,0,0,4,1,13
,2023-38056,39.73843627,-104.982328,9/9/2023 10:14,10:14:00,15,0,0,E 14TH AVE & N LOGAN ST,1,1,0,0,1,1,0,0,35,0,0,0,0,0,4,2,13
,2023-38061,39.77872123,-104.9223045,9/9/2023 18:31,18:31:00,3,0,2,E 45TH  DR & N HOLLY ST,1,1,0,0,1,1,0,0,35,0,0,0,0,2,4,2,8
,2023-38062,39.67785545,-104.9331377,9/2/2023 22:39,22:39:00,15,0,0,I-25 & MM 203.53,1,3,0,0,1,4,0,0,65,0,0,0,0,0,1,3,13
,2023-38067,39.73514896,-104.9729989,9/9/2023 0:11,0:11:00,3,0,1, DOWNING ST & E 12TH AVE,1,3,0,0,1,1,0,0,30,0,0,0,1,2,4,2,16
,2023-38083,39.77312765,-104.8098639,9/7/2023 1:14,1:14:00,15,0,0, CHAMBERS RD & E 40TH AVE,1,3,0,0,1,3,0,0,35,0,0,0,0,0,4,2,13
,2023-38086,39.78721134,-104.8123601,9/3/2023 3:34,3:34:00,6,0,0, FONTANA CT & N ENID WY,1,3,0,0,3,4,0,0,25,0,0,0,0,0,4,3,16
,2023-38087,39.73823852,-105.013845,9/3/2023 18:46,18:46:00,12,0,3,I-25 & W COLFAX AVE,1,1,0,0,1,4,0,0,55,0,0,0,0,2,1,3,16
,2023-38088,39.67341666,-105.0156923,5/20/2023 21:30,21:30:00,3,0,1, ZUNI ST & W WESLEY AVE,1,3,0,0,1,1,0,0,,0,0,0,0,2,4,2,16
,2023-38089,39.73999965,-104.9776527,9/8/2023 19:30,19:30:00,3,0,0,E COLFAX AVE & N CLARKSON ST,1,2,0,0,1,1,0,0,30,0,0,0,0,0,2,2,16
,2023-38090,39.79730939,-104.9015227,8/11/2023 6:00,6:00:00,5,0,0, ROSLYN ST & E 56TH AVE,1,1,0,1,3,2,0,0,25,0,0,0,0,0,4,1,7
,2023-38091,39.79112797,-104.8156214,7/21/2023 1:53,1:53:00,5,2,0,E 53RD AVE & N DEARBORN ST,1,3,0,0,3,4,0,0,25,0,0,0,0,4,4,1,16
,2023-38093,39.72352642,-105.0113003,9/9/2023 9:54,9:54:00,12,0,0,I-25 & W 6TH AVE FWY,1,1,0,0,1,4,0,0,55,0,0,0,0,0,1,2,13
,2023-38096,39.67676575,-105.0249828,8/14/2023 21:56,21:56:00,14,0,0,W WARREN AVE & S FEDERAL BLVD,1,3,0,0,6,4,0,0,25,0,0,0,0,0,2,2,9
,2023-38100,39.70091407,-105.0250771,9/3/2023 20:08,20:08:00,5,0,0,W KENTUCKY AVE & W ADA PL ALLEY,1,3,0,0,3,9,0,0,25,0,0,0,0,0,4,1,10
,2023-38103,39.72932093,-105.0251486,9/5/2023 17:14,17:14:00,11,0,1,W 8TH AVE & N FEDERAL BLVD,1,1,0,0,1,1,0,0,0,0,0,1,0,2,4,1,16
,2023-38104,39.78382759,-105.0105676,9/9/2023 4:52,4:52:00,6,0,0,W 48TH AVE & N SHOSHONE ST,1,4,0,0,1,4,0,0,35,0,0,0,0,0,4,2,16
,2023-38105,39.75071748,-104.9597781,9/9/2023 14:26,14:26:00,1,0,1,E 23RD AVE & YORK ST,1,1,0,0,1,1,0,0,30,0,0,0,0,3,4,2,7
,2023-38112,39.78415508,-105.0266319,9/5/2023 8:34,8:34:00,12,0,0,I-70 & N FEDERAL BLVD,1,1,0,0,1,4,0,0,55,0,0,0,0,0,1,2,16
,2023-38113,39.68976965,-104.9733609,9/8/2023 21:22,21:22:00,12,0,1,I-25 & S DOWNING ST,1,3,0,0,1,4,0,0,60,0,0,0,1,3,1,2,1
,2023-38115,39.65717194,-105.0532156,9/9/2023 16:00,16:00:00,3,0,3,W COLGATE PL & S SHERIDAN BLVD,1,1,0,0,1,1,0,0,45,0,0,0,0,2,2,2,11
,2023-38116,39.80741542,-104.7832719,9/2/2023 0:15,0:15:00,1,0,0,7200 PENA BLVD,1,4,3,0,1,5,0,0,,0,0,0,0,0,4,3,16
,2023-38117,39.73685918,-104.9873937,9/3/2023 2:00,2:00:00,11,0,1, BROADWAY ST & E 13TH AVE,1,3,0,0,1,1,0,0,0,0,0,1,0,3,4,1,16
,2023-38118,39.78998541,-104.8097558,8/22/2023 19:10,19:10:00,16,0,0,4876  CHAMBERS RD & N CHAMBERS RD ,1,3,0,0,5,7,0,0,10,0,0,0,0,0,3,2,16
,2023-38120,39.75446042,-104.9609887,9/4/2023 17:51,17:51:00,2,0,1, GAYLORD ST & E 26TH AVE,1,1,0,0,1,1,0,0,0,1,0,0,0,2,4,1,16
,2023-38121,39.73503282,-104.9597931,9/4/2023 3:21,3:21:00,2,0,1, YORK ST & E 12TH AVE,1,3,0,0,1,1,0,0,0,1,0,0,0,2,4,1,16
,2023-38124,39.74941617,-105.0220739,8/26/2023 18:00,18:00:00,5,0,0, DECATUR ST & W 22ND AVE,1,1,0,0,4,2,0,0,,0,0,0,0,0,4,2,16
,2023-38130,39.68003358,-104.9388978,9/9/2023 0:16,0:16:00,5,0,1,4298 E COLORADO CENTER DR & COLORADO AVE,1,3,0,0,1,4,0,0,35,0,0,0,1,2,4,1,13
,2023-38131,39.74458136,-104.989483,8/29/2023 13:33,13:33:00,6,0,0,GLENARM PL & 17TH ST,1,1,0,0,1,4,0,0,35,0,0,0,0,0,4,2,16
,2023-38132,39.73801274,-105.0252737,9/2/2023 12:38,12:38:00,9,0,1, FEDERAL BLVD & W 14TH AVE,1,1,1,0,1,3,0,0,45,0,0,0,1,3,2,1,14
,2023-38133,39.79198432,-104.9406923,9/8/2023 8:20,8:20:00,15,0,0, VASQUEZ BLVD & MM 292.044,1,1,0,0,1,4,0,0,45,0,0,0,0,0,2,2,16
,2023-38134,39.74012154,-104.9799099,8/15/2023 16:05,16:05:00,12,0,0, PEARL ST & E COLFAX AVE,1,1,0,0,1,3,0,0,20,0,0,0,0,0,2,2,1
,2023-38135,39.74000963,-104.9718902,9/6/2023 10:09,10:09:00,3,0,0,E COLFAX AVE & N MARION ST,1,1,0,0,1,1,0,0,35,0,0,0,0,0,2,3,16
,2023-38143,39.72932427,-105.0158892,9/4/2023 9:36,9:36:00,3,0,2, ZUNI ST & W 8TH AVE,1,1,0,0,1,1,0,0,35,0,0,0,0,1,4,2,16
,2023-38146,39.77958749,-104.9808654,8/7/2023 7:03,7:03:00,12,0,0,I-70 & N WASHINGTON ST,1,1,0,0,1,4,0,0,,0,0,0,0,0,1,2,16
,2023-38147,39.65867373,-104.8942277,9/3/2023 4:13,4:13:00,5,0,0,3185 S ULSTER ST,1,3,0,0,3,4,0,0,25,0,0,0,0,0,4,1,16
,2023-38148,39.71043255,-104.9984381,9/2/2023 9:21,9:21:00,12,0,0,I-25 & W ALAMEDA AVE,1,1,1,0,1,4,0,0,55,0,0,0,0,0,1,3,16
,2023-38149,39.75627748,-104.9872431,9/1/2023 21:00,21:00:00,11,0,1,24TH ST & N BROADWAY ST,1,1,0,0,1,1,0,0,25,0,0,1,0,3,4,1,16
,2023-38150,39.68524343,-104.9488754,9/8/2023 16:02,16:02:00,6,0,0, ADAMS ST & E MONTANA PL,1,1,0,0,1,4,0,0,25,0,0,0,0,0,4,2,16
,2023-38151,39.76134917,-105.0045838,9/8/2023 23:49,23:49:00,12,0,1,I-25 & 20TH ST,1,4,0,0,1,4,0,0,,0,0,0,0,1,1,2,16
,2023-38152,39.72352642,-105.0113003,9/9/2023 10:49,10:49:00,12,0,0,I-25 & W 6TH AVE FWY,1,1,0,0,1,4,0,0,55,0,0,0,0,0,1,2,3
,2023-38153,39.76735359,-104.897894,9/7/2023 18:09,18:09:00,3,0,0,E 36TH AVE & N SYRACUSE ST,1,1,0,0,1,9,0,0,30,0,0,0,0,0,4,2,11
,2023-38154,39.79253647,-104.7721592,8/23/2023 11:07,11:07:00,3,0,1,E ELMENDORF DR & N TOWER RD,1,1,0,0,1,1,0,0,45,0,0,0,1,3,4,2,11
,2023-38155,39.7776573,-104.829899,8/21/2023 10:00,10:00:00,6,0,0, CORNISH WY & E ALBROOK DR,1,1,0,0,1,2,0,0,25,0,0,0,0,0,4,2,16
,2023-38166,39.72706856,-104.972936,8/21/2023 16:45,16:45:00,6,0,0, DOWNING ST & E 7TH AVE,1,1,0,0,1,4,0,0,,0,0,0,0,0,4,2,16
,2023-38167,39.75969966,-104.9940082,9/8/2023 22:28,22:28:00,5,0,1,PARK AVE W & WEWATTA ST,1,3,0,0,2,4,0,0,25,0,0,0,0,3,4,2,16
,2023-38170,39.6802939,-104.965216,8/29/2023 8:28,8:28:00,11,0,1, HIGH ST & E ASBURY AVE,1,1,0,0,1,1,0,0,25,0,1,0,0,3,4,1,16
,2023-38172,39.7093283,-104.9425699,8/14/2023 9:35,9:35:00,6,0,0,E DAKOTA AVE & S JACKSON ST,1,1,0,0,1,1,0,0,,0,0,0,0,0,4,2,16
,2023-38175,39.70022168,-104.9874756,9/9/2023 14:31,14:31:00,1,0,2, BROADWAY & W KENTUCKY AVE,1,1,0,1,1,1,0,0,30,0,0,0,0,2,4,2,11
,2023-38177,39.71049877,-105.0397165,9/9/2023 12:02,12:02:00,3,0,0, PERRY ST & W NEVADA AVE,1,1,0,0,1,1,0,0,25,0,0,0,0,0,4,2,8
,2023-38180,39.67846127,-104.9975348,9/5/2023 8:58,8:58:00,3,0,0,W EVANS AVE & S PLATTE RIVER DR,1,1,0,0,1,1,0,0,30,0,0,0,0,0,4,2,8
,2023-38181,39.73515179,-104.9787113,9/8/2023 15:38,15:38:00,11,0,1,E 12TH AVE & N WASHINGTON ST,1,1,0,0,1,1,0,0,25,0,1,0,0,3,4,1,13
,2023-38182,39.65654744,-104.9129834,9/3/2023 16:18,16:18:00,5,0,0, MONACO ST & E FLOYD AVE,1,1,0,0,3,1,0,0,35,0,0,0,0,0,4,1,16
,2023-38187,39.74958069,-104.9882186,9/2/2023 22:38,22:38:00,11,0,1,20TH ST & STOUT ST,1,3,0,0,1,1,0,0,0,0,1,0,0,2,4,1,16
,2023-38189,39.74039966,-105.0315095,8/27/2023 2:47,2:47:00,2,0,1,W COLFAX AVE & N JULIAN ST,1,3,0,0,1,12,0,0,,1,0,0,0,3,2,1,16
,2023-38193,39.76001498,-104.9834642,8/31/2023 23:57,23:57:00,11,0,1,LARIMER ST & 27TH ST,1,3,0,0,1,4,0,0,0,0,1,0,0,2,4,1,16
,2023-38194,39.75436086,-105.0065425,9/3/2023 20:40,20:40:00,6,0,0,15TH ST & LITTLE RAVEN ST,11,3,3,0,1,4,0,0,35,0,0,0,0,0,4,2,16
,2023-38206,39.7584038,-105.0134971,9/5/2023 15:33,15:33:00,2,0,1,W 29TH AVE & N VALLEJO ST,1,1,0,0,1,4,0,0,30,1,0,0,0,1,4,1,13
,2023-38251,39.74084308,-104.9943281,9/2/2023 1:04,1:04:00,15,0,0,GLENARM PL & 13TH ST,1,3,0,0,1,4,0,0,30,0,0,0,0,0,4,2,11
,2023-38278,39.76118838,-104.9027527,9/10/2023 19:08,19:08:00,3,0,1, QUEBEC ST & E MLK JR BLVD,1,1,0,0,1,1,0,0,35,0,0,0,0,2,4,2,8
,2023-38287,39.7800057,-104.9398392,9/10/2023 4:21,4:21:00,5,0,1,E 46TH  AVE & N COLORADO BLVD,1,3,1,0,3,4,0,0,30,0,0,0,0,2,4,1,14
,2023-38288,39.71132307,-105.0532578,9/10/2023 18:16,18:16:00,1,0,0, SHERIDAN BLVD & W ALAMEDA AVE,11,2,0,1,1,1,0,0,35,0,0,0,0,0,2,2,7
,2023-38292,39.78722482,-104.7899517,9/9/2023 3:51,3:51:00,15,0,0,PENA BLVD & GREEN VALLEY RANCH BLVD,1,3,0,0,1,4,0,0,65,0,0,0,0,1,4,2,11
,2023-38296,39.75379865,-104.9914972,9/10/2023 0:49,0:49:00,6,0,0,LARIMER ST & 21ST ST,1,3,0,0,1,4,0,0,35,0,0,0,0,0,4,2,14
,2023-38302,39.73386557,-104.9874153,9/10/2023 1:12,1:12:00,3,0,0, BROADWAY ST & E 11TH AVE,14,5,3,7,1,1,0,0,35,0,0,0,0,0,4,2,7
,2023-38303,39.74322195,-104.9637193,8/31/2023 18:26,18:26:00,6,0,0,1928 E 17TH AVE,1,1,0,0,1,12,0,0,,0,0,0,0,0,4,2,16
,2023-38308,39.71118313,-105.0106421,9/7/2023 15:59,15:59:00,14,0,1,W ALAMEDA AVE & S TEJON ST,1,1,0,0,1,4,0,1,25,0,1,0,0,3,2,2,2
,2023-38310,39.84410741,-104.7577396,9/10/2023 6:10,6:10:00,15,0,0,PENA BLVD & E 80TH AVE,1,2,1,0,1,4,0,0,45,0,0,0,0,0,4,2,16
,2023-38311,39.73687684,-104.9718615,9/10/2023 13:13,13:13:00,3,0,0,E 13TH AVE & N MARION ST,1,1,0,0,1,1,0,0,30,0,0,0,0,0,4,2,16
,2023-38314,39.68498685,-105.0250115,9/10/2023 19:27,19:27:00,5,0,0,1725  FEDERAL BLVD & W COLORADO AVE,1,2,1,1,3,4,0,0,35,0,0,0,0,0,2,1,16
,2023-38316,39.78363784,-104.7904896,9/10/2023 18:15,18:15:00,1,0,0,E GREEN VALLEY RANCH BLVD & N PENA BLVD,11,1,0,0,1,1,0,0,40,0,0,0,0,0,4,4,10
,2023-38318,39.73308103,-105.0532212,3/27/2023 22:41,22:41:00,11,1,0, SHERIDAN BLVD & W 10TH AVE,1,4,0,0,1,1,0,0,35,0,1,0,0,4,2,1,1
,2023-38319,39.76834949,-105.0254024,9/9/2023 23:26,23:26:00,6,0,0,W CLYDE PL & N FEDERAL BLVD,1,3,0,0,1,4,0,0,25,0,0,0,0,0,4,2,16
,2023-38320,39.77300504,-104.940511,9/10/2023 3:22,3:22:00,12,0,1, COLORADO BLVD & E 40TH AVE,1,3,0,0,1,3,0,0,35,0,0,0,0,2,2,2,11
,2023-38322,39.75137384,-104.9857059,9/9/2023 23:47,23:47:00,12,0,0,22ND ST & STOUT ST,1,3,0,0,1,4,0,0,35,0,0,0,0,0,4,2,1
,2023-38324,39.71129136,-104.903494,9/9/2023 22:55,22:55:00,3,0,3, QUEBEC ST & E ALAMEDA AVE,1,3,0,0,1,1,0,0,35,0,0,0,0,2,4,2,16
,2023-38334,39.78374819,-104.9528512,9/10/2023 5:55,5:55:00,6,0,0,E 48TH AVE & N FILLMORE ST,1,3,0,0,3,4,0,0,25,0,0,0,0,0,4,2,3
,2023-38337,39.73998557,-104.9634742,9/9/2023 20:30,20:30:00,6,0,0,E COLFAX AVE & RACE ST,1,3,0,0,1,4,0,0,,0,0,0,0,0,2,2,16
,2023-38340,39.77953741,-104.9410852,8/30/2023 10:49,10:49:00,12,0,0,I-70 EB OFF RAMP SLIP & N COLORADO BLVD,1,1,0,0,1,8,0,0,30,0,0,0,0,0,1,2,13
,2023-38343,39.78313814,-105.006516,9/9/2023 22:36,22:36:00,5,0,0,I-70 & N PECOS ST,1,3,0,0,2,4,0,0,65,0,0,0,0,0,1,2,13
,2023-38345,39.74028219,-105.0125096,9/9/2023 23:19,23:19:00,11,0,0,W COLFAX AVE & I-25 NB ON RAMP,1,3,0,0,1,1,0,0,0,0,0,1,0,0,2,1,16
,2023-38346,39.62987129,-104.9049311,9/9/2023 22:50,22:50:00,12,0,1,I-25 & I-225 NB RAMP GORE PT,1,3,0,0,1,8,0,0,65,0,0,0,0,1,1,3,16
,2023-38348,39.68950197,-105.0203671,9/10/2023 0:30,0:30:00,3,0,2,W FLORIDA AVE & S CLAY ST,1,3,0,0,1,1,0,0,25,0,0,0,0,3,4,2,14
,2023-38351,39.77287958,-104.940519,9/10/2023 6:50,6:50:00,1,0,0,E 40TH AVE & N COLORADO BLVD,1,1,0,0,1,1,0,0,35,0,0,0,0,0,2,2,16
,2023-38352,39.76086242,-105.0044738,9/10/2023 1:44,1:44:00,12,0,0,I-25 & NB EXIT TO 20TH ST,1,3,0,0,1,4,0,0,55,0,0,0,0,0,1,2,16
,2023-38355,39.69718969,-105.0354854,9/10/2023 16:57,16:57:00,6,0,0,W MISSISSIPPI AVE & S MEADE ST,1,1,0,0,1,4,0,0,25,0,0,0,0,0,4,2,1
,2023-38357,39.67846181,-104.912474,9/10/2023 8:55,8:55:00,3,0,0,E EVANS AVE & S MONACO ST,1,1,0,0,1,2,0,0,20,0,0,0,0,0,4,2,16
,2023-38361,39.77403865,-104.8474157,9/10/2023 2:00,2:00:00,15,0,0,I-70 & N PEORIA ST,1,3,3,0,1,4,0,0,,0,0,0,0,0,1,2,16
,2023-38362,39.74166135,-105.0416677,9/9/2023 19:03,19:03:00,6,0,0, RALEIGH ST & W CONEJOS PL,1,1,0,0,1,4,0,0,25,0,0,0,0,0,4,3,14
,2023-38367,39.79110405,-105.0439291,9/10/2023 11:52,11:52:00,15,0,0,W 52ND AVE & N TENNYSON ST,1,1,0,7,1,1,0,0,,0,0,0,0,0,4,2,13
,2023-38371,39.7110835,-105.0251752,9/9/2023 13:50,13:50:00,15,0,0,W ALAMEDA AVE & S FEDERAL BLVD,1,1,0,0,1,1,0,0,35,0,0,0,0,0,2,2,13
,2023-38375,39.62372531,-104.9013701,9/9/2023 20:57,20:57:00,15,0,1,I-25 & E BELLEVIEW AVE,1,3,0,0,1,4,0,0,65,0,0,0,0,2,1,2,16
,2023-38378,39.71154872,-104.9406224,9/10/2023 3:29,3:29:00,1,0,0, COLORADO BLVD & E ALAMEDA AVE,1,3,3,0,1,1,0,0,45,0,0,0,0,0,2,2,16
,2023-38379,39.73515358,-104.9823113,9/8/2023 17:17,17:17:00,2,0,1,E 12TH AVE & N LOGAN ST,1,1,0,0,1,1,0,0,30,1,0,0,0,3,4,1,16
,2023-38380,39.78198308,-104.847012,9/8/2023 6:00,6:00:00,2,0,1, PEORIA ST & ALBROOK,1,2,0,0,2,3,0,0,25,1,0,0,0,3,4,1,3
,2023-38381,39.72566043,-105.015298,9/6/2023 17:16,17:16:00,5,0,1,I-25 SB OFF RAMP TO W 6TH AVE & W 6TH AVE ON RAMP,1,1,1,0,2,8,0,0,40,0,0,0,0,1,4,2,16
,2023-38386,39.73689341,-105.0532153,9/9/2023 13:06,13:06:00,12,0,0, SHERIDAN BLVD & W 13TH AVE,1,1,0,0,1,3,0,0,35,0,0,0,0,0,2,2,10
,2023-38391,39.71818721,-104.9593357,9/10/2023 11:24,11:24:00,15,0,0,E 1ST AVE & N UNIVERSITY BLVD,1,1,0,0,1,4,0,0,35,0,0,0,0,0,4,2,16
,2023-38392,39.74560662,-104.9034637,9/10/2023 14:48,14:48:00,12,0,0, QUEBEC ST & E 19TH AVE,1,1,0,0,1,4,0,0,30,0,0,0,0,0,4,3,16
,2023-38393,39.7618148,-104.9811267,9/8/2023 22:19,22:19:00,2,0,1,LARIMER ST & 30TH ST,1,3,0,0,1,4,0,0,0,1,0,0,0,2,4,1,16
,2023-38394,39.75808955,-104.8918317,9/9/2023 4:04,4:04:00,12,0,0,E 29TH AVE,1,3,0,0,1,4,0,0,35,0,0,0,0,0,4,2,13
,2023-38395,39.74001082,-104.8928657,8/23/2023 9:50,9:50:00,11,0,1, UINTA ST & E COLFAX AVE,1,1,0,0,1,2,0,0,25,0,1,0,0,3,4,1,11
,2023-38397,39.79107213,-105.0614435,9/8/2023 23:25,23:25:00,6,0,0,W 52ND AVE & N GRAY ST,1,4,0,0,1,4,0,0,35,0,0,0,0,0,4,4,16
,2023-38403,39.83991309,-104.6790184,8/22/2023 19:25,19:25:00,16,0,0,8148 PENA BLVD,1,3,0,0,5,7,0,0,10,0,0,0,0,0,3,1,3
,2023-38406,39.7548612,-105.0378552,9/7/2023 10:18,10:18:00,15,0,1,W 26TH AVE & N OSCEOLA ST,1,1,0,0,1,4,0,0,30,0,0,0,0,1,4,2,16
,2023-38407,39.68935597,-104.9265053,8/26/2023 5:55,5:55:00,10,0,2,E FLORIDA AVE & S GLENCOE ST,1,2,0,0,1,1,0,0,30,0,0,0,0,1,4,2,16
,2023-38411,39.69673447,-105.0237061,9/5/2023 13:55,13:55:00,15,0,1,W MISSISSIPPI AVE & S ELIOT ST,1,1,0,0,1,1,0,0,0,1,0,0,0,2,4,1,16
,2023-38412,39.74161509,-104.9584872,9/7/2023 16:19,16:19:00,2,0,1,E 16TH AVE & N JOSEPHINE ST,1,1,0,0,1,4,0,0,25,1,0,0,0,1,4,1,3
,2023-38414,39.75822657,-104.9721249,8/28/2023 8:07,8:07:00,2,0,1, MARION ST & E 29TH AVE,1,1,0,0,1,1,0,0,20,1,0,0,0,3,4,1,8
,2023-38415,39.73527255,-104.9836049,9/5/2023 21:27,21:27:00,3,0,1,E 12TH AVE & N GRANT ST,1,3,0,0,1,3,0,0,30,0,0,0,0,2,4,2,16
,2023-38418,39.78049467,-104.9529485,9/5/2023 17:30,17:30:00,12,0,0,I-70 & N FILLMORE ST,1,1,0,0,1,4,0,0,55,0,0,0,0,0,1,2,3
,2023-38427,39.79838492,-104.7863906,9/7/2023 18:47,18:47:00,12,0,0,56TH AVE & PENA BLVD,1,1,0,0,1,4,0,0,65,0,0,0,0,0,4,3,13
,2023-38429,39.73844399,-104.9861339,9/3/2023 2:20,2:20:00,2,0,1,E 14TH AVE & N LINCOLN ST,1,3,0,0,1,1,0,0,,1,0,0,0,2,4,1,16
,2023-38433,39.71491409,-104.9875233,9/9/2023 10:08,10:08:00,11,0,1, BROADWAY ST & E BAYAUD AVE,1,1,0,0,1,3,0,1,0,0,1,0,0,2,4,1,16
,2023-38434,39.73998595,-104.9635552,8/28/2023 15:25,15:25:00,6,0,0,E COLFAX AVE & N RACE ST,1,1,0,0,1,3,0,0,,0,0,0,0,0,2,2,16
,2023-38451,39.62407613,-104.9134133,9/5/2023 7:17,7:17:00,12,0,4,E BELLEVIEW AVE & S MONACO ST,1,1,1,0,1,4,0,0,40,0,0,0,0,1,2,3,11
,2023-38522,39.79108571,-105.0482441,9/10/2023 20:58,20:58:00,12,0,0,W 52ND AVE & N TENNYSON ST,11,4,0,1,1,3,0,0,25,0,0,0,0,0,4,2,10
,2023-38531,39.67848671,-104.9985144,9/10/2023 21:58,21:58:00,1,0,0, PLATTE RIVER DR & W EVANS AVE,11,3,0,1,1,1,0,0,30,0,0,0,0,0,4,2,8
,2023-38533,39.7549873,-104.9951397,9/8/2023 7:11,7:11:00,3,0,0,20TH ST & WAZEE ST,1,1,1,0,1,1,0,0,30,0,0,0,0,0,4,2,1
,2023-38534,39.78566444,-105.0622085,9/10/2023 3:00,3:00:00,6,0,0,W 49TH AVE & N HARLAN ST,1,3,0,0,1,4,0,0,20,0,0,0,0,0,4,2,16
,2023-38535,39.74956454,-105.0173142,9/8/2023 19:49,19:49:00,12,0,1,I-25 & W 23RD AVE,1,3,3,0,1,4,0,0,55,0,0,0,0,2,1,2,16
,2023-38539,39.74758355,-104.9873998,9/10/2023 10:50,10:50:00,6,0,0, BROADWAY ST & WELTON ST,1,1,0,0,1,4,0,0,30,0,0,0,0,0,4,2,13
,2023-38540,39.68758924,-104.9919394,9/11/2023 18:01,18:01:00,12,0,0, SANTA FE DR & W IOWA AVE,1,1,0,0,1,3,0,0,45,0,0,0,0,0,2,4,16
,2023-38542,39.75370952,-104.9916122,9/10/2023 1:53,1:53:00,12,0,1,LARIMER ST & 21ST ST,1,3,0,0,1,4,0,0,30,0,0,0,1,2,4,2,3
,2023-38551,39.78018445,-105.0532605,9/11/2023 7:35,7:35:00,3,0,0, SHERIDAN BLVD & W 46TH AVE,11,1,0,0,1,1,0,0,35,0,0,0,0,0,2,2,1
,2023-38564,39.76075754,-105.004643,9/5/2023 15:20,15:20:00,12,0,0,I-25 & 20TH ST,1,1,0,0,1,4,0,0,55,0,0,0,0,0,1,2,13
,2023-38566,39.7690844,-104.9222899,9/10/2023 23:20,23:20:00,6,0,0,HOLLY ST & 38TH AVE,11,4,0,1,1,4,0,0,25,0,0,0,0,0,4,3,13
,2023-38568,39.78570044,-104.980025,9/11/2023 0:23,0:23:00,6,0,0,601 E 49TH AVE,11,3,0,1,1,4,0,0,35,0,0,0,0,0,4,2,13
,2023-38571,39.78048957,-104.9585114,9/9/2023 12:05,12:05:00,15,0,0,I-70 & N YORK ST,1,1,0,0,1,4,0,0,55,0,0,0,0,0,1,2,13
,2023-38572,39.65199054,-105.0531742,9/11/2023 10:26,10:26:00,12,0,4, SHERIDAN BLVD & W HAMPDEN AVE S FRTG,1,1,3,0,1,3,0,0,40,0,0,0,0,1,2,2,14
,2023-38573,39.76737075,-104.9025334,9/11/2023 18:04,18:04:00,3,0,1, QUEBEC ST & E 36TH AVE,1,1,0,0,1,1,0,0,35,0,0,0,0,1,4,2,13
,2023-38579,39.77872549,-105.0069865,9/11/2023 21:23,21:23:00,6,0,0, QUIETO CT & W CHAFFEE PL,1,4,0,0,1,4,0,0,25,0,0,0,0,0,4,2,16
,2023-38594,39.78389461,-105.0252873,9/11/2023 15:08,15:08:00,3,0,0,I-70 EB OFF RAMP & N FEDERAL BLVD,1,1,0,0,1,1,0,0,35,0,0,0,0,0,2,2,13