id,drcog_id,latitude,longitude,crashtime,time,crashtype,numbkilled,numbinjurd,drcoglocat,rdconditin,lightngcon,roadcntgrd,weatherco,location,roaddescrp,schoolzone,constrzone,splimit,bikeinv,pedinv,sctrinv,motoinv,svrty,rdsystem,ttlvehcls,hcf
,2023-38598,39.72421978,-105.0071083,9/8/2023 10:33,10:33:00,15,0,0, QUIVAS ST & W 6TH AVE,1,1,0,0,1,4,0,0,25,0,0,0,0,0,4,2,11
,2023-38599,39.71120747,-104.9086983,9/11/2023 8:12,8:12:00,12,0,0,E ALAMEDA AVE & S NEWPORT WAY,1,1,0,0,1,1,0,0,35,0,0,0,0,0,4,2,16
,2023-38600,39.77680661,-104.9036197,9/10/2023 9:46,9:46:00,15,0,0, NORTHFIELD QUEBEC ST & I-70,1,1,0,0,1,4,0,0,35,0,0,0,0,0,2,2,14
,2023-38608,39.7774871,-104.7464461,9/10/2023 23:15,23:15:00,6,0,0,E 44TH AVE & N LISBON CT,11,4,0,1,1,4,0,0,25,0,0,0,0,0,4,2,16
,2023-38629,39.78722482,-104.7899517,9/10/2023 21:36,21:36:00,12,0,2,PENA BLVD & GREEN VALLEY RANCH BLVD,11,3,0,1,1,4,0,0,65,0,0,0,0,2,4,2,14
,2023-38637,39.7201617,-104.9127637,9/5/2023 14:52,14:52:00,12,0,1,MONACO ST & E 3RD AVE,1,1,0,0,1,4,0,0,30,0,0,0,0,1,4,3,11
,2023-38675,39.74020409,-105.0052249,6/7/2023 21:00,21:00:00,11,0,1, OSAGE ST & W COLFAX AVE,1,3,0,0,1,1,0,0,30,0,0,1,0,1,2,1,16
,2023-38685,39.71816434,-105.0252449,9/11/2023 12:03,12:03:00,3,0,0, FEDERAL BLVD & W 1ST AVE,1,1,0,0,1,1,0,0,35,0,0,0,0,0,2,3,16
,2023-38689,39.68764324,-104.9919387,9/11/2023 18:00,18:00:00,15,0,2, SANTA FE DR & W IOWA AVE,1,1,0,0,1,3,0,0,45,0,0,0,0,1,2,4,16
,2023-38710,39.78077303,-104.9497532,1/11/2023 16:16,16:16:00,15,0,0, VASQUEZ BLVD & I-70 WB RAMPS,2,3,0,0,1,8,0,0,40,0,0,0,0,0,2,2,1
,2023-38713,39.76563384,-104.9389791,8/24/2023 21:02,21:02:00,6,0,0,E 35TH AVE & N ALBION ST,1,3,0,0,1,4,0,0,20,0,0,0,0,0,4,2,16
,2023-38723,39.77768089,-104.8871927,9/12/2023 10:43,10:43:00,12,0,0,I-70 & N NORTHFIELD QUEBEC ST,1,1,0,0,1,4,0,0,55,0,0,0,0,0,1,3,3
,2023-38725,39.75484724,-105.0358046,9/12/2023 12:51,12:51:00,3,0,1, MEADE ST & W 26TH AVE,1,1,0,0,1,1,0,0,25,0,0,0,1,2,4,2,11
,2023-38730,39.66771893,-105.0417398,9/12/2023 8:49,8:49:00,1,0,0,W YALE AVE & S RALEIGH ST,1,1,3,0,1,1,0,0,25,0,0,0,0,0,4,2,13
,2023-38733,39.67429283,-105.053263,9/10/2023 19:53,19:53:00,12,0,1, SHERIDAN BLVD & W HARVARD AVE,11,3,0,1,1,1,0,0,25,0,0,0,0,2,2,2,16
,2023-38734,39.67959751,-104.9343549,9/8/2023 14:04,14:04:00,12,0,4,I-25 ON RAMP & E EVANS AVE,1,1,1,0,1,8,0,0,60,0,0,0,0,2,1,3,16
,2023-38737,39.72556641,-105.0503888,9/11/2023 9:36,9:36:00,12,0,0,W 6TH AVE EB ON RAMP & SHERIDAN BLVD,1,1,1,0,1,8,0,0,55,0,0,0,0,0,2,2,1
,2023-38745,39.66763906,-104.9128803,9/12/2023 17:11,17:11:00,12,0,1, MONACO ST & E YALE AVE,1,1,0,0,1,4,0,0,45,0,0,0,0,2,4,2,10
,2023-38746,39.7586661,-104.978219,9/12/2023 17:55,17:55:00,10,0,1,29TH ST & CHAMPA ST,1,1,0,0,1,1,0,0,25,0,0,0,0,2,4,2,11
,2023-38747,39.73701056,-105.0001426,4/28/2023 16:56,16:56:00,5,0,0, KALAMATH ST & W 13TH AVE,1,1,0,0,2,9,0,0,25,0,0,0,0,0,4,1,10
,2023-38751,39.75120892,-105.0251226,9/8/2023 19:51,19:51:00,3,0,1,W 23RD AVE & N FEDERAL BLVD,1,3,0,0,1,1,0,0,40,0,0,0,0,2,2,2,10
,2023-38753,39.76196286,-104.9548743,9/2/2023 23:12,23:12:00,5,0,0,3130  CLAYTON ST ALLEY & MLK BLVD,1,3,0,0,3,9,0,0,25,0,0,0,0,0,4,1,16
,2023-38754,39.77851655,-104.902696,9/12/2023 9:34,9:34:00,12,0,0,I-70 & N QUEBEC ST,1,1,0,0,1,4,0,0,55,0,0,0,0,0,1,3,16
,2023-38762,39.75466455,-104.8468868,8/19/2023 19:39,19:39:00,3,0,1, PEORIA ST & E MLK JR BLVD,1,1,0,0,1,1,0,0,35,0,0,0,0,2,4,2,16
,2023-38763,39.72906712,-104.986141,8/27/2023 4:18,4:18:00,3,0,3,E 8TH AVE & N LINCOLN ST,1,3,0,0,1,1,0,0,35,0,0,0,0,2,4,2,1
,2023-38764,39.74960169,-105.0003506,9/10/2023 2:39,2:39:00,3,0,1,15TH ST & BLAKE ST,1,3,0,0,1,1,0,0,30,0,0,0,0,1,4,2,13
,2023-38765,39.77652409,-104.9034985,9/11/2023 12:30,12:30:00,15,0,0,QUEBEC ST & I-70 EB RAMPS,1,1,0,0,1,4,0,0,35,0,0,0,0,0,2,2,3
,2023-38766,39.83345995,-104.6910568,9/12/2023 14:37,14:37:00,15,0,0,PENA BLVD & N JACKSON GAP ST,1,1,0,0,1,4,0,0,65,0,0,0,0,0,4,2,11
,2023-38768,39.77317066,-104.8075806,9/12/2023 7:50,7:50:00,12,0,0,E 40TH AVE & E ANDREWS DR,1,1,0,0,1,4,0,0,35,0,0,0,0,0,4,3,16
,2023-38770,39.67842295,-104.9522568,9/12/2023 11:14,11:14:00,1,0,1,E EVANS AVE & S MILWAUKEE ST,1,1,0,0,1,1,0,1,30,0,0,0,0,1,4,2,11
,2023-38771,39.78960176,-104.8219152,9/5/2023 0:00,0:00:00,6,0,0, CRYSTAL ST & E 52ND AVE,1,3,0,0,1,3,0,0,,0,0,0,0,0,4,2,16
,2023-38773,39.72570812,-105.0001485,9/12/2023 9:40,9:40:00,12,0,0,W 6TH AVE & N KALAMATH ST,1,1,0,0,1,3,0,0,45,0,0,0,0,0,4,2,3
,2023-38778,39.65448292,-104.8721507,6/13/2023 18:02,18:02:00,6,0,0,E GIRARD AVE & S FLORENCE ST,1,1,0,0,1,2,0,0,25,0,0,0,0,0,4,2,16
,2023-38782,39.74379685,-104.8987513,9/12/2023 9:04,9:04:00,3,0,0,E 17TH AVE & N SYRACUSE ST,1,1,0,0,1,1,0,0,30,0,0,0,0,0,4,2,16
,2023-38784,39.75496051,-105.0252859,9/12/2023 9:10,9:10:00,12,0,1, FEDERAL BLVD & W 26TH AVE,1,1,0,0,1,3,0,0,35,0,0,0,0,1,2,2,14
,2023-38787,39.7838983,-104.7744719,9/12/2023 15:56,15:56:00,3,0,0, YAMPA ST & E GREEN VALLEY RANCH BLVD,1,1,0,0,1,2,0,0,25,0,0,0,0,0,4,2,11
,2023-38788,39.74167869,-104.9861163,9/12/2023 16:50,16:50:00,12,0,0,LINCOLN ST & E 16TH AVE,1,1,3,0,1,1,0,0,35,0,0,0,0,0,4,3,13
,2023-38791,39.78392925,-105.0268074,9/12/2023 8:38,8:38:00,12,0,1,I-70 EB OFF RAMP & N FEDERAL BLVD,1,1,1,0,1,8,0,0,55,0,0,0,0,1,1,2,13
,2023-38792,39.72546558,-105.0498161,9/11/2023 6:45,6:45:00,12,0,2,W 6TH AVE & N SHERIDAN BLVD,11,1,1,0,1,8,0,0,55,0,0,0,0,1,2,5,1
,2023-38793,39.6738889,-104.8698064,9/12/2023 12:42,12:42:00,3,0,0, PARKER RD & E ILIFF AVE,1,1,0,0,1,2,0,0,35,0,0,0,0,0,2,2,11
,2023-38794,39.71118196,-104.9920368,8/17/2023 15:30,15:30:00,12,0,0,W ALAMEDA AVE & S CHEROKEE ST,1,1,0,0,1,4,0,0,35,0,0,0,0,0,2,2,16
,2023-38798,39.77145481,-104.848177,8/15/2023 0:24,0:24:00,11,1,0,E 39TH AVE & N PARIS ST,1,3,0,0,1,4,0,0,25,0,1,0,0,4,4,1,16
,2023-38804,39.72543515,-105.0531933,8/31/2023 22:28,22:28:00,3,0,1,W 6TH AVE EB OFF RAMP & N SHERIDAN BLVD,1,3,0,0,1,1,0,0,35,0,0,0,0,2,2,2,16
,2023-38808,39.74322157,-104.9623634,8/26/2023 17:54,17:54:00,6,0,0,E 17TH AVE & N VINE ST,1,1,0,0,1,4,0,0,25,0,0,0,0,0,4,2,11
,2023-38810,39.79823833,-104.8471929,8/20/2023 17:09,17:09:00,3,0,2,E 56TH AVE & N PEORIA ST,1,1,0,0,1,1,0,0,35,0,0,0,0,2,4,2,1
,2023-38811,39.73869236,-104.9034646,9/1/2023 23:56,23:56:00,3,0,0, QUEBEC ST & E 14TH AVE,1,3,0,0,1,1,0,0,30,0,0,0,1,0,4,2,16
,2023-38814,39.77982982,-104.9683629,9/12/2023 7:17,7:17:00,12,0,0,I-70 & N BRIGHTON BLVD,1,1,0,0,1,4,0,0,55,0,0,0,0,0,1,2,11
,2023-38816,39.7803044,-104.96574,9/1/2023 10:37,10:37:00,12,0,0,I-70 & N BRIGHTON BLVD,1,1,0,0,1,4,0,0,55,0,0,0,0,0,1,2,16
,2023-38817,39.74165402,-104.9734037,9/11/2023 22:50,22:50:00,12,0,0,E 16TH AVE & N DOWNING ST,1,3,0,7,1,1,0,0,25,0,0,0,0,0,4,2,16
,2023-38818,39.69109189,-105.0222387,8/31/2023 20:39,20:39:00,6,0,0, DECATUR ST & W ARKANSAS AVE,1,3,0,0,1,4,0,0,20,0,0,0,0,0,4,4,16
,2023-38821,39.68154466,-104.952525,9/12/2023 8:21,8:21:00,12,0,0,E BUCHTEL BLVD & S MILWAUKEE ST,1,1,0,0,1,3,0,0,30,0,0,0,0,0,4,2,7
,2023-38822,39.77140383,-104.8854643,9/11/2023 10:40,10:40:00,5,0,0,CENTRAL PARK BLVD & E 40TH AVE,1,1,1,0,3,4,0,0,35,0,0,0,0,0,4,1,2
,2023-38823,39.73328541,-105.0157454,9/12/2023 7:40,7:40:00,12,0,1,I-25 & W 8TH AVE,1,1,0,0,1,4,0,0,55,0,0,0,0,1,1,3,1
,2023-38827,39.83345293,-104.6929352,9/12/2023 14:22,14:22:00,1,0,0, JACKSON GAP ST & PENA BLVD,1,1,0,0,1,1,0,0,45,0,0,0,0,0,4,2,1
,2023-38830,39.73998563,-104.9634858,9/12/2023 4:59,4:59:00,3,0,0,E COLFAX AVE & N RACE ST,1,1,0,0,1,1,0,0,35,0,0,0,0,0,2,2,16
,2023-38831,39.73488603,-104.9942783,9/6/2023 21:40,21:40:00,15,0,0,SPEER BLVD & W 11TH AVE,1,3,0,0,1,4,0,0,35,0,0,0,0,0,4,2,16
,2023-38832,39.7119379,-104.9987563,9/8/2023 9:45,9:45:00,3,0,0,W BYERS PL & S KALAMATH ST,1,1,0,0,1,1,0,0,25,0,0,0,0,0,4,2,16
,2023-38834,39.83201435,-104.7155512,9/12/2023 7:22,7:22:00,5,0,0,E 75TH AVE & N GUN CLUB RD,1,1,0,0,2,1,0,0,45,0,0,0,0,0,4,1,8
,2023-38835,39.70335067,-104.9129175,9/12/2023 14:13,14:13:00,11,0,1, MONACO ST & LEETSDALE DR,1,1,1,0,1,4,0,0,0,0,1,0,0,3,4,1,16
,2023-38836,39.71338861,-105.0276295,9/9/2023 0:29,0:29:00,6,0,0,W CEDAR AVE & S HAZEL CT,1,4,0,0,1,4,0,0,25,0,0,0,0,0,4,2,16
,2023-38837,39.71396439,-105.0005624,7/28/2023 13:53,13:53:00,15,0,1,I-25 ON RAMP & W CEDAR AVE,1,1,0,0,1,8,0,0,55,0,0,0,0,1,1,2,16
,2023-38840,39.7093333,-104.9864039,9/11/2023 9:51,9:51:00,10,0,1,E DAKOTA AVE & S LINCOLN ST,1,1,0,0,1,1,0,0,30,0,0,0,0,1,4,2,7
,2023-38842,39.8318536,-104.6929223,9/12/2023 16:34,16:34:00,10,0,0,E 75TH AVE & N JACKSON GAP,1,1,0,0,1,3,0,0,40,0,0,0,0,0,4,2,11
,2023-38843,39.76717423,-104.9970172,9/8/2023 16:32,16:32:00,15,0,1,I-25 & PARK AVE W,1,2,0,0,1,8,0,0,55,0,0,0,0,1,1,2,10
,2023-38849,39.7398738,-104.9873917,8/21/2023 13:20,13:20:00,15,0,0, BROADWAY & E COLFAX AVE,1,1,0,0,1,4,0,0,30,0,0,0,0,0,4,2,13
,2023-38858,39.6828261,-104.9394568,9/12/2023 7:47,7:47:00,12,0,2,I-25 & S COLORADO BLVD,1,1,0,0,1,4,0,0,55,0,0,0,0,2,1,2,16
,2023-38859,39.84999742,-104.6697801,9/12/2023 9:17,9:17:00,5,0,1,8500,1,1,0,0,3,4,0,0,10,0,0,0,0,2,4,1,13
,2023-38860,39.79830003,-104.7697918,9/12/2023 7:25,7:25:00,1,0,1,E 56TH AVE & N ARGONNE ST,1,1,0,0,1,1,0,0,35,0,0,0,0,2,4,2,16
,2023-38861,39.70041901,-105.0250845,9/12/2023 13:19,13:19:00,12,0,0, FEDERAL BLVD & W KENTUCKY AVE,1,1,0,0,1,3,0,0,30,0,0,0,0,0,2,2,11
,2023-38865,39.63757997,-104.9091526,9/12/2023 9:16,9:16:00,12,0,1,I-25 & I-225 NB DIR CONN MERGE PT,1,1,0,0,1,8,0,0,65,0,0,0,0,1,1,2,10
,2023-38907,39.78374971,-104.9541203,8/27/2023 2:34,2:34:00,6,0,0,E 48TH AVE & N CLAYTON ST,1,3,0,0,1,1,0,0,25,0,0,0,0,0,4,2,16
,2023-38908,39.67845631,-104.908213,9/13/2023 10:43,10:43:00,15,0,0,E EVANS AVE & S ONEIDA ST,1,1,0,0,1,1,0,1,35,0,0,0,0,0,4,2,11
,2023-38909,39.69655241,-104.8776296,8/26/2023 22:05,22:05:00,3,0,3, CLINTON ST & E MISSISSIPPI AVE,1,3,0,0,1,1,0,0,35,0,0,0,0,3,4,2,16
,2023-38914,39.66750574,-104.8661332,6/29/2023 22:38,22:38:00,3,0,3, HAVANA ST & E YALE AVE,11,3,0,1,1,1,0,0,40,0,0,0,0,3,2,3,1
,2023-38917,39.72922557,-104.9394692,9/13/2023 16:11,16:11:00,6,0,0,E 8TH PL & N ALBION ST,1,1,0,0,1,4,0,0,25,0,0,0,0,0,4,2,13
,2023-38922,39.72572603,-105.0175113,9/12/2023 21:55,21:55:00,15,0,0,W 6TH AVE & N ALCOTT ST,1,3,0,0,1,4,0,0,55,0,0,0,0,0,2,2,16
,2023-38928,39.74286235,-104.9915874,9/12/2023 18:40,18:40:00,10,0,0,15TH ST & GLENARM PL,1,1,0,0,1,3,0,0,25,0,0,0,0,0,4,2,8
,2023-38931,39.68953895,-105.0532505,8/18/2023 2:42,2:42:00,3,0,0, SHERIDAN BLVD & W FLORIDA AVE,1,3,0,0,1,1,0,0,35,0,0,0,0,0,2,2,16
,2023-38932,39.70999878,-104.9899998,9/11/2023 10:23,10:23:00,16,0,0,500  SANTA FE DR,1,1,0,0,5,7,0,0,10,0,0,0,0,0,3,2,16
,2023-38936,39.78009662,-104.9419006,9/13/2023 18:16,18:16:00,15,0,0,I-70 & N COLORADO BLVD,1,1,0,0,1,4,0,0,55,0,0,0,0,0,1,3,11
,2023-38938,39.72096555,-104.9412232,9/13/2023 14:22,14:22:00,12,0,1,E 3RD AVE & N COLORADO BLVD,1,1,0,0,1,3,0,0,30,0,0,0,0,1,2,2,3
,2023-38941,39.72893751,-104.9799329,8/26/2023 17:54,17:54:00,6,0,0, PEARL ST & E 8TH AVE,1,1,1,0,1,4,0,0,30,0,0,0,0,0,4,2,1
,2023-38942,39.73486493,-105.0321598,8/29/2023 15:44,15:44:00,5,0,0, KNOX CT & W 13TH AVE,1,1,0,0,3,4,0,0,25,0,0,0,0,0,4,1,11
,2023-38944,39.71201618,-104.9992443,7/6/2023 15:00,15:00:00,12,0,0,I-25 ON RAMP FROM  SANTA FE DR & ON RAMP MERGE PT,1,1,1,0,1,8,0,0,45,0,0,0,0,0,1,2,16
,2023-38949,39.75420038,-105.0014894,9/7/2023 15:32,15:32:00,11,0,1,WEWATTA ST & 17TH ST,1,1,0,0,1,3,0,0,,0,0,1,0,1,4,1,16
,2023-38952,39.74379433,-104.8999163,9/13/2023 16:53,16:53:00,3,0,0,E 17TH AVE & N ROSEMARY ST,1,1,3,0,1,1,0,0,30,0,0,0,0,0,4,2,13
,2023-38956,39.75946757,-104.9597534,8/31/2023 17:24,17:24:00,12,0,2, YORK ST & E 30TH AVE,1,1,0,0,1,1,0,0,30,0,0,0,0,2,4,2,16
,2023-38958,39.7609007,-105.004412,9/12/2023 16:39,16:39:00,12,0,0,I-25 & 20TH ST,1,1,0,0,1,4,0,0,55,0,0,0,0,0,1,3,13
,2023-38959,39.75254557,-105.0001214,9/13/2023 13:25,13:25:00,15,0,0,WYNKOOP ST & 17TH ST,1,1,0,0,1,4,0,0,35,0,0,0,0,0,4,2,14
,2023-38960,39.70606526,-104.9407892,7/19/2023 20:38,20:38:00,1,0,2, COLORADO BLVD & E CHERRY CREEK S DR,1,3,0,0,1,1,0,0,35,0,0,0,1,3,2,3,16
,2023-38961,39.71370733,-105.0003978,9/12/2023 15:34,15:34:00,15,0,0,I-25 & W ALAMEDA AVE,1,1,0,0,1,4,0,0,55,0,0,0,0,0,1,2,16
,2023-38964,39.76375146,-104.975152,8/27/2023 15:30,15:30:00,3,0,0,33RD ST & ARAPAHOE ST,1,1,0,0,1,1,0,0,30,0,0,0,0,0,4,5,16
,2023-38966,39.76741508,-104.9271863,7/10/2023 6:00,6:00:00,6,0,0,E 36TH AVE & N FOREST ST,1,2,0,0,1,4,0,0,,0,0,0,0,0,4,2,16
,2023-38968,39.71702315,-104.8955712,8/29/2023 8:50,8:50:00,15,0,0,E FAIRMOUNT DR & E LOWRY BLVD,1,1,0,0,1,1,0,0,25,0,0,0,0,0,4,2,16
,2023-38969,39.77294481,-105.0251797,8/17/2023 16:36,16:36:00,12,0,0, FEDERAL BLVD & W 41ST AVE,1,1,0,0,1,3,0,0,30,0,0,0,0,0,2,3,16
,2023-38971,39.6726235,-104.8682151,9/13/2023 5:40,5:40:00,3,0,0,E HARVARD AVE & S PARKER RD,1,1,0,0,1,1,0,0,40,0,0,0,0,0,2,2,11
,2023-38973,39.76954607,-105.0345969,8/20/2023 16:20,16:20:00,15,0,0,W 38TH AVE & N LOWELL BLVD,1,1,0,0,1,4,0,0,35,0,0,0,0,0,4,3,16
,2023-38981,39.72631834,-104.9520745,9/13/2023 8:34,8:34:00,6,0,0,600  MILWAUKEE ST,1,1,0,0,3,4,0,0,20,0,0,0,0,0,4,2,14
,2023-38983,39.79086754,-104.7885785,9/13/2023 12:43,12:43:00,12,0,0,PENA BLVD & E GREEN VALLEY RANCH BLVD,1,1,0,0,1,4,0,0,65,0,0,0,0,0,4,3,3
,2023-38992,39.74051678,-104.988497,9/2/2023 1:40,1:40:00,5,0,0,W COLFAX AVE & 15TH ST,1,3,0,0,6,1,0,0,35,0,0,0,0,0,2,1,16
,2023-38995,39.74765389,-104.9406035,9/13/2023 9:01,9:01:00,15,0,0, COLORADO BLVD & E MONTVIEW BLVD,1,1,0,0,1,4,0,0,35,0,0,0,0,0,2,2,16
,2023-38996,39.72913713,-105.0147503,9/11/2023 0:05,0:05:00,8,0,0,I-25 & W 8TH AVE,11,3,0,1,1,4,0,0,,0,0,0,0,0,1,3,16
,2023-38997,39.75791652,-104.9917747,9/13/2023 16:58,16:58:00,15,0,0,WAZEE ST & PARK AVE W,1,1,0,0,1,1,0,0,25,0,0,0,0,0,4,2,13
,2023-38999,39.71055495,-104.9985108,8/25/2023 13:10,13:10:00,12,0,0,I-25 & W ALAMEDA AVE,11,1,3,1,1,4,0,0,55,0,0,0,0,0,1,2,1
,2023-39004,39.6932554,-104.9569746,8/29/2023 19:39,19:39:00,6,0,0,1282  COLUMBINE ST & E LOUISIANA AVE,1,1,0,0,1,4,0,0,25,0,0,0,0,0,4,2,16
,2023-39005,39.76429314,-105.0012177,9/12/2023 13:52,13:52:00,15,0,4,I-25 & PARK AVE W,1,1,0,0,1,4,0,0,55,0,0,0,0,1,1,2,16
,2023-39006,39.71119319,-104.8929216,9/13/2023 16:15,16:15:00,1,0,1,E ALAMEDA AVE & S FAIRMOUNT DR,1,1,0,0,1,1,0,0,30,0,0,0,0,1,4,2,13
,2023-39007,39.73869248,-104.8928647,9/13/2023 7:23,7:23:00,3,0,0, UINTA ST & E 14TH AVE,1,1,0,0,1,1,0,0,25,0,0,0,0,0,4,2,11
,2023-39011,39.78384063,-105.0064254,8/26/2023 15:21,15:21:00,15,0,0,W 48TH AVE & N PECOS ST,1,1,0,0,1,4,0,0,15,0,0,0,0,0,4,2,7
,2023-39013,39.65751626,-104.9202304,8/24/2023 22:15,22:15:00,12,0,1,I-25 & ON RAMP MERGE PT FROM E HAMPDEN AVE,1,3,3,0,1,8,0,0,55,0,0,0,0,3,1,2,16
,2023-39014,39.75176512,-104.9993316,8/13/2023 2:24,2:24:00,15,0,0,WAZEE ST & 17TH ST,1,3,0,0,1,4,0,0,25,0,0,0,0,0,4,2,16
,2023-39015,39.69814721,-104.9617564,8/19/2023 16:00,16:00:00,5,0,0, GAYLORD ST & E TENNESSEE AVE,1,1,0,0,3,4,0,0,,0,0,0,0,0,4,1,16
,2023-39016,39.76089398,-104.9840662,9/11/2023 21:42,21:42:00,2,0,1,2749 WALNUT ST & 28TH ST,1,3,0,0,1,2,0,0,25,1,0,0,0,2,4,1,13
,2023-39025,39.6550231,-105.0644334,8/29/2023 7:16,7:16:00,6,0,0,W GIRARD AVE & W HAMPDEN AVE SERVICE RD N,1,1,0,0,1,4,0,0,25,0,0,0,0,0,4,2,13
,2023-39030,39.73998563,-104.9634858,9/3/2023 23:21,23:21:00,3,0,2,E COLFAX AVE & N RACE ST,1,3,0,0,1,1,0,0,30,0,0,0,1,3,2,2,16
,2023-39031,39.73370772,-104.9822945,9/12/2023 17:10,17:10:00,11,0,1,E 11TH AVE & N LOGAN ST,1,1,0,0,1,1,0,0,25,0,0,1,0,2,4,1,14
,2023-39032,39.73177385,-104.9822556,9/5/2023 6:19,6:19:00,6,0,0,LOGAN ST & E 10TH AVE,1,1,0,0,1,4,0,0,25,0,0,0,0,0,4,2,13
,2023-39033,39.76201076,-105.0252188,9/13/2023 11:44,11:44:00,3,0,0, FEDERAL BLVD & W 32ND AVE,1,1,1,0,1,1,0,0,35,0,0,0,0,0,2,2,13
,2023-39034,39.75707478,-105.0100827,9/11/2023 16:01,16:01:00,15,0,0,I-25 & 15TH ST,1,1,0,0,1,4,0,0,55,0,0,0,0,0,1,2,13
,2023-39035,39.77644512,-104.8731693,9/12/2023 21:35,21:35:00,15,0,0,I-70 WB & N CENTRAL PARK BLVD,1,3,1,0,1,8,0,0,55,0,0,0,0,0,2,2,3
,2023-39036,39.73869614,-104.8999743,9/13/2023 17:20,17:20:00,3,0,0, ROSEMARY ST & E 14TH AVE,1,1,0,0,1,1,0,0,25,0,0,0,0,0,4,2,11
,2023-39037,39.74025849,-104.9406121,9/12/2023 8:35,8:35:00,12,0,0, COLORADO BLVD & E COLFAX AVE,1,1,0,0,1,3,0,0,30,0,0,0,0,0,2,2,11
,2023-39040,39.71158326,-104.9222854,9/11/2023 7:45,7:45:00,11,0,1, HOLLY ST & E ALAMEDA AVE,1,1,1,0,1,4,0,0,25,0,1,0,0,1,4,1,13
,2023-39042,39.78020467,-104.9503332,8/31/2023 13:13,13:13:00,15,0,0,I-70 & N VASQUEZ BLVD,1,1,0,0,1,13,0,0,,0,0,0,0,0,1,2,16
,2023-39044,39.74022152,-104.8928774,8/11/2023 18:58,18:58:00,11,0,1,E COLFAX AVE & N UINTA ST,1,1,0,0,1,4,0,0,30,0,1,0,0,3,2,1,1
,2023-39048,39.61318606,-105.0209926,9/13/2023 12:13,12:13:00,12,0,0, SANTA FE DR & W BOWLES AVE,1,1,0,0,1,4,0,0,45,0,0,0,0,0,2,2,3
,2023-39051,39.71465321,-104.9407884,8/6/2023 23:25,23:25:00,12,0,1, COLORADO BLVD & E BAYAUD AVE,1,3,0,0,1,1,0,0,35,0,0,0,0,2,2,2,16
,2023-39053,39.69659747,-104.9326066,9/2/2023 5:36,5:36:00,5,0,0,4720 E MISSISSIPPI AVE ALLEY,1,3,0,0,3,9,0,0,20,0,0,0,0,0,4,1,11
,2023-39106,39.74657879,-105.0045897,8/28/2023 17:55,17:55:00,5,0,0,WALNUT ST & 11TH ST,1,1,0,0,3,1,0,0,25,0,0,0,0,0,4,1,7
,2023-39117,39.68950058,-105.0212986,9/13/2023 16:39,16:39:00,12,0,0,W FLORIDA AVE & S DALE CT,1,1,0,0,1,1,0,0,30,0,0,0,0,0,4,2,13
,2023-39121,39.78589169,-104.7721288,9/13/2023 11:45,11:45:00,1,0,1, TOWER RD & E 49TH AVE,1,1,0,0,1,1,0,0,35,0,0,0,0,2,4,2,16
,2023-39133,39.71114543,-105.0203692,9/13/2023 15:34,15:34:00,15,0,0,W ALAMEDA AVE & S CLAY ST,1,1,0,0,1,4,0,0,30,0,0,0,0,0,2,2,13
,2023-39146,39.66771085,-105.038686,9/14/2023 11:02,11:02:00,3,0,0, PATTON CT & W YALE AVE,1,1,0,0,1,1,0,0,25,0,0,0,0,0,4,2,16
,2023-39147,39.71214411,-104.9923842,8/19/2023 22:00,22:00:00,10,0,2, CHEROKEE ST & W BYERS PL,1,3,0,0,1,1,0,0,25,0,0,0,0,2,4,2,16
,2023-39153,39.7613889,-105.0052473,9/7/2023 12:51,12:51:00,10,0,0,I-25 SB OFF RAMP & W 20TH ST,1,1,0,0,1,1,0,0,35,0,0,0,0,0,1,2,13
,2023-39155,39.69644655,-104.897788,9/14/2023 8:12,8:12:00,15,0,0, PARKER RD & E MISSISSIPPI AVE,1,1,1,0,1,4,0,0,35,0,0,0,0,0,2,2,13
,2023-39157,39.72563204,-104.9227988,7/10/2023 12:30,12:30:00,3,1,1,E 6TH AVE & N HOLLY ST,1,1,0,0,1,1,0,0,30,0,0,0,0,4,4,2,3
,2023-39164,39.76158573,-105.011136,9/14/2023 12:05,12:05:00,3,0,0,17TH ST & N TEJON ST,1,1,1,0,1,1,0,0,30,0,0,0,0,0,4,2,16
,2023-39168,39.70771886,-105.0532505,9/14/2023 6:10,6:10:00,3,0,0,W VIRGINIA AVE & S SHERIDAN BLVD,1,1,0,0,1,1,0,0,20,0,0,0,0,0,2,2,11
,2023-39173,39.68316587,-104.94156,9/14/2023 18:00,18:00:00,12,0,0,I-25 & S COLORADO BLVD,11,4,0,1,1,4,0,0,55,0,0,0,0,0,1,3,13
,2023-39176,39.76031688,-105.0040038,9/14/2023 0:56,0:56:00,9,0,0,19TH ST & PLATTE ST,1,3,0,0,3,1,0,0,25,0,0,0,0,0,4,1,9
,2023-39177,39.66941689,-104.9593944,9/14/2023 18:41,18:41:00,12,0,0, UNIVERSITY BLVD & E VASSAR AVE,14,5,3,7,1,3,0,0,35,0,0,0,0,0,4,2,13
,2023-39180,39.74197871,-104.9011003,9/9/2023 12:15,12:15:00,3,0,0,E 16TH AVE & N ROSLYN ST,1,1,0,0,1,1,0,0,25,0,0,0,0,0,4,2,13
,2023-39186,39.798388,-104.7867382,7/26/2023 11:05,11:05:00,12,0,0,E 56TH AVE & PENA BLVD ,1,1,0,0,1,4,0,0,45,0,0,0,0,0,4,4,16