id,drcog_id,latitude,longitude,crashtime,time,crashtype,numbkilled,numbinjurd,drcoglocat,rdconditin,lightngcon,roadcntgrd,weatherco,location,roaddescrp,schoolzone,constrzone,splimit,bikeinv,pedinv,sctrinv,motoinv,svrty,rdsystem,ttlvehcls,hcf
,2023-39190,39.7292739,-104.9190661,9/14/2023 16:35,16:35:00,12,0,0,E 8TH AVE & JASMINE ST,1,1,0,0,1,4,0,0,30,0,0,0,0,0,2,3,13
,2023-39194,39.63776445,-104.9092948,9/14/2023 7:25,7:25:00,15,0,0,I-25 & E QUINCY AVE,1,1,0,0,1,8,0,0,65,0,0,0,0,0,2,2,16
,2023-39198,39.73368747,-104.9781791,9/14/2023 9:30,9:30:00,6,0,0,E 11TH AVE & N WASHINGTON ST,1,1,0,0,1,9,0,0,35,0,0,0,0,0,4,2,11
,2023-39199,39.67514174,-105.0532639,9/14/2023 7:47,7:47:00,15,0,0, SHERIDAN BLVD & W WARREN AVE,1,1,0,0,1,4,0,0,35,0,0,0,0,0,2,2,16
,2023-39200,39.72723531,-105.0140468,9/14/2023 8:14,8:14:00,12,0,0,I-25 & W 8TH AVE,1,1,1,0,1,4,0,0,55,0,0,0,0,0,1,2,1
,2023-39207,39.7457706,-104.986119,9/13/2023 16:20,16:20:00,6,0,1, LINCOLN ST & E 19TH AVE,1,1,0,0,1,4,0,0,35,0,0,0,0,1,4,2,1
,2023-39209,39.65310367,-104.9282689,9/14/2023 9:50,9:50:00,3,0,0,E HAMPDEN AVE & S FAIRFAX ST,1,1,0,0,1,2,0,0,40,0,0,0,0,0,2,2,16
,2023-39214,39.67844897,-104.9344741,9/14/2023 12:08,12:08:00,12,0,1,E EVANS AVE & I-25 SB RAMPS,1,1,0,0,1,1,0,0,35,0,0,0,0,1,4,2,16
,2023-39216,39.78552159,-104.8879968,9/14/2023 7:10,7:10:00,3,0,0, WILLOW ST & E NORTHFIELD BLVD,1,1,0,0,1,1,0,0,25,0,0,0,0,0,4,2,16
,2023-39219,39.7111843,-105.0015765,9/13/2023 14:03,14:03:00,15,0,0,W ALAMEDA AVE & S LIPAN ST,1,1,0,0,1,1,0,0,35,0,0,0,0,0,2,2,13
,2023-39221,39.76708681,-104.9945843,9/14/2023 11:43,11:43:00,15,0,0,I-25 NB ON RAMP & PARK AVE W,1,1,0,0,1,8,0,0,30,0,0,0,0,0,4,3,13
,2023-39225,39.67851428,-104.9889695,9/15/2023 10:15,10:15:00,15,0,0,W EVANS AVE & S BROADWAY ST,11,1,0,1,1,4,0,0,35,0,0,0,0,0,4,2,13
,2023-39226,39.65310266,-104.9290959,9/15/2023 8:31,8:31:00,3,0,0,E HAMPDEN AVE & E ELM ST,11,1,0,1,1,2,0,0,35,0,0,0,0,0,2,3,11
,2023-39228,39.77935849,-104.9791813,9/13/2023 16:39,16:39:00,12,0,1,I-70 EB OFF RAMP COLLECTOR & N WASHINGTON ST,1,1,0,0,1,8,0,0,55,0,0,0,0,1,1,2,1
,2023-39235,39.77965962,-104.9724869,9/14/2023 7:25,7:25:00,15,0,1,I-70 & N WASHINGTON ST,1,1,1,0,1,13,0,0,55,0,0,0,0,1,1,2,1
,2023-39244,39.78055013,-104.9488649,9/14/2023 11:11,11:11:00,15,0,0,I-70 & N STEELE ST,1,1,0,0,1,4,0,0,55,0,0,0,0,0,1,2,1
,2023-39245,39.82977314,-104.6929859,9/15/2023 3:11,3:11:00,5,0,0,JACKSON GAP,11,3,0,1,2,4,0,0,65,0,0,0,0,0,4,1,8
,2023-39246,39.73663462,-104.9873945,9/14/2023 11:03,11:03:00,15,0,0,BROADWAY & E 12TH AVE,1,1,0,0,1,1,0,0,35,0,0,0,0,0,4,2,16
,2023-39250,39.85001742,-104.6697901,9/14/2023 21:00,21:00:00,15,0,0,PENA BLVD & 8500,11,3,0,1,1,4,0,0,45,0,0,0,0,0,4,2,11
,2023-39252,39.78020483,-104.9503217,9/14/2023 14:35,14:35:00,12,0,0,I-70 & N VASQUEZ BLVD,1,1,0,0,1,4,0,0,55,0,0,0,0,0,1,2,10
,2023-39253,39.756474,-104.9406987,9/15/2023 18:10,18:10:00,1,0,0, COLORADO BLVD & E 28TH AVE,1,1,0,0,1,1,0,0,35,0,0,0,0,0,2,2,14
,2023-39254,39.76925974,-105.0252227,9/14/2023 20:15,20:15:00,1,0,0,W 38TH AVE & N FEDERAL BLVD,11,3,0,1,1,1,0,0,40,0,0,0,0,0,2,3,16
,2023-39256,39.63882412,-104.8852049,9/15/2023 7:11,7:11:00,3,0,0,I-225 NB OFF RAMP & S YOSEMITE ST,11,1,0,1,1,1,0,0,30,0,0,0,0,0,4,2,2
,2023-39257,39.70353003,-104.982791,9/15/2023 7:22,7:22:00,14,0,0, LOGAN ST & E EXPOSITION AVE,11,1,0,1,1,4,0,0,30,0,0,0,0,0,4,2,16
,2023-39258,39.83386024,-104.7518055,9/14/2023 23:31,23:31:00,12,0,0,PENA BLVD & E-470,11,3,0,1,1,4,0,0,65,0,0,0,0,0,4,3,8
,2023-39259,39.72345719,-104.9038346,9/14/2023 16:10,16:10:00,12,0,0,QUEBEC ST & E 6TH AVE,1,1,0,0,1,4,0,0,30,0,0,0,0,0,4,3,13
,2023-39268,39.76762058,-104.8423547,9/8/2023 7:13,7:13:00,10,0,1,E 37TH AVE & N REVERE ST,1,1,0,0,1,2,0,0,25,0,0,0,1,2,4,2,11
,2023-39274,39.68213672,-104.9734201,9/15/2023 1:15,1:15:00,3,0,0,E JEWELL AVE,11,3,0,7,1,1,0,0,20,0,0,0,0,0,4,2,14
,2023-39276,39.77184951,-104.9034925,9/14/2023 10:30,10:30:00,15,0,0, QUEBEC ST & E SMITH RD,1,1,1,0,1,4,0,0,35,0,0,0,0,0,4,2,11
,2023-39280,39.7601211,-105.0056697,9/13/2023 16:46,16:46:00,12,0,0,I-25 & 20TH ST,1,1,0,0,1,4,0,0,55,0,0,0,0,0,1,3,16
,2023-39282,39.71705998,-104.9037172,9/15/2023 12:00,12:00:00,1,0,0,E LOWRY BLVD & N QUEBEC ST,1,1,0,0,1,1,0,0,30,0,0,0,0,0,4,2,13
,2023-39283,39.79841017,-104.7777733,9/15/2023 7:52,7:52:00,3,0,0,17900 E 56TH AVE & N TELLURIDE ST,11,1,0,1,1,2,0,0,35,0,0,0,0,0,4,2,16
,2023-39285,39.70407402,-105.0408527,9/15/2023 1:34,1:34:00,6,0,0, QUITMAN ST & W EXPOSITION AVE,1,3,0,0,1,4,0,0,25,0,0,0,0,0,4,2,3
,2023-39287,39.78003432,-104.8408748,9/14/2023 0:10,0:10:00,9,0,1,E ALBROOK DR & N CROWN BLVD,1,3,0,0,3,3,0,0,35,0,0,0,0,2,4,1,11
,2023-39288,39.7400086,-104.9900074,9/15/2023 1:59,1:59:00,16,0,0,1160  LINCOLN ST & N LINCOLN ST,1,3,0,0,5,7,0,0,,0,0,0,0,0,3,2,11
,2023-39289,39.78354655,-105.0145543,9/14/2023 8:57,8:57:00,12,0,0,I-70 & N PECOS ST,1,1,1,0,1,4,0,0,55,0,0,0,0,0,1,5,1
,2023-39291,39.71819658,-104.9732322,9/15/2023 1:57,1:57:00,5,0,1,E 1ST AVE & N DOWNING ST,11,3,0,1,3,3,0,0,45,0,0,0,0,2,4,1,3
,2023-39292,39.72731018,-105.0140779,9/13/2023 17:12,17:12:00,15,0,0,I-25 & W 8TH AVE,1,1,1,0,1,4,0,0,55,0,0,0,0,0,1,4,14
,2023-39300,39.79133461,-104.8825791,9/15/2023 13:00,13:00:00,3,0,0, CENTRAL PARK BLVD & E PRAIRIE MEADOW DR,1,1,0,0,1,1,0,0,35,0,0,0,0,0,4,2,1
,2023-39301,39.67947887,-104.9593906,9/15/2023 11:41,11:41:00,6,0,0, UNIVERSITY BLVD & E EVANS AVE,11,1,0,0,1,4,0,0,30,0,0,0,0,0,4,2,11
,2023-39302,39.73684778,-104.9861411,9/15/2023 19:38,19:38:00,12,0,0,E 13TH AVE & N LINCOLN ST,1,3,1,0,1,1,0,0,35,0,0,0,0,0,4,2,10
,2023-39304,39.73840254,-104.9660094,9/14/2023 16:25,16:25:00,10,0,0,E 14TH AVE & N WILLIAMS ST,1,1,0,0,1,1,0,0,30,0,0,0,0,0,4,2,8
,2023-39306,39.69842544,-104.9175895,9/14/2023 22:58,22:58:00,6,0,0,E TENNESSEE AVE & S NIAGARA ST,11,3,0,1,3,4,0,0,25,0,0,0,0,0,4,2,14
,2023-39308,39.68032774,-104.9875714,9/15/2023 7:56,7:56:00,3,0,2,E ASBURY AVE & S BROADWAY,11,1,0,0,1,1,0,0,25,0,0,0,0,2,4,2,11
,2023-39310,39.66548581,-104.9406217,9/15/2023 11:10,11:10:00,1,0,1,E AMHERST AVE & S COLORADO BLVD,11,1,0,1,1,1,0,0,30,0,0,0,0,1,2,2,11
,2023-39312,39.71781961,-104.9449767,9/14/2023 18:10,18:10:00,3,0,0,E 1ST AVE & N MONROE ST,11,3,0,1,1,1,0,0,25,0,0,0,0,0,4,2,13
,2023-39313,39.68468366,-104.9594471,9/15/2023 8:17,8:17:00,12,0,0,I-25 & S UNIVERSITY BLVD,11,1,0,1,1,4,0,0,60,0,0,0,0,0,1,2,16
,2023-39314,39.66758995,-104.9255887,9/15/2023 13:18,13:18:00,12,0,2,I-25 & S YALE AVE,1,1,0,0,1,4,0,0,55,0,0,0,0,1,1,2,13
,2023-39315,39.77651922,-104.9895643,9/13/2023 6:24,6:24:00,12,0,0,I-25 & W 44TH AVE,1,1,0,0,1,4,0,0,55,0,0,0,0,0,1,2,14
,2023-39316,39.67673769,-104.9406361,9/15/2023 15:20,15:20:00,12,0,0, COLORADO BLVD & E WARREN AVE,1,1,0,0,1,4,0,0,35,0,0,0,0,0,2,2,13
,2023-39317,39.77851121,-104.8988816,9/15/2023 14:33,14:33:00,12,0,0,I-70 & N NORTHFIELD QUEBEC ST,1,1,0,0,1,4,0,0,55,0,0,0,0,0,1,2,10
,2023-39318,39.71089659,-104.9875769,9/15/2023 6:01,6:01:00,15,0,0, BROADWAY & E ALAMEDA AVE,11,3,0,0,1,2,0,0,35,0,0,0,0,0,4,2,11
,2023-39321,39.77996005,-105.0532614,9/14/2023 9:00,9:00:00,12,0,0, SHERIDAN BLVD & W 46TH AVE,1,1,0,0,1,3,0,0,35,0,0,0,0,0,2,2,13
,2023-39323,39.75531427,-104.9733792,9/15/2023 5:25,5:25:00,6,0,0,TREMONT PL & N DOWNING ST,11,3,3,0,1,4,0,0,,0,0,0,0,0,4,2,16
,2023-39324,39.74000585,-104.9861475,9/1/2023 5:00,5:00:00,3,0,2,E COLFAX AVE & LINCOLN ST,1,3,0,0,1,1,0,0,25,0,0,0,0,3,2,2,11
,2023-39327,39.70023316,-104.9593281,9/8/2023 21:39,21:39:00,12,0,1, UNIVERSITY BLVD & E KENTUCKY AVE,1,3,0,0,1,1,0,0,35,0,0,0,0,2,4,2,16
,2023-39329,39.72500754,-105.0133462,9/14/2023 9:55,9:55:00,12,0,0,I-25 ON RAMP & WB W 6TH AVE ,1,1,0,0,1,8,0,0,55,0,0,0,0,0,1,2,13
,2023-39339,39.74823647,-104.9864625,9/16/2023 1:15,1:15:00,3,0,0,20TH ST & WELTON ST,1,3,0,0,1,1,0,0,25,0,0,0,0,0,4,2,16
,2023-39340,39.74001464,-104.9999793,9/9/2023 2:02,2:02:00,3,0,0,W COLFAX AVE & N KALAMATH ST,1,3,0,0,1,1,0,0,35,0,0,0,0,0,2,2,16
,2023-39342,39.73980818,-105.0138954,9/4/2023 6:20,6:20:00,15,0,0,I-25 & W COLFAX AVE,1,1,0,0,1,4,0,0,,0,0,0,0,0,1,2,16
,2023-39343,39.78059092,-104.9407523,9/13/2023 9:40,9:40:00,15,0,0,I-70 WB OFF RAMP & N COLORADO BLVD,1,1,0,0,1,1,0,0,40,0,0,0,0,0,2,2,7
,2023-39344,39.66055584,-105.0228404,9/15/2023 22:13,22:13:00,6,0,2, DECATUR ST & W DARTMOUTH AVE,1,3,0,0,1,4,0,0,25,0,0,0,0,2,4,2,14
,2023-39345,39.72586928,-105.0343889,9/13/2023 18:04,18:04:00,12,0,0,W 6TH AVE & N LOWELL BLVD,1,1,0,0,1,4,0,0,40,0,0,0,0,0,2,3,13
,2023-39346,39.78049189,-104.9587098,9/15/2023 16:45,16:45:00,12,0,0,I-70 & N YORK ST,1,1,0,0,1,4,0,0,55,0,0,0,0,0,1,2,13
,2023-39347,39.71121283,-104.9129298,9/15/2023 13:33,13:33:00,12,0,0,E ALAMEDA AVE & S MONACO ST,1,1,0,0,1,1,0,0,35,0,0,0,0,0,4,2,13
,2023-39348,39.72410119,-104.9794629,9/16/2023 4:18,4:18:00,6,0,1,616  E 5TH AVE,1,3,0,0,2,4,0,0,20,0,0,0,0,2,4,2,14
,2023-39349,39.65168378,-104.9175109,9/16/2023 13:42,13:42:00,12,0,0,I-25 & E HAMPDEN AVE,1,1,0,0,1,4,0,0,65,0,0,0,0,0,1,2,13
,2023-39350,39.6531038,-104.9281641,9/5/2023 7:11,7:11:00,12,0,0,E HAMPDEN AVE & S FAIRFAX ST,1,1,0,0,1,4,0,0,40,0,0,0,0,0,2,3,16
,2023-39355,39.7698209,-104.994888,9/3/2023 1:58,1:58:00,1,0,0, FOX ST & I-25 SB RAMPS,1,3,0,0,1,1,0,0,30,0,0,0,0,0,1,2,16
,2023-39356,39.78722482,-104.7899517,9/12/2023 18:10,18:10:00,12,0,0, PENA BLVD & E GREEN VALLEY RANCH BLVD,1,1,0,0,1,4,0,0,55,0,0,0,0,0,4,2,16
,2023-39358,39.74377434,-104.9430544,8/14/2023 2:10,2:10:00,6,0,4,E 17TH AVE & N JACKSON ST,1,3,0,0,1,1,0,0,30,0,0,0,0,3,4,3,14
,2023-39360,39.74955603,-105.0173177,9/15/2023 15:10,15:10:00,12,0,6,I-25 & W 23RD AVE,1,1,0,1,1,4,0,0,55,0,0,0,0,1,1,5,16
,2023-39361,39.76668686,-104.9765601,9/13/2023 6:39,6:39:00,11,0,1,34TH ST & WALNUT ST,1,1,0,0,1,1,0,0,0,0,0,1,0,1,4,1,16
,2023-39362,39.7182173,-104.9591285,9/15/2023 23:22,23:22:00,15,0,0, JOSEPHINE ST & E 1ST AVE,1,3,0,0,1,3,0,0,30,0,0,0,0,0,4,2,3
,2023-39365,39.74637519,-104.9888938,9/10/2023 16:22,16:22:00,3,0,1,18TH ST & WELTON ST,11,1,0,1,1,1,0,0,25,0,0,0,0,1,4,2,14
,2023-39366,39.77674293,-105.0346154,9/16/2023 19:52,19:52:00,5,0,0, LOWELL BLVD & W 44TH AVE,1,3,0,0,3,1,0,0,35,0,0,0,0,0,4,1,7
,2023-39367,39.74018221,-104.998143,9/3/2023 7:10,7:10:00,12,0,0,W COLFAX AVE & N SPEER BLVD,1,1,0,0,1,1,0,0,35,0,0,0,0,0,2,2,6
,2023-39368,39.67969661,-104.9355498,9/4/2023 9:00,9:00:00,5,0,0,4775 E COLORADO CENTER DR & E EVANS ST,1,1,3,0,2,4,0,0,25,0,0,0,0,0,4,1,16
,2023-39369,39.66052023,-105.0251646,9/16/2023 16:19,16:19:00,1,0,0, FEDERAL BLVD & W DARTMOUTH AVE,1,1,1,0,1,1,0,0,40,0,0,0,0,0,2,2,11
,2023-39370,39.78855815,-104.8282941,9/15/2023 17:02,17:02:00,5,0,0,E 51ST AVE & N CROWN BLVD,1,1,0,0,2,1,0,0,35,0,0,0,0,0,4,1,1
,2023-39371,39.67888724,-104.9343858,9/9/2023 16:37,16:37:00,12,0,0,I-25 & E EVANS AVE,1,1,0,0,1,4,0,0,65,0,0,0,0,0,2,2,16
,2023-39373,39.74020056,-104.9286705,9/1/2023 7:29,7:29:00,6,0,0,E COLFAX AVE & N FAIRFAX ST,1,1,0,0,1,3,0,0,,0,0,0,0,0,2,2,16
,2023-39374,39.78889771,-104.8022357,8/31/2023 1:50,1:50:00,5,0,0,5297  KITTREDGE ST & E 53RD AVE,1,3,0,0,3,1,0,0,35,0,0,0,0,0,4,2,16
,2023-39377,39.74003039,-104.9823384,9/8/2023 11:22,11:22:00,15,0,0,E COLFAX AVE & N LOGAN ST,1,1,0,0,1,1,0,0,30,0,0,0,0,0,1,2,13
,2023-39379,39.77576178,-104.8623925,8/27/2023 20:40,20:40:00,9,0,0,I-70 WB OFF RAMP & N HAVANA ST,1,3,1,0,2,8,0,0,25,0,0,0,0,0,1,1,16
,2023-39380,39.7872512,-104.822848,6/18/2023 3:07,3:07:00,6,0,0,E 51ST AVE & N CRYSTAL ST,1,3,0,0,3,4,0,0,25,0,0,0,0,0,4,3,2
,2023-39381,39.75151471,-104.9996499,9/3/2023 23:00,23:00:00,12,0,0,WAZEE ST & 16TH ST,1,3,0,0,1,4,0,0,25,0,0,0,0,0,4,2,16
,2023-39382,39.77063559,-104.8941837,9/8/2023 2:00,2:00:00,5,0,0,E SMITH RD & N ULSTER ST,1,3,0,0,3,3,0,0,20,0,0,0,0,0,4,1,1
,2023-39384,39.75706523,-104.9928834,9/15/2023 16:24,16:24:00,10,0,0,22ND ST & WAZEE ST,1,1,1,0,1,3,0,0,25,0,0,0,0,0,4,2,8
,2023-39386,39.85051746,-104.6796401,8/23/2023 15:54,15:54:00,6,0,0,PENA BLVD & E 83RD AVE,1,1,0,0,1,4,0,0,10,0,0,0,0,0,4,2,11
,2023-39387,39.75121571,-105.0283789,9/16/2023 11:39,11:39:00,3,0,2,W 23RD AVE & N HOOKER ST,1,1,0,0,1,1,0,0,30,0,0,0,0,1,4,2,13
,2023-39388,39.69566583,-104.9050566,9/12/2023 0:30,0:30:00,6,0,2,7100 E MISSISSIPPI AVE & S QUEBEC ST,1,3,0,0,1,4,0,0,25,0,0,0,0,2,4,3,16
,2023-39392,39.77229531,-104.9745584,9/12/2023 8:28,8:28:00,2,0,1,WYNKOOP ST & 38TH ST,1,1,0,0,1,1,0,0,0,1,0,0,0,2,4,1,16
,2023-39393,39.73563031,-104.8894156,9/16/2023 18:00,18:00:00,3,0,1,E 12TH AVE & N WABASH ST,1,1,0,0,1,1,0,0,25,0,0,0,0,1,4,2,1
,2023-39394,39.70409766,-105.0298067,9/16/2023 6:01,6:01:00,6,0,0, IRVING ST & W EXPOSITION AVE,1,3,0,0,1,4,0,0,25,0,0,0,0,0,4,3,13
,2023-39395,39.77411178,-104.8827885,9/15/2023 22:40,22:40:00,3,0,0, CENTRAL PARK BLVD & E 40TH AVE,1,3,0,0,1,1,0,0,35,0,0,0,0,0,4,2,16
,2023-39397,39.79838487,-104.7863541,9/16/2023 15:21,15:21:00,12,0,0,E 56TH AVE & PENA BLVD,1,1,0,0,1,4,0,0,35,0,0,0,0,1,4,2,3
,2023-39398,39.63487917,-104.8934156,9/15/2023 17:10,17:10:00,3,0,0, TAMARAC ST & S DTC BLVD,1,1,0,0,1,1,0,0,40,0,0,0,0,0,4,2,3
,2023-39399,39.74395018,-105.0301657,9/8/2023 8:40,8:40:00,15,0,0,W 17TH AVE & N IRVING ST,1,1,0,0,1,4,0,0,25,0,0,0,0,0,4,2,16
,2023-39400,39.74750693,-104.8916808,8/29/2023 15:46,15:46:00,6,0,0, VALENTIA ST & E MONTVIEW BLVD,1,1,0,0,1,4,0,0,25,0,0,0,0,0,4,2,13
,2023-39401,39.7980731,-104.831883,9/13/2023 13:55,13:55:00,14,0,0,E 56TH AVE & N UVALDA ST,1,1,0,0,6,4,0,0,,0,0,0,0,0,4,2,16
,2023-39402,39.71110687,-104.9790534,7/13/2023 12:25,12:25:00,15,0,0,E ALAMEDA AVE & S WASHINGTON ST,1,1,0,0,1,4,0,0,35,0,0,0,0,0,4,2,16
,2023-39403,39.72118248,-105.0228433,9/9/2023 19:45,19:45:00,2,0,0,W 3RD AVE & N DECATUR ST,1,3,0,0,1,4,0,0,25,1,0,0,0,0,4,1,16
,2023-39405,39.7324548,-104.9835845,9/3/2023 2:53,2:53:00,6,0,0,GRANT ST & E 10TH AVE,1,3,0,0,1,4,0,0,30,0,0,0,0,0,4,3,16
,2023-39408,39.72853216,-105.0145325,9/16/2023 2:44,2:44:00,12,0,3,I-25 & W 8TH AVE,1,3,0,0,1,4,0,0,60,0,0,0,0,2,1,2,16
,2023-39409,39.79278956,-104.8228131,9/15/2023 4:07,4:07:00,5,0,0,E MAXWELL PL & N CARSON ST,11,3,0,0,6,4,0,0,30,0,0,0,0,0,4,1,16
,2023-39410,39.79412967,-104.8227696,9/9/2023 22:59,22:59:00,6,0,0,CROWN BLVD & BLACKHAWK WAY,1,3,0,0,1,4,0,0,,0,0,0,0,0,4,3,16
,2023-39411,39.69298051,-104.9734139,9/15/2023 19:52,19:52:00,3,0,1, DOWNING ST & E LOUISIANA AVE,1,3,0,0,1,1,0,0,35,0,0,0,0,1,4,3,3
,2023-39412,39.76322167,-105.0064421,9/7/2023 13:29,13:29:00,2,0,1, PECOS ST & W 33RD AVE,1,1,1,0,1,1,0,0,25,1,0,0,0,1,4,1,16
,2023-39423,39.7740254,-104.8423325,9/15/2023 20:51,20:51:00,6,0,2,I-70 WB OFF RAMP & N PEORIA ST,1,4,0,0,3,8,0,0,45,0,0,0,0,2,4,2,3
,2023-39424,39.79831419,-104.884446,9/16/2023 16:16,16:16:00,1,0,2, CENTRAL PARK BLVD & E 56TH AVE,1,1,0,0,1,1,0,0,30,0,0,0,0,1,4,2,13
,2023-39426,39.62741212,-104.9035702,9/13/2023 9:50,9:50:00,12,0,0,I-25 & E UNION AVE,1,1,0,0,1,4,0,0,65,0,0,0,0,0,1,2,13
,2023-39427,39.76737892,-104.9023703,9/15/2023 5:30,5:30:00,5,0,0,E 36TH AVE & N QUEBEC ST,11,3,0,1,3,4,0,0,35,0,0,0,0,0,4,1,16
,2023-39428,39.78930501,-104.8418354,9/15/2023 23:44,23:44:00,5,0,0,E 51ST AVE & N TROY ST,1,3,0,0,3,4,0,0,25,0,0,0,0,0,4,1,13
,2023-39430,39.70316456,-104.9908291,9/3/2023 18:00,18:00:00,12,0,0,I-25 & S BROADWAY,1,1,1,0,1,4,0,0,60,0,0,0,0,0,1,2,1
,2023-39432,39.7766462,-105.0254602,9/2/2023 19:45,19:45:00,6,0,0,W 44TH AVE & N FEDERAL BLVD,1,3,0,0,1,4,0,0,35,0,0,0,0,0,4,2,16
,2023-39434,39.71819748,-104.9732429,9/12/2023 7:37,7:37:00,2,0,1,E SPEER BLVD & N DOWNING ST,1,1,0,0,1,1,0,0,30,1,0,0,0,3,4,1,11
,2023-39435,39.73386704,-104.9929231,8/30/2023 12:00,12:00:00,1,0,0,W 11TH AVE & N DELAWARE ST,1,1,0,0,1,1,0,0,0,0,1,0,0,0,4,1,16
,2023-39437,39.77872123,-104.9223045,9/16/2023 10:14,10:14:00,3,0,0,E 45TH  DR & N HOLLY ST,1,1,0,0,1,1,0,0,30,0,0,0,0,0,4,2,11
,2023-39443,39.67120815,-105.0250701,9/13/2023 14:34,14:34:00,1,0,0, FEDERAL BLVD & W VASSAR AVE,1,1,0,0,1,1,0,0,35,0,0,0,0,0,2,2,16
,2023-39508,39.72564192,-104.9034076,9/16/2023 19:56,19:56:00,1,0,1, QUEBEC ST & E 6TH AVE,1,3,0,0,1,1,0,0,35,0,0,0,0,2,4,2,11
,2023-39512,39.72507949,-105.024982,9/17/2023 0:50,0:50:00,12,0,0, FEDERAL BLVD & W 6TH AVE FWY WB RAMPS,1,3,0,0,1,4,0,0,35,0,0,0,0,0,2,3,16
,2023-39513,39.76932502,-105.0532476,9/11/2023 7:54,7:54:00,5,0,0, SHERIDAN BLVD & W 38TH AVE,11,1,0,0,6,3,0,0,40,0,0,0,0,0,2,1,3
,2023-39514,39.67681222,-105.0156907,7/28/2023 15:00,15:00:00,12,0,0,W WARREN AVE & S ZUNI ST,1,1,0,0,1,4,0,0,25,0,0,0,0,0,4,2,13
,2023-39522,39.73999921,-104.9905433,9/9/2023 23:05,23:05:00,12,0,0,W COLFAX AVE & N BANNOCK ST,1,3,0,0,1,3,0,0,35,0,0,0,0,0,2,2,3
,2023-39523,39.70885052,-104.8755738,5/26/2023 16:46,16:46:00,12,0,1,E ALAMEDA AVE & S CLINTON ST,1,1,0,0,1,4,0,0,40,0,0,0,0,1,4,4,16
,2023-39524,39.72454462,-104.9985757,9/17/2023 0:56,0:56:00,6,0,0,510  SANTA FE DR & W 5TH AVE,1,3,0,0,3,4,0,0,,0,0,0,0,0,4,2,16
,2023-39525,39.84882174,-104.6726927,9/17/2023 12:21,12:21:00,11,0,1,E 84TH AVE,1,1,0,0,1,12,0,0,10,0,1,0,0,2,4,1,3
,2023-39526,39.75448355,-104.9703233,9/15/2023 17:25,17:25:00,1,0,0,E 26TH AVE & N HUMBOLT ST,1,1,0,0,1,9,0,0,30,0,0,0,0,0,4,2,1
,2023-39527,39.76913126,-104.9734215,9/1/2023 13:14,13:14:00,11,0,1,WALNUT ST & DOWNING ST,1,1,0,0,1,4,0,0,35,0,1,0,0,3,4,1,13
,2023-39528,39.76257229,-104.9801355,9/15/2023 12:15,12:15:00,2,0,1,LARIMER ST & 30TH ST,1,1,0,0,1,4,0,0,0,1,0,0,0,1,4,1,16
,2023-39531,39.72861221,-104.9894792,9/14/2023 15:29,15:29:00,2,0,1, SPEER BLVD & N BANNOCK ST,1,1,0,0,1,1,0,0,0,1,0,0,0,2,4,1,16
,2023-39532,39.65305123,-104.8844476,9/3/2023 12:30,12:30:00,8,0,2,E HAMPDEN AVE & S YOSEMITE ST,1,1,0,0,6,4,0,0,,0,0,0,0,2,2,3,16
,2023-39534,39.70730982,-104.9220984,7/29/2023 14:06,14:06:00,12,0,0,LEETSDALE DR & S HOLLY ST,1,1,0,0,1,3,0,0,35,0,0,0,0,0,2,2,12
,2023-39538,39.64613052,-104.9129329,7/5/2023 4:20,4:20:00,6,0,1, MONACO ST & E MANSFIELD AVE,1,3,1,0,1,4,0,0,30,0,0,0,0,1,4,3,1
,2023-39540,39.74544075,-104.990103,9/17/2023 15:00,15:00:00,3,0,0,WELTON ST & 17TH ST,14,5,3,7,1,1,0,0,25,0,0,0,0,0,4,2,16
,2023-39541,39.75355285,-104.9935494,6/7/2023 22:10,22:10:00,12,0,0,MARKET ST & 20TH ST,1,3,0,0,1,4,0,0,20,0,0,0,0,0,4,2,16
,2023-39542,39.77317693,-104.8079426,9/15/2023 18:18,18:18:00,3,0,0,E 40TH AVE & E ANDREWS DR,1,1,0,0,1,1,0,0,25,0,0,0,0,1,4,2,11
,2023-39545,39.70120785,-105.0135075,9/17/2023 4:30,4:30:00,6,0,0, VALLEJO ST & W OHIO AVE,1,4,0,0,1,4,0,0,25,0,0,0,0,0,4,5,7
,2023-39547,39.7709477,-105.0439393,9/9/2023 10:15,10:15:00,6,0,0,W 39TH AVE & N STUART ST,1,1,0,0,1,4,0,0,25,0,0,0,0,0,4,2,16
,2023-39548,39.75613689,-104.9902265,9/14/2023 11:30,11:30:00,6,0,0,MARKET ST & PARK AVE W,1,1,0,0,1,4,0,0,35,0,0,0,0,0,4,2,16
,2023-39549,39.77410082,-104.8481341,9/16/2023 22:20,22:20:00,12,0,0,I-70 & N PEORIA ST,1,3,0,0,1,4,0,0,55,0,0,0,0,0,1,5,16
,2023-39553,39.69444944,-104.9792691,9/12/2023 15:17,15:17:00,15,0,0,I-25 & S WASHINGTON ST,1,1,1,0,1,4,0,0,55,0,0,0,0,0,1,2,13
,2023-39554,39.81286086,-104.7653666,9/17/2023 14:53,14:53:00,2,0,1,E 64TH PL & N CEYLON ST,1,1,0,0,1,1,0,0,0,1,0,0,0,2,4,1,16
,2023-39560,39.78099241,-104.9939869,9/17/2023 13:58,13:58:00,12,0,0,I-70 EB OFF RAMP TO -25 & I-25 NB,1,1,0,0,1,8,0,0,50,0,0,0,0,0,1,3,13