id,drcog_id,latitude,longitude,crashtime,time,crashtype,numbkilled,numbinjurd,drcoglocat,rdconditin,lightngcon,roadcntgrd,weatherco,location,roaddescrp,schoolzone,constrzone,splimit,bikeinv,pedinv,sctrinv,motoinv,svrty,rdsystem,ttlvehcls,hcf
,2023-39565,39.758931,-104.9761388,9/17/2023 1:15,1:15:00,3,0,0,30TH ST & STOUT ST,1,3,0,0,1,1,0,0,25,0,0,0,0,0,4,2,13
,2023-39566,39.77720013,-104.8819436,9/15/2023 17:38,17:38:00,12,0,1,I-70 & N CENTRAL PARK BLVD,1,1,0,0,1,4,0,0,55,0,0,0,0,1,1,3,13
,2023-39567,39.71109365,-105.0299394,9/17/2023 1:00,1:00:00,1,0,1,W ALAMEDA AVE & S IRVING ST,1,3,0,0,1,1,0,0,35,0,0,0,0,1,2,2,13
,2023-39572,39.79384118,-104.7369611,9/10/2023 10:22,10:22:00,6,0,0,21496 E 53RD PL,1,1,0,0,1,4,0,0,20,0,0,0,0,0,4,2,13
,2023-39573,39.77407776,-104.8478676,9/17/2023 15:28,15:28:00,15,0,0,I-70 & N PEORIA ST,1,1,0,7,1,4,0,0,55,0,0,0,0,0,1,2,14
,2023-39575,39.69655874,-104.8677872,9/16/2023 11:52,11:52:00,1,0,1,E MISSISSIPPI AVE & S GENEVA ST,1,1,0,7,1,2,0,0,,0,0,0,0,2,4,2,16
,2023-39577,39.66353994,-105.0251489,9/17/2023 20:16,20:16:00,5,0,1, FEDERAL BLVD & W BATES AVE,1,3,0,0,1,4,0,0,35,0,0,0,0,2,2,2,14
,2023-39582,39.79822876,-104.8471812,6/21/2023 17:54,17:54:00,12,0,0, PEORIA ST & E 56TH AVE,1,1,0,0,1,1,0,0,,0,0,0,0,0,4,2,16
,2023-39583,39.70041901,-105.0250845,9/16/2023 17:35,17:35:00,3,0,0, FEDERAL BLVD & W KENTUCKY AVE,1,1,0,0,1,1,0,0,30,0,0,0,0,0,2,2,11
,2023-39587,39.72047972,-104.9791372,9/17/2023 2:46,2:46:00,3,0,0,E SPEER BLVD & N WASHINGTON ST,1,3,0,0,1,1,0,0,35,0,0,0,0,0,4,2,16
,2023-39589,39.73726062,-104.9695283,8/31/2023 1:00,1:00:00,6,0,0, HUMBOLDT ST & E 13TH AVE,1,1,0,0,1,4,0,0,35,0,0,0,0,0,4,2,16
,2023-39629,39.78022116,-104.9492036,9/11/2023 5:35,5:35:00,3,0,0,E 46TH AVE & N STEELE ST,1,1,0,0,1,1,0,0,,0,0,0,0,0,4,2,10
,2023-39630,39.7494555,-104.9659555,6/15/2023 23:45,23:45:00,3,0,0,E 22ND AVE & N WILLIAMS ST,11,3,0,1,1,1,0,0,15,0,0,0,0,0,4,2,11
,2023-39636,39.69740904,-104.9830165,9/18/2023 17:42,17:42:00,12,0,2,I-25 & S LOGAN ST,1,1,1,0,1,4,0,0,60,0,0,0,0,1,1,2,13
,2023-39637,39.71803557,-104.9548234,9/18/2023 8:43,8:43:00,12,0,0,E 1ST AVE & N DETROIT ST,1,1,0,0,1,3,0,0,35,0,0,0,0,0,4,2,16
,2023-39640,39.6786255,-105.0274022,9/18/2023 16:07,16:07:00,12,0,0,W EVANS AVE & S HAZEL CT,1,1,0,0,1,4,0,0,35,0,0,0,0,0,4,2,3
,2023-39643,39.78066793,-104.958157,9/16/2023 14:13,14:13:00,15,0,0, JOSEPHINE ST & E 46TH N AVE,1,1,0,0,1,1,0,0,30,0,0,0,0,0,4,2,11
,2023-39650,39.79629423,-104.8471653,9/17/2023 17:50,17:50:00,1,0,1,E 55TH AVE & N PEORIA ST,1,1,0,0,1,2,0,0,40,0,0,0,0,1,4,2,11
,2023-39654,39.70037655,-105.0481806,9/9/2023 23:53,23:53:00,11,0,1,MORRISON RD & W KENTUCKY AVE,1,3,0,0,1,2,0,0,,0,1,0,0,2,4,1,16
,2023-39664,39.7802135,-105.0345997,9/17/2023 20:24,20:24:00,1,0,0, LOWELL BLVD & W 46TH AVE,1,3,0,0,1,1,0,0,30,0,0,0,0,0,4,2,11
,2023-39666,39.76737892,-104.9023703,9/18/2023 18:17,18:17:00,15,0,0,7260 E 36TH AVE & N QUEBEC ST,1,1,0,0,1,4,0,0,30,0,0,0,0,0,4,2,13
,2023-39667,39.75322895,-104.9745783,9/16/2023 17:15,17:15:00,3,0,0,E 25TH AVE & N OGDEN ST,1,2,0,0,1,1,0,0,25,0,0,0,0,0,4,2,13
,2023-39669,39.83337974,-104.7718786,6/25/2023 21:28,21:28:00,12,0,0, TOWER RD & PENA BLVD,1,3,0,0,1,3,0,0,,0,0,0,0,0,4,2,16
,2023-39671,39.73562966,-104.8987627,9/18/2023 7:05,7:05:00,3,0,0,E 12TH AVE & N SYRACUSE ST,1,1,0,0,1,1,0,0,25,0,0,0,0,0,4,2,11
,2023-39672,39.66496832,-105.0393593,9/18/2023 2:30,2:30:00,6,0,0, PATTON CT & W AMHERST AVE,1,3,1,0,1,4,0,0,25,0,0,0,0,0,4,3,3
,2023-39674,39.74345864,-104.9591822,9/18/2023 11:50,11:50:00,3,0,0,E 17TH AVE & JOSEPHINE ST,1,1,3,0,1,1,0,0,30,0,0,0,0,0,4,2,13
,2023-39676,39.75993164,-104.8705372,9/15/2023 18:28,18:28:00,1,0,0,E MLK BLVD & N FULTON ST,1,2,0,0,1,1,0,0,30,0,0,0,0,0,4,2,10
,2023-39685,39.74485359,-104.9798803,9/18/2023 10:38,10:38:00,3,0,0, PEARL ST & E 18TH AVE,1,1,0,0,1,1,0,0,20,0,0,0,0,0,4,2,1
,2023-39686,39.77436332,-104.8658056,9/16/2023 22:05,22:05:00,1,0,0, HAVANA ST & I-70 EB ON RAMP,1,3,0,0,1,1,0,0,40,0,0,0,0,0,4,2,16
,2023-39687,39.77408678,-104.8479719,9/16/2023 16:00,16:00:00,12,0,1,I-70 & N PEORIA ST,1,1,0,0,1,4,0,0,55,0,0,0,0,2,1,2,14
,2023-39692,39.71121472,-104.9222986,9/18/2023 7:12,7:12:00,12,0,1,E ALAMEDA AVE & S HOLLY ST,1,1,0,0,1,1,0,0,35,0,0,0,0,1,4,2,16
,2023-39694,39.71111437,-104.9757363,9/12/2023 16:16,16:16:00,11,0,0, OGDEN ST & E ALAMDEA AVE,1,1,0,0,1,1,0,0,30,0,1,0,0,0,4,1,16
,2023-39699,39.78210008,-104.8470115,9/18/2023 16:33,16:33:00,15,0,0, PEORIA ST & E ALBROOK DR,1,1,0,0,1,4,0,0,35,0,0,0,0,0,4,2,13
,2023-39701,39.71734236,-104.8959983,9/18/2023 13:16,13:16:00,3,0,0,E LOWRY BLVD & N RAMPART WY,1,1,0,0,1,1,0,0,30,0,0,0,1,0,4,2,16
,2023-39702,39.7515445,-105.0166789,9/16/2023 21:32,21:32:00,15,0,1,I-25 & W 23RD AVE,1,3,0,0,1,4,0,0,60,0,0,0,0,2,1,2,16
,2023-39704,39.72945226,-104.9740867,9/16/2023 6:32,6:32:00,6,0,0,CORONA ST & W 8TH AVE,1,4,0,0,1,4,0,0,,0,0,0,0,0,4,3,16
,2023-39705,39.68223961,-105.0445995,9/18/2023 7:02,7:02:00,12,0,0,W JEWELL AVE & S TENNYSON ST,1,1,0,0,1,4,0,0,30,0,0,0,0,0,4,2,16
,2023-39707,39.78363973,-104.7861754,9/18/2023 8:05,8:05:00,12,0,0,E GREEN VALLEY RANCH BLVD & N SALIDA ST,1,1,0,0,1,4,0,0,35,0,0,0,0,0,4,2,10
,2023-39713,39.74007549,-104.9161744,9/12/2023 20:45,20:45:00,1,0,1,E COLFAX AVE & N KRAMERIA ST,1,3,0,0,1,1,0,0,,0,0,0,1,3,2,2,16
,2023-39714,39.69664253,-104.9891819,6/27/2023 15:30,15:30:00,6,0,0, ACOMA ST & W MISSISSIPPI AVE,1,1,0,0,1,4,0,0,25,0,0,0,0,0,4,3,16
,2023-39722,39.7970327,-104.8325247,9/16/2023 10:03,10:03:00,12,0,0,VICTOR ST & E RANDOLPH PL,1,1,0,0,1,4,0,0,25,0,0,0,0,0,4,2,13
,2023-39729,39.78379448,-104.9002709,9/18/2023 7:10,7:10:00,12,0,0, QUEBEC ST & I-270 WB ON RAMP,1,1,1,0,1,4,0,0,35,0,0,0,0,0,2,2,16
,2023-39734,39.75292656,-104.9926219,9/17/2023 1:51,1:51:00,15,0,0,LARIMER ST & 20TH ST,1,3,0,0,1,4,0,0,20,0,0,0,0,0,4,2,3
,2023-39735,39.66784953,-105.0814189,9/16/2023 19:47,19:47:00,12,0,0, WADSWORTH AVE & W YALE AVE,1,4,1,0,1,4,0,0,40,0,0,0,0,0,2,2,11
,2023-39736,39.78367117,-105.006116,9/18/2023 16:57,16:57:00,3,0,1,I-70 WB OFF RAMP & N PECOS ST,1,1,0,0,1,6,0,0,15,0,0,0,0,2,1,2,13
,2023-39748,39.75093587,-104.9899839,9/1/2023 12:28,12:28:00,11,0,1,CURTIS ST & 20TH ST,1,1,3,0,1,1,0,0,,1,0,0,0,2,4,1,16
,2023-39749,39.73505322,-104.9634989,8/29/2023 11:48,11:48:00,11,0,1,E 12TH AVE & N RACE ST,1,1,0,0,1,1,0,0,20,0,1,0,0,2,4,1,16
,2023-39750,39.75106138,-104.9828948,9/14/2023 22:23,22:23:00,3,0,0,WELTON ST & PARK AVE W,11,3,0,1,1,1,0,0,35,0,0,0,0,0,4,2,3
,2023-39751,39.69644125,-105.0087121,8/28/2023 18:00,18:00:00,15,0,0, RARITAN ST & W MISSISSIPPI AVE,1,1,0,0,1,4,0,0,25,0,0,0,0,0,4,2,16
,2023-39753,39.62564695,-104.8995916,8/29/2023 18:31,18:31:00,11,0,1, SYRACUSE CIR & S SYRACUSE ST,1,1,0,0,1,2,0,0,15,1,0,0,0,1,4,1,16
,2023-39758,39.78716226,-104.9782832,9/15/2023 14:31,14:31:00,12,0,0,WASHINGTON ST & E 50TH AVE,1,1,0,0,1,4,0,0,35,0,0,0,0,0,4,2,1
,2023-39759,39.71116687,-104.9875748,9/7/2023 10:33,10:33:00,11,0,1, BROADWAY ST & W ALAMEDA AVE,1,1,0,0,1,1,0,0,35,0,1,0,0,3,4,1,16
,2023-39774,39.68226756,-105.0086782,9/16/2023 7:02,7:02:00,1,0,0,W JEWELL AVE & S RARITAN ST,1,1,0,0,1,1,0,0,30,0,0,0,0,0,4,2,13
,2023-39776,39.74085725,-104.969627,9/18/2023 13:00,13:00:00,15,0,0,PARK AVE & N HUMBOLDT,1,1,0,0,1,4,0,0,30,0,0,0,0,0,4,2,8
,2023-39796,39.77283022,-104.7960269,9/18/2023 15:29,15:29:00,3,0,0,E 40TH CIR & N AIRPORT WAY,1,1,0,0,1,1,0,0,35,0,0,0,0,0,4,3,11
,2023-39798,39.77936038,-104.9780886,9/18/2023 7:26,7:26:00,12,0,0,I-70 EB COLLECTOR ON RAMP FROM -25 & N WASHINGTON ST,1,1,0,0,1,8,0,0,40,0,0,0,0,0,1,2,11
,2023-39800,39.62987724,-104.9049249,9/12/2023 9:16,9:16:00,12,0,1,I-25 & I-225 ON RAMP MERGE PT,1,1,0,0,1,4,0,0,65,0,0,0,0,1,1,2,10
,2023-39801,39.74370891,-104.9124341,9/18/2023 8:15,8:15:00,12,0,0, MONACO ST & E 17TH AVE,1,1,0,0,1,3,0,0,30,0,0,0,0,0,4,3,15
,2023-39867,39.75287565,-104.9223,9/15/2023 16:17,16:17:00,6,0,0,E 25TH AVE & N HOLLY ST,1,1,0,0,1,3,0,0,25,0,0,0,0,0,4,2,16
,2023-39870,39.75488807,-105.0130617,9/18/2023 6:27,6:27:00,12,0,0,I-25 & SPEER BLVD,1,1,0,0,1,4,0,0,55,0,0,0,0,0,1,2,1
,2023-39871,39.74009977,-104.9588027,9/19/2023 1:53,1:53:00,12,0,2,E COLFAX AVE & N JOSEPHINE ST,1,3,0,0,1,1,0,0,30,0,0,0,0,2,2,2,1
,2023-39877,39.69666189,-104.9929227,9/17/2023 17:30,17:30:00,3,0,2, PLATTE RIVER DR & W MISSISSIPPI AVE,1,1,0,0,1,1,0,0,45,0,0,0,0,1,4,2,16
,2023-39880,39.75717259,-104.9835362,9/19/2023 18:47,18:47:00,6,0,0,26TH ST & ARAPAHOE ST,1,3,0,0,1,4,0,0,25,0,0,0,0,0,4,2,14
,2023-39881,39.78377657,-104.7946521,9/19/2023 19:10,19:10:00,3,0,0, AIRPORT WY & E GREEN VALLEY RANCH BLVD,1,2,0,0,1,2,0,0,25,0,0,0,0,0,4,2,11
,2023-39887,39.73685599,-104.9941095,9/19/2023 9:06,9:06:00,3,0,0,W 13TH AVE & N ELATI ST,1,1,0,0,1,1,0,0,30,0,0,0,0,0,4,2,1
,2023-39898,39.74851126,-104.9965776,8/12/2023 0:01,0:01:00,5,0,0,LAWRENCE ST & 16TH ST,1,3,0,0,1,1,0,1,25,0,0,0,0,0,4,1,9
,2023-39899,39.74016663,-104.9562823,9/14/2023 9:43,9:43:00,12,0,0,E COLFAX AVE & ELIZABETH ST,1,1,0,0,1,1,0,0,35,0,0,0,0,0,2,2,13
,2023-39904,39.69860335,-104.9035548,9/18/2023 16:15,16:15:00,15,0,0, QUEBEC ST & LEETSDALE DR,1,1,0,0,1,1,0,0,30,0,0,0,0,0,2,2,3
,2023-39908,39.74481035,-104.9657666,9/18/2023 13:30,13:30:00,6,0,0,E 18TH AVE & N WILLIAMS ST,1,1,3,0,1,4,0,0,25,0,0,0,0,0,4,2,16
,2023-39909,39.76567335,-104.9948629,9/18/2023 8:15,8:15:00,12,0,1,PARK AVE W & N GLOBEVILLE RD,1,1,1,0,1,1,0,0,35,0,0,0,0,1,4,2,14
,2023-39911,39.78047849,-104.9629792,9/15/2023 7:45,7:45:00,12,0,0,I-70 & N BRIGHTON ST,1,1,0,0,1,4,0,0,55,0,0,0,0,0,1,2,16
,2023-39912,39.77364652,-104.8407146,6/24/2023 9:02,9:02:00,5,0,0,I-70 & N PEORIA ST,1,1,0,0,3,8,0,0,40,0,0,0,0,0,1,1,13
,2023-39922,39.78663143,-104.8192052,9/16/2023 7:14,7:14:00,6,0,0, DULUTH CT & E 51ST AVE,1,1,0,0,1,4,0,0,,0,0,0,0,0,4,2,16
,2023-39926,39.66772831,-105.025111,9/10/2023 13:08,13:08:00,3,0,1, FEDERAL BLVD & W YALE AVE,1,1,0,0,1,1,0,0,40,0,0,0,0,2,2,2,3
,2023-39932,39.67866497,-105.0192429,8/31/2023 15:47,15:47:00,12,0,1,W EVANS AVE & S CLAY ST,1,1,0,0,1,4,0,0,,0,0,0,0,1,4,2,16
,2023-39933,39.77985645,-104.9739269,9/18/2023 12:41,12:41:00,15,0,0,I-70 & N WASHINGTON ST,1,1,1,0,1,4,0,0,55,0,0,0,0,0,1,2,11
,2023-39944,39.75846415,-105.0532394,9/15/2023 16:49,16:49:00,15,0,0, SHERIDAN BLVD & W 29TH AVE,1,1,0,0,1,1,0,0,35,0,0,0,0,0,2,2,11
,2023-39945,39.72570649,-104.8424359,9/13/2023 6:08,6:08:00,5,0,0,E 6TH AVE & N DEL MAR CIR,1,1,0,0,1,4,0,0,40,0,0,0,0,0,2,1,16
,2023-39946,39.65266,-104.9180359,9/18/2023 8:12,8:12:00,12,0,0,I-25 & E HAMPDEN AVE,14,1,3,7,1,4,0,0,65,0,0,0,0,0,4,2,1
,2023-39947,39.79839286,-104.7872902,9/19/2023 7:46,7:46:00,12,0,0,PENA BLVD & E 56TH AVE EXIT RAMP,1,1,0,0,1,4,0,0,65,0,0,0,0,0,4,2,2
,2023-39948,39.72860047,-105.0001794,9/19/2023 8:00,8:00:00,15,0,0,KALAMATH ST & W 8TH AVE,1,1,0,0,1,4,0,0,30,0,0,0,0,0,4,2,11
,2023-39949,39.68935656,-104.919467,9/18/2023 8:30,8:30:00,3,0,0, JERSEY ST & E FLORIDA AVE,1,1,0,0,1,1,0,0,25,0,0,0,0,0,4,2,3
,2023-39950,39.71836345,-104.9717446,9/18/2023 12:24,12:24:00,12,0,0,E 1ST AVE & N MARION ST,1,1,3,0,1,4,0,0,30,0,0,0,0,0,4,2,16
,2023-39951,39.7225459,-104.9862414,9/18/2023 12:50,12:50:00,1,0,0,E 4TH AVE & N LINCOLN ST,1,1,0,0,1,1,0,0,25,0,0,0,0,0,4,2,3
,2023-39954,39.76203659,-105.0112544,9/18/2023 21:15,21:15:00,6,0,0,W 32ND AVE & N TEJON ST,1,3,0,7,1,4,0,0,25,0,0,0,0,0,4,4,16
,2023-39956,39.69664326,-104.9874309,9/18/2023 13:50,13:50:00,15,0,0, BROADWAY & W MISSISSIPPI AVE,1,1,0,0,1,1,0,0,30,0,0,0,0,0,4,2,3
,2023-39957,39.73385867,-104.9935094,9/18/2023 21:35,21:35:00,3,0,0, SPEER BLVD & W 11TH AVE,1,3,0,0,1,1,0,0,35,0,0,0,0,0,4,2,16
,2023-39964,39.74033941,-105.0368118,8/4/2023 22:31,22:31:00,8,1,2,W COLFAX AVE & N NEWTON ST,1,3,0,0,1,4,0,0,30,0,0,0,0,4,2,2,16
,2023-39966,39.77701379,-104.882629,9/18/2023 7:27,7:27:00,12,0,1,I-70 & N CENTRAL PARK BLVD,1,1,0,0,1,4,0,0,55,0,0,0,0,1,1,3,7
,2023-39969,39.75531427,-104.9733792,9/19/2023 7:57,7:57:00,3,0,0,TREMONT PL & N DOWNING ST,1,1,0,0,1,1,0,0,20,0,0,0,0,0,4,2,16
,2023-39970,39.75843798,-105.0251333,6/21/2023 13:38,13:38:00,12,0,0, FEDERAL BLVD & W 29TH AVE,1,1,0,0,1,3,0,0,35,0,0,0,0,0,2,2,16
,2023-39971,39.77934223,-105.034599,9/19/2023 6:10,6:10:00,14,0,1, LOWELL BLVD & W SCOTT PL.,1,4,0,0,6,4,0,0,,0,0,0,0,2,4,2,2
,2023-39973,39.75457679,-104.9974356,9/19/2023 12:37,12:37:00,12,0,0,WYNKOOP ST & 19TH ST,1,1,0,0,1,4,0,0,,0,0,0,0,0,4,2,16
,2023-39974,39.72933007,-105.0252035,9/9/2023 19:39,19:39:00,12,0,0, FEDERAL BLVD & W 8TH AVE,1,2,1,0,1,1,0,0,35,0,0,0,0,0,2,2,3
,2023-39978,39.72819171,-104.9601868,9/19/2023 8:04,8:04:00,12,0,0,YORK ST & E 7TH AVE,1,1,0,0,1,1,0,0,30,0,0,0,0,0,4,2,13
,2023-39979,39.74021972,-104.8846469,9/18/2023 9:45,9:45:00,12,0,0,YOSEMITE ST & E COLFAX AVE,1,1,0,0,1,1,0,0,25,0,0,0,0,0,2,2,2
,2023-39984,39.74483516,-104.9736934,6/7/2023 15:00,15:00:00,15,0,2,E 18TH AVE & N DOWNING ST,1,1,0,0,1,3,0,0,,0,0,0,0,1,4,2,16
,2023-39988,39.74480136,-104.9941108,9/19/2023 14:46,14:46:00,3,0,0,15TH ST & STOUT ST,1,1,0,0,1,2,0,0,10,0,0,0,0,0,4,2,11
,2023-39993,39.72414611,-104.9874817,9/18/2023 11:50,11:50:00,12,0,1,BROADWAY & E 5TH AVE,1,1,0,0,1,1,0,0,30,0,0,0,0,1,4,2,3
,2023-40064,39.72811992,-104.9836117,9/16/2023 22:07,22:07:00,6,0,0, GRANT ST & E 7TH AVE,1,3,1,0,1,4,0,0,30,0,0,0,0,0,4,2,7
,2023-40066,39.69861235,-104.9035546,9/19/2023 14:05,14:05:00,12,0,0, PARKER RD & S QUEBEC ST,1,1,0,0,1,1,0,0,35,0,0,0,0,0,2,2,3
,2023-40074,39.72910382,-104.987404,6/21/2023 16:40,16:40:00,15,0,0, BROADWAY & E 8TH AVE,1,1,0,0,1,1,0,0,,0,0,0,0,0,4,2,16
,2023-40079,39.68757443,-104.9875127,9/19/2023 20:35,20:35:00,11,0,1,E IOWA AVE & S BROADWAY ST,1,1,0,0,1,1,0,0,35,0,0,1,0,1,4,1,11
,2023-40086,39.68935533,-104.9035122,9/20/2023 8:46,8:46:00,15,0,0, QUEBEC ST & E FLORIDA AVE,1,1,0,0,1,3,0,0,35,0,0,0,0,0,4,2,11
,2023-40087,39.77722823,-104.8839223,9/20/2023 8:57,8:57:00,12,0,0,I-70 & N HAVANA ST,1,1,0,0,1,4,0,0,55,0,0,0,0,0,1,2,16
,2023-40088,39.74377484,-104.9116634,9/19/2023 9:25,9:25:00,3,0,0, MAGNOLIA ST & E 17TH AVE,1,1,0,0,1,1,0,0,25,0,0,0,0,0,4,2,3
,2023-40089,39.71841956,-104.9985749,9/20/2023 7:41,7:41:00,10,0,0, SANTA FE DR & W 1ST AVE,1,1,0,0,1,1,0,0,30,0,0,0,0,0,4,2,14
,2023-40090,39.76321818,-104.953647,9/19/2023 11:35,11:35:00,3,0,0, FILLMORE ST & E 33RD AVE,1,1,0,0,1,1,0,0,,0,0,0,0,0,4,2,16
,2023-40093,39.74946949,-104.9769547,9/19/2023 11:50,11:50:00,3,0,0, CLARKSON ST & E 22ND AVE,1,1,0,0,1,1,0,0,25,0,0,0,0,0,4,2,10
,2023-40097,39.74676138,-104.9918566,9/20/2023 19:21,19:21:00,10,0,0,STOUT ST & 17TH ST,1,3,0,0,1,1,0,0,,0,0,0,0,0,4,2,11
,2023-40101,39.75573764,-105.0122702,9/20/2023 9:45,9:45:00,12,0,1,I-25 & N SPEER BLVD,1,1,1,0,1,4,0,0,55,0,0,0,0,2,1,2,3
,2023-40103,39.69893534,-104.9044761,9/20/2023 13:25,13:25:00,15,0,1,LEETSDALE DR & S QUEBEC ST,1,1,0,0,1,4,0,0,35,0,0,0,0,1,2,2,11
,2023-40105,39.7777069,-104.9036841,9/20/2023 9:35,9:35:00,15,0,0, NORTHFIELD QUEBEC ST & I-70 EB RAMP,1,1,0,0,1,1,0,0,40,0,0,0,0,0,2,2,8
,2023-40106,39.77849401,-104.9888099,9/12/2023 16:30,16:30:00,12,0,0,I-25 NB OFF RAMP TO -70 & I-70,1,1,0,0,1,8,0,0,40,0,0,0,0,0,1,2,16
,2023-40107,39.7111088,-104.9735537,9/19/2023 12:12,12:12:00,10,0,0,E ALAMEDA AVE & S DOWNING ST,1,1,0,0,1,2,0,0,30,0,0,0,0,0,4,2,11
,2023-40108,39.74491268,-104.9835851,9/13/2023 15:00,15:00:00,12,0,0, GRANT ST & E 18TH AVE,1,1,0,0,1,3,0,0,,0,0,0,0,0,4,2,16
,2023-40116,39.73680636,-104.9562903,9/19/2023 15:00,15:00:00,3,0,1,E 13TH AVE & N ELIZABETH ST,1,1,0,0,1,1,0,0,25,0,0,0,0,1,4,3,16
,2023-40117,39.77743873,-104.823929,9/20/2023 7:50,7:50:00,3,0,1,E 44TH AVE & E ANDREWS DR,1,1,0,0,1,1,0,0,25,0,0,0,0,1,4,2,11
,2023-40118,39.74223558,-104.9874157,4/6/2023 5:57,5:57:00,11,1,0, BROADWAY & E 16TH AVE,1,4,0,0,1,9,0,0,0,0,1,0,0,4,4,1,16
,2023-40120,39.6784565,-104.9077839,9/20/2023 11:05,11:05:00,12,0,0,E EVANS AVE & S ONEIDA ST,1,1,0,0,1,4,0,1,35,0,0,0,0,0,4,2,3
,2023-40125,39.73050148,-105.0001579,9/20/2023 17:23,17:23:00,3,0,2,W 9TH AVE & N KALAMATH ST,1,1,0,0,1,1,0,0,30,0,0,0,0,3,4,2,13
,2023-40128,39.77758625,-104.8827718,9/20/2023 17:11,17:11:00,12,0,0, CENTRAL PARK BLVD & I-70,1,1,0,0,1,4,0,0,40,0,0,0,0,0,4,2,3
,2023-40135,39.67852712,-104.9758792,8/28/2023 19:34,19:34:00,11,1,0,E EVANS AVE & S OGDEN ST,11,1,0,1,1,4,0,0,0,0,1,0,0,4,4,1,16
,2023-40136,39.69657718,-104.9407346,9/20/2023 8:53,8:53:00,3,0,0,E MISSISSIPPI AVE & S COLORADO BLVD,1,1,0,0,1,1,0,0,35,0,0,0,0,0,2,2,11
,2023-40137,39.78363784,-104.7904896,9/20/2023 15:03,15:03:00,12,0,0,E GREEN VALLEY RANCH BLVD & PENA BLVD,1,1,1,0,1,1,0,0,35,0,0,0,0,0,4,2,13
,2023-40138,39.77663894,-105.0251596,7/28/2023 22:44,22:44:00,12,0,0, FEDERAL BLVD & W 44TH AVE,1,3,0,0,1,1,0,0,35,0,0,0,0,0,2,2,16
,2023-40139,39.75267956,-104.9874177,9/20/2023 5:50,5:50:00,10,0,0,22ND ST & BROADWAY,1,3,0,1,1,1,0,0,30,0,0,0,0,0,4,2,13
,2023-40141,39.65303398,-104.9091113,9/19/2023 14:35,14:35:00,12,0,0,E HAMPDEN AVE & S ONEIDA WY,1,1,0,0,1,1,0,0,40,0,0,0,0,0,2,3,3
,2023-40144,39.79102441,-105.053248,9/20/2023 19:45,19:45:00,15,0,0, SHERIDAN BLVD & W 52ND AVE,1,3,1,0,1,3,0,0,35,0,0,0,0,0,2,4,14
,2023-40145,39.78030501,-104.9410902,9/20/2023 12:24,12:24:00,10,0,0, COLORADO BLVD & I-70 WB,1,1,0,0,1,1,0,0,35,0,0,0,0,0,2,2,13
,2023-40148,39.7780372,-104.848783,9/20/2023 11:55,11:55:00,10,0,1,E 45TH AVE & N PEORIA ST,1,1,0,0,1,4,0,0,30,0,0,0,1,2,4,2,10
,2023-40149,39.78298642,-104.9008756,9/20/2023 16:48,16:48:00,5,0,1,I-270 & N NORTHFIELD QUEBEC ST,1,1,0,0,3,4,0,0,55,0,0,0,0,2,1,1,1
,2023-40151,39.77851745,-104.9033483,9/20/2023 15:03,15:03:00,12,0,0,I-70 & N NORTHFIELD QUEBEC ST,1,1,0,0,1,4,0,0,55,0,0,0,0,0,1,2,13
,2023-40152,39.67856471,-104.9828973,9/19/2023 12:45,12:45:00,5,0,0,E EVANS AVE & S LOGAN ST,1,3,0,0,3,1,0,0,,0,0,0,0,0,4,1,16
,2023-40153,39.78235213,-104.82803,9/13/2023 18:11,18:11:00,3,0,0,E ANDREWS DR & N CRYSTAL ST,1,1,0,0,1,1,0,0,35,0,0,0,0,0,4,2,16
,2023-40156,39.74139969,-104.9988497,9/18/2023 12:35,12:35:00,15,0,0,STOUT ST & N SPEER BLVD,1,1,0,0,1,1,0,0,,0,0,0,0,0,4,2,16
,2023-40158,39.65304904,-104.9034058,9/20/2023 12:04,12:04:00,12,0,0,7501 E HAMPDEN AVE & S TAMARAC DR,1,1,1,0,1,3,0,0,45,0,0,0,0,0,2,2,7
,2023-40161,39.71100586,-104.9481733,9/19/2023 8:19,8:19:00,12,0,0,E ALAMEDA AVE & E CHERRY CREEK S DR,1,1,0,0,1,3,0,0,30,0,0,0,0,0,4,2,16
,2023-40164,39.71388638,-104.91289,9/20/2023 8:15,8:15:00,12,0,1, MONACO ST & E CEDAR AVE,1,1,0,0,1,4,0,0,35,0,0,0,0,1,4,2,3
,2023-40169,39.78363784,-104.7904896,9/20/2023 16:37,16:37:00,1,0,1,E GREEN VALLEY RANCH BLVD & PENA BLVD INBOUND,1,1,0,0,1,1,0,0,35,0,0,0,0,1,4,2,11
,2023-40171,39.76000434,-104.8905206,9/20/2023 5:45,5:45:00,3,0,0, CENTRAL PARK BLVD & E MLK JR BLVD,1,2,0,0,1,1,0,0,35,0,0,0,0,0,4,2,16
,2023-40174,39.68227108,-105.0250091,9/18/2023 10:13,10:13:00,11,0,1,W JEWELL AVE & S FEDERAL BLVD,1,1,0,0,1,1,0,0,30,0,1,0,0,2,2,1,16
,2023-40239,39.78053197,-104.9501092,9/19/2023 13:49,13:49:00,12,0,0,I-70 & N STEELE ST,1,1,0,0,1,4,0,0,55,0,0,0,0,0,1,2,16
,2023-40240,39.76864881,-104.9934836,9/21/2023 19:46,19:46:00,12,0,0,I-25 & PARK AVE W,1,4,1,0,1,4,0,0,55,0,0,0,0,0,1,2,10