id,drcog_id,latitude,longitude,crashtime,time,crashtype,numbkilled,numbinjurd,drcoglocat,rdconditin,lightngcon,roadcntgrd,weatherco,location,roaddescrp,schoolzone,constrzone,splimit,bikeinv,pedinv,sctrinv,motoinv,svrty,rdsystem,ttlvehcls,hcf
,2023-40241,39.62419994,-104.9069629,9/21/2023 13:17,13:17:00,3,0,0, NEWPORT ST & E BELLEVIEW AVE,1,1,0,0,1,1,0,0,25,0,0,0,0,0,4,2,3
,2023-40243,39.73388393,-105.0250327,9/21/2023 14:33,14:33:00,12,0,0,W 11TH AVE & N FEDERAL BLVD,1,1,0,0,1,1,0,0,25,0,0,0,0,0,2,2,13
,2023-40246,39.73842495,-104.8975558,9/21/2023 15:01,15:01:00,6,0,0, SPRUCE ST & E 14TH AVE,1,1,3,7,1,4,0,0,25,0,0,0,0,0,4,2,16
,2023-40248,39.78210909,-105.0345818,9/21/2023 8:53,8:53:00,12,0,0, LOWELL BLVD & W 47TH AVE,1,1,0,0,1,4,0,0,30,0,0,0,0,0,4,2,7
,2023-40249,39.79462936,-104.7363745,9/21/2023 15:08,15:08:00,6,0,1,21598 E 54TH AVE,1,1,0,0,1,4,0,0,25,0,0,0,0,1,4,2,14
,2023-40255,39.72560764,-104.960182,9/20/2023 7:04,7:04:00,3,0,0,E 6TH AVE & N YORK ST,1,1,0,0,1,1,0,0,30,0,0,0,0,0,4,2,16
,2023-40257,39.77961165,-104.9790372,9/19/2023 16:40,16:40:00,12,0,0,I-70 & N WASHINGTON ST,1,1,0,0,1,4,0,0,55,0,0,0,0,0,1,2,3
,2023-40260,39.78363784,-104.7904896,9/21/2023 7:30,7:30:00,10,0,0,E GREEN VALLEY RANCH BLVD & PENA BLVD,1,1,0,0,1,1,0,0,35,0,0,0,0,0,4,2,11
,2023-40262,39.78004937,-104.988312,9/20/2023 22:49,22:49:00,12,0,0,I-70 & I-25,1,3,0,0,1,4,0,0,55,0,0,0,0,0,1,2,16
,2023-40263,39.79042426,-104.8761192,9/21/2023 11:00,11:00:00,1,0,0,E PRAIRIE MEADOW DR & N DALLAS ST,1,1,0,0,1,1,0,0,30,0,0,0,0,0,4,2,3
,2023-40265,39.73526572,-104.9861232,9/21/2023 10:30,10:30:00,12,0,0, LINCOLN ST & E 12TH AVE,1,1,0,0,1,1,0,0,30,0,0,0,0,0,4,3,3
,2023-40266,39.73676476,-104.916171,9/21/2023 10:44,10:44:00,12,0,0,E 13TH AVE & N KRAMERIA ST,1,1,0,0,1,1,0,0,25,0,0,0,0,0,4,2,16
,2023-40268,39.68591083,-105.0250216,9/20/2023 11:40,11:40:00,12,0,0, FEDERAL BLVD & W MEXICO AVE,1,1,1,0,1,4,0,0,40,0,0,0,0,0,2,2,1
,2023-40269,39.73372232,-104.9699966,9/21/2023 13:15,13:15:00,12,0,0,E 11TH AVE & N LAFAYETTE ST,1,1,0,0,1,4,0,0,25,0,0,0,0,0,4,2,13
,2023-40271,39.77311235,-104.8103614,9/21/2023 7:09,7:09:00,6,0,1,E 40TH AVE & N CHAMBERS RD,1,1,0,0,1,4,0,0,25,0,0,0,0,1,4,2,3
,2023-40278,39.72972397,-105.0149616,9/21/2023 9:43,9:43:00,15,0,0,I-25 & W 8TH AVE,1,1,1,0,1,8,0,0,55,0,0,0,0,0,1,2,1
,2023-40279,39.74051678,-104.988497,9/21/2023 8:50,8:50:00,15,0,0,W COLFAX AVE & 15TH ST,1,1,0,0,1,1,0,0,30,0,0,0,0,0,2,2,3
,2023-40280,39.68491141,-104.9565923,9/20/2023 12:39,12:39:00,12,0,2,I-25 & S UNIVERSITY BLVD,1,1,0,0,1,4,0,0,60,0,0,0,0,1,1,2,16
,2023-40283,39.7399973,-104.966002,9/20/2023 11:00,11:00:00,12,0,0,E COLFAX AVE & N WILLIAMS ST,1,1,0,0,1,1,0,0,30,0,0,0,0,0,2,2,3
,2023-40284,39.70597585,-104.9960539,9/19/2023 15:43,15:43:00,12,0,0,I-25 & S SANTA FE DR,1,1,0,0,1,4,0,0,55,0,0,0,0,0,1,2,16
,2023-40289,39.77512415,-104.9479539,9/21/2023 7:56,7:56:00,11,0,1,E 42ND AVE & N ADAMS ST,1,1,0,0,1,4,0,0,20,0,1,0,0,2,4,1,16
,2023-40290,39.71785693,-104.9510481,9/21/2023 15:47,15:47:00,12,0,1,E 1ST AVE & N ST PAUL ST,1,1,0,0,1,4,0,0,30,0,0,0,1,3,4,2,16
,2023-40292,39.72087458,-104.959435,9/21/2023 12:30,12:30:00,6,0,0,UNIVERSITY BLVD & E 3RD AVE,1,1,0,0,1,4,0,0,30,0,0,0,0,0,4,2,3
,2023-40293,39.68129821,-104.9508178,9/21/2023 13:30,13:30:00,3,0,0,E BUCHTEL BLVD & S ST PAUL ST,1,1,0,0,1,1,0,0,30,0,0,0,0,0,4,2,3
,2023-40294,39.79024905,-105.0641553,9/21/2023 7:50,7:50:00,15,0,0,I-76 & W 52ND AVE,1,1,0,0,1,4,0,0,55,0,0,0,0,0,1,2,16
,2023-40296,39.74377828,-104.9081626,9/21/2023 16:48,16:48:00,3,0,0, ONEIDA ST & E 17TH AVE,1,1,0,0,1,1,0,0,25,0,0,0,0,1,4,2,13
,2023-40298,39.71118378,-105.0062849,9/21/2023 7:07,7:07:00,3,0,0,W ALAMEDA AVE & S PECOS ST,1,1,0,0,1,1,0,0,35,0,0,0,0,0,2,3,16
,2023-40299,39.76841338,-104.9947436,9/21/2023 17:15,17:15:00,12,0,0,I-25 & PARK AVE W,1,1,0,0,1,4,0,0,55,0,0,0,0,0,1,2,3
,2023-40300,39.79079985,-105.0532488,9/21/2023 6:40,6:40:00,15,0,0, SHERIDAN BLVD & W 52ND AVE,1,1,1,0,1,4,0,0,35,0,0,0,0,0,2,2,11
,2023-40301,39.76202068,-105.0203593,9/21/2023 12:20,12:20:00,6,0,0,W 32ND AVE & N CLAY ST,1,1,0,0,1,4,0,0,,0,0,0,0,0,4,2,16
,2023-40302,39.71705946,-104.9037056,9/21/2023 10:17,10:17:00,12,0,1, QUEBEC ST & E LOWRY BLVD,1,1,0,0,1,3,0,0,25,0,0,0,0,1,4,3,16
,2023-40303,39.78020467,-104.9503332,9/19/2023 13:45,13:45:00,12,0,0,I-70 & N STEELE ST,1,1,0,0,1,4,0,0,55,0,0,0,0,0,1,2,10
,2023-40307,39.73154951,-104.9902579,9/20/2023 19:15,19:15:00,6,0,0, BANNOCK ST & W 9TH AVE,1,1,0,0,1,4,0,0,,0,0,0,0,0,4,2,16
,2023-40308,39.70916878,-104.9315656,9/20/2023 17:59,17:59:00,1,0,0,LEETSDALE DR & S DAHLIA ST,1,1,0,0,1,1,0,0,35,0,0,0,0,0,2,2,13
,2023-40311,39.78271179,-104.9995487,9/21/2023 6:24,6:24:00,12,0,1,I-70 & EB OFF RAMP TO I-25,1,2,0,0,1,4,0,0,55,0,0,0,0,1,1,2,3
,2023-40312,39.70942047,-105.0250778,9/21/2023 7:28,7:28:00,12,0,0, FEDERAL BLVD & W DAKOTA AVE,1,1,0,0,1,4,0,0,35,0,0,0,0,0,2,2,14
,2023-40313,39.73685636,-104.9957088,9/21/2023 15:30,15:30:00,3,0,0,W 13TH AVE & N SPEER BLVD,1,1,0,0,1,1,0,0,30,0,0,0,0,0,4,2,13
,2023-40315,39.67846973,-104.9254264,9/21/2023 7:13,7:13:00,12,0,0,E EVANS AVE & S GRAPE ST,1,1,0,0,1,3,0,0,35,0,0,0,0,0,4,2,16
,2023-40316,39.77992646,-104.9838095,9/19/2023 16:29,16:29:00,12,0,0,I-70 WB & I-25,1,1,1,0,1,4,0,0,55,0,0,0,0,0,1,2,10
,2023-40319,39.75070528,-104.9609953,9/20/2023 17:00,17:00:00,3,0,0, GAYLORD ST & E 23RD AVE,1,1,0,0,1,1,0,0,25,0,0,0,0,0,4,3,3
,2023-40321,39.75750337,-105.0094896,9/21/2023 6:32,6:32:00,12,0,0,I-25 & W 17TH AVE,1,2,1,0,1,4,0,0,55,0,0,0,0,0,1,2,7
,2023-40323,39.73797741,-104.9610169,9/20/2023 18:00,18:00:00,6,0,0, GAYLORD ST & E 14TH AVE,1,1,0,0,1,4,0,0,35,0,0,0,0,0,4,2,11
,2023-40324,39.76926611,-105.0205119,9/22/2023 11:48,11:48:00,3,0,1,W 38TH AVE & N CLAY ST,1,1,3,0,1,1,0,0,35,0,0,0,0,2,4,2,13
,2023-40325,39.79838313,-104.7721172,9/22/2023 14:30,14:30:00,1,0,1, TOWER ROAD & E 56TH AVE,1,1,0,0,1,1,0,0,45,0,0,0,0,2,4,2,13
,2023-40326,39.77113069,-104.7391693,9/22/2023 0:45,0:45:00,12,0,1,E 40TH AVE & N ODESSA ST,1,3,0,0,1,4,0,0,20,0,0,0,0,2,4,2,11
,2023-40327,39.80898445,-104.8813921,9/15/2023 15:52,15:52:00,15,0,0,E 61ST DR & 62ND AVE,1,1,0,0,1,3,0,0,20,0,0,0,0,0,4,2,11
,2023-40328,39.73308103,-105.0532212,9/22/2023 20:30,20:30:00,10,0,1, SHERIDAN BLVD & W 10TH AVE,1,3,0,0,1,1,0,0,30,0,0,0,0,3,2,2,1
,2023-40332,39.68822817,-104.9407998,9/21/2023 7:11,7:11:00,5,0,1, COLORADO BLVD & E FLORIDA AVE,1,1,0,0,6,5,0,0,35,0,0,0,0,2,2,1,16
,2023-40333,39.6882595,-104.9709449,9/21/2023 15:50,15:50:00,12,0,2,I-25 SB ON RAMP & S DOWNING ST,1,1,1,0,1,8,0,0,60,0,0,0,0,1,1,2,13
,2023-40336,39.74907408,-104.9873962,9/20/2023 16:28,16:28:00,2,0,1, BROADWAY ST & 20TH ST,1,1,0,0,1,4,0,0,0,1,0,0,0,2,4,1,16
,2023-40337,39.73846634,-104.9976516,9/22/2023 7:43,7:43:00,12,0,0, SPEER BLVD & W 14TH AVE,1,1,0,0,1,1,0,0,35,0,0,0,0,0,4,3,16
,2023-40338,39.84301495,-104.7719544,9/21/2023 13:00,13:00:00,5,0,1, TOWER RD & E 81ST AVE,1,1,1,0,3,4,0,0,35,0,0,0,0,1,4,1,10
,2023-40343,39.65307542,-104.8987358,9/21/2023 14:45,14:45:00,1,0,0,E HAMPDEN AVE & S TAMARAC DR,1,1,0,0,1,1,0,0,40,0,0,0,0,0,2,2,3
,2023-40344,39.72906712,-104.986141,9/19/2023 15:39,15:39:00,10,0,0,E 8TH AVE & N LINCOLN ST,1,1,0,0,1,1,0,0,,0,0,0,0,0,4,2,16
,2023-40351,39.78050031,-104.9534701,9/22/2023 17:21,17:21:00,12,0,1,I-70 & N CLAYTON ST,1,1,0,0,1,4,0,0,65,0,0,0,0,2,1,3,13
,2023-40353,39.71112274,-104.9710149,9/21/2023 17:35,17:35:00,3,0,0, LAFAYETTE ST & E ALAMEDA AVE,1,1,0,0,1,1,0,0,25,0,0,0,0,0,4,3,13
,2023-40355,39.73468376,-104.9350171,9/22/2023 9:40,9:40:00,3,0,1,E 12TH AVE & N CLERMONT ST,1,1,0,0,1,1,0,0,25,0,0,0,0,1,4,2,3
,2023-40356,39.72932999,-105.0251344,9/22/2023 5:49,5:49:00,12,0,2,W 6TH AVE & N FEDERAL BLVD,1,3,1,0,1,1,0,0,55,0,0,0,0,1,2,3,3
,2023-40357,39.74008444,-104.8917014,9/22/2023 21:17,21:17:00,1,0,0,E COLFAX AVE & N VALENTIA ST,1,3,0,0,1,1,0,0,30,0,0,0,0,0,2,2,11
,2023-40360,39.636166,-104.9072266,9/22/2023 13:53,13:53:00,15,0,0,I-225 SB OFF RAMP TO -25 NB & I-25,1,1,0,0,1,8,0,0,55,0,0,0,0,0,1,2,13
,2023-40363,39.63849381,-105.0873735,9/22/2023 7:14,7:14:00,12,0,0, AMMONS ST & W QUINCY AVE,1,1,0,0,1,3,0,0,25,0,0,0,0,0,4,2,16
,2023-40365,39.73827777,-104.9383988,9/20/2023 10:15,10:15:00,10,0,0,E 14TH AVE & N ASH ST,1,1,0,0,1,1,0,0,25,0,0,0,0,0,4,2,8
,2023-40366,39.76778563,-104.9954407,9/21/2023 5:56,5:56:00,12,0,0,I-25 & PARK AVE W,1,3,1,0,1,8,0,0,55,0,0,0,0,0,1,2,1
,2023-40368,39.74196574,-104.999861,9/21/2023 10:07,10:07:00,15,0,0, SPEER BLVD & N KALAMATH ST,1,1,0,0,1,1,0,0,30,0,0,0,0,0,4,2,16
,2023-40369,39.76009575,-104.8989886,9/21/2023 10:10,10:10:00,10,0,0,E MLK JR BLVD & N SYRACUSE ST,1,1,0,0,1,1,0,0,30,0,0,0,0,0,4,2,8
,2023-40370,39.66943989,-104.9641105,9/21/2023 9:04,9:04:00,3,0,0,E VASSAR AVE & S RACE ST,1,1,0,0,1,1,0,0,25,0,0,0,0,0,4,2,11
,2023-40371,39.70804073,-104.8789907,9/20/2023 15:00,15:00:00,15,0,0,E ALAMEDA AVE & S CLINTON ST,1,1,0,0,1,1,0,0,30,0,0,0,0,0,4,2,7
,2023-40375,39.76009575,-104.8989886,9/21/2023 16:17,16:17:00,15,0,0,E MLK JR BLVD & N SYRACUSE ST,1,1,3,0,1,1,0,0,40,0,0,0,0,0,4,2,13
,2023-40377,39.69464996,-104.9794979,9/22/2023 13:38,13:38:00,5,0,3,I-25 & S WASHINGTON ST,1,1,0,0,3,4,0,0,60,0,0,0,0,1,1,2,16
,2023-40378,39.69660373,-104.8961898,9/20/2023 8:10,8:10:00,3,0,0,7955 E MISSISSIPPI AVE & S TAMARAC ST,1,1,0,0,1,2,0,0,25,0,0,0,0,0,4,2,3
,2023-40379,39.68024461,-104.9508233,9/20/2023 13:20,13:20:00,3,0,0,E ASBURY AVE & S ST PAUL ST,1,1,0,0,1,1,0,0,25,0,0,0,0,0,4,2,3
,2023-40381,39.7273201,-105.0001805,9/22/2023 11:34,11:34:00,3,0,0,W 7TH AVE & N KALAMATH ST,1,1,0,0,1,1,0,0,25,0,0,0,0,0,4,2,16
,2023-40383,39.72544067,-104.98626,9/22/2023 6:57,6:57:00,12,0,0,LINCOLN ST & E SPEER BLVD,1,1,0,0,1,4,0,0,35,0,0,0,0,0,4,2,16
,2023-40391,39.71976154,-105.0252772,9/22/2023 14:22,14:22:00,12,0,0, FEDERAL BLVD & W 2ND AVE,1,1,0,0,1,3,0,0,35,0,0,0,0,0,2,2,11
,2023-40395,39.75174436,-104.9958604,9/22/2023 8:39,8:39:00,10,0,0,18TH ST & MARKET ST,1,1,0,0,1,2,0,0,20,0,0,0,0,0,4,2,16
,2023-40405,39.76919623,-104.9428597,9/22/2023 15:07,15:07:00,3,0,0,E 38TH AVE & N JACKSON ST,1,1,0,0,1,1,0,0,20,0,0,0,0,0,4,2,11
,2023-40406,39.78251419,-104.8470116,9/22/2023 17:36,17:36:00,12,0,0, PEORIA ST & E 47TH AVE,1,1,0,0,1,4,0,0,40,0,0,0,0,0,4,2,3
,2023-40408,39.83339691,-104.7719743,9/12/2023 20:30,20:30:00,15,0,0, OFF RAMP & N TOWER RD,1,3,0,0,1,8,0,0,30,0,0,0,0,0,2,2,16
,2023-40409,39.677012,-104.9039777,9/22/2023 10:26,10:26:00,15,0,0,E EVANS AVE & S QUEBEC ST,1,1,0,0,1,2,0,1,35,0,0,0,0,0,4,2,11
,2023-40415,39.7592048,-104.9937928,9/21/2023 23:16,23:16:00,15,0,0,PARK AVE W & WEWATTA ST,1,3,0,0,1,4,0,0,35,0,0,0,0,0,4,2,13
,2023-40418,39.71111142,-104.9727949,9/22/2023 5:28,5:28:00,12,0,1,E ALAMEDA AVE & S MARION ST,1,1,0,0,1,4,0,0,30,0,0,0,0,1,4,3,2
,2023-40419,39.6747317,-104.8718235,9/21/2023 10:27,10:27:00,12,0,2,E ILIFF AVE & S PARKER RD,1,1,0,0,1,4,0,0,35,0,0,0,0,3,4,3,3
,2023-40421,39.68947642,-105.026637,9/22/2023 15:09,15:09:00,15,0,0,W FLORIDA AVE & S FEDERAL BLVD,1,1,0,0,1,4,0,0,30,0,0,0,0,0,4,2,16
,2023-40422,39.70910699,-104.9710338,9/21/2023 19:00,19:00:00,6,0,0, LAFAYETTE ST & E DAKOTA AVE,1,4,0,0,1,4,0,0,,0,0,0,0,0,4,2,16
,2023-40423,39.68461918,-104.9489165,9/21/2023 18:09,18:09:00,12,0,1,I-25 & S COLORADO BLVD,1,2,0,0,1,4,0,0,60,0,0,0,0,1,1,3,11
,2023-40515,39.78978812,-104.7890254,9/13/2023 11:56,11:56:00,12,0,0,PENA BLVD & GREEN VALLEY RANCH BLVD,1,1,0,0,1,4,0,0,65,0,0,0,0,0,4,2,1
,2023-40519,39.83217154,-104.6899041,9/22/2023 15:34,15:34:00,10,0,0,7500 E 75TH AVE,1,1,0,7,1,3,0,0,35,0,0,0,0,0,4,2,11
,2023-40520,39.71817784,-104.95932,9/23/2023 0:02,0:02:00,1,0,0, UNIVERSITY BLVD & E 1ST AVE,1,3,0,0,1,1,0,0,30,0,0,0,0,0,4,2,3
,2023-40523,39.71122179,-104.9129192,9/23/2023 10:50,10:50:00,9,0,1, MONACO ST & E ALAMEDA AVE,1,1,0,0,1,3,0,0,35,0,0,0,1,3,4,1,16
,2023-40525,39.71109208,-105.029254,9/23/2023 10:34,10:34:00,15,0,1,W ALAMEDA AVE & S IRVING ST,1,1,0,0,1,4,0,0,30,0,0,0,1,3,2,2,11
,2023-40527,39.74838846,-104.9915117,8/1/2023 23:20,23:20:00,11,0,0,18TH ST & CHAMPA ST,1,3,0,0,1,1,0,0,0,0,0,1,0,0,4,1,16
,2023-40530,39.69315469,-104.9924858,9/23/2023 8:30,8:30:00,10,0,1, SANTA FE DR & W LOUISIANA AVE,1,1,0,0,1,2,0,0,45,0,0,0,0,1,2,3,1
,2023-40532,39.67385805,-105.03864,9/22/2023 21:49,21:49:00,6,0,0, PATTON CT & W ILIFF AVE,1,4,0,0,1,4,0,0,25,0,0,0,0,0,4,3,2
,2023-40533,39.76440034,-104.9866363,9/23/2023 1:00,1:00:00,12,0,0,29TH ST & N BRIGHTON BLVD,1,3,1,0,1,1,0,0,30,0,0,0,0,0,4,2,11
,2023-40534,39.77918341,-104.9410539,9/22/2023 21:43,21:43:00,12,0,0, COLORADO BLVD & I-70 EB RAMPS,1,3,1,0,1,4,0,0,35,0,0,0,0,0,2,2,13
,2023-40535,39.75054584,-105.016901,9/21/2023 16:28,16:28:00,12,0,0,I-25 & W 23RD AVE,1,1,0,0,1,4,0,0,55,0,0,0,0,0,1,2,16
,2023-40537,39.75317503,-104.9597704,9/23/2023 14:01,14:01:00,5,0,0, YORK ST & E 25TH AVE,1,1,0,0,3,4,0,0,35,0,0,0,0,0,4,1,14
,2023-40538,39.75103111,-104.9405996,9/23/2023 13:35,13:35:00,12,0,1, COLORADO BLVD & E 23RD AVE,1,1,0,0,1,1,0,0,35,0,0,0,0,2,2,2,13
,2023-40550,39.74323565,-104.9672281,9/19/2023 2:30,2:30:00,5,0,0,1645 E 17TH AVE & N GILPIN AVE,1,3,0,0,2,2,0,0,,0,0,0,0,0,4,1,3
,2023-40563,39.71121651,-104.9086871,9/21/2023 18:45,18:45:00,1,0,0, NEWPORT WAY & E ALAMEDA AVE,1,3,0,0,1,1,0,0,35,0,0,0,0,0,4,2,13
,2023-40634,39.70395737,-105.0250878,9/24/2023 0:16,0:16:00,12,0,0, FEDERAL BLVD & W EXPOSITION AVE,1,3,0,0,1,3,0,0,40,0,0,0,0,0,2,2,11
,2023-40638,39.7729196,-104.8343997,9/23/2023 15:01,15:01:00,12,0,3,I-70 EB & I-225 SB OFF RAMP EXT,1,1,0,0,1,4,0,0,,0,0,0,0,1,1,3,16
,2023-40641,39.76935384,-105.0440127,9/22/2023 14:37,14:37:00,3,0,1, TENNYSON ST & W 38TH AVE,1,1,0,0,1,1,0,0,30,0,0,0,0,1,4,2,16
,2023-40651,39.69987036,-104.985851,10/23/2023 22:10,22:10:00,5,0,0,I-25 & SB OFF RAMP GORE PT TO S WASHINGTON ST,14,3,0,0,2,8,0,0,60,0,0,0,0,0,1,1,13
,2023-40655,39.72570812,-105.0001485,10/24/2023 7:24,7:24:00,12,0,0,W 6TH AVE & N KALAMATH ST,1,1,1,0,1,4,0,0,35,0,0,0,0,0,4,2,1
,2023-40659,39.68938827,-104.992327,10/15/2023 9:48,9:48:00,5,0,3, SANTA FE DR & W FLORIDA AVE,1,1,0,0,1,3,0,0,,0,0,0,0,2,2,4,16
,2023-40660,39.66859584,-104.982835,10/24/2023 7:48,7:48:00,15,0,0, LOGAN ST & E YALE AVE,1,1,0,0,1,4,0,0,30,0,0,0,0,0,4,2,11
,2023-40665,39.76377069,-104.9124691,10/23/2023 9:56,9:56:00,6,0,0, MONACO ST & E 33RD AVE,1,1,0,0,1,4,0,1,30,0,0,0,0,0,4,2,14
,2023-40666,39.79105136,-105.053248,10/23/2023 14:40,14:40:00,3,0,0, SHERIDAN BLVD & W 52ND AVE,1,1,0,0,1,1,0,0,35,0,0,0,0,0,2,2,1
,2023-40667,39.63734597,-104.8943794,10/24/2023 8:06,8:06:00,1,0,0, TAMARAC ST & E QUINCY AVE,1,1,0,0,1,2,0,0,35,0,0,0,0,0,4,2,16
,2023-40668,39.67916818,-105.0510659,10/24/2023 12:59,12:59:00,3,0,0, YATES ST & W EVANS AVE,1,1,0,0,1,1,0,0,25,0,0,0,0,0,4,2,13
,2023-40669,39.78028879,-104.9406418,10/24/2023 6:30,6:30:00,12,0,0,I-70 & N COLORADO BLVD,1,1,0,0,1,4,0,0,55,0,0,0,0,0,1,2,13
,2023-40674,39.73562587,-104.8917269,10/15/2023 22:05,22:05:00,6,0,0,E 12TH AVE & N VALENTIA ST,1,3,0,0,1,1,0,0,20,0,0,0,0,0,4,2,16
,2023-40682,39.72667731,-104.9874295,7/22/2023 0:54,0:54:00,3,0,1, BROADWAY & E SPEER BLVD,1,3,0,0,1,1,0,0,30,0,0,0,0,3,4,2,1
,2023-40688,39.75055434,-105.0168974,10/24/2023 18:05,18:05:00,12,0,1,I-25 & W 23RD AVE,11,4,0,1,1,4,0,0,55,0,0,0,0,1,1,2,10
,2023-40690,39.7112788,-104.9035054,10/15/2023 2:49,2:49:00,1,0,0,E ALAMEDA AVE & S QUEBEC ST,1,3,0,0,1,1,0,0,,0,0,0,0,0,4,2,16
,2023-40697,39.78379738,-104.8017153,10/23/2023 16:28,16:28:00,3,0,1, KITTREDGE ST & E GREEN VALLEY RANCH BLVD,1,1,0,0,1,1,0,0,25,0,0,0,1,2,4,2,11
,2023-40698,39.76830669,-104.8657908,10/22/2023 15:28,15:28:00,10,0,1, HAVANA ST & E SMITH RD,1,1,0,0,1,3,0,0,40,0,0,0,1,3,4,2,16
,2023-40699,39.7074301,-104.8660622,10/15/2023 1:55,1:55:00,9,0,0,E VIRGINIA AVE & S HAVANA ST,1,3,0,0,6,4,0,0,,0,0,0,0,0,4,1,16
,2023-40704,39.70735814,-104.9408023,10/24/2023 7:24,7:24:00,15,0,0,CHERRY CREEK  DR & S COLORADO BLVD,1,1,0,0,1,1,0,0,40,0,0,0,0,0,2,2,11
,2023-40706,39.75822986,-104.9405256,10/24/2023 10:07,10:07:00,12,0,2, COLORADO BLVD & E 29TH AVE,1,1,0,0,1,3,0,0,35,0,0,0,0,1,2,2,7
,2023-40710,39.66547594,-104.9406046,10/24/2023 15:45,15:45:00,1,0,1, COLORADO BLVD & E AMHERST AVE,1,1,1,0,1,1,0,0,35,0,0,0,0,1,2,3,8
,2023-40713,39.75887759,-104.8905304,10/24/2023 9:00,9:00:00,15,0,0, CENTRAL PARK BLVD & E 29TH PL,1,1,0,0,1,4,0,0,35,0,0,0,0,0,4,2,16
,2023-40716,39.69675665,-104.8659317,10/24/2023 16:04,16:04:00,5,0,1, HAVANA ST & E MISSISSIPPI AVE,1,1,0,0,6,3,0,0,35,0,0,0,1,2,2,1,1
,2023-40725,39.77221212,-104.8291922,10/23/2023 21:19,21:19:00,12,0,0,I-70 WB ON RAMP FROM NB -225,1,3,0,0,1,8,0,0,45,0,0,0,0,0,1,2,13
,2023-40728,39.67120815,-105.0250701,10/5/2023 14:27,14:27:00,15,0,0, FEDERAL BLVD & W VASSAR AVE,1,1,0,0,1,4,0,0,,0,0,0,0,0,2,2,10
,2023-40729,39.72907697,-104.9787565,10/23/2023 17:15,17:15:00,3,0,0,E 8TH AVE & WASHINGTON ST,1,3,0,0,1,1,0,0,30,0,0,0,0,0,4,2,16
,2023-40732,39.74000059,-104.9790202,10/23/2023 21:15,21:15:00,16,0,0,629 E COLFAX AVE & N WASHINGTON ST,1,3,3,0,5,7,0,0,,0,0,0,0,0,3,1,14
,2023-40741,39.70053176,-104.9195888,10/21/2023 18:13,18:13:00,6,0,0, JERSEY ST & E KENTUCKY AVE,1,3,0,0,3,4,0,0,30,0,0,0,0,0,4,2,1
,2023-40744,39.71118411,-104.9924799,10/23/2023 12:26,12:26:00,15,0,1,W ALAMEDA AVE & S SANTA FE DR,1,1,0,0,1,4,0,0,30,0,0,0,0,2,4,3,6
,2023-40746,39.74002758,-105.0028323,10/24/2023 6:30,6:30:00,1,0,0,W COLFAX AVE & N MARIPOSA ST,1,3,0,0,1,1,0,0,30,0,0,0,0,0,2,2,13
,2023-40749,39.76781578,-104.9751189,10/23/2023 9:06,9:06:00,15,0,0,WALNUT ST & 35TH ST,1,1,0,0,1,4,0,1,25,0,0,0,0,0,4,2,16
,2023-40750,39.76213625,-105.0252202,10/24/2023 12:45,12:45:00,12,0,0, FEDERAL BLVD & W 32ND AVE,1,1,0,0,1,3,0,0,35,0,0,0,0,0,2,3,1
,2023-40752,39.7829195,-104.8470154,10/21/2023 19:33,19:33:00,3,0,1, PEORIA ST & E ALBROOK DR,1,3,0,0,1,2,0,0,35,0,0,0,1,3,4,2,16
,2023-40755,39.69840618,-104.9593288,10/24/2023 15:33,15:33:00,1,0,1, UNIVERSITY BLVD & E TENNESSEE AVE,1,1,0,0,1,1,0,0,30,0,0,0,0,2,4,2,16
,2023-40769,39.77417055,-105.0064407,10/24/2023 18:30,18:30:00,6,0,0, PECOS ST & W 42ND AVE,11,3,0,1,1,4,0,0,30,0,0,0,0,0,4,2,16
,2023-40782,39.67862577,-105.0273673,10/24/2023 15:42,15:42:00,12,0,0,W EVANS AVE & S HAZEL CT,1,1,0,0,1,1,0,0,,0,0,0,0,1,4,2,16
,2023-40784,39.71123925,-105.0249524,10/24/2023 8:31,8:31:00,12,0,0,W ALAMEDA AVE & S FEDERAL BLVD,1,1,0,0,1,4,0,0,35,0,0,0,0,0,2,2,13
,2023-40789,39.68389226,-105.0500277,10/21/2023 13:20,13:20:00,8,0,0,W COLORADO AVE & S XAVIER ST,1,1,3,0,1,3,0,0,25,0,0,0,0,0,4,2,13
,2023-40792,39.74377484,-104.9116634,10/24/2023 8:02,8:02:00,3,0,1, MAGNOLIA ST & E 17TH AVE,1,1,0,0,1,1,0,0,30,0,0,0,0,2,4,3,16
,2023-40793,39.78434072,-104.8878651,10/24/2023 9:41,9:41:00,6,0,1,WILLOW ST & E 48TH AVE,1,1,0,7,6,4,0,0,25,0,0,0,0,2,4,2,2
,2023-40797,39.74303832,-105.0252114,10/24/2023 17:42,17:42:00,1,0,1, FEDERAL BLVD & 1630,1,1,0,0,1,2,0,0,30,0,0,0,0,2,2,2,10
,2023-40803,39.77008941,-105.0252329,10/24/2023 8:31,8:31:00,15,0,0, FEDERAL BLVD & W DENVER PL,1,1,0,0,1,3,0,0,35,0,0,0,0,0,2,3,10
,2023-40823,39.74011717,-105.0139184,10/21/2023 19:38,19:38:00,12,0,0,I-25 & W COLFAX AVE,1,1,1,0,1,4,0,0,55,0,0,0,0,0,4,2,13