id,drcog_id,latitude,longitude,crashtime,time,crashtype,numbkilled,numbinjurd,drcoglocat,rdconditin,lightngcon,roadcntgrd,weatherco,location,roaddescrp,schoolzone,constrzone,splimit,bikeinv,pedinv,sctrinv,motoinv,svrty,rdsystem,ttlvehcls,hcf
,2023-40827,39.76351548,-105.0025652,9/24/2023 0:29,0:29:00,15,0,0,I-25 & 20TH ST,1,3,0,0,1,4,0,0,60,0,0,0,0,0,1,2,16
,2023-40844,39.74021883,-104.8987675,9/14/2023 8:00,8:00:00,12,0,0,E COLFAX AVE & N SYRACUSE ST,1,1,0,0,1,3,0,0,35,0,0,0,0,0,2,3,16
,2023-40845,39.73677901,-104.9494336,9/25/2023 19:28,19:28:00,6,0,0,E 13TH AVE & N STEELE ST,1,3,0,0,3,4,0,0,30,0,0,0,0,0,4,2,3
,2023-40849,39.72613424,-105.0532589,9/24/2023 14:55,14:55:00,3,0,0,W 6TH AVE WB OFF RAMP & N SHERIDAN BLVD,1,1,0,0,1,1,0,0,30,0,0,0,0,0,2,2,11
,2023-40854,39.77282654,-104.792225,9/24/2023 20:36,20:36:00,3,0,0,E 40TH AVE & N AIRPORT BLVD,1,3,0,0,1,3,0,0,35,0,0,0,0,1,4,3,16
,2023-40855,39.73707142,-104.9597835,9/14/2023 17:52,17:52:00,5,0,0, YORK ST & E 13TH AVE,11,1,3,1,3,9,0,0,15,0,0,0,0,0,4,1,13
,2023-40857,39.75072508,-104.9769524,9/25/2023 8:26,8:26:00,3,0,0, CLARKSON ST & E 23RD AVE,1,1,0,0,1,1,0,0,25,0,0,0,0,0,4,3,11
,2023-40858,39.77698872,-104.8794859,9/25/2023 7:30,7:30:00,12,0,1,I-70 & I-270 WB OFF RAMP,1,1,0,0,1,4,0,0,65,0,0,0,0,2,1,4,11
,2023-40859,39.7110835,-105.0251752,8/16/2023 4:59,4:59:00,12,0,0,W ALAMEDA AVE & S FEDERAL BLVD,1,2,0,0,1,1,0,0,35,0,0,0,0,0,2,2,13
,2023-40860,39.7433671,-104.9873765,9/24/2023 15:40,15:40:00,10,0,0,BROADWAY & E 17TH AVE,1,1,0,0,1,1,0,0,30,0,0,0,0,0,4,2,13
,2023-40867,39.78359268,-104.8860502,9/24/2023 23:38,23:38:00,6,0,0, XENIA ST & E 48TH AVE,1,3,0,0,6,4,0,0,,0,0,0,0,0,4,3,16
,2023-40868,39.74752194,-104.9926218,8/16/2023 16:35,16:35:00,15,0,0,CHAMPA ST & 17TH ST,1,1,0,0,1,3,0,0,25,0,0,0,0,0,4,2,13
,2023-40869,39.72728036,-104.9751576,9/24/2023 19:00,19:00:00,6,0,0,E 7TH AVE & N OGDEN ST,1,1,0,0,1,4,0,0,25,0,0,0,0,1,4,3,14
,2023-40870,39.7294444,-105.0251544,9/23/2023 12:00,12:00:00,12,0,0, FEDERAL BLVD & W 8TH AVE,1,1,0,0,1,3,0,0,35,0,0,0,0,0,2,2,1
,2023-40875,39.76185282,-104.9223032,9/25/2023 14:00,14:00:00,1,0,2,E MLK BLVD & N HOLLY ST,1,3,0,0,1,1,0,0,35,0,0,0,0,1,4,2,10
,2023-40878,39.7368614,-104.9922952,9/12/2023 13:45,13:45:00,16,0,0,1331  CHEROKEE ST & N CHEROKEE ST,1,3,0,0,5,7,0,0,,0,0,0,0,0,3,1,7
,2023-40881,39.78348464,-104.8295936,9/25/2023 8:28,8:28:00,3,0,0,E ANDREWS DR & N CARSON ST,1,1,0,0,1,1,0,0,25,0,0,0,0,0,4,2,11
,2023-40882,39.67818201,-105.0203725,8/25/2023 3:00,3:00:00,16,0,0,2100  CLAY ST,1,3,0,0,5,7,0,0,10,0,0,0,0,0,3,2,11
,2023-40887,39.65708423,-104.9594592,9/25/2023 16:11,16:11:00,10,0,0, UNIVERSITY BLVD & E FLORA PL,1,1,0,0,1,1,0,0,35,0,0,0,0,0,4,2,13
,2023-40916,39.75507071,-104.9880923,9/23/2023 23:23,23:23:00,11,0,0,PARK AVE W & LAWRENCE ST,1,3,0,0,1,1,0,0,0,1,0,0,0,0,4,1,16
,2023-40921,39.65305083,-104.9047675,9/24/2023 23:10,23:10:00,12,0,0,E HAMPDEN AVE & S POPLAR ST,1,3,0,0,1,3,0,0,40,0,0,0,0,0,2,3,3
,2023-40928,39.77130869,-104.7391561,9/22/2023 0:45,0:45:00,12,0,1,ODESSA ST & 40TH AVE,1,3,0,0,1,4,0,0,20,0,0,0,0,2,4,2,11
,2023-40929,39.66447166,-104.949321,9/26/2023 9:18,9:18:00,5,0,0,E BATES AVE & S STEELE ST,1,1,0,0,3,3,0,0,25,0,0,0,0,0,4,1,11
,2023-40933,39.69067594,-104.9734268,8/24/2023 0:15,0:15:00,5,0,0,I-25 NB OFF RAMP & S DOWNING ST,1,3,0,0,4,1,0,0,40,0,0,0,0,0,4,1,8
,2023-40934,39.66758402,-104.920691,9/25/2023 13:50,13:50:00,12,0,0,E YALE AVE & S HOLLY PL,1,1,0,0,1,1,0,0,30,0,0,0,0,0,4,2,3
,2023-40935,39.7785237,-104.9211151,9/25/2023 9:36,9:36:00,12,0,0,I-70 & N HOLLY ST,1,1,1,0,1,4,0,0,,0,0,0,0,0,1,2,16
,2023-40954,39.65351567,-104.8684143,7/9/2023 1:20,1:20:00,1,0,0,E HAMPDEN AVE & S GALENA ST,1,3,0,0,1,1,0,0,45,0,0,0,0,0,2,2,1
,2023-40958,39.74046566,-105.0154142,9/24/2023 18:39,18:39:00,3,0,1,W COLFAX AVE & I-25 SB RAMP,1,1,0,0,1,1,0,0,40,0,0,0,0,1,2,3,11
,2023-40959,39.65305447,-104.8847967,9/25/2023 14:10,14:10:00,15,0,0,E HAMPDEN AVE & S YOSEMITE ST,1,1,0,0,1,1,0,0,40,0,0,0,0,0,2,2,13
,2023-40960,39.70082779,-104.9870395,9/7/2023 17:40,17:40:00,15,0,0,I-25 & S BROADWAY,1,1,3,0,1,4,0,0,55,0,0,0,0,0,1,2,16
,2023-40962,39.82188644,-104.7719491,9/25/2023 18:40,18:40:00,3,0,2, TOWER RD & E 69TH AVE,1,1,0,0,1,1,0,0,40,0,0,0,0,3,4,2,16
,2023-40963,39.7400517,-104.984719,9/25/2023 7:37,7:37:00,15,0,0,E COLFAX AVE & SHERMAN ST,1,1,0,0,1,3,0,0,30,0,0,0,0,0,2,2,11
,2023-40984,39.78928247,-104.9875607,9/25/2023 8:00,8:00:00,6,0,0,BROADWAY & E 51ST AVE,1,1,0,0,1,4,0,0,30,0,0,0,0,0,4,2,10
,2023-40985,39.78299498,-104.7775448,9/26/2023 13:35,13:35:00,3,0,0, WALDEN ST & E 47TH DR,1,1,0,0,1,1,0,0,20,0,0,0,0,0,4,2,11
,2023-40987,39.78058907,-104.9410817,9/25/2023 6:16,6:16:00,15,0,0,I-70 WB OFF RAMP & N COLORADO BLVD,1,2,0,0,1,1,0,0,45,0,0,0,0,0,2,2,13
,2023-40991,39.69478457,-104.982801,9/14/2023 17:44,17:44:00,14,0,0,E ARIZONA AVE & S LOGAN ST,1,1,0,0,1,4,0,0,30,0,0,0,0,0,4,3,16
,2023-40992,39.69939485,-105.0532474,9/25/2023 21:30,21:30:00,5,0,0, SHERIDAN BLVD & W KENTUCKY AVE,1,3,1,0,3,4,0,0,35,0,0,0,0,0,2,3,14
,2023-40994,39.7556767,-105.0123537,9/24/2023 15:21,15:21:00,12,0,0,I-25 & N SPEER BLVD,1,1,3,0,1,4,0,0,55,0,0,0,0,0,1,2,13
,2023-40997,39.7093333,-104.9864039,9/25/2023 16:02,16:02:00,3,0,0,E DAKOTA AVE & S LINCOLN ST,1,1,0,0,1,1,0,0,35,0,0,0,0,0,4,2,11
,2023-40998,39.70296706,-104.9128915,6/21/2023 11:45,11:45:00,10,0,0,LEETSDALE DR & S MONACO ST PKWY,1,1,0,0,1,1,0,0,35,0,0,0,0,0,2,2,16
,2023-41002,39.75307896,-104.9976165,9/21/2023 9:50,9:50:00,2,0,1,18TH ST & WAZEE ST,1,1,0,0,1,1,0,0,25,1,0,0,0,2,4,1,3
,2023-41009,39.73829694,-104.9407766,9/25/2023 19:57,19:57:00,3,0,1,E 14TH AVE & N COLORADO BLVD,1,1,0,0,1,1,0,0,,0,0,0,0,1,2,2,16
,2023-41010,39.65316589,-104.9129224,9/25/2023 7:09,7:09:00,12,0,0,E HAMPDEN AVE & S MONACO ST,1,1,0,0,1,1,0,0,40,0,0,0,0,0,2,2,16
,2023-41011,39.78344421,-105.0537302,9/26/2023 8:34,8:34:00,12,0,1,I-70 & N SHERIDAN BLVD,1,1,1,0,1,4,0,0,55,0,0,0,0,1,1,2,13
,2023-41016,39.78318907,-105.0074485,9/26/2023 6:52,6:52:00,12,0,1,I-70 & N PECOS ST,1,1,1,0,1,4,0,0,55,0,0,0,0,1,1,2,16
,2023-41019,39.77422814,-104.8496057,9/25/2023 11:30,11:30:00,12,0,0,I-70 & N PEORIA ST,1,1,0,0,1,4,0,0,55,0,0,0,0,0,1,3,1
,2023-41021,39.65315798,-104.9153482,9/25/2023 5:45,5:45:00,12,0,0,E HAMPDEN AVE & S LOCUST ST,1,3,1,0,1,1,0,0,35,0,0,0,0,0,2,2,14
,2023-41023,39.74354693,-104.9597845,9/26/2023 12:20,12:20:00,15,0,0,YORK ST & E 17TH AVE,1,1,0,0,1,4,0,0,30,0,0,0,0,0,4,2,11
,2023-41026,39.78458344,-104.8097918,9/26/2023 17:30,17:30:00,3,0,0, CHAMBERS RD & E GREEN VALLEY RANCH BLVD,1,1,0,0,1,2,0,0,40,0,0,0,0,0,4,2,13
,2023-41027,39.76447251,-104.9479921,9/26/2023 7:45,7:45:00,3,0,0,E BRUCE RANDOLPH AVE & N COOK ST,1,1,1,0,1,9,0,0,30,0,0,0,0,0,4,2,11
,2023-41028,39.74060594,-105.0142604,9/26/2023 16:31,16:31:00,12,0,1,I-25 & W COLFAX AVE,1,1,0,0,1,4,0,0,55,0,0,0,0,2,1,2,14
,2023-41029,39.67844069,-104.9565149,9/25/2023 17:00,17:00:00,3,0,0, COLUMBINE ST & E EVANS AVE,1,1,0,0,1,1,0,0,25,0,0,0,0,0,4,2,3
,2023-41030,39.7094763,-104.9863905,9/26/2023 13:38,13:38:00,12,0,0, LINCOLN ST & E DAKOTA AVE,1,1,0,0,1,4,0,1,35,0,0,0,0,0,4,2,16
,2023-41031,39.69300205,-104.9786118,9/26/2023 8:05,8:05:00,2,0,1,E BUCHTEL BLVD & E LOUISIANA AVE,1,1,0,0,1,1,0,0,30,1,0,0,0,2,4,1,16
,2023-41033,39.76071792,-104.905782,9/25/2023 1:13,1:13:00,6,0,0, PONTIAC ST & E 30TH AVE,1,3,0,0,1,4,0,0,25,0,0,0,0,0,4,2,2
,2023-41035,39.72827716,-105.0441411,9/23/2023 7:06,7:06:00,6,0,0,W 7TH AVE & N TENNYSON ST,1,4,0,0,6,4,0,0,,0,0,0,0,0,4,2,16
,2023-41038,39.67650071,-105.0437917,9/16/2023 11:05,11:05:00,12,0,0, TENNYSON WAY & W WARREN AVE,1,1,0,0,1,4,0,0,25,0,0,0,1,0,4,2,16
,2023-41039,39.74021143,-104.9124455,9/23/2023 7:32,7:32:00,3,0,0,E COLFAX AVE & N MONACO ST PKWY,1,1,0,0,1,1,0,0,30,0,0,0,0,0,2,2,8
,2023-41041,39.7487957,-105.0345975,8/10/2023 17:33,17:33:00,3,0,0,W 21ST AVE & N LOWELL BLVD,1,1,0,0,1,1,0,0,25,0,0,0,0,0,4,2,14
,2023-41043,39.75538419,-105.0127346,9/26/2023 15:14,15:14:00,12,0,0, SPEER BLVD & I-25,1,1,1,0,1,5,0,0,35,0,0,0,0,0,4,2,14
,2023-41044,39.73874694,-104.8964176,9/26/2023 13:44,13:44:00,6,0,0,1401  TRENTON ST & E 14TH AVE,1,1,3,0,3,9,0,0,,0,0,0,0,0,4,2,16
,2023-41045,39.63012317,-104.905045,9/26/2023 9:58,9:58:00,15,0,0,I-25 & E BELLEVIEW AVE,1,1,0,0,1,4,0,0,65,0,0,0,0,0,1,3,1
,2023-41046,39.77567102,-104.8662976,9/23/2023 17:20,17:20:00,15,0,0,I-70 & N HAVANA ST,1,1,0,0,1,4,0,0,,0,0,0,0,0,1,2,16
,2023-41047,39.71147671,-104.9406224,9/24/2023 13:03,13:03:00,12,0,0, COLORADO BLVD & E ALAMEDA AVE,1,1,0,0,1,4,0,0,35,0,0,0,0,0,2,2,11
,2023-41054,39.6792797,-104.9340694,9/26/2023 13:39,13:39:00,12,0,2,I-25 ON RAMP & E EVANS AVE,1,1,1,0,1,8,0,0,,0,0,0,0,1,4,2,13
,2023-41056,39.7511922,-105.038153,9/21/2023 8:40,8:40:00,3,0,0, OSCEOLA ST & W 23RD AVE,1,1,0,0,1,1,0,0,25,0,0,0,0,0,4,2,1
,2023-41057,39.75658724,-104.9138583,9/22/2023 15:30,15:30:00,5,0,0,E 28TH AVE & N LOCUST ST,1,3,0,0,1,4,0,0,,0,0,0,0,0,4,1,16
,2023-41058,39.7448679,-104.9823081,9/26/2023 9:48,9:48:00,3,0,1,E 18TH AVE & N LOGAN ST,1,1,0,0,1,1,0,0,30,0,0,0,0,2,4,2,13
,2023-41060,39.78382885,-105.0532786,9/25/2023 15:30,15:30:00,12,0,0, SHERIDAN BLVD & W 48TH AVE,1,1,0,0,1,3,0,0,30,0,0,0,0,0,2,2,1
,2023-41062,39.6968895,-105.0532413,9/18/2023 21:24,21:24:00,11,0,0,W MISSISSIPPI AVE & S SHERIDAN BLVD,1,4,0,0,1,1,0,0,,0,1,0,0,0,2,1,16
,2023-41064,39.71123674,-105.0312364,9/26/2023 15:53,15:53:00,12,0,0,W ALAMEDA AVE & S JULIAN ST,1,1,0,0,1,4,0,0,35,0,0,0,0,0,2,2,13
,2023-41066,39.74927568,-104.9175305,9/25/2023 15:47,15:47:00,6,0,0,E 22ND AVE & N KEARNEY ST,1,1,0,0,1,1,0,0,30,0,0,0,0,0,4,2,13
,2023-41067,39.7670154,-104.9947152,9/25/2023 22:08,22:08:00,2,0,0,I-25 ON RAMP SLIP & PARK AVE W,1,3,0,0,1,8,0,0,0,1,0,0,0,0,4,1,16
,2023-41068,39.74044817,-105.0265053,9/12/2023 17:33,17:33:00,12,0,1,W COLFAX AVE & N FEDERAL BLVD,1,1,0,0,1,4,0,1,,0,0,0,0,2,2,2,13
,2023-41069,39.7490651,-104.9873962,9/25/2023 11:40,11:40:00,12,0,0,BROADWAY & 20TH ST,1,1,0,0,1,3,0,0,30,0,0,0,0,0,4,2,3
,2023-41070,39.73929326,-105.0001482,9/26/2023 10:26,10:26:00,12,0,0,KALAMATH ST & W COLFAX AVE,1,1,0,0,1,3,0,0,30,0,0,0,0,0,2,2,1
,2023-41072,39.74021153,-104.9122724,9/25/2023 19:57,19:57:00,15,0,0,E COLFAX AVE & N MONACO ST PKWY,1,3,0,0,1,3,0,0,30,0,0,0,0,0,2,2,16
,2023-41074,39.77918397,-104.8470243,9/25/2023 8:20,8:20:00,12,0,0,PEORIA ST & E 46TH AVE,1,1,0,0,1,4,0,0,25,0,0,0,0,0,4,2,3
,2023-41075,39.84039155,-104.6718307,9/13/2023 6:51,6:51:00,15,0,0,PENA BLVD & N SHADY GROVE,1,1,0,0,1,4,0,0,45,0,0,0,0,0,4,2,8
,2023-41076,39.77573311,-104.8649021,9/26/2023 8:44,8:44:00,12,0,0,I-70 & N HAVANA ST,1,1,2,0,1,4,0,0,55,0,0,0,0,0,1,2,13
,2023-41078,39.73305511,-104.9406204,9/26/2023 6:50,6:50:00,12,0,1, COLORADO BLVD & E 11TH AVE,1,1,0,0,1,4,0,0,35,0,0,0,0,1,2,3,16
,2023-41081,39.78025316,-104.9399029,8/28/2023 11:00,11:00:00,12,0,0,I-70 & N COLORADO BLVD,1,1,0,0,1,13,0,0,,0,0,0,0,0,1,2,16
,2023-41083,39.77987821,-104.9895635,9/25/2023 8:05,8:05:00,12,0,4,I-25 & I-70,1,1,1,0,1,4,0,0,55,0,0,0,0,1,1,4,16
,2023-41084,39.77282511,-104.8472169,9/26/2023 8:30,8:30:00,12,0,1,I-70 EB OFF RAMP SLIP & N PEORIA ST,1,1,0,0,1,8,0,0,30,0,0,0,0,2,1,2,11
,2023-41085,39.76687605,-104.997786,9/26/2023 15:02,15:02:00,12,0,2,I-25 & PARK AVE W,1,1,0,0,1,4,0,0,55,0,0,0,0,1,1,2,16
,2023-41086,39.67841313,-104.9619222,9/11/2023 2:51,2:51:00,5,0,0,2201 E EVANS AVE,11,3,0,1,3,4,0,0,35,0,0,0,0,0,4,1,16
,2023-41087,39.73862259,-104.9124308,9/26/2023 18:03,18:03:00,5,0,0, MONACO ST & E 14TH AVE,1,1,3,0,3,1,0,0,30,0,0,0,0,0,4,1,13
,2023-41090,39.67865776,-105.0206954,9/26/2023 10:02,10:02:00,15,0,0,W EVANS AVE & S CLAY ST,1,1,0,0,1,4,0,0,30,0,0,0,0,0,4,2,11
,2023-41093,39.77368107,-105.0462783,9/25/2023 14:00,14:00:00,6,0,0,VRAIN ST & W 41ST AVE,1,1,0,0,1,4,0,0,20,0,0,0,0,0,4,2,3
,2023-41094,39.68497789,-105.0250114,9/25/2023 11:30,11:30:00,15,0,0,W COLORADO AVE & S FEDERAL BLVD,1,1,0,0,1,1,0,0,25,0,0,0,0,0,2,2,3
,2023-41095,39.72890435,-104.9975704,9/26/2023 8:34,8:34:00,3,0,0,W 8TH AVE & N INCA ST,1,1,0,0,1,1,0,0,20,0,0,0,0,0,4,2,13
,2023-41097,39.69519682,-105.0532296,9/26/2023 7:50,7:50:00,12,0,0, SHERIDAN BLVD & W ARIZONA AVE,1,1,0,0,1,3,0,0,35,0,0,0,0,0,2,2,16
,2023-41098,39.75791652,-104.9917747,9/26/2023 18:18,18:18:00,10,0,0,WAZEE ST & PARK AVE W,1,1,0,0,1,1,0,0,25,0,0,0,0,0,4,2,8
,2023-41099,39.76080285,-105.0131338,9/26/2023 15:32,15:32:00,3,0,2,W 31ST AVE & N VALLEJO ST,1,1,0,0,1,1,0,0,25,0,0,0,0,2,4,2,13
,2023-41100,39.74901143,-105.017547,9/26/2023 12:14,12:14:00,12,0,0,I-25 & W 23RD AVE,1,1,0,0,1,4,0,0,55,0,0,0,0,0,1,2,16
,2023-41105,39.77687853,-104.9033711,9/26/2023 11:00,11:00:00,12,0,1, QUEBEC ST & I-70 EB RAMPS,1,1,1,0,1,4,0,0,45,0,0,0,0,1,2,2,11
,2023-41113,39.73669472,-105.0143635,9/19/2023 10:42,10:42:00,12,0,1,I-25 & W COLFAX AVE,1,1,0,0,1,4,0,0,55,0,0,0,0,1,4,3,13
,2023-41114,39.76864881,-104.9934836,9/21/2023 19:46,19:46:00,12,0,1,I-25 & PARK AVE W,1,4,1,0,1,4,0,0,55,0,0,0,0,1,1,2,8
,2023-41115,39.77124053,-104.9776543,9/21/2023 21:00,21:00:00,11,0,1, BRIGHTON BLVD & 36TH ST,1,3,0,0,1,1,0,0,35,0,1,0,0,3,4,1,13
,2023-41118,39.73676499,-104.9151218,9/21/2023 11:19,11:19:00,12,0,1,E 13TH AVE & N KRAMERIA ST,1,1,0,0,1,4,0,0,25,0,0,0,0,2,4,2,16
,2023-41134,39.71845329,-105.0250237,9/22/2023 19:37,19:37:00,11,0,0, FEDERAL BLVD & W 1ST AVE,1,3,0,0,1,2,0,0,35,0,0,1,0,0,2,1,3
,2023-41148,39.7401911,-104.9406202,9/21/2023 21:23,21:23:00,10,0,0,E COLFAX AVE & N COLORADO BLVD,1,3,3,0,1,1,0,0,35,0,0,0,0,0,2,2,13
,2023-41150,39.76094051,-105.0043135,9/23/2023 15:42,15:42:00,15,0,0,I-25 & 20TH ST,1,1,0,0,1,4,0,0,55,0,0,0,0,0,1,3,16
,2023-41166,39.79832735,-104.8918166,9/21/2023 5:32,5:32:00,1,0,1,E 56TH AVE & VALENTIA ST,1,2,0,0,1,1,0,0,40,0,0,0,0,2,4,2,11
,2023-41263,39.7293101,-105.0131792,8/27/2023 22:08,22:08:00,11,0,1,W 8TH AVE & N VALLEJO ST,11,3,0,1,1,1,0,0,0,0,1,0,0,3,4,1,16
,2023-41268,39.70394383,-105.0250753,9/24/2023 0:16,0:16:00,12,0,0,W EXPOSITION AVE & S FEDERAL BLVD,1,3,0,0,1,3,0,0,40,0,0,0,0,0,2,2,11
,2023-41281,39.77291861,-104.8343882,9/23/2023 15:01,15:01:00,15,0,3,I-70 & I-225 ON RAMP MERGE PT,1,1,0,0,1,8,0,0,,0,0,0,0,1,1,3,16
,2023-41286,39.65744597,-105.0478904,9/6/2023 20:05,20:05:00,8,0,2,W DARTMOUTH AVE & S WOLFF ST,1,4,0,0,1,3,0,0,25,0,0,0,0,2,4,2,3
,2023-41288,39.66086649,-105.0228261,9/23/2023 20:28,20:28:00,6,0,0, DECATUR ST & W DARTMOUTH AVE,1,3,0,0,1,4,0,0,25,0,0,0,0,0,4,2,11
,2023-41291,39.84264652,-104.6741927,9/24/2023 9:04,9:04:00,15,0,0,8000 PENA BLVD,1,1,0,0,1,4,0,0,45,0,0,0,0,0,4,2,3
,2023-41292,39.7604703,-105.0051063,9/24/2023 2:13,2:13:00,5,0,0,I-25 & 20TH ST,1,3,0,0,3,4,0,0,55,0,0,0,0,0,1,1,7
,2023-41296,39.69395481,-105.0270469,9/24/2023 3:35,3:35:00,6,0,0,W ALABAMA PL & S GROVE ST,1,3,0,0,1,4,0,0,25,0,0,0,0,0,4,2,3
,2023-41310,39.74338204,-104.9298146,8/4/2023 22:00,22:00:00,6,0,0,E 17TH AVE & N ELM ST,1,3,0,0,3,4,0,0,,0,0,0,0,0,4,2,16
,2023-41320,39.83299785,-104.6823644,9/26/2023 13:35,13:35:00,12,0,0,E 75TH AVE & N JACKSON GAP ST,1,1,0,0,1,4,0,0,45,0,0,0,0,0,4,2,1
,2023-41329,39.77310281,-104.8700817,9/27/2023 11:35,11:35:00,3,0,1,E 40TH AVE & N HAVANA ST,1,1,0,0,1,2,0,0,40,0,0,0,0,2,4,2,11
,2023-41332,39.77482542,-104.8470304,9/26/2023 11:30,11:30:00,12,0,0, PEORIA ST & E 39TH AVE,1,1,0,0,1,4,0,0,35,0,0,0,0,0,4,2,1
,2023-41333,39.75959838,-104.9770193,9/24/2023 20:46,20:46:00,3,0,0,30TH ST & CHAMPA ST,1,3,0,0,1,1,0,0,25,0,0,0,0,0,4,2,16
,2023-41334,39.74019771,-105.0000572,8/31/2023 15:05,15:05:00,15,0,0,W COLFAX AVE & N KALAMATH ST,1,1,0,0,1,1,0,0,,0,0,0,0,0,2,2,16
,2023-41336,39.78613665,-104.9782934,9/27/2023 7:55,7:55:00,12,0,0,WASHINGTON ST & E 49TH AVE,1,1,0,0,1,4,0,0,35,0,0,0,0,0,4,2,13
,2023-41338,39.72314239,-104.9406292,9/26/2023 16:00,16:00:00,15,0,0, COLORADO BLVD & E 4TH AVE,1,1,0,0,1,1,0,0,40,0,0,0,0,0,2,2,3
,2023-41339,39.72890544,-104.9983828,9/27/2023 14:10,14:10:00,15,0,0,W 8TH AVE & N INCA ST,1,1,0,0,1,4,0,0,30,0,0,0,0,0,4,2,1
,2023-41340,39.72908632,-104.9694502,9/27/2023 15:15,15:15:00,8,0,0,E 8TH AVE & N HUMBOLDT ST,1,1,0,0,1,1,0,0,25,0,0,0,0,0,4,2,13
,2023-41342,39.67910084,-104.9593916,9/23/2023 16:05,16:05:00,12,0,0, UNIVERSITY BLVD & E EVANS AVE,1,2,0,0,1,4,0,0,30,0,0,0,0,0,4,2,13
,2023-41343,39.67189339,-104.9406427,9/8/2023 21:00,21:00:00,12,0,0,E DICKENSON PL & S COLORADO BLVD,1,3,0,0,1,1,0,0,40,0,0,0,0,0,2,2,16
,2023-41344,39.67844511,-104.9933194,9/6/2023 15:15,15:15:00,5,0,1, SANTA FE DR & W EVANS AVE,1,1,0,0,3,1,0,0,40,0,0,0,0,3,2,1,3
,2023-41347,39.75080491,-104.9866539,9/14/2023 15:45,15:45:00,6,0,0,STOUT ST & 21ST ST,1,1,0,0,1,4,0,0,35,0,0,0,0,0,4,2,11
,2023-41350,39.71505616,-105.0015452,9/27/2023 6:38,6:38:00,15,0,1,I-25 & W ALAMEDA AVE,9,1,0,0,1,4,0,0,55,0,0,0,0,1,1,5,1
,2023-41353,39.75691448,-104.9783939,9/25/2023 2:50,2:50:00,6,0,0,28TH ST & STOUT ST,1,3,0,0,1,4,0,0,25,0,0,0,0,0,4,2,16
,2023-41365,39.75120681,-105.0205145,9/27/2023 7:53,7:53:00,2,0,1,W 23RD AVE & N CLAY ST,1,1,0,0,1,1,0,0,25,1,0,0,0,1,4,1,16
,2023-41369,39.71118379,-105.0397104,9/15/2023 12:08,12:08:00,3,0,0,W ALAMEDA AVE & S PERRY ST,1,1,0,0,1,1,0,0,35,0,0,0,0,0,2,2,16
,2023-41376,39.78362893,-104.7904784,9/25/2023 8:30,8:30:00,10,0,0,PENA BLVD & GREEN VALLEY RANCH RD,1,1,0,0,1,1,0,0,25,0,0,0,0,0,4,2,13
,2023-41377,39.71188567,-104.9995642,9/27/2023 0:07,0:07:00,5,0,0,I-25 & W ALAMEDA AVE,1,3,0,0,3,8,0,0,55,0,0,0,0,0,1,1,1
,2023-41378,39.79104091,-104.9842464,9/3/2023 21:49,21:49:00,6,0,0,220 E 52ND AVE & N SHERMAN ST,1,3,1,0,1,9,0,0,15,0,0,0,0,0,4,2,13
,2023-41379,39.71100599,-104.9480333,9/26/2023 10:00,10:00:00,12,0,0,E ALAMEDA AVE & E CHERRY CREEK S DR,1,1,0,0,1,1,0,0,25,0,0,0,0,0,4,2,3
,2023-41380,39.74341896,-105.0171491,4/20/2023 12:37,12:37:00,11,0,1,W 17TH AVE & MILE HIGH STADIUM CIR,1,1,0,0,2,1,0,0,,0,1,0,0,3,4,1,16
,2023-41382,39.71027752,-104.998346,9/26/2023 17:12,17:12:00,12,0,0,I-25 & W ALAMEDA AVE,1,1,0,0,1,4,0,0,60,0,0,0,0,0,1,2,3
,2023-41383,39.75538612,-105.0127522,9/27/2023 9:28,9:28:00,12,0,0,I-25 & SPEER BLVD,1,1,0,0,1,4,0,0,55,0,0,0,0,0,1,2,1
,2023-41386,39.78227638,-104.8613373,9/27/2023 8:10,8:10:00,3,0,0,E 47TH AVE & N JOLIET ST,1,1,0,0,1,1,0,0,35,0,0,0,0,0,4,2,11
,2023-41389,39.73600525,-104.9718403,9/27/2023 10:13,10:13:00,15,0,0,E 16TH AVE & N MARION ST,1,1,0,0,1,1,0,0,20,0,0,0,0,0,4,2,16
,2023-41390,39.7448679,-104.9835733,7/12/2023 17:25,17:25:00,10,0,0,E 18TH AVE & N GRANT ST,1,1,1,0,1,1,0,0,,0,0,0,0,0,4,2,16
,2023-41394,39.71108852,-105.0275534,9/21/2023 2:01,2:01:00,5,0,0,W ALAMEDA AVE & S HAZEL CT,1,3,0,0,3,1,0,0,,0,0,0,0,0,2,1,16
,2023-41397,39.75885038,-104.8664139,9/1/2023 16:41,16:41:00,16,0,0,10464 E 29TH DR,1,1,0,0,5,7,0,0,,0,0,0,0,0,3,2,16
,2023-41399,39.7909117,-104.9416908,9/25/2023 13:25,13:25:00,12,0,0,E 52ND AVE & N VASQUEZ BLVD,1,1,0,0,1,1,0,0,25,0,0,0,0,0,2,2,8
,2023-41401,39.74000575,-104.9929209,9/16/2023 16:53,16:53:00,12,0,0,W COLFAX AVE & N DELAWARE ST,1,1,0,0,1,1,0,0,,0,0,0,0,0,2,2,16
,2023-41402,39.75445939,-104.9923871,9/27/2023 8:05,8:05:00,15,0,0,MARKET ST & 21ST ST,1,1,0,0,1,3,0,0,30,0,0,0,0,0,4,2,10