id,drcog_id,latitude,longitude,crashtime,time,crashtype,numbkilled,numbinjurd,drcoglocat,rdconditin,lightngcon,roadcntgrd,weatherco,location,roaddescrp,schoolzone,constrzone,splimit,bikeinv,pedinv,sctrinv,motoinv,svrty,rdsystem,ttlvehcls,hcf
,2023-42387,39.75470726,-104.9124351,9/24/2023 10:24,10:24:00,3,0,2, MONACO ST & E 26TH AVE,1,1,0,0,1,1,0,0,35,0,0,0,0,3,4,2,16
,2023-42389,39.68226557,-105.0489641,9/27/2023 8:12,8:12:00,2,0,1,W JEWELL AVE & S WOLCOTT CT,1,1,0,0,1,1,0,0,0,1,0,0,0,2,4,1,16
,2023-42390,39.7448519,-104.9787086,10/2/2023 9:35,9:35:00,10,0,0,E 18TH AVE & N WASHINGTON ST,1,1,0,0,1,1,0,0,30,0,0,0,0,0,4,2,13
,2023-42391,39.73686252,-104.9964607,9/21/2023 18:17,18:17:00,8,0,2,W 13TH AVE & N SPEER BLVD,1,1,0,0,1,1,0,0,35,0,0,0,0,3,4,2,11
,2023-42394,39.81824706,-104.7720317,9/28/2023 7:34,7:34:00,11,0,1,E 67TH AVE & N TOWER RD,1,1,0,0,1,1,0,0,45,0,1,0,0,3,4,1,11
,2023-42398,39.69295861,-104.9362487,7/16/2023 5:00,5:00:00,2,1,0,E LOUISIANA AVE & S BIRCH ST,1,2,0,0,1,1,0,0,0,1,0,0,0,4,4,1,16
,2023-42400,39.73299531,-105.0393122,9/9/2023 7:38,7:38:00,10,0,0,W 10TH AVE & N PERRY ST,1,1,0,0,1,1,0,0,30,0,0,0,0,0,4,2,16
,2023-42401,39.6966599,-104.9918701,10/3/2023 10:32,10:32:00,1,0,0,W MISSISSIPPI AVE & S SANTA FE DR,1,1,0,0,1,1,0,0,30,0,0,0,0,0,2,2,8
,2023-42402,39.69059848,-104.9745242,10/2/2023 8:33,8:33:00,12,0,1,I-25 & S DOWNING ST,1,1,0,0,1,4,0,0,55,0,0,0,0,1,1,2,1
,2023-42441,39.7121607,-104.9523373,9/11/2023 0:00,0:00:00,6,0,0,222  MILWAUKEE ST & 2ND AVE,1,5,0,0,1,4,0,0,25,0,0,0,0,0,4,2,16
,2023-42442,39.7260801,-105.0252133,10/4/2023 15:49,15:49:00,12,0,0, FEDERAL BLVD & W 6TH AVE WB RAMPS,1,1,0,0,1,3,0,0,35,0,0,0,0,0,2,2,13
,2023-42443,39.76327516,-104.9597546,10/3/2023 9:33,9:33:00,15,0,0,YORK ST & E 33RD AVE,1,1,0,0,1,4,0,0,35,0,0,0,0,0,4,2,16
,2023-42446,39.76705151,-104.984291,9/20/2023 10:30,10:30:00,3,0,0,31ST ST & ARKINS CT,1,1,0,0,1,1,0,0,25,0,0,0,0,0,4,2,13
,2023-42447,39.69566167,-104.90352,10/3/2023 16:45,16:45:00,3,0,0,E MISSISSIPPI AVE & S QUEBEC ST,1,1,0,0,1,1,0,0,25,0,0,0,0,0,4,2,3
,2023-42448,39.72775737,-105.0532295,9/23/2023 12:58,12:58:00,12,0,0, SHERIDAN BLVD & W 6TH AVE,1,1,0,0,1,4,0,0,,0,0,0,0,0,2,3,16
,2023-42452,39.7004251,-105.0481126,7/22/2023 14:38,14:38:00,3,0,0,MORRISON RD & W KENTUCKY AVE,1,1,0,0,1,1,0,0,35,0,0,0,0,0,4,3,7
,2023-42454,39.74051678,-104.988497,10/4/2023 6:17,6:17:00,9,0,1,W COLFAX AVE & 15TH ST,1,3,0,0,2,3,0,0,25,0,0,0,1,3,2,1,16
,2023-42459,39.76761663,-104.9958764,10/3/2023 19:20,19:20:00,12,0,2,I-25 & PARK AVE W,1,3,0,0,1,4,0,0,55,0,0,0,0,3,1,3,14
,2023-42460,39.78362893,-104.7904784,10/4/2023 6:30,6:30:00,12,0,0,PENA BLVD & E GREEN VALLEY RANCH BLVD,1,1,0,0,1,1,0,0,30,0,0,0,0,0,4,2,11
,2023-42461,39.7437585,-104.9407925,10/3/2023 13:49,13:49:00,1,0,2,E 17TH AVE & N COLORADO BLVD,1,1,0,0,1,1,0,0,30,0,0,0,0,2,2,2,16
,2023-42463,39.77802278,-104.8470314,10/4/2023 7:30,7:30:00,1,0,0, PEORIA ST & E 45TH AVE,1,1,0,0,1,1,0,0,40,0,0,0,0,0,4,2,7
,2023-42464,39.74379134,-104.9011052,10/4/2023 17:14,17:14:00,11,0,0,E 17TH AVE & ROSLYN ST,1,1,0,0,1,4,0,0,0,0,0,1,0,0,4,1,16
,2023-42465,39.74323642,-104.9675652,9/12/2023 12:15,12:15:00,15,0,0,E 17TH AVE & N GILPIN ST,1,1,0,0,1,4,0,0,35,0,0,0,0,0,4,2,16
,2023-42469,39.73367953,-104.9986454,8/18/2023 6:56,6:56:00,3,0,0,W 11TH AVE & N SANTA FE DR,1,1,0,0,1,1,0,0,30,0,0,0,0,0,4,2,3
,2023-42472,39.7002443,-104.9216432,10/4/2023 14:10,14:10:00,1,0,0,E KENTUCKY AVE & S HOLLY ST,1,1,0,0,1,1,0,0,30,0,0,0,0,0,4,2,16
,2023-42473,39.76200977,-104.9721044,8/18/2023 15:45,15:45:00,12,0,0,MLK BLVD & N MARION ST,1,1,0,0,1,3,0,0,35,0,0,0,0,0,4,2,16
,2023-42475,39.73687374,-105.0052577,10/4/2023 17:32,17:32:00,3,0,0, OSAGE ST & W 13TH AVE,1,3,0,0,1,1,0,0,25,0,0,0,0,0,4,2,11
,2023-42478,39.65302863,-105.0519423,10/4/2023 12:13,12:13:00,9,0,5,W HAMPDEN AVE EB OFF RAMP LOOP & S SHERIDAN BLVD,1,1,0,0,2,8,0,0,65,0,0,0,0,3,2,1,1
,2023-42479,39.70570432,-104.9828034,10/4/2023 8:21,8:21:00,3,0,0,E CENTER AVE & S LOGAN ST,1,1,0,0,1,1,0,0,25,0,0,0,0,0,4,2,16
,2023-42483,39.72388781,-104.8841545,10/2/2023 14:45,14:45:00,15,0,0,E LOWRY BLVD & N YOSEMITE ST,1,1,0,0,1,1,0,0,30,0,0,0,0,0,4,2,3
,2023-42484,39.76927823,-105.0299679,10/4/2023 15:13,15:13:00,3,0,1, IRVING ST & W 38TH AVE,1,1,0,0,1,2,0,0,30,0,0,0,0,1,4,2,13
,2023-42485,39.75695404,-105.0105453,10/4/2023 14:41,14:41:00,12,0,2,I-25 & N SPEER BLVD,1,1,0,0,1,4,0,0,55,0,0,0,0,1,1,2,16
,2023-42486,39.74004789,-105.0000727,10/4/2023 15:54,15:54:00,1,0,1, SANTA FE DR & W COLFAX AVE,1,1,0,0,1,1,0,0,30,0,0,0,0,2,2,2,10
,2023-42490,39.77931151,-104.9036737,10/4/2023 9:20,9:20:00,3,0,0,I-70 WB ON RAMP & QUEBEC ST,1,1,0,0,1,1,0,0,30,0,0,0,0,0,2,2,13
,2023-42495,39.79110521,-105.025101,10/4/2023 13:43,13:43:00,1,0,3, FEDERAL BLVD & W 52ND AVE,1,1,0,0,1,1,0,0,35,0,0,0,0,2,2,2,13
,2023-42498,39.79188526,-104.8420321,10/1/2023 14:10,14:10:00,5,0,0, SCRANTON CT & E ELMENDORF PL,1,1,0,0,3,4,0,0,25,0,0,0,0,0,4,1,16
,2023-42499,39.77585557,-104.7438079,8/27/2023 2:50,2:50:00,6,0,0,E 43RD AVE & N LIVERPOOL ST,1,4,0,0,1,4,0,0,20,0,0,0,0,0,4,2,2
,2023-42501,39.72254224,-104.959443,10/4/2023 17:33,17:33:00,10,0,0,UNIVERSITY BLVD & E 4TH AVE,1,1,0,0,1,3,0,0,25,0,0,0,0,0,4,2,13
,2023-42502,39.73209881,-105.0028168,8/4/2023 23:18,23:18:00,5,0,0,W 10TH AVE & N MARIPOSA ST,1,3,0,0,3,1,0,0,30,0,0,0,0,0,4,1,16
,2023-42507,39.72978229,-104.9406242,9/14/2023 8:54,8:54:00,12,0,0, COLORADO BLVD & E 8TH AVE,1,1,0,0,1,4,0,0,35,0,0,0,0,0,2,2,11
,2023-42508,39.68375973,-104.8909558,7/11/2023 7:54,7:54:00,6,0,0, QUEBEC WY & E COLORADO AVE,1,5,0,7,1,4,0,0,35,0,0,0,0,0,4,2,16
,2023-42511,39.65432218,-105.039422,9/30/2023 0:57,0:57:00,12,0,0,W HAMPDEN AVE & S KNOX CT,1,3,0,0,1,4,0,0,55,0,0,0,0,0,2,2,16
,2023-42513,39.78283831,-104.8445098,9/30/2023 21:00,21:00:00,16,0,0,12355 E ALBROOK DR & N PEORIA ST,1,3,0,0,5,2,0,0,,0,0,0,0,0,3,3,16
,2023-42516,39.79830157,-104.9033944,10/4/2023 12:05,12:05:00,15,0,0,QUEBEC ST & E 56TH AVE,1,1,0,0,1,4,0,0,35,0,0,0,0,0,4,2,16
,2023-42517,39.76091242,-105.0144785,10/2/2023 14:36,14:36:00,6,0,0, WYANDOT ST & W 31ST AVE,1,1,0,0,1,4,0,0,25,0,0,0,0,0,4,2,16
,2023-42518,39.70735944,-104.94062,7/21/2023 2:00,2:00:00,11,0,1, COLORADO BLVD & E VIRGINIA AVE,1,3,0,0,1,1,0,0,,0,1,0,0,3,2,1,16
,2023-42524,39.75161331,-105.0030066,9/30/2023 22:29,22:29:00,2,0,1,WEWATTA ST & 15TH ST,1,3,0,0,1,1,0,0,0,1,0,0,0,1,4,1,16
,2023-42525,39.71818826,-104.9732287,10/2/2023 20:04,20:04:00,2,0,1, DOWNING ST & E SPEER BLVD,1,3,0,0,1,1,0,0,25,1,0,0,0,2,4,1,13
,2023-42526,39.76564637,-104.9948619,10/1/2023 17:21,17:21:00,11,0,1,PARK AVE W & N GLOBEVILLE RD,1,1,0,0,1,1,0,0,35,0,1,0,0,3,4,1,16
,2023-42533,39.68585486,-105.0065804,9/30/2023 20:00,20:00:00,6,0,0,1690 S QUIVAS ST,1,4,0,0,1,2,0,0,25,0,0,0,0,0,4,2,16
,2023-42534,39.78379255,-104.8000608,10/4/2023 13:30,13:30:00,15,0,0,E GREEN VALLEY RANCH BLVD,1,1,0,0,1,4,0,0,65,0,0,0,0,0,2,2,11
,2023-42536,39.72927598,-104.9034677,10/3/2023 14:45,14:45:00,12,0,0,QUEBEC ST & E 8TH AVE,1,1,0,0,1,1,0,0,30,0,0,0,0,0,4,2,3
,2023-42555,39.76076317,-105.0046339,10/4/2023 6:39,6:39:00,12,0,0,I-25 & 20TH ST,1,1,0,0,1,4,0,0,55,0,0,0,0,0,1,2,1
,2023-42560,39.7093243,-104.9863924,10/3/2023 10:00,10:00:00,11,0,1, LINCOLN ST & E DAKOTA AVE,1,1,0,0,1,1,0,0,,0,1,0,0,1,4,1,16
,2023-42562,39.79691415,-104.819187,9/29/2023 21:12,21:12:00,6,0,1,E MARCH DR & N EAGLE ST,1,3,0,0,6,4,0,0,,0,1,0,0,2,4,2,16
,2023-42564,39.77280387,-104.9756313,10/4/2023 8:18,8:18:00,12,0,0,BRIGHTON BLVD & 38TH ST,1,1,0,0,1,4,0,0,30,0,0,0,0,0,4,2,16
,2023-42565,39.74033207,-104.9022562,10/4/2023 7:08,7:08:00,12,0,0, QUINCE ST & E COLFAX AVE,1,3,0,0,1,4,0,0,,0,0,0,0,0,4,2,16
,2023-42583,39.7400037,-104.9753335,9/24/2023 7:03,7:03:00,5,0,0,E COLFAX AVE & N OGDEN ST,1,1,0,0,2,1,0,0,30,0,0,0,0,0,2,1,2
,2023-42586,39.72927143,-104.9161653,10/3/2023 16:01,16:01:00,3,0,0,E 8TH AVE & N KRAMERIA ST,1,1,0,0,1,1,0,0,30,0,0,0,0,0,4,2,1
,2023-42587,39.77716021,-104.8470285,9/20/2023 7:00,7:00:00,15,0,0, PEORIA ST & E 45TH AVE,1,1,0,0,1,4,0,0,,0,0,0,0,0,4,3,16
,2023-42588,39.72551657,-105.0131329,10/3/2023 15:40,15:40:00,15,0,0,I-25 & W 6TH AVE,1,1,0,0,1,4,0,0,,0,0,0,0,0,1,2,16
,2023-42596,39.78336348,-105.0093421,10/3/2023 7:57,7:57:00,12,0,0,I-70 & N PECOS ST,1,1,1,0,1,4,0,0,55,0,0,0,0,0,1,3,7
,2023-42597,39.68221169,-105.0343619,9/30/2023 18:15,18:15:00,11,0,1,W JEWELL AVE & S LOWELL BLVD,1,1,0,0,1,1,0,0,0,0,0,1,0,3,4,1,16
,2023-42598,39.79139161,-104.7754818,9/29/2023 0:53,0:53:00,6,0,0,E 52ND AVE & E 52ND PL,1,3,0,0,1,4,0,0,20,0,0,0,0,0,4,4,16
,2023-42599,39.73102902,-104.9404785,10/3/2023 14:20,14:20:00,15,0,0,E 9TH AVE & N COLORADO BLVD,1,1,0,0,1,4,0,0,25,0,0,0,0,0,4,2,11
,2023-42600,39.69652318,-104.8979958,10/4/2023 8:57,8:57:00,12,0,1, PARKER RD & E MISSISSIPPI AVE,1,1,1,0,1,3,0,0,40,0,0,0,0,2,2,2,11
,2023-42601,39.65302893,-104.9385987,10/3/2023 11:40,11:40:00,12,0,0,E HAMPDEN AVE & S ASH ST,1,1,0,0,1,1,0,0,30,0,0,0,0,0,2,2,3
,2023-42603,39.76001331,-104.8905319,9/19/2023 8:25,8:25:00,15,0,0,E MLK BLVD & N CENTRAL PARK BLVD,1,1,0,0,1,1,0,0,35,0,0,0,0,0,4,2,16
,2023-42605,39.71133201,-105.0532578,7/22/2023 12:25,12:25:00,12,0,0,W ALAMEDA AVE & S SHERIDAN BLVD,1,1,1,0,1,4,0,0,,0,0,0,0,0,2,2,16
,2023-42607,39.7050533,-104.9951098,10/4/2023 8:09,8:09:00,12,0,0,I-25 & S SANTA FE DR,1,1,1,0,1,4,0,0,55,0,0,0,0,0,1,3,1
,2023-42608,39.75581623,-105.0139193,10/3/2023 7:40,7:40:00,15,0,0,SPEER BLVD & N ZUNI ST,1,1,1,0,1,4,0,0,35,0,0,0,0,0,4,2,11
,2023-42610,39.74006767,-104.9406123,10/3/2023 11:41,11:41:00,12,0,1, COLORADO BLVD & E COLFAX AVE,1,1,0,0,1,3,0,0,35,0,0,0,0,1,2,2,16
,2023-42611,39.76547274,-104.9404968,10/3/2023 13:20,13:20:00,12,0,0, COLORADO BLVD & E 35TH AVE,1,1,0,0,1,3,0,0,35,0,0,0,0,0,2,2,11
,2023-42612,39.67935762,-105.0532682,10/4/2023 8:00,8:00:00,12,0,0, SHERIDAN BLVD & W EVANS AVE,1,1,0,1,1,3,0,0,35,0,0,0,0,0,2,2,1
,2023-42613,39.72139415,-105.0085664,10/4/2023 9:25,9:25:00,12,0,0,I-25 & W 6TH AVE FWY,1,1,0,0,1,4,0,0,55,0,0,0,0,0,1,2,16
,2023-42616,39.71824279,-105.0532811,10/1/2023 20:59,20:59:00,12,0,0, SHERIDAN BLVD & W 1ST AVE,1,3,0,0,1,4,0,0,,0,0,0,0,0,2,3,16
,2023-42654,39.65308224,-104.8987343,9/30/2023 13:00,13:00:00,1,0,0,E HAMPDEN AVE & S TAMARAC DR,1,1,0,0,1,1,0,0,35,0,0,0,0,0,2,2,13
,2023-42656,39.73204986,-104.9729914,10/5/2023 15:27,15:27:00,1,0,0,E 10TH AVE & N DOWNING ST,1,1,0,0,1,1,0,0,25,0,0,0,0,0,4,2,1
,2023-42659,39.74091243,-104.969703,10/4/2023 10:45,10:45:00,10,0,0,PARK AVE & HUMBOLDT ST,1,1,0,0,1,1,0,0,30,0,0,0,0,0,4,2,3
,2023-42662,39.70491222,-104.9129527,10/5/2023 9:57,9:57:00,16,0,0,655  MONACO ST,1,1,0,0,5,7,0,0,10,0,0,0,0,0,3,2,16
,2023-42663,39.71113137,-105.0171006,10/4/2023 15:07,15:07:00,12,0,1,W ALAMEDA AVE & S ALCOTT ST,1,1,0,0,1,3,0,0,35,0,0,0,0,2,2,2,13
,2023-42666,39.71780371,-104.9413509,10/5/2023 10:30,10:30:00,15,0,0,E 1ST AVE & N HARRISON ST,1,1,0,0,1,1,0,0,,0,0,0,0,0,4,2,16
,2023-42668,39.72559987,-104.9407949,10/5/2023 11:04,11:04:00,1,0,0,E 6TH AVE & N COLORADO BLVD,1,1,0,0,1,1,0,0,30,0,0,0,0,0,2,2,16
,2023-42672,39.67845454,-104.940635,10/5/2023 11:30,11:30:00,15,0,0,E EVANS AVE & S COLORADO BLVD,1,1,0,0,1,1,0,0,30,0,0,0,0,0,2,2,3
,2023-42675,39.77971527,-104.9764135,10/4/2023 17:11,17:11:00,12,0,0,I-70 & N WASHINGTON ST,1,1,0,0,1,4,0,0,,0,0,0,0,0,1,3,16
,2023-42678,39.77482799,-104.7345669,10/5/2023 10:55,10:55:00,10,0,0, PICADILLY RD & E 42ND AVE,1,1,0,0,1,1,0,0,30,0,0,0,0,0,4,2,13
,2023-42679,39.70221015,-105.02506,10/5/2023 18:18,18:18:00,12,0,0, FEDERAL BLVD & W OHIO AVE,1,1,0,0,1,1,0,0,40,0,0,0,0,0,2,3,16
,2023-42689,39.71336261,-104.8931955,10/4/2023 14:45,14:45:00,3,0,0,E CEDAR PL & E FAIRMOUNT DR,1,1,0,0,1,1,0,0,25,0,0,0,0,0,4,2,3
,2023-42691,39.67906537,-104.9338769,10/5/2023 10:53,10:53:00,12,0,1,I-25 NB ON RAMP & E EVANS AVE,1,1,1,0,1,8,0,0,45,0,0,0,0,1,4,2,13
,2023-42693,39.78363784,-104.7904896,10/5/2023 13:31,13:31:00,1,0,4,E GREEN VALLEY RANCH BLVD & PENA BLVD,1,1,0,0,1,1,0,0,40,0,0,0,0,1,4,2,11
,2023-42694,39.77710133,-104.8807949,10/4/2023 6:53,6:53:00,12,0,0,I-70 & WB OFF RAMP EXT MERGE PT TO I-270,1,1,0,0,1,4,0,0,55,0,0,0,0,0,1,2,11
,2023-42700,39.72591762,-105.0427093,10/5/2023 10:12,10:12:00,15,0,0,STUART ST & W 6TH AVE,1,1,0,0,1,4,0,0,25,0,0,0,0,0,4,2,13
,2023-42701,39.67846408,-104.925208,10/4/2023 16:45,16:45:00,12,0,0,E EVANS AVE & S GRAPE ST,1,1,0,0,1,1,0,0,,0,0,0,0,0,4,3,16
,2023-42708,39.70134499,-105.0324306,10/4/2023 16:58,16:58:00,11,0,1,W ADA PL & S KNOX CT,1,1,0,0,1,1,0,0,0,0,1,0,0,2,4,1,16
,2023-42717,39.74823647,-104.9864625,10/4/2023 11:30,11:30:00,3,0,0,20TH ST & WELTON ST,1,1,0,0,1,1,0,0,30,0,0,0,0,0,4,2,3
,2023-42721,39.76835149,-104.8657909,10/4/2023 17:11,17:11:00,15,0,0,HAVANA ST & E SMITH RD,1,1,0,0,1,4,0,0,35,0,0,0,0,0,4,2,16
,2023-42722,39.74803196,-105.000642,10/5/2023 1:16,1:16:00,6,0,1,MARKET ST & 14TH ST,1,3,0,0,1,4,0,0,30,0,0,0,0,2,4,2,14
,2023-42725,39.69435321,-104.9792524,10/4/2023 9:30,9:30:00,12,0,0,I-25 & S WASHINGTON ST,1,1,0,0,1,4,0,0,65,0,0,0,0,0,1,2,3
,2023-42730,39.7412462,-104.9987536,10/5/2023 15:13,15:13:00,12,0,0, SPEER BLVD & STOUT ST,1,1,0,0,1,4,0,0,35,0,0,0,0,1,4,2,13
,2023-42732,39.71475127,-104.9862692,10/5/2023 13:13,13:13:00,10,0,0, LINCOLN ST & E BAYAUD AVE,1,1,0,0,1,1,0,0,30,0,0,0,0,0,4,2,8
,2023-42737,39.72927598,-104.9034677,10/5/2023 7:07,7:07:00,3,0,0,QUEBEC ST & E 8TH AVE,1,1,0,0,1,1,0,0,30,0,0,0,0,0,4,2,11
,2023-42739,39.74917254,-104.9372558,10/5/2023 0:06,0:06:00,6,0,1, BELLAIRE ST & E 22ND AVE,1,3,0,0,1,4,0,0,20,0,0,0,0,2,4,2,16
,2023-42741,39.74022478,-104.8846586,10/5/2023 18:13,18:13:00,1,0,0,E COLFAX AVE & N YOSEMITE ST,1,1,3,0,1,1,0,0,30,0,0,0,0,0,2,2,11
,2023-42743,39.69004682,-104.9734186,10/5/2023 7:19,7:19:00,5,0,0,I-25 & S DOWNING ST,1,1,0,0,3,4,0,0,55,0,0,0,0,0,1,1,1
,2023-42750,39.78040893,-104.9642335,10/4/2023 16:51,16:51:00,15,0,0,I-70 & N BRIGHTON BLVD,1,2,0,0,1,8,0,0,55,0,0,0,0,0,1,2,16
,2023-42755,39.73017188,-105.0151229,10/3/2023 6:32,6:32:00,12,0,0,I-25 & W 8TH AVE,1,1,1,0,1,4,0,0,55,0,0,0,0,0,1,4,1
,2023-42760,39.73514462,-104.9822998,10/5/2023 13:00,13:00:00,3,0,0, LOGAN ST & E 12TH AVE,1,1,0,0,1,1,0,0,25,0,0,0,0,0,4,2,3
,2023-42763,39.67485169,-104.9593813,10/4/2023 15:45,15:45:00,12,0,0, UNIVERSITY BLVD & E ILIFF AVE,1,1,0,0,1,1,0,0,30,0,0,0,0,0,4,2,3
,2023-42785,39.83653371,-104.6719174,10/5/2023 18:20,18:20:00,15,0,0,7500 PENA BLVD,1,2,0,0,1,4,0,0,65,0,0,0,0,0,4,2,13
,2023-42789,39.78362676,-104.7717765,10/5/2023 14:34,14:34:00,1,0,1,E GREEN VALLEY RANCH BLVD & N TOWER RD,1,1,0,0,1,2,0,0,40,0,0,0,1,2,4,2,13
,2023-42790,39.74000986,-104.9562706,10/4/2023 15:50,15:50:00,6,0,0,ELIZABETH ST & E COLFAX AVE,1,1,0,0,1,4,0,0,25,0,0,0,0,0,4,2,8
,2023-42791,39.73344136,-104.9586131,10/5/2023 15:49,15:49:00,10,0,0, JOSEPHINE ST & E 11TH AVE,1,1,0,0,1,3,0,0,30,0,0,0,0,0,4,2,11
,2023-42793,39.65326972,-104.9317023,10/6/2023 13:05,13:05:00,12,0,1, DAHLIA ST & E HAMPDEN AVE,1,1,1,0,1,1,0,0,30,0,0,0,0,1,2,2,16
,2023-42799,39.74007197,-104.89169,9/27/2023 17:38,17:38:00,15,0,0, VALENTIA ST & E COLFAX AVE,1,1,0,0,1,3,0,0,,0,0,0,0,0,4,2,14
,2023-42803,39.78395308,-104.8632879,10/5/2023 8:30,8:30:00,6,0,0, IRONTON ST & E 47TH AVE,1,1,0,0,1,4,0,0,30,0,0,0,0,0,4,2,11
,2023-42806,39.7293177,-105.0276232,10/4/2023 18:05,18:05:00,15,0,0,W 8TH AVE & N FEDERAL BLVD,1,2,0,0,1,4,0,0,30,0,0,0,0,0,4,2,11
,2023-42814,39.78389458,-105.0251138,10/5/2023 22:10,22:10:00,1,0,1, FEDERAL BLVD & I-70 EB RAMPS,1,3,0,0,1,1,0,0,35,0,0,0,0,2,2,2,13
,2023-42815,39.63426479,-105.1098204,10/5/2023 17:05,17:05:00,12,0,0,W STANFORD AVE & S KIPLING ST,1,1,0,0,1,3,0,0,25,0,0,0,0,0,4,2,3
,2023-42816,39.71118378,-105.0062849,10/6/2023 10:10,10:10:00,12,0,0,W ALAMEDA AVE & S PECOS ST,1,1,0,0,1,3,0,0,35,0,0,0,0,0,2,2,16
,2023-42818,39.75822415,-104.9499326,9/28/2023 22:29,22:29:00,3,0,3,E 29TH AVE & N STEELE ST,1,3,0,0,1,1,0,0,25,0,0,0,0,2,4,2,7
,2023-42821,39.67929448,-104.9340827,10/5/2023 12:44,12:44:00,12,0,0,I-25 ON RAMP & E EVANS AVE,1,1,1,0,1,8,0,0,35,0,0,0,0,0,2,2,3
,2023-42829,39.71121283,-104.9129298,10/4/2023 8:49,8:49:00,15,0,0,E ALAMEDA AVE & S MONACO ST,1,1,0,0,1,1,0,0,35,0,0,0,0,0,4,2,16
,2023-42837,39.80557935,-104.7626686,7/10/2023 7:47,7:47:00,3,0,1, DUNKIRK ST & E 60TH AVE,1,1,0,0,1,2,0,0,,0,0,0,0,1,4,2,16
,2023-42842,39.7983231,-104.8844567,10/5/2023 22:43,22:43:00,1,0,0,E 56TH AVE & N CENTRAL PARK BLVD,1,3,0,0,1,1,0,0,40,0,0,0,0,0,4,2,7
,2023-42847,39.67672035,-104.9828728,10/6/2023 14:03,14:03:00,3,0,2,E WARREN AVE & S LOGAN ST,1,1,0,0,1,1,0,0,30,0,0,0,0,2,4,2,11
,2023-42850,39.77999196,-104.9387184,9/26/2023 10:44,10:44:00,15,0,0,I-70 & N COLORADO BLVD,1,1,0,0,1,4,0,0,55,0,0,0,0,0,1,2,16
,2023-42854,39.74846118,-105.0033455,10/5/2023 13:51,13:51:00,3,0,0,AURARIA PKWY & N SPEER BLVD,1,1,0,0,1,1,0,0,30,0,0,0,0,0,4,2,13
,2023-42855,39.70194863,-104.9115472,10/5/2023 8:18,8:18:00,12,0,0,LEETSDALE DR & S MONACO ST PKWY,1,1,0,0,1,4,0,0,35,0,0,0,0,0,2,2,16
,2023-42857,39.77803183,-104.847043,9/27/2023 16:13,16:13:00,1,0,0,E 45TH AVE & N PEORIA ST,1,1,0,0,1,2,0,0,35,0,0,0,0,0,4,2,13
,2023-42858,39.73842191,-104.981081,8/21/2023 5:17,5:17:00,11,1,0, PENNSYLVANIA ST & E 14TH AVE,1,3,0,0,1,1,0,0,0,0,0,1,0,4,4,1,16
,2023-42869,39.72381342,-105.013786,10/6/2023 10:35,10:35:00,12,0,0,I-25 SB ON RAMP & WB W 6TH AVE,1,1,1,0,1,8,0,0,55,0,0,0,0,0,1,4,16
,2023-42870,39.75613592,-104.9797772,9/26/2023 21:33,21:33:00,3,0,0,STOUT ST & 27TH AVE,1,3,0,0,1,3,0,0,25,0,0,0,0,0,4,2,13
,2023-42872,39.67845087,-104.9933097,9/24/2023 17:35,17:35:00,12,0,0,W EVANS AVE & S SANTA FE DR,1,1,0,0,1,1,0,0,35,0,0,0,0,0,2,2,11
,2023-42873,39.77108653,-104.8470467,9/10/2023 21:18,21:18:00,3,0,0,E 39TH AVE & N PEORIA ST,1,3,0,0,1,1,0,0,45,0,0,0,0,0,4,2,16
,2023-42874,39.68971359,-104.9727471,10/5/2023 9:04,9:04:00,12,0,0,I-25 & S DOWNING ST,1,1,0,0,1,4,0,0,60,0,0,0,0,0,1,2,13
,2023-42876,39.67865344,-105.0250484,10/5/2023 11:21,11:21:00,15,0,1, FEDERAL BLVD & W EVANS AVE,1,1,0,0,1,3,0,0,40,0,0,0,0,1,2,2,16
,2023-42879,39.74000867,-104.9684617,10/5/2023 14:27,14:27:00,10,0,0,E COLFAX AVE & PARK AVE,1,1,0,0,1,1,0,0,35,0,0,0,0,0,2,2,13
,2023-42886,39.67928576,-105.0532681,10/5/2023 15:50,15:50:00,12,0,0, SHERIDAN BLVD & W EVANS AVE,14,5,3,7,1,4,0,0,,0,0,0,0,0,2,2,14
,2023-42888,39.6916408,-104.9939196,7/30/2023 2:40,2:40:00,5,0,1, SANTA FE DR & S PLATTE RIVER DR,1,3,0,0,3,4,0,0,45,0,0,0,1,3,2,1,14
,2023-42890,39.74293552,-104.9848483,10/6/2023 8:08,8:08:00,6,0,0,SHERMAN ST & E 17TH AVE,1,1,0,0,1,4,0,0,20,0,0,0,0,0,4,2,13
,2023-42891,39.72541823,-105.0270276,10/6/2023 5:39,5:39:00,12,0,0,W 6TH AVE FWY & N FEDERAL BLVD,1,3,0,0,1,4,0,0,55,0,0,0,0,0,2,3,16
,2023-42894,39.76100841,-105.003858,10/6/2023 13:59,13:59:00,15,0,0,I-25 ON RAMP SLIP & 20TH ST,1,1,0,0,1,8,0,0,55,0,0,0,0,0,1,2,16
,2023-42896,39.67846224,-104.9128233,9/29/2023 12:05,12:05:00,3,0,0,E EVANS AVE & S MONACO ST,1,1,0,0,6,1,0,0,35,0,0,0,0,0,4,3,16
,2023-42898,39.77292551,-104.8344687,10/6/2023 7:46,7:46:00,12,0,1,I-70 & I-225 SB OFF RAMP EXT MERGE PT,1,1,1,0,1,4,0,0,55,0,0,0,0,1,1,2,2