id,drcog_id,latitude,longitude,crashtime,time,crashtype,numbkilled,numbinjurd,drcoglocat,rdconditin,lightngcon,roadcntgrd,weatherco,location,roaddescrp,schoolzone,constrzone,splimit,bikeinv,pedinv,sctrinv,motoinv,svrty,rdsystem,ttlvehcls,hcf
,2023-42899,39.74046606,-105.0154489,10/5/2023 17:32,17:32:00,3,0,0,W COLFAX AVE & I-25 SB OFF RAMP,1,3,0,0,1,1,0,0,,0,0,0,0,0,2,2,16
,2023-42903,39.67019057,-104.9987892,10/2/2023 4:15,4:15:00,5,0,0, PLATTE RIVER DR & W WESLEY AVE,1,3,0,0,3,4,0,0,40,0,0,0,0,0,4,1,16
,2023-42905,39.76050009,-104.9002239,10/5/2023 17:38,17:38:00,3,0,0,E MLK BLVD & N ROSLYN ST,1,1,0,1,1,1,0,0,40,0,0,0,0,0,4,2,13
,2023-42906,39.73848382,-105.0532074,10/6/2023 16:29,16:29:00,8,0,0,W 14TH AVE & N SHERIDAN BLVD,1,1,0,0,6,1,0,0,25,0,0,0,0,0,2,2,14
,2023-42907,39.70381969,-104.9408046,10/6/2023 13:05,13:05:00,3,0,0,E EXPOSITION AVE & S COLORADO BLVD,1,1,0,0,1,1,0,0,35,0,0,0,0,0,2,2,13
,2023-42908,39.77711729,-104.8809805,10/6/2023 10:25,10:25:00,15,0,0,I-70 WB & I-270 WB ON RAMP GORE PT,1,1,0,0,1,4,0,0,55,0,0,0,0,0,1,2,16
,2023-42909,39.73088987,-105.0153642,9/16/2023 2:35,2:35:00,8,1,2,I-25 & MM 209.628,1,4,0,0,1,4,0,0,55,0,0,0,0,4,1,2,14
,2023-42912,39.69128452,-105.02917,9/26/2023 22:03,22:03:00,10,0,0,W ARKANSAS AVE & S IRVING ST,1,3,0,0,1,2,0,0,25,0,0,0,0,0,4,2,16
,2023-42913,39.76242308,-105.0252233,10/6/2023 7:19,7:19:00,12,0,0, FEDERAL BLVD & W 32ND AVE,1,1,0,0,1,4,0,0,35,0,0,0,0,0,2,2,13
,2023-42918,39.72412104,-104.9473906,10/6/2023 15:50,15:50:00,3,0,0,E 5TH AVE & N COOK ST,1,1,0,0,1,1,0,0,25,0,0,0,0,1,4,2,13
,2023-42923,39.71106978,-104.9863703,10/6/2023 11:27,11:27:00,15,0,0, LINCOLN ST & E ALAMEDA AVE,1,1,0,0,1,3,0,0,35,0,0,0,0,0,4,2,16
,2023-42924,39.71816434,-105.0252449,10/5/2023 21:20,21:20:00,1,0,1, FEDERAL BLVD & W 1ST AVE,1,3,0,0,1,1,0,0,35,0,0,0,0,2,2,2,16
,2023-42926,39.77287958,-104.940519,9/28/2023 10:38,10:38:00,15,0,0,E 40TH AVE & N COLORADO BLVD,1,1,0,0,1,1,0,0,,0,0,0,0,0,2,2,16
,2023-42927,39.83482729,-104.6724598,10/5/2023 9:47,9:47:00,15,0,0,PENA BLVD & SHADY GROVE ST,1,1,1,0,1,4,0,0,45,0,0,0,0,0,4,2,16
,2023-42929,39.70932457,-105.0238665,10/5/2023 7:36,7:36:00,3,0,1, ELIOT ST & W DAKOTA AVE,1,1,0,0,1,1,0,0,25,0,0,0,0,2,4,2,11
,2023-42932,39.75845593,-105.0213588,9/24/2023 21:03,21:03:00,12,0,0, SPEER BLVD & W 29TH AVE,1,4,0,0,1,1,0,0,35,0,0,0,0,0,4,2,13
,2023-42933,39.77978965,-104.97789,10/6/2023 0:22,0:22:00,5,0,1,I-70 & N WASHINGTON ST,1,3,0,0,2,4,0,0,55,0,0,0,0,2,1,1,7
,2023-42934,39.7577266,-105.0094984,10/5/2023 13:36,13:36:00,12,0,2,I-25 & N SPEER BLVD,1,1,0,0,1,4,0,0,55,0,0,0,0,1,1,2,16
,2023-42935,39.73859649,-104.9647687,9/9/2023 23:03,23:03:00,6,0,0,HIGH ST & E 14TH AVE,1,1,0,0,1,2,0,0,,0,0,0,0,0,4,2,16
,2023-42938,39.77716021,-104.8470285,10/5/2023 16:55,16:55:00,1,0,0, PEORIA ST & E 45TH AVE,1,1,0,0,1,2,0,0,35,0,0,0,0,0,4,2,13
,2023-42939,39.78238805,-104.847022,10/6/2023 9:30,9:30:00,3,0,0,E 47TH AVE & PEORIA ST,1,1,0,0,1,2,0,0,10,0,0,0,0,0,4,2,11
,2023-42940,39.73836501,-104.9517054,9/26/2023 7:37,7:37:00,10,0,0,E 14TH AVE & N MILWAUKEE ST,1,1,0,0,1,1,0,0,30,0,0,0,0,0,4,2,16
,2023-42941,39.68741839,-104.9686003,10/5/2023 16:44,16:44:00,12,0,1,I-25 & S FRANKLIN ST,1,2,0,0,1,4,0,0,60,0,0,0,0,1,1,2,16
,2023-42942,39.68932205,-104.9405591,10/5/2023 17:20,17:20:00,15,0,0,E FLORIDA AVE & S COLORADO BLVD,1,1,0,0,1,1,0,0,35,0,0,0,0,0,2,2,13
,2023-42943,39.78358458,-104.79048,10/6/2023 13:34,13:34:00,12,0,0,PENA BLVD & E GREEN VALLEY RANCH BLVD,1,1,0,0,1,3,0,0,45,0,0,0,0,0,4,2,11
,2023-42945,39.78462449,-105.0247009,9/25/2023 11:19,11:19:00,12,0,1,I-70 WB OFF RAMP & N FEDERAL BLVD,1,1,0,0,1,8,0,0,40,0,0,0,0,1,1,2,16
,2023-42950,39.67845437,-104.9363274,10/6/2023 14:53,14:53:00,1,0,0, BIRCH ST & E EVANS AVE,1,1,0,0,1,1,0,0,35,0,0,0,0,0,4,2,11
,2023-42952,39.72542295,-105.0300665,10/6/2023 4:47,4:47:00,12,0,0,W 6TH AVE & S PERRY ST,1,3,2,0,1,4,0,0,65,0,0,0,0,0,2,2,1
,2023-42957,39.78744585,-105.0252213,10/6/2023 16:42,16:42:00,12,0,0, FEDERAL BLVD & W 50TH AVE,1,1,0,0,1,4,0,0,35,0,0,0,0,0,2,3,16
,2023-42965,39.72573514,-105.0001492,10/7/2023 4:54,4:54:00,5,0,1, KALAMATH ST & W 6TH AVE,1,3,0,0,3,8,0,0,30,0,0,0,0,3,4,1,14
,2023-42973,39.71113818,-105.0139731,10/7/2023 10:33,10:33:00,12,0,0,W ALAMEDA AVE & S YUMA ST,1,1,0,0,1,3,0,0,25,0,0,0,0,0,2,3,2
,2023-42975,39.76568796,-105.0532475,6/17/2023 18:43,18:43:00,1,1,1, SHERIDAN BLVD & W 35TH AVE,1,1,0,0,1,1,0,0,35,0,0,0,0,4,2,2,1
,2023-42990,39.75576348,-104.9124143,10/7/2023 7:21,7:21:00,5,0,0,MONACO ST & E 28TH AVE,1,1,0,0,3,4,0,0,30,0,0,0,0,0,4,1,2
,2023-42991,39.783026,-104.9009026,10/7/2023 17:54,17:54:00,12,0,0,I-270 & N NORTHFIELD QUEBEC ST,1,1,0,0,1,4,0,0,55,0,0,0,0,0,1,2,3
,2023-42998,39.83412854,-104.7718812,10/4/2023 18:40,18:40:00,5,0,0, TOWER RD,1,3,3,0,2,4,0,0,65,0,0,0,0,0,4,1,14
,2023-43007,39.65303398,-104.9091113,10/7/2023 8:46,8:46:00,1,0,1,E HAMPDEN AVE & S ONEIDA WY,1,1,0,0,1,1,0,0,40,0,0,0,0,1,2,2,11
,2023-43015,39.67865773,-105.0207071,10/3/2023 15:51,15:51:00,3,0,0,W EVANS AVE & S CLAY ST,1,1,0,0,1,2,0,0,30,0,0,0,0,0,4,2,16
,2023-43018,39.79841271,-104.7777273,10/7/2023 16:55,16:55:00,12,0,0,E 56TH AVE & PENA BLVD,1,1,0,0,1,4,0,0,45,0,0,0,0,0,4,2,11
,2023-43024,39.72025555,-105.022779,10/6/2023 18:45,18:45:00,3,0,1, DECATUR ST & W 2ND AVE,1,2,0,0,1,1,0,0,25,0,0,0,0,2,4,2,16
,2023-43026,39.69675523,-105.0470075,10/7/2023 1:10,1:10:00,6,0,0,W MISSISSIPPI AVE & S WINONA CT,1,3,0,0,1,4,0,0,30,0,0,0,0,0,4,2,16
,2023-43033,39.76668693,-104.9765766,10/7/2023 21:24,21:24:00,3,0,0,WALNUT ST & 34TH ST,1,4,0,0,1,1,0,0,30,0,0,0,0,0,4,2,11
,2023-43036,39.7272758,-104.9874155,10/7/2023 20:40,20:40:00,12,0,0,E 7TH AVE & BROADWAY,14,3,3,7,1,3,0,0,,0,0,0,0,0,4,2,16
,2023-43043,39.74798483,-105.0007105,10/3/2023 10:55,10:55:00,11,0,1,MARKET ST & 14TH ST,1,1,0,0,1,1,0,0,25,0,0,1,0,2,4,1,13
,2023-43047,39.73685809,-104.997108,9/26/2023 18:17,18:17:00,11,0,1, GALAPAGO ST & W 13TH AVE,1,1,0,0,1,1,0,0,25,0,0,1,0,3,4,1,16
,2023-43135,39.72536056,-105.0528439,10/7/2023 22:02,22:02:00,12,0,2,W 6TH AVE & N SHERIDAN BLVD,1,3,0,0,1,4,0,0,65,0,0,0,0,2,2,2,16
,2023-43140,39.83201435,-104.7155512,10/8/2023 8:55,8:55:00,15,0,0,E 75TH AVE & N GUN CLUB RD,1,1,1,0,1,8,0,0,45,0,0,0,0,0,4,2,8
,2023-43145,39.65266574,-105.0320233,10/8/2023 2:11,2:11:00,5,0,0,W HAMPDEN AVE & S LOWELL BLVD,1,3,0,0,6,4,0,0,65,0,0,0,0,0,2,1,14
,2023-43147,39.73840281,-104.9764627,10/7/2023 22:22,22:22:00,3,0,1,E 14TH AVE,1,3,0,0,1,1,0,0,20,0,0,0,0,2,4,2,14
,2023-43150,39.76179384,-104.9406764,10/7/2023 20:54,20:54:00,1,0,0,E MLK JR BLVD & N COLORADO BLVD,1,3,0,0,1,3,0,0,35,0,0,0,0,0,2,2,7
,2023-43151,39.65897317,-105.0354829,10/8/2023 15:33,15:33:00,6,0,0,W FLOYD AVE & S LOWELL BLVD,1,1,0,0,1,4,0,0,20,0,0,0,0,0,4,2,16
,2023-43159,39.71097432,-104.9733917,10/8/2023 3:27,3:27:00,8,0,0, DOWNING ST & E ALAMEDA AVE,1,4,0,0,1,4,0,0,30,0,0,0,0,0,4,2,3
,2023-43165,39.65300469,-104.9406867,10/3/2023 13:30,13:30:00,15,0,0, COLORADO BLVD & E HAMPDEN AVE,1,1,0,0,1,1,0,0,30,0,0,0,0,0,2,2,3
,2023-43179,39.78051233,-104.8127098,10/7/2023 21:10,21:10:00,6,0,0,E BOLLING DR & N FREEPORT WAY,1,3,0,0,1,4,0,0,25,0,0,0,0,0,4,2,16
,2023-43180,39.74110344,-104.9406111,10/5/2023 11:15,11:15:00,15,0,0, COLORADO BLVD & E 16TH AVE,1,1,0,0,1,4,0,0,30,0,0,0,0,0,2,2,13
,2023-43183,39.75377284,-104.8990261,10/8/2023 7:05,7:05:00,5,0,0,E 25TH AVE & N SYRACUSE ST,1,1,0,0,2,1,0,0,30,0,0,0,0,0,4,1,14
,2023-43187,39.72012537,-105.0071971,10/2/2023 10:24,10:24:00,12,0,0,I-25 & W 6TH AVE,1,1,1,0,1,4,0,0,55,0,0,0,0,0,1,2,16
,2023-43188,39.74170155,-104.9874063,10/1/2023 20:06,20:06:00,12,0,1,BROADWAY & 16TH ST,1,3,0,0,1,1,0,0,30,0,0,0,0,2,4,2,13
,2023-43191,39.69479882,-104.9874493,4/19/2023 12:33,12:33:00,3,0,3,E ARIZONA AVE & S BROADWAY ST,1,1,0,0,1,1,0,0,30,0,0,0,0,3,4,2,11
,2023-43193,39.72112177,-105.0082656,10/8/2023 10:43,10:43:00,12,0,5,I-25 & W 6TH AVE NB  OFF RAMP GORE,1,1,0,0,1,8,0,0,55,0,0,0,0,1,1,3,1
,2023-43194,39.68915875,-104.9654699,9/8/2023 22:30,22:30:00,6,0,0,1500  FRANKLIN ST,1,3,0,0,5,7,0,0,,0,0,0,0,0,3,2,16
,2023-43195,39.67845631,-104.908213,10/8/2023 9:35,9:35:00,3,0,0,E EVANS AVE & S ONEIDA ST,1,1,1,0,1,1,0,0,35,0,0,0,0,0,4,2,11
,2023-43202,39.66744504,-105.0814229,10/8/2023 12:16,12:16:00,12,0,0, WADSWORTH BLVD & W YALE AVE,1,1,0,0,1,4,0,0,45,0,0,0,0,0,2,2,3
,2023-43203,39.74361385,-105.0252096,10/8/2023 16:55,16:55:00,10,0,0, FEDERAL BLVD & W 19TH AVE,1,1,0,0,1,4,0,0,45,0,0,0,0,0,2,2,11
,2023-43206,39.70194294,-105.0226964,10/7/2023 19:11,19:11:00,6,0,0, DECATUR ST & W OHIO AVE,1,3,0,0,1,4,0,0,25,0,0,0,0,0,4,2,11
,2023-43207,39.74761513,-105.0532354,10/8/2023 12:28,12:28:00,12,0,1, SHERIDAN BLVD & W 20TH AVE,1,1,0,0,1,1,0,0,35,0,0,0,1,2,2,2,1
,2023-43208,39.69294212,-104.9407688,10/4/2023 21:39,21:39:00,11,0,0,E LOUISIANA AVE & S COLORADO BLVD,1,3,0,0,1,1,0,0,25,0,1,0,0,0,2,1,11
,2023-43209,39.71476037,-104.9862805,10/5/2023 13:28,13:28:00,11,0,1,E BAYAUD AVE & S LINCOLN ST,1,1,0,0,1,1,0,0,30,0,1,0,0,2,4,1,11
,2023-43211,39.79797407,-104.7864352,10/8/2023 0:33,0:33:00,12,0,0,PENA BLVD & E 56TH AVE,1,3,0,0,1,4,0,0,15,0,0,0,0,0,4,3,13
,2023-43218,39.69000201,-104.9734178,10/6/2023 14:56,14:56:00,12,0,1,I-25 & S DOWNING ST,1,1,0,0,1,4,0,0,60,0,0,0,0,1,1,5,7
,2023-43219,39.77787902,-104.8470309,9/28/2023 15:00,15:00:00,1,0,0, PEORIA ST & E 45TH AVE,1,1,0,0,1,2,0,0,,0,0,0,0,0,4,2,16
,2023-43221,39.68227336,-105.0236995,9/29/2023 16:20,16:20:00,2,0,1,W JEWELL AVE & S ELIOT ST,1,1,0,0,1,3,0,0,0,1,0,0,0,2,4,1,16
,2023-43222,39.76498964,-104.89885,10/3/2023 10:32,10:32:00,11,0,1, SYRACUSE ST & E 35TH AVE,1,1,0,0,1,4,0,0,10,0,1,0,0,2,4,1,14
,2023-43225,39.73691415,-105.0159452,10/4/2023 2:50,2:50:00,5,0,0,W 13TH AVE & N ZUNI ST,1,3,0,0,2,4,0,0,35,0,0,0,0,0,4,1,16
,2023-43230,39.75184356,-104.8899265,10/3/2023 8:59,8:59:00,12,0,0, CENTRAL PARK BLVD & N VERBENA ST,1,1,0,0,1,3,0,0,,0,0,0,0,0,4,2,16
,2023-43231,39.73682819,-104.9671781,9/18/2023 13:21,13:21:00,11,0,1,E 13TH AVE & N GILPIN ST,1,1,0,0,1,4,0,0,,0,1,0,0,3,4,1,16
,2023-43233,39.76804205,-104.9947795,10/5/2023 11:49,11:49:00,12,0,1,I-25 SB FLY OVER OFF RAMP TO PARK AVE,1,1,1,0,1,4,0,0,55,0,0,0,0,1,1,2,16
,2023-43234,39.78023737,-104.9895598,10/4/2023 7:30,7:30:00,12,0,0,I-25 & I-70,1,1,1,0,1,4,0,0,55,0,0,0,0,0,1,2,16
,2023-43241,39.73250047,-104.9976193,9/29/2023 9:19,9:19:00,12,0,0,INCA ST & W 10TH AVE,1,1,0,0,1,4,0,0,20,0,0,0,0,0,4,2,13
,2023-43242,39.72131925,-105.0084837,10/3/2023 14:52,14:52:00,12,0,2,I-25 & W 6TH AVE,1,1,1,0,1,4,0,0,55,0,0,0,0,1,1,3,3
,2023-43247,39.75106453,-105.0346201,10/7/2023 23:36,23:36:00,6,0,0,LOWELL BLVD & W 23RD AVE,1,3,0,0,1,4,0,0,35,0,0,0,0,0,4,2,16
,2023-43260,39.7757103,-104.8646373,10/7/2023 21:52,21:52:00,12,0,0,I-70 & HAVANA ST,1,3,0,0,1,4,0,0,,0,0,0,0,0,1,4,16
,2023-43262,39.74416867,-104.9933046,10/4/2023 7:20,7:20:00,2,0,1,15TH ST & CALIFORNIA ST,1,1,0,0,2,2,0,0,25,1,0,0,0,1,4,1,16
,2023-43264,39.77280525,-104.8016296,10/6/2023 18:40,18:40:00,9,0,0,E 40TH AVE & N KITTREDGE,1,1,0,0,1,4,0,0,,0,0,0,1,0,4,1,16
,2023-43265,39.67159088,-104.8753149,7/30/2023 4:01,4:01:00,6,0,0,2570  DAYTON WY & E HARVARD AVE,1,3,1,0,1,4,0,0,25,0,0,0,0,0,4,4,16
,2023-43268,39.77581885,-104.8657424,10/7/2023 18:35,18:35:00,12,0,0,I-70 & N HAVANA ST,1,1,3,0,1,4,0,0,55,0,0,0,0,0,1,4,1
,2023-43269,39.74946863,-104.9721349,10/8/2023 17:20,17:20:00,3,0,0,E 22ND AVE & N MARION ST,1,1,3,0,1,1,0,0,15,0,0,0,0,0,4,2,16
,2023-43274,39.74002758,-105.0028323,10/4/2023 20:02,20:02:00,11,0,1,W COLFAX AVE & N MARIPOSA ST,1,4,0,0,1,4,0,0,0,0,1,0,0,3,2,1,16
,2023-43352,39.75033775,-104.9892076,6/24/2023 9:37,9:37:00,11,0,0,20TH ST & CHAMPA ST,1,1,0,0,1,4,0,0,30,0,0,1,0,0,4,1,16
,2023-43355,39.73209072,-105.0015795,10/4/2023 10:09,10:09:00,3,0,0, LIPAN ST & W 10TH AVE,1,1,0,0,1,1,0,0,20,0,0,0,0,1,4,2,13
,2023-43356,39.7439712,-105.0532224,10/8/2023 6:25,6:25:00,12,0,1, SHERIDAN BLVD & W 17TH AVE,1,3,0,0,1,3,0,0,35,0,0,0,0,1,2,2,2
,2023-43359,39.76927276,-105.0177202,10/9/2023 11:30,11:30:00,15,0,0,W 38TH AVE & N ALCOTT ST,1,5,0,1,1,4,0,0,35,0,0,0,0,0,4,2,1
,2023-43360,39.75724396,-105.0205277,10/7/2023 11:03,11:03:00,3,0,0, CLAY ST & W 28TH AVE,1,1,0,0,1,1,0,0,25,0,0,0,0,0,4,2,1
,2023-43364,39.77603678,-105.0251629,10/7/2023 14:30,14:30:00,12,0,0, FEDERAL BLVD & W 44TH AVE,1,1,0,0,1,4,0,0,35,0,0,0,0,0,2,2,11
,2023-43370,39.7740178,-104.9948388,10/6/2023 9:12,9:12:00,8,0,1,FOX ST & W 42ND AVE,1,1,0,1,1,4,0,0,30,0,0,0,0,2,4,2,16
,2023-43373,39.77995551,-104.9368284,10/9/2023 8:37,8:37:00,15,0,0,I-70 & N COLORADO BLVD EB ON RAMP MERGE PT,1,1,0,0,1,8,0,0,,0,0,0,0,0,1,3,16
,2023-43376,39.69035658,-104.9128884,7/24/2023 15:00,15:00:00,12,0,0,E CHERRY CREEK  DR & S MONACO ST,1,1,0,0,1,1,0,0,,0,0,0,0,0,4,2,16
,2023-43377,39.77575278,-104.8651304,10/9/2023 9:53,9:53:00,12,0,0,I-70 & N HAVANA ST,1,1,1,0,1,4,0,0,55,0,0,0,0,0,1,2,7
,2023-43379,39.65507843,-104.8703632,10/9/2023 8:17,8:17:00,1,0,1,E GIRARD AVE & S GALENA ST,1,1,0,0,1,2,0,0,25,0,0,0,0,1,4,2,16
,2023-43382,39.67844069,-104.9565149,10/9/2023 19:38,19:38:00,1,0,0, COLUMBINE ST & E EVANS AVE,1,3,0,0,1,1,0,0,35,0,0,0,0,0,4,2,14
,2023-43386,39.69675846,-105.0250715,10/9/2023 17:15,17:15:00,15,0,0, FEDERAL BLVD & W MISSISSIPPI AVE,1,1,0,0,1,4,0,0,35,0,0,0,0,0,2,2,3
,2023-43387,39.77295646,-104.9754174,10/4/2023 14:53,14:53:00,15,0,0,38TH ST & BRIGHTON BLVD,1,1,0,0,1,1,0,0,35,0,0,0,0,0,4,2,13
,2023-43389,39.7433813,-105.0159962,10/8/2023 17:37,17:37:00,12,0,0,I-25 & W 17TH AVE,1,3,0,0,1,4,0,0,55,0,0,0,0,0,1,2,14
,2023-43402,39.7111505,-104.9863693,10/7/2023 11:12,11:12:00,3,0,0, LINCOLN ST & E ALAMEDA AVE,1,1,0,0,1,2,0,0,30,0,0,0,0,0,4,2,13
,2023-43409,39.66077982,-104.9129765,10/3/2023 12:00,12:00:00,12,0,0,3060 S MONACO ST,1,1,0,0,1,4,0,0,35,0,0,0,0,0,4,3,16
,2023-43410,39.76763671,-104.9967592,10/9/2023 11:04,11:04:00,12,0,0,I-25 & W 38TH AVE,1,1,0,0,1,4,0,0,,0,0,0,0,0,1,2,16
,2023-43411,39.78094213,-104.8828179,10/5/2023 20:14,20:14:00,1,0,0, CENTRAL PARK BLVD & E 46TH AVE,1,3,0,0,1,1,0,0,35,0,0,0,0,0,4,3,14
,2023-43412,39.79827189,-104.7954856,10/9/2023 10:45,10:45:00,12,0,0,E 56TH AVE & N MEMPHIS ST,1,1,0,0,1,3,0,1,40,0,0,0,1,1,4,2,3
,2023-43425,39.70719629,-104.8682745,10/6/2023 6:54,6:54:00,3,0,0, GALENA WAY & E VIRGINIA AVE,1,2,0,0,1,1,0,0,25,0,0,0,0,1,4,2,11
,2023-43430,39.75471852,-104.8468871,7/26/2023 14:08,14:08:00,12,0,0, PEORIA ST & E MLK BLVD,1,1,1,0,1,4,0,0,35,0,0,0,0,0,4,2,13
,2023-43434,39.78489851,-105.0499125,10/9/2023 11:14,11:14:00,12,0,0,I-70 & N SHERIDAN BLVD,1,1,1,0,1,4,0,0,55,0,0,0,0,0,1,2,16
,2023-43436,39.71100514,-104.9489432,10/8/2023 11:20,11:20:00,5,0,0,E ALAMEDA AVE & S CHERRY CREEK DR N,1,1,0,0,3,4,0,0,35,0,0,0,0,1,4,1,10
,2023-43443,39.77426405,-104.847035,10/9/2023 6:35,6:35:00,12,0,1,I-70 & N PEORIA ST,1,2,0,0,1,4,0,0,55,0,0,0,0,1,1,2,3
,2023-43445,39.72108599,-104.9407879,10/7/2023 16:10,16:10:00,15,0,0, COLORADO BLVD & E 3RD AVE,1,1,0,0,1,4,0,0,35,0,0,0,0,0,2,2,13
,2023-43446,39.7406237,-105.014263,10/8/2023 17:47,17:47:00,12,0,0,I-25 & W COLFAX AVE,1,1,1,0,1,4,0,0,55,0,0,0,0,0,1,3,13
,2023-43449,39.72888682,-105.002843,10/9/2023 14:27,14:27:00,3,0,0, MARIPOSA ST & W 8TH AVE,1,1,0,0,1,1,0,0,30,0,0,0,0,0,4,2,13
,2023-43459,39.74197569,-105.0144,10/8/2023 23:24,23:24:00,9,0,1,I-25 SB ON RAMP FROM WB W COLFAX AVE & I-70,1,3,1,0,1,8,0,0,25,0,0,0,1,2,2,1,16
,2023-43461,39.74378787,-104.8987396,10/9/2023 10:12,10:12:00,3,0,0, SYRACUSE ST & E 17TH AVE,1,1,0,0,1,1,0,0,30,0,0,0,0,1,4,2,8
,2023-43473,39.7624369,-105.0052797,10/9/2023 13:50,13:50:00,15,0,0, OSAGE ST & W 32ND AVE,1,1,1,1,1,4,0,0,25,0,0,0,0,0,4,2,16
,2023-43480,39.71483875,-104.9803313,9/24/2023 15:30,15:30:00,6,0,0, PEARL ST & E BAYAUD AVE,1,1,3,0,1,4,0,0,25,0,0,0,0,0,4,5,1
,2023-43482,39.67857375,-104.9828855,10/8/2023 21:10,21:10:00,1,0,0, LOGAN ST & E EVANS AVE,1,3,0,0,1,1,0,0,30,0,0,0,0,0,4,2,7
,2023-43485,39.73113508,-105.0156763,10/9/2023 8:09,8:09:00,12,0,1,I-25 & W 8TH AVE SB OFF RAMP MERGE PT,1,1,0,0,1,4,0,0,,0,0,0,0,1,1,3,16
,2023-43486,39.77282921,-104.7907601,9/22/2023 12:00,12:00:00,15,0,0,E 40TH AVE & N PENA BLVD,1,1,0,0,1,4,0,0,35,0,0,0,0,0,4,2,1
,2023-43487,39.71150783,-104.9390221,10/6/2023 18:15,18:15:00,1,0,1,E ALAMEDA AVE & S ASH ST,1,2,0,0,1,1,0,0,30,0,0,0,0,1,4,2,13
,2023-43490,39.77103545,-104.738312,9/12/2023 7:51,7:51:00,14,0,0, ORLEANS ST & E 40TH AVE,1,3,0,0,1,4,0,0,,0,0,0,0,0,4,2,16
,2023-43491,39.69840618,-104.9593288,10/7/2023 17:05,17:05:00,1,0,0, UNIVERSITY BLVD & E TENNESSEE AVE,1,2,0,0,1,1,0,0,30,0,0,0,0,0,4,2,13
,2023-43492,39.77281164,-104.7898303,10/3/2023 6:47,6:47:00,15,0,0,AIRPORT BLVD & E 40TH AVE,1,1,0,0,1,1,0,0,,0,0,0,0,0,4,2,16
,2023-43494,39.69842933,-104.9792534,10/9/2023 17:22,17:22:00,3,0,0,E TENNESSEE AVE & S WASHINGTON ST,1,1,0,0,1,1,0,0,25,0,0,0,0,0,4,2,13
,2023-43527,39.79830003,-104.7697918,10/10/2023 8:30,8:30:00,3,0,0,E 56TH AVE & N ARGONNE ST,1,1,0,0,1,1,0,0,40,0,0,0,0,0,4,2,14
,2023-43528,39.77556513,-105.0135232,9/9/2023 15:45,15:45:00,6,0,0,4246  VALLEJO ST & W 42ND AVE,1,1,0,0,1,4,0,0,25,0,0,0,0,0,4,2,16
,2023-43537,39.71541961,-104.9769136,8/5/2023 18:48,18:48:00,6,0,0, EMERSON ST & E BAYAUD AVE,1,1,0,0,1,4,0,0,25,0,0,0,0,0,4,3,1
,2023-43539,39.7796484,-104.9727772,7/6/2023 21:00,21:00:00,12,0,0,I-70 & N BRIGHTON BLVD,1,3,0,0,1,4,0,1,65,0,0,0,0,0,2,2,13
,2023-43541,39.79465318,-104.8142886,9/25/2023 21:31,21:31:00,6,0,0,E MAXWELL PL & N ELKHART ST,1,3,0,0,1,4,0,0,20,0,0,0,0,0,4,2,16
,2023-43545,39.73532863,-104.9861234,10/9/2023 13:28,13:28:00,12,0,0,LINCOLN ST & E 12TH AVE,1,1,0,0,1,1,0,0,30,0,0,0,0,0,4,4,1
,2023-43546,39.65305781,-104.8851571,10/10/2023 10:46,10:46:00,15,0,1,E HAMPDEN AVE & S YOSEMITE ST,1,1,0,0,1,3,0,0,40,0,0,0,0,1,2,3,16
,2023-43547,39.75035379,-104.9820226,10/8/2023 15:50,15:50:00,11,0,1,GLENARM PL & PARK AVE W,1,1,0,0,1,1,0,0,25,0,0,1,0,2,4,1,13
,2023-43548,39.73801452,-105.0251002,10/9/2023 8:02,8:02:00,5,0,0, FEDERAL BLVD & W HOWARD PL,1,1,0,0,1,4,0,0,,0,0,0,0,0,2,2,16
,2023-43551,39.73265504,-105.0158245,10/6/2023 22:13,22:13:00,15,0,0,I-25 & W 8TH AVE,1,3,0,0,1,4,0,0,55,0,0,0,0,0,1,5,1
,2023-43552,39.77282663,-104.7914832,10/10/2023 6:39,6:39:00,12,0,0,PENA BLVD & E. 40TH AVE,1,1,1,0,1,4,0,0,65,0,0,0,0,0,4,2,16
,2023-43555,39.6530825,-104.918236,10/10/2023 11:14,11:14:00,12,0,0,I-25 & E HAMPDEN AVE,1,1,0,0,1,4,0,0,55,0,0,0,0,0,1,2,13
,2023-43556,39.66772831,-105.025111,9/24/2023 11:11,11:11:00,15,0,0, FEDERAL BLVD & W YALE AVE,1,1,0,0,1,4,0,0,35,0,0,0,0,0,2,2,16
,2023-43559,39.7512129,-105.0000172,10/10/2023 14:20,14:20:00,1,0,0,16TH ST & WAZEE ST,1,1,0,0,1,1,0,0,30,0,0,0,0,0,4,2,13
,2023-43560,39.7670545,-104.9843101,10/9/2023 1:00,1:00:00,6,0,0,ARKINS CT & 31ST ST,1,4,0,0,1,4,0,0,,0,0,0,0,0,4,2,16
,2023-43561,39.71118786,-104.9293311,10/9/2023 11:30,11:30:00,3,0,0,E ALAMEDA AVE & S ELM ST,1,1,0,0,1,1,0,0,35,0,0,0,0,0,4,2,16
,2023-43562,39.74166678,-104.9775686,10/10/2023 6:38,6:38:00,2,0,0,E 16TH AVE & N CLARKSON ST,1,1,3,0,1,1,0,0,30,1,0,0,0,0,4,1,11
,2023-43565,39.78363784,-104.7904896,10/9/2023 14:33,14:33:00,1,0,1,E GREEN VALLEY RANCH BLVD & N PENA BLVD,1,1,0,0,1,1,0,0,35,0,0,0,0,2,4,2,16