id,drcog_id,latitude,longitude,crashtime,time,crashtype,numbkilled,numbinjurd,drcoglocat,rdconditin,lightngcon,roadcntgrd,weatherco,location,roaddescrp,schoolzone,constrzone,splimit,bikeinv,pedinv,sctrinv,motoinv,svrty,rdsystem,ttlvehcls,hcf
,2023-44095,39.76576111,-104.9696537,10/11/2023 13:05,13:05:00,3,0,0,E 35TH AVE & N HUMBOLDT AVE,1,1,0,0,1,1,0,0,20,0,0,0,0,0,4,2,3
,2023-44096,39.71939939,-104.9550654,10/10/2023 9:13,9:13:00,6,0,0,E 2ND AVE & N DETROIT ST,1,1,0,0,1,4,0,0,25,0,0,0,0,0,4,2,16
,2023-44097,39.79254789,-104.7744725,10/9/2023 15:18,15:18:00,3,0,0, YAMPA ST & E ELMENDORF DR,1,1,0,0,1,1,0,0,35,0,0,0,0,0,4,3,10
,2023-44100,39.72097532,-104.9522978,9/22/2023 10:55,10:55:00,6,0,0,E 3RD AVE & N MILWAUKEE ST,1,1,0,0,1,1,0,0,25,0,0,0,0,0,4,2,16
,2023-44103,39.69664326,-104.9874309,10/14/2023 7:00,7:00:00,1,0,0, BROADWAY & W MISSISSIPPI AVE,1,1,0,0,1,1,0,0,35,0,0,0,0,0,4,2,3
,2023-44105,39.77108653,-104.8470467,10/14/2023 7:44,7:44:00,2,0,0,E 39TH AVE & N PEORIA ST,1,1,0,0,1,1,0,0,0,1,0,0,0,0,4,1,16
,2023-44106,39.71825434,-104.9735701,10/14/2023 2:20,2:20:00,5,0,0,E SPEER BLVD & N DOWNING ST,1,3,0,0,3,3,0,0,35,0,0,0,0,0,4,1,16
,2023-44108,39.78362485,-104.7721258,10/6/2023 18:28,18:28:00,2,0,1,18605 E GREEN VALLEY RANCH BLVD & TOWER RD,1,2,0,0,1,1,0,0,0,1,0,0,0,3,4,1,16
,2023-44109,39.78028734,-104.9406187,10/13/2023 16:37,16:37:00,12,0,0,I-70 & N COLORADO BLVD,1,2,0,0,1,4,0,0,55,0,0,0,0,0,1,2,16
,2023-44112,39.77656788,-104.8470265,10/13/2023 10:20,10:20:00,12,0,0,PEORIA ST & E 44TH AVE,1,1,0,0,1,4,0,0,30,0,0,0,0,1,4,2,16
,2023-44113,39.69754987,-104.9927041,10/13/2023 23:01,23:01:00,15,0,0, PLATTE RIVER DR & W TENNESSEE AVE,1,3,0,0,1,4,0,0,55,0,0,0,0,0,4,2,11
,2023-44115,39.76050009,-104.9002239,10/6/2023 16:53,16:53:00,1,0,0,E MLK BLVD & N ROSLYN ST,1,1,0,0,1,1,0,0,40,0,0,0,1,0,4,2,16
,2023-44120,39.67843514,-104.9344487,10/14/2023 8:55,8:55:00,1,0,0,E EVANS AVE & I-25 SB ON RAMP,1,1,0,0,1,1,0,0,35,0,0,0,0,0,4,2,10
,2023-44121,39.76909006,-105.0005882,10/10/2023 8:59,8:59:00,6,0,0, KALAMATH ST & W 38TH AVE,1,1,0,0,1,4,0,0,25,0,0,0,0,0,4,2,16
,2023-44122,39.6947777,-104.9358033,10/13/2023 8:22,8:22:00,15,0,0,E ARIZONA AVE & S BIRCH ST,1,1,0,0,1,4,0,0,25,0,0,0,0,0,4,2,11
,2023-44124,39.77849869,-104.9128793,10/9/2023 15:42,15:42:00,12,0,1,I-70 & N MONACO ST,1,1,0,0,1,4,0,0,55,0,0,0,0,1,1,2,16
,2023-44129,39.72026089,-105.0194419,10/13/2023 9:17,9:17:00,14,0,0,W 2ND AVE & BRYANT ST,1,1,1,0,1,4,0,0,25,0,0,0,0,0,4,2,16
,2023-44132,39.71118296,-105.0110095,10/14/2023 11:29,11:29:00,12,0,0,W ALAMEDA AVE & S TEJON ST,1,1,0,0,1,3,0,0,30,0,0,0,0,0,2,2,13
,2023-44139,39.69252806,-104.9128896,10/14/2023 2:38,2:38:00,6,0,0, MONACO PKWY & S CHERRY CREEK N DR,1,3,0,0,1,1,0,0,35,0,0,0,0,0,4,2,16
,2023-44146,39.74783125,-105.0015352,10/13/2023 20:12,20:12:00,12,0,0,14TH ST & MARKET ST,1,3,0,0,1,1,0,0,30,0,0,0,0,1,4,2,14
,2023-44148,39.70584236,-105.0298053,10/13/2023 17:59,17:59:00,3,0,1, IRVING ST & W CENTER AVE,1,1,0,0,1,1,0,0,25,0,0,0,1,3,4,2,7
,2023-44149,39.78496143,-104.8097893,9/24/2023 15:40,15:40:00,1,1,0,CHAMBERS RD & E GREEN VALLEY RANCH BLVD,1,1,0,0,1,2,0,0,40,0,0,0,0,4,4,2,1
,2023-44151,39.78097507,-104.8470161,10/13/2023 21:08,21:08:00,16,0,0,4650  PEORIA ST & E 46TH AVE,1,3,0,0,5,7,0,0,,0,0,0,0,0,3,2,12
,2023-44153,39.74032669,-105.025324,10/14/2023 17:37,17:37:00,1,0,0,W COLFAX AVE & N FEDERAL BLVD,1,1,0,0,1,1,0,0,35,0,0,0,0,0,2,3,11
,2023-44154,39.77991641,-104.9731153,10/13/2023 20:54,20:54:00,5,0,3,I-70 & N WASHINGTON ST WB OFF RAMP MERGE PT,1,3,0,0,3,8,0,0,55,0,0,0,0,2,1,2,14
,2023-44156,39.77291295,-104.9581685,10/14/2023 18:07,18:07:00,12,0,0,E 40TH AVE & N JOSEPHINE ST,1,3,0,0,1,4,0,0,35,0,0,0,0,0,4,3,14
,2023-44158,39.78301814,-104.9008972,10/13/2023 20:09,20:09:00,12,0,0,I-270 EB & NORHTFIELD QUEBEC ST,1,3,0,0,1,4,0,0,55,0,0,0,0,0,2,2,13
,2023-44160,39.68469243,-104.9580424,10/14/2023 12:34,12:34:00,12,0,0,I-25 & S UNIVERSITY BLVD,1,1,0,0,1,4,0,0,60,0,0,0,0,0,1,2,1
,2023-44161,39.7071593,-104.9851581,10/14/2023 11:37,11:37:00,16,0,0,516  SHERMAN ST & E VIRGINIA AVE,1,1,0,0,5,9,0,0,,0,0,0,0,0,3,2,16
,2023-44166,39.73204376,-104.9848651,10/9/2023 7:40,7:40:00,2,0,1,E 10TH AVE & N SHERMAN ST,1,1,0,0,1,1,0,0,25,1,0,0,0,2,4,1,13
,2023-44176,39.74006866,-104.9225078,10/10/2023 5:55,5:55:00,12,0,1,I-70 & N HOLLY ST,1,1,1,0,1,4,0,0,55,0,0,0,0,1,1,2,16
,2023-44179,39.73678252,-105.0381473,9/26/2023 0:52,0:52:00,6,0,1, OSCEOLA ST & W 13TH AVE,1,4,1,0,1,4,0,0,25,0,0,0,0,2,4,2,16
,2023-44239,39.69478307,-105.0297278,10/14/2023 19:02,19:02:00,6,0,0, IRVING ST & W ARIZONA AVE,1,3,0,0,1,4,0,0,25,0,0,0,0,0,4,6,16
,2023-44240,39.65307744,-104.8983874,10/14/2023 23:46,23:46:00,12,0,0,E HAMPDEN AVE & S TAMARAC DR,1,3,0,0,1,1,0,0,40,0,0,0,0,0,2,2,13
,2023-44246,39.77664784,-105.0251484,9/14/2023 1:17,1:17:00,3,1,0,W 44TH AVE & N FEDERAL BLVD,1,3,0,0,1,1,0,0,30,0,0,0,1,4,2,2,16
,2023-44248,39.78363715,-104.790307,10/15/2023 2:17,2:17:00,5,0,1,E GREEN VALLEY RANCH BLVD & N PENA BLVD,1,3,0,0,3,4,0,0,35,0,0,0,0,1,4,1,16
,2023-44249,39.74006767,-104.9406123,10/11/2023 2:02,2:02:00,3,0,0, COLORADO BLVD & E COLFAX AVE,1,3,0,0,1,1,0,0,35,0,0,0,0,0,2,2,16
,2023-44251,39.78363784,-104.7904896,10/15/2023 18:30,18:30:00,12,0,0,E GREEN VALLEY RANCH BLVD & PENA BLVD,1,3,0,0,1,1,0,0,25,0,0,0,0,0,4,2,11
,2023-44252,39.78016051,-104.9563198,10/15/2023 1:48,1:48:00,12,0,0,I-70 & N YORK ST,1,3,0,0,1,4,0,0,65,0,0,0,0,0,1,2,13
,2023-44253,39.72092732,-104.9820428,10/5/2023 15:45,15:45:00,6,0,0,400 400 E 3RD AVE,1,1,3,0,5,2,0,0,10,0,0,0,0,0,3,2,16
,2023-44258,39.72533783,-105.0182048,10/4/2023 5:52,5:52:00,15,0,0,W 6TH AVE & I-25 SB,1,1,0,0,1,4,0,0,55,0,0,0,0,0,2,2,16
,2023-44259,39.72537741,-105.012984,10/15/2023 13:09,13:09:00,12,0,0,I-25 & W 6TH AVE FWY,1,1,0,0,1,4,0,0,55,0,0,0,0,0,1,2,13
,2023-44262,39.73786723,-104.9406148,10/15/2023 14:54,14:54:00,12,0,0, COLORADO BLVD & E 14TH AVE,1,1,0,0,1,4,0,0,30,0,0,0,0,0,2,2,3
,2023-44264,39.75850676,-104.9871928,10/4/2023 18:30,18:30:00,6,0,0,WALNUT ST & BROADWAY,1,1,0,0,1,4,0,0,30,0,0,0,0,0,4,2,16
,2023-44265,39.68492051,-104.9590991,10/14/2023 14:30,14:30:00,12,0,0,I-25 & S UNIVERSITY BLVD,1,1,0,0,1,4,0,0,55,0,0,0,0,0,1,2,13
,2023-44268,39.63316864,-104.88705,10/10/2023 14:50,14:50:00,15,0,0,4600 4601  YOSEMITE ST,14,5,3,7,1,4,0,0,,0,0,0,0,0,4,2,1
,2023-44269,39.6294473,-104.9046982,10/15/2023 17:14,17:14:00,5,0,4,I-25 & I-225 NB RAMP MERGE PT,1,1,1,0,3,8,0,0,65,0,0,0,0,1,1,2,11
,2023-44273,39.72567749,-104.9940196,10/15/2023 17:14,17:14:00,10,0,0,W 6TH AVE & N ELATI ST,1,1,0,0,1,1,0,0,30,0,0,0,0,0,2,3,13
,2023-44274,39.83367076,-104.6740941,10/12/2023 19:44,19:44:00,15,0,0,PENA BLVD & JACKSON GAP,1,3,0,0,1,4,0,0,45,0,0,0,0,0,4,2,13
,2023-44276,39.83356478,-104.7066427,10/10/2023 10:11,10:11:00,12,0,0, GUN CLUB RD,1,1,0,0,1,3,0,0,,0,0,0,0,0,4,2,16
,2023-44277,39.67672444,-104.9036695,10/14/2023 22:37,22:37:00,12,0,0,E EVANS & S QUEVEC ST,1,3,0,0,1,3,0,0,35,0,0,0,0,0,4,2,13
,2023-44278,39.69128508,-105.0297053,10/14/2023 19:55,19:55:00,3,0,0,W ARKANSAS AVE & S IRVING ST,1,3,0,0,1,1,0,0,25,0,0,0,0,0,4,2,11
,2023-44281,39.6236192,-104.9013092,10/14/2023 22:22,22:22:00,12,0,0,I-25 & E BELLEVIEW AVE,1,3,0,0,1,11,0,0,55,0,0,0,0,0,1,2,16
,2023-44286,39.69675846,-105.0250715,10/15/2023 0:41,0:41:00,3,0,1, FEDERAL BLVD & W MISSISSIPPI AVE,1,3,0,0,1,1,0,0,40,0,0,0,0,2,2,2,11
,2023-44289,39.66772324,-105.0814214,9/19/2023 22:22,22:22:00,1,0,1, WADSWORTH BLVD & W YALE AVE,1,3,0,0,1,1,0,0,40,0,0,0,1,3,2,2,13
,2023-44291,39.74081354,-104.9721466,10/11/2023 13:30,13:30:00,6,0,0, MARION ST & E COLFAX AVE,1,1,0,0,1,4,0,0,35,0,0,0,0,0,4,2,11
,2023-44293,39.65301957,-104.8756712,10/4/2023 7:51,7:51:00,2,0,1,E HAMPDEN AVE & S DAYTON ST,1,1,1,0,1,1,0,0,45,1,0,0,0,2,2,1,12
,2023-44297,39.71119175,-104.9960704,10/15/2023 14:12,14:12:00,5,0,1,W ALAMEDA AVE & S CHEROKEE ST,1,1,0,0,6,4,0,0,35,0,0,0,0,2,4,1,3
,2023-44299,39.72563842,-104.987447,10/15/2023 1:07,1:07:00,3,0,0,W 6TH AVE & BROADWAY,1,3,0,0,1,1,0,0,30,0,0,0,0,1,4,2,13
,2023-44300,39.79694892,-104.7865721,10/15/2023 15:09,15:09:00,12,0,0,PENA BLVD & E 56TH AVE,1,1,0,0,1,4,0,0,65,0,0,0,0,0,4,3,7
,2023-44302,39.7241314,-104.9862517,10/15/2023 7:43,7:43:00,15,0,0, LINCOLN ST & E 5TH AVE,1,1,0,0,1,1,0,0,30,0,0,0,0,0,4,2,12
,2023-44303,39.74046435,-105.0152996,10/14/2023 22:15,22:15:00,12,0,0,W COLFAX AVE & I-25 SB OFF RAMP,1,4,0,0,1,3,0,0,45,0,0,0,0,0,2,3,16
,2023-44305,39.75125445,-105.0173584,10/14/2023 20:15,20:15:00,1,0,0,W 23RD AVE & I-25 SB RAMPS,1,3,1,0,1,1,0,0,35,0,0,0,0,0,4,2,14
,2023-44307,39.75506932,-105.0127965,10/15/2023 19:13,19:13:00,12,0,0,I-25 & N SPEER BLVD,1,1,0,0,1,4,0,0,55,0,0,0,0,0,1,2,13
,2023-44325,39.74276089,-104.9810857,10/7/2023 2:38,2:38:00,14,0,0,PENNSYLVANIA & E 16TH AVE,1,4,0,0,1,9,0,0,,0,0,0,0,0,4,2,11
,2023-44333,39.78374645,-104.8097975,10/15/2023 10:15,10:15:00,8,0,0, CHAMBERS RD & E GREEN VALLEY RANCH BLVD,1,1,0,0,1,1,0,0,35,0,0,0,0,0,4,2,3
,2023-44335,39.67842237,-104.959404,10/14/2023 21:06,21:06:00,15,0,0,E EVANS AVE & S UNIVERSITY BLVD,1,3,0,0,1,1,0,0,30,0,0,0,0,0,4,2,1
,2023-44337,39.77729091,-104.9791654,9/30/2023 14:10,14:10:00,15,0,0,WASHINGTON ST & E 45TH AVE,1,1,0,0,1,4,0,0,30,0,0,0,0,0,4,2,10
,2023-44345,39.66772831,-105.025111,10/8/2023 3:28,3:28:00,5,0,0, FEDERAL BLVD & W YALE AVE,1,3,0,0,3,4,0,0,,0,0,0,0,0,2,1,16
,2023-44346,39.69865732,-104.9317242,10/15/2023 7:02,7:02:00,6,0,0, DAHLIA ST & E TENNESSE AVE,1,1,0,0,1,4,0,0,30,0,0,0,0,0,4,2,14
,2023-44350,39.72907417,-104.9740731,10/15/2023 2:00,2:00:00,3,0,0,E 8TH AVE & N CORONA ST,1,3,0,0,1,1,0,0,35,0,0,0,0,0,4,2,16
,2023-44354,39.79354357,-104.9034281,10/15/2023 10:58,10:58:00,14,0,2, QUEBEC ST & E 53RD AVE,1,1,0,7,6,4,0,0,40,0,0,0,0,1,2,3,16
,2023-44355,39.74161407,-104.9569883,10/9/2023 8:10,8:10:00,2,0,1, CITY PARK ESPLANADE & E 16TH AVE,1,1,0,0,1,1,1,0,20,1,0,0,0,2,4,1,16
,2023-44364,39.73813229,-105.0217822,10/14/2023 18:26,18:26:00,12,0,0, DECATUR ST & W HOWARD PL,1,3,0,0,1,4,0,0,30,0,0,0,0,0,4,2,13
,2023-44366,39.69119159,-104.9923017,10/15/2023 11:21,11:21:00,5,0,0, SANTA FE DR & W ARKANSAS AVE,1,1,0,0,3,1,0,0,45,0,0,0,0,0,2,1,2
,2023-44377,39.74507206,-104.9992882,9/14/2023 19:19,19:19:00,10,0,0,ARAPAHOE ST & 13TH ST,11,3,3,1,1,1,0,0,,0,0,0,0,0,4,2,16
,2023-44383,39.74000419,-104.9718783,10/10/2023 15:47,15:47:00,11,0,0,MARION ST & E COLFAX AVE,1,1,0,0,1,1,0,0,0,0,0,1,0,0,2,1,16
,2023-44385,39.7232227,-104.9030004,10/11/2023 11:42,11:42:00,6,0,0,E 5TH AVE & QUEBEC ST,1,1,3,0,1,4,0,0,25,0,0,0,0,0,4,3,16
,2023-44386,39.71744953,-105.0042202,10/15/2023 19:16,19:16:00,12,0,0,I-25 & W ALAMEDA AVE,1,3,1,0,1,4,0,0,55,0,0,0,0,0,2,2,11
,2023-44390,39.6710101,-104.9828332,10/15/2023 1:31,1:31:00,6,0,0, LOGAN ST & E HARVARD AVE,1,3,1,0,1,4,0,0,30,0,0,0,0,1,4,3,3
,2023-44409,39.77703637,-104.865747,3/20/2023 8:05,8:05:00,3,0,0,I-70 WB OFF RAMP & N HAVANA ST,1,1,0,0,1,1,0,0,25,0,0,0,0,0,4,2,16
,2023-44410,39.77693927,-104.8815678,10/15/2023 1:26,1:26:00,12,0,1,I-70 & N CENTRAL PARK BLVD,1,3,0,0,1,4,0,0,,0,0,0,0,1,1,2,16
,2023-44411,39.77395392,-104.8470336,10/16/2023 15:51,15:51:00,15,0,0,I-70 & N PEORIA ST,1,1,1,0,1,4,0,0,55,0,0,0,0,0,1,2,8
,2023-44414,39.77281691,-104.8472127,10/17/2023 8:15,8:15:00,12,0,1,I-70 EB OFF RAMP SLIP & N PEORIA ST,1,1,0,0,1,8,0,0,25,0,0,0,0,1,1,2,11
,2023-44441,39.76228863,-105.0252218,10/15/2023 19:15,19:15:00,12,0,0,2975  FEDERAL BLVD & W 32ND AVE,1,3,0,0,1,4,0,0,,0,0,0,0,0,2,2,16
,2023-44442,39.72093532,-105.0001826,10/17/2023 9:56,9:56:00,10,0,0, KALAMATH ST & W 3RD AVE,1,1,0,0,1,1,0,0,30,0,0,0,0,0,4,2,8
,2023-44443,39.69688127,-104.9628866,10/17/2023 11:50,11:50:00,6,0,0, VINE ST & E MISSISSIPPI AVE,1,1,0,0,1,4,0,0,25,0,0,0,0,0,4,2,16
,2023-44449,39.74009977,-104.9588027,9/29/2023 18:41,18:41:00,3,0,0,E COLFAX AVE & N JOSEPHINE ST,1,2,0,0,1,1,0,0,30,0,0,0,0,0,2,2,1
,2023-44451,39.73727713,-104.8881997,10/17/2023 14:00,14:00:00,3,0,0,E 13TH AVE & N WILLOW ST,1,1,0,0,1,1,0,0,25,0,0,0,0,1,4,2,16
,2023-44456,39.65308224,-104.8987343,10/17/2023 7:48,7:48:00,3,0,0,E HAMPDEN AVE & S TAMARAC DR,1,1,1,0,1,1,0,0,40,0,0,0,0,0,2,3,13
,2023-44457,39.72564192,-104.9034076,10/17/2023 6:01,6:01:00,1,0,2, QUEBEC ST & E 6TH AVE,1,2,0,0,1,1,0,0,30,0,0,0,0,2,4,2,14
,2023-44467,39.74337862,-104.9927831,10/17/2023 18:08,18:08:00,12,0,0,WELTON ST & 15TH ST,14,3,3,7,1,4,0,0,25,0,0,0,0,1,4,2,16
,2023-44478,39.71734236,-104.8959983,10/16/2023 9:12,9:12:00,10,0,0,E LOWRY BLVD & RAMPART WY,1,1,0,0,1,6,0,0,25,0,0,0,0,0,4,2,16
,2023-44479,39.69312301,-105.0250363,10/17/2023 9:27,9:27:00,3,0,0, FEDERAL BLVD & W LOUISIANA AVE,1,1,0,0,1,1,0,0,40,0,0,0,0,0,2,2,3
,2023-44484,39.77533983,-105.0115805,7/20/2023 2:19,2:19:00,6,0,1,W 43RD AVE & N TEJON ST,1,3,0,0,1,4,0,0,25,0,0,0,0,2,4,3,10
,2023-44488,39.78227383,-104.8657409,10/16/2023 17:54,17:54:00,1,0,1,E 47TH AVE & N HAVANA ST,1,1,0,0,1,1,0,0,40,0,0,0,0,2,4,2,14
,2023-44490,39.79838533,-104.7864367,10/16/2023 22:34,22:34:00,12,0,0,E 56TH AVE & PENA BLVD,1,3,0,0,1,4,0,0,15,0,0,0,0,0,4,3,11
,2023-44491,39.65318325,-104.9071668,9/20/2023 12:15,12:15:00,3,0,0,E HAMPDEN AVE & S OLEANDER CT,1,1,0,0,1,1,0,0,,0,0,0,0,0,2,2,16
,2023-44499,39.67541792,-104.9593846,10/17/2023 12:30,12:30:00,12,0,0, UNIVERSITY BLVD & E ILIFF AVE,1,1,0,0,1,3,0,0,30,0,0,0,0,0,4,3,7
,2023-44513,39.65313463,-104.9204482,10/17/2023 11:59,11:59:00,3,0,0, IVY WAY & E HAMPDEN AVE,1,1,1,0,1,3,0,0,25,0,0,0,0,0,2,2,11
,2023-44515,39.77887001,-104.8704537,10/13/2023 11:06,11:06:00,15,0,0,5800 E 45TH AVE,1,1,0,0,1,1,0,0,45,0,0,0,0,0,4,2,16
,2023-44516,39.7260739,-105.0570122,10/17/2023 15:53,15:53:00,3,0,0, SHERIDAN BLVD & W 6TH AVE WB RAMPS,1,1,0,0,1,1,0,0,35,0,0,0,0,0,2,2,13
,2023-44517,39.63706762,-104.9087504,9/22/2023 23:42,23:42:00,15,0,0,I-25 & I-225 SB DIR CONN MERGE PT,1,3,0,0,1,8,0,0,55,0,0,0,0,0,1,3,14
,2023-44521,39.77652327,-104.8470263,10/17/2023 8:05,8:05:00,15,0,0,PEORIA ST & E 44TH AVE,1,1,0,0,1,4,0,0,35,0,0,0,0,0,4,2,1
,2023-44522,39.72255275,-105.0474185,10/17/2023 8:08,8:08:00,12,0,0,WINONA CT & W 4TH AVE,1,1,0,0,1,4,0,0,25,0,0,0,0,0,4,2,11
,2023-44523,39.68857344,-105.0091428,10/16/2023 13:40,13:40:00,6,0,0,W GUNNISON PL & S RARITAN ST,1,1,0,0,1,4,0,0,25,0,0,0,0,0,4,2,16
,2023-44525,39.76115306,-105.004746,10/17/2023 7:21,7:21:00,12,0,0,I-25 & 20TH ST,1,1,3,0,1,4,0,0,55,0,0,0,0,0,1,2,1
,2023-44526,39.73508263,-104.9407668,10/10/2023 14:58,14:58:00,15,0,0, COLORADO BLVD & E 12TH AVE,1,1,0,0,1,1,0,0,35,0,0,0,0,0,2,2,13
,2023-44542,39.77866287,-104.961276,10/17/2023 13:58,13:58:00,12,0,3,I-70 & N YORK ST,1,1,0,0,1,4,0,0,55,0,0,0,0,1,1,2,16
,2023-44543,39.78561195,-105.0251949,10/17/2023 7:35,7:35:00,3,0,0,W 49TH AVE & N FEDERAL BLVD,1,1,0,0,1,1,0,0,25,0,0,0,0,0,2,2,11
,2023-44547,39.78742397,-105.0264034,10/17/2023 14:58,14:58:00,10,0,0,W REGIS BLVD & N GREEN CT,1,1,0,0,1,1,0,0,25,0,0,0,0,0,4,2,13
,2023-44549,39.78237294,-104.8490172,9/19/2023 15:30,15:30:00,12,0,0, PARIS ST & E 47TH AVE,1,1,0,0,1,1,0,0,25,0,0,0,0,0,4,2,16
,2023-44550,39.73684778,-104.9861411,10/16/2023 14:59,14:59:00,10,0,0,E 13TH AVE & N LINCOLN ST,1,1,0,0,1,1,0,0,30,0,0,0,0,1,4,2,13
,2023-44552,39.77832942,-104.9792557,9/12/2023 15:40,15:40:00,12,0,0,E 45TH AVE & N WASHINGTON ST,1,1,0,0,1,1,0,0,30,0,0,0,0,0,4,2,13
,2023-44556,39.74197532,-104.8963919,10/16/2023 15:30,15:30:00,3,0,1,E 16TH AVE & N TRENTON ST,1,1,0,0,1,1,0,0,35,0,0,0,0,2,4,2,8
,2023-44558,39.72932157,-105.0148112,10/17/2023 8:04,8:04:00,15,0,0,I-25 & W 8TH AVE,1,1,1,0,1,4,0,0,55,0,0,0,0,0,1,2,16
,2023-44559,39.74145161,-104.9823312,10/17/2023 14:58,14:58:00,6,0,0, LOGAN ST & E 16TH AVE,1,1,0,0,1,4,0,0,25,0,0,0,0,0,2,2,8
,2023-44560,39.83345293,-104.6929352,10/17/2023 14:07,14:07:00,1,0,1, JACKSON GAP ST & PENA BLVD INBOUND,1,1,0,0,1,1,0,0,30,0,0,0,0,2,4,2,11
,2023-44561,39.74410612,-105.0532229,10/17/2023 16:16,16:16:00,12,0,0, SHERIDAN BLVD & W 17TH AVE,1,1,0,0,1,4,0,0,35,0,0,0,0,0,2,2,13
,2023-44562,39.72064726,-104.9794243,10/9/2023 14:53,14:53:00,12,0,1,E SPEER BLVD & N WASHINGTON ST,1,1,0,0,1,3,0,0,30,0,0,0,0,1,4,2,16
,2023-44563,39.7678589,-104.9994143,10/17/2023 9:00,9:00:00,6,0,0,JASON ST & W 37TH AVE,1,1,0,0,1,4,0,0,20,0,0,0,0,0,4,2,3
,2023-44567,39.71935393,-104.9985788,10/11/2023 19:50,19:50:00,12,0,0, SANTA FE DR & W 2ND AVE,1,3,0,0,1,4,0,0,,0,0,0,0,0,4,2,16
,2023-44577,39.77737416,-104.8838667,10/16/2023 7:43,7:43:00,12,0,0,I-70 & N CENTRAL PARK BLVD,1,1,0,0,1,4,0,0,55,0,0,0,0,0,1,2,16
,2023-44578,39.75322716,-104.997799,10/16/2023 11:50,11:50:00,10,0,0,18TH ST & WAZEE ST,1,1,0,0,1,2,0,0,30,0,0,0,0,0,4,2,8
,2023-44579,39.65346744,-105.0484397,10/14/2023 9:12,9:12:00,15,0,0,W HAMPDEN AVE & S SHERIDAN BLVD,1,1,0,0,1,4,0,0,65,0,0,0,0,0,2,2,13
,2023-44584,39.82455728,-104.7848115,10/14/2023 2:00,2:00:00,5,0,0,E 71ST AVE & PENA BLVD,1,3,0,0,3,4,0,0,45,0,0,0,0,0,4,1,16
,2023-44586,39.77852188,-104.9065946,10/16/2023 10:11,10:11:00,12,0,0,I-70 & S QUEBEC ST,1,1,0,0,1,4,0,0,55,0,0,0,0,0,1,2,1
,2023-44587,39.68227853,-105.009428,10/16/2023 11:52,11:52:00,12,0,0,W JEWELL AVE & S TENNYSON ST,1,1,0,0,1,3,0,0,25,0,0,0,0,0,4,2,16
,2023-44588,39.65212177,-104.9198531,10/15/2023 22:04,22:04:00,1,0,0,E HAMPDEN AVE & I-25 NB RAMPS,1,3,0,0,1,2,0,0,,0,0,0,0,0,2,2,16
,2023-44593,39.72424647,-105.0117861,10/15/2023 10:45,10:45:00,12,0,2,I-25 OFF RAMP TO & W 6TH AVE,1,1,0,0,1,8,0,0,45,0,0,0,0,1,1,2,13
,2023-44597,39.64456255,-104.8749811,10/10/2023 17:38,17:38:00,12,0,1,I-225 & MM 2,1,2,0,0,1,4,0,0,65,0,0,0,0,2,1,2,13
,2023-44601,39.76074744,-104.9674302,7/14/2023 2:19,2:19:00,6,0,1,E 31ST AVE & N FRANKLIN ST,1,3,0,0,1,4,0,0,35,0,0,0,0,2,4,2,16
,2023-44603,39.71118407,-105.0039099,10/16/2023 6:52,6:52:00,3,0,0,W ALAMEDA AVE & S NAVAJO ST,1,1,0,0,1,1,0,0,20,0,0,0,0,0,2,2,13
,2023-44604,39.6530247,-104.9129332,10/16/2023 11:16,11:16:00,3,0,1,E HAMPDEN AVE & S MONACO ST,1,1,0,0,1,1,0,0,35,0,0,0,0,3,2,3,16
,2023-44607,39.7367288,-105.0028188,10/16/2023 12:54,12:54:00,12,0,0,MARIPOSA ST & W 13TH AVE,1,1,0,0,1,4,0,0,30,0,0,0,0,0,4,2,13
,2023-44612,39.7802245,-104.947621,10/16/2023 7:28,7:28:00,12,0,0,I-70 & N COOK ST,1,1,0,0,1,4,0,0,55,0,0,0,0,0,1,3,16
,2023-44613,39.6574459,-105.0282985,10/15/2023 22:13,22:13:00,6,0,0,W FLOYD AVE & S IRVING ST,1,3,0,0,1,4,0,0,25,0,0,0,0,0,4,2,16
,2023-44615,39.78438938,-105.0287386,9/21/2023 19:23,19:23:00,6,0,0, HOOKER ST & W 48TH AVE,1,3,0,0,1,4,0,0,25,0,0,0,0,0,4,2,16
,2023-44619,39.72570694,-104.998619,10/14/2023 14:10,14:10:00,12,0,0,W 6TH AVE & N SANTA FE DR,1,1,0,0,1,3,0,0,35,0,0,0,0,0,4,2,13
,2023-44620,39.66762743,-104.9130713,10/16/2023 11:28,11:28:00,15,0,0,E YALE AVE & S MONACO ST,1,1,0,0,1,3,0,0,35,0,0,0,0,0,4,2,7
,2023-44623,39.73999709,-104.9659556,10/5/2023 16:45,16:45:00,6,0,0,E COLFAX AVE & N WILLIAMS ST,1,1,0,0,1,4,0,0,30,0,0,0,0,0,2,3,1
,2023-44625,39.73513174,-104.9776002,10/15/2023 21:06,21:06:00,6,0,0, CLARKSON ST & E 12TH AVE,1,4,0,0,1,4,0,0,30,0,0,0,0,0,4,4,14
,2023-44627,39.72932999,-105.0251344,10/14/2023 2:31,2:31:00,15,0,0,W 6TH AVE & N FEDERAL BLVD,1,3,0,0,1,8,0,0,65,0,0,0,0,0,1,2,16