id,drcog_id,latitude,longitude,crashtime,time,crashtype,numbkilled,numbinjurd,drcoglocat,rdconditin,lightngcon,roadcntgrd,weatherco,location,roaddescrp,schoolzone,constrzone,splimit,bikeinv,pedinv,sctrinv,motoinv,svrty,rdsystem,ttlvehcls,hcf
,2023-44631,39.7005262,-104.9862863,10/15/2023 12:49,12:49:00,15,0,0,I-25 & S BROADWAY,1,1,0,0,1,4,0,0,,0,0,0,0,0,1,2,16
,2023-44632,39.69674824,-105.021554,10/14/2023 12:45,12:45:00,3,0,0, DALE CT & W MISSISSIPPI AVE,1,1,0,0,1,1,0,0,20,0,0,0,0,0,4,2,7
,2023-44635,39.73671084,-105.0028188,10/16/2023 8:10,8:10:00,15,0,0,MARIPOSA ST & W 13TH AVE,1,1,0,0,1,4,0,0,30,0,0,0,0,0,4,2,11
,2023-44637,39.72206322,-105.0242356,10/16/2023 11:19,11:19:00,6,0,0,W 4TH AVE & S FEDERAL BLVD,1,1,0,0,1,4,0,0,25,0,0,0,0,0,4,2,16
,2023-44638,39.65303398,-104.9091113,10/14/2023 17:10,17:10:00,3,0,0,E HAMPDEN AVE & S ONEIDA WY,1,2,0,0,1,1,0,0,35,0,0,0,0,0,2,2,13
,2023-44639,39.73205359,-104.9874029,7/21/2023 0:50,0:50:00,15,0,0, BROADWAY ST & E 10TH AVE,1,3,0,0,1,3,0,0,35,0,0,0,0,0,4,2,1
,2023-44643,39.73285552,-104.9597974,9/29/2023 9:23,9:23:00,12,0,0,YORK ST & E 10TH AVE,1,1,1,0,1,4,0,0,25,0,0,0,0,0,4,2,16
,2023-44645,39.76930036,-105.0252314,10/16/2023 14:00,14:00:00,12,0,0, FEDERAL BLVD & W 38TH AVE,1,1,0,0,1,3,0,0,,0,0,0,0,0,2,2,3
,2023-44646,39.69486989,-104.9797512,10/16/2023 8:09,8:09:00,12,0,1,I-25 & S WASHINGTON ST,1,1,0,0,1,4,0,0,55,0,0,0,0,1,1,2,1
,2023-44650,39.74321258,-104.9622363,10/13/2023 10:50,10:50:00,3,0,0, VINE ST & E 17TH AVE,1,1,0,0,1,1,0,0,30,0,0,0,0,0,4,2,1
,2023-44652,39.75634542,-105.0156328,10/15/2023 23:16,23:16:00,15,0,0, SPEER BLVD & N ZUNI ST,1,3,0,0,1,4,0,0,35,0,0,0,0,0,4,2,16
,2023-44655,39.72570812,-105.0001485,10/14/2023 11:50,11:50:00,12,0,0,W 6TH AVE & S KALAMATH ST,1,1,0,0,1,4,0,0,35,0,0,0,0,0,4,2,13
,2023-44661,39.74351229,-105.0161334,10/16/2023 12:01,12:01:00,12,0,0,I-25 & E 17TH AVE,1,1,1,0,1,4,0,0,55,0,0,0,0,0,1,2,1
,2023-44662,39.80444409,-104.7863698,10/16/2023 13:30,13:30:00,12,0,0,PENA BLVD & E 56TH AVE,1,1,0,0,1,4,0,0,65,0,0,0,0,0,4,2,1
,2023-44665,39.7780344,-104.9222928,10/16/2023 11:10,11:10:00,10,0,0,E 45TH SOUTH DR & N HOLLY ST,1,1,0,0,1,1,0,0,25,0,0,0,0,0,4,2,13
,2023-44668,39.75482913,-105.0532348,10/16/2023 14:12,14:12:00,3,0,1,W 26TH AVE & N SHERIDAN BLVD,1,1,0,0,6,1,0,0,30,0,0,0,1,2,2,2,7
,2023-44669,39.7849236,-104.9891368,10/16/2023 20:22,20:22:00,12,0,1,I-25 & W 48TH AVE,1,3,0,0,1,4,0,0,50,0,0,0,0,2,1,2,13
,2023-44674,39.78006117,-104.9411716,10/16/2023 9:42,9:42:00,15,0,0,I-70 & N COLORADO BLVD,1,1,0,0,1,4,0,0,55,0,0,0,0,0,1,2,11
,2023-44675,39.70766809,-105.0250817,10/16/2023 11:41,11:41:00,15,0,0, FEDERAL BLVD & W VIRGINIA AVE,1,1,0,0,1,4,0,0,40,0,0,0,0,0,2,2,3
,2023-44676,39.76778563,-104.9954407,10/13/2023 7:38,7:38:00,12,0,1,I-25 & PARK AVE W,1,1,0,0,1,4,0,0,55,0,0,0,0,1,1,2,16
,2023-44684,39.73036855,-105.0154176,10/15/2023 21:46,21:46:00,12,0,0,I-25 & W 8TH AVE,1,3,0,0,1,4,0,0,55,0,0,0,0,0,1,4,16
,2023-44686,39.7403387,-104.8987593,10/13/2023 13:35,13:35:00,3,0,1,SYRACUSE ST & E COLFAX AVE,1,1,0,0,1,2,0,0,25,0,0,0,0,1,4,2,11
,2023-44693,39.77657759,-105.0532488,10/14/2023 13:30,13:30:00,3,0,0,W 44TH AVE & N SHERIDAN BLVD,1,1,0,0,1,1,0,0,30,0,0,0,0,0,2,2,1
,2023-44695,39.75462821,-104.97695,9/14/2023 16:00,16:00:00,6,0,0, CLARKSON ST & E 26TH AVE,1,1,0,0,1,4,0,0,,0,0,0,0,0,4,2,16
,2023-44696,39.71154145,-104.9828384,10/15/2023 20:55,20:55:00,6,0,1, LOGAN ST & E ALAMEDA AVE,1,4,0,0,1,4,0,0,30,0,0,0,0,2,4,2,13
,2023-44705,39.78015351,-104.9856101,10/14/2023 13:37,13:37:00,15,0,0,I-70 WB OFF RAMP & I-25 NB,1,1,0,0,1,8,0,0,50,0,0,0,0,0,1,2,13
,2023-44706,39.75361476,-105.0254591,10/13/2023 12:18,12:18:00,15,0,0,W 25TH AVE & N FEDERAL BLVD,1,1,0,0,1,4,0,0,25,0,0,0,0,0,4,2,16
,2023-44707,39.74273933,-105.0299347,10/6/2023 20:40,20:40:00,12,0,0,W 16TH AVE & N IRVING ST,1,3,0,0,1,4,0,0,,0,0,0,0,0,4,2,16
,2023-44727,39.7932432,-104.8390693,9/29/2023 15:21,15:21:00,3,0,0, TULSA WAY & E 55TH AVE,1,1,0,0,1,1,0,0,20,0,0,0,0,0,4,2,16
,2023-44728,39.69672615,-105.0071879,10/11/2023 19:52,19:52:00,11,0,1,W MISSISSIPPI AVE & S QUIVAS ST,11,3,0,1,1,4,0,0,0,0,1,0,0,3,4,1,16
,2023-44773,39.7440942,-104.993205,10/13/2023 18:25,18:25:00,11,0,1,15TH ST & STOUT ST,1,5,0,0,1,9,0,0,,0,1,0,0,1,4,1,16
,2023-44775,39.70769695,-104.8804373,10/15/2023 16:35,16:35:00,9,0,1,E ALAMEDA AVE & S CLINTON ST,1,1,0,0,3,4,0,0,40,0,0,0,0,3,4,1,16
,2023-44776,39.78363784,-104.7904896,10/18/2023 6:50,6:50:00,1,0,1,E GREEN VALLEY RANCH BLVD & N PENA BLVD,1,1,0,0,1,1,0,0,35,0,0,0,0,2,4,2,1
,2023-44783,39.83375308,-104.7468585,10/16/2023 19:20,19:20:00,12,0,1,E-470 & PENA BLVD,1,3,0,0,1,1,0,0,65,0,0,0,0,3,2,2,1
,2023-44784,39.68757246,-104.9919298,10/18/2023 16:38,16:38:00,1,0,2,W IOWA AVE & S SANTA FE DR,1,1,0,0,1,1,0,0,55,0,0,0,0,2,2,2,16
,2023-44788,39.77855253,-104.922293,10/18/2023 8:05,8:05:00,12,0,0,I-70 & N HOLLY ST,1,1,0,0,1,4,0,0,55,0,0,0,0,0,1,2,1
,2023-44790,39.74034771,-104.9034567,10/18/2023 12:47,12:47:00,15,0,0, QUEBEC ST & E COLFAX AVE,1,1,0,0,1,4,0,0,,0,0,0,0,0,4,2,16
,2023-44791,39.71702315,-104.8955712,10/18/2023 8:15,8:15:00,12,0,0,E FAIRMOUNT DR & E LOWRY BLVD,1,1,3,0,1,3,0,0,15,0,0,0,0,0,4,3,16
,2023-44797,39.63329384,-104.906389,10/18/2023 15:32,15:32:00,12,0,2,I-25 & I-225,1,1,0,0,1,4,0,0,65,0,0,0,0,1,1,2,13
,2023-44800,39.71310222,-104.9222914,10/3/2023 14:45,14:45:00,3,0,0,E CEDAR AVE & S HOLLY ST,1,1,0,0,1,1,0,0,30,0,0,0,0,0,4,2,16
,2023-44802,39.74007461,-104.9124339,10/18/2023 6:40,6:40:00,12,0,0, MONACO ST PKWY & E COLFAX AVE,1,1,0,0,1,1,0,0,35,0,0,0,0,0,2,2,13
,2023-44805,39.77526699,-104.8594937,10/18/2023 7:50,7:50:00,15,0,0,I-70 & N HAVANA ST,1,1,1,0,1,4,0,0,55,0,0,0,0,0,1,2,8
,2023-44810,39.75575778,-104.9889473,10/18/2023 16:55,16:55:00,12,0,0,PARK AVE W & LARIMER ST,1,1,0,0,1,1,0,0,35,0,0,0,0,0,4,2,11
,2023-44811,39.7344161,-105.0151525,10/5/2023 14:04,14:04:00,15,0,0,I-25 & W COLFAX AVE,1,3,0,0,1,8,0,0,,0,0,0,0,0,1,2,16
,2023-44812,39.74744253,-104.898761,10/18/2023 15:06,15:06:00,12,0,0,E MONTVIEW BLVD & N SYRACUSE ST,1,1,3,7,1,3,0,0,35,0,0,0,0,0,4,2,13
,2023-44817,39.73314654,-105.0155233,8/21/2023 14:27,14:27:00,12,0,0,I-25 & W COLFAX AVE,1,1,0,0,1,4,0,0,55,0,0,0,0,0,1,2,13
,2023-44823,39.73313768,-105.0155248,8/21/2023 14:27,14:27:00,12,0,0,I-25 & W COLFAX AVE,1,1,0,0,1,4,0,0,55,0,0,0,0,0,1,2,16
,2023-44824,39.78195791,-104.9541184,7/22/2023 17:11,17:11:00,5,0,1,4701  CLAYTON ST & E 47TH AVE,1,1,0,0,2,3,0,0,30,0,0,0,0,1,4,1,1
,2023-44826,39.79628523,-104.8471652,9/22/2023 1:57,1:57:00,9,0,0, PEORIA ST & E 55TH AVE,1,3,0,0,6,1,0,0,40,0,0,0,0,0,4,1,16
,2023-44827,39.8354907,-104.6686031,10/18/2023 16:24,16:24:00,12,0,0, HARRY  COMBS PKWY & N UNDERGROVE ST,1,1,0,0,1,1,0,0,45,0,0,0,0,1,4,2,3
,2023-44838,39.79823833,-104.8471929,10/18/2023 12:20,12:20:00,12,0,0,E 56TH AVE & N PEORIA ST,1,1,0,0,1,1,0,0,30,0,0,0,0,0,4,2,16
,2023-44844,39.77968321,-104.9282998,10/17/2023 16:01,16:01:00,12,0,3,I-70 & N DAHLIA ST,1,2,0,0,1,4,0,0,55,0,0,0,0,1,1,3,16
,2023-44845,39.82728651,-104.7718515,10/18/2023 16:45,16:45:00,15,0,0,TOWER RD & PENA BLVD,1,1,1,0,1,4,0,0,45,0,0,0,0,0,4,2,11
,2023-44854,39.72571713,-105.0001487,10/18/2023 12:37,12:37:00,3,0,1, KALAMATH ST & W 6TH AVE,1,1,0,0,1,1,0,0,35,0,0,0,0,1,4,3,3
,2023-44856,39.73772662,-105.0393101,10/18/2023 7:55,7:55:00,6,0,0,PERRY ST & W 14TH AVE,1,1,0,0,1,4,0,0,30,0,0,0,0,0,4,2,3
,2023-44868,39.7400154,-104.9964624,10/18/2023 9:43,9:43:00,3,0,0,W COLFAX AVE & N GALAPAGO ST,1,1,0,0,1,1,0,0,30,0,0,0,0,0,2,2,13
,2023-44869,39.67915108,-105.053268,10/18/2023 8:17,8:17:00,12,0,2, SHERIDAN BLVD & W EVANS AVE,1,1,0,0,1,1,0,0,40,0,0,0,0,1,2,2,3
,2023-44870,39.68933109,-104.9500409,9/21/2023 18:55,18:55:00,3,0,0, STEELE ST & E FLORIDA AVE,1,1,0,0,1,1,0,0,30,0,0,0,0,0,4,3,1
,2023-44879,39.76030133,-105.0053789,10/17/2023 16:44,16:44:00,12,0,0,I-25 & W 20TH ST,1,1,0,0,1,4,0,0,55,0,0,0,0,0,1,2,13
,2023-44880,39.7834788,-105.0113099,10/14/2023 16:48,16:48:00,12,0,0,I-70 & N PECOS ST WB OFF RAMP EXT MERGE PT,1,1,0,0,1,4,0,0,55,0,0,0,0,0,1,2,16
,2023-44881,39.63066904,-104.9050698,10/18/2023 13:44,13:44:00,12,0,1,I-25 & I-225 NB DIRECT CONNECT,1,1,0,0,1,4,0,0,45,0,0,0,0,1,1,2,13
,2023-44883,39.72888913,-105.0149112,10/17/2023 11:48,11:48:00,12,0,0,I-25 & W 8TH AVE,1,1,0,0,1,4,0,0,55,0,0,0,0,0,1,2,13
,2023-44886,39.77963746,-104.9790307,10/18/2023 11:40,11:40:00,12,0,0,I-70 & N WASHINGTON ST,1,1,0,0,1,4,0,0,55,0,0,0,0,0,1,2,13
,2023-44894,39.74745802,-104.8940267,10/18/2023 8:30,8:30:00,3,0,0,E MONTVIEW BLVD & N ULSTER ST,1,1,0,0,1,1,0,0,25,0,0,0,0,1,4,2,16
,2023-44911,39.68953895,-105.0532505,10/17/2023 19:53,19:53:00,1,0,1, SHERIDAN BLVD & W FLORIDA AVE,1,3,0,0,1,1,0,0,35,0,0,0,0,3,2,3,10
,2023-44912,39.7557614,-104.9093722,10/15/2023 21:03,21:03:00,6,0,1,NEWPORT ST & E 28TH AVE,1,3,0,0,1,4,0,0,20,0,0,0,0,2,4,3,16
,2023-44915,39.72922018,-104.9360124,9/20/2023 18:00,18:00:00,10,0,1, BIRCH ST & E 8TH AVE,1,1,0,0,1,3,0,0,25,0,0,0,0,1,4,2,16
,2023-44927,39.76939409,-105.0299693,10/18/2023 15:39,15:39:00,3,0,0, IRVING ST & W 38TH AVE,1,1,0,0,1,1,0,0,30,0,0,0,0,0,4,2,13
,2023-44934,39.77513626,-104.9782415,10/8/2023 4:42,4:42:00,5,0,0,38TH ST & ARKINS CT,1,3,0,0,4,1,0,0,,0,0,0,0,0,4,1,16
,2023-44936,39.66346199,-104.9406045,9/25/2023 12:57,12:57:00,11,0,1,E CORNELL AVE & S COLORADO BLVD,1,1,0,0,1,1,0,0,40,0,0,1,0,3,2,1,11
,2023-44948,39.71118387,-104.9923866,10/18/2023 8:41,8:41:00,3,0,2,W ALAMEDA AVE & S CHEROKEE ST,1,1,0,0,1,1,0,0,30,0,0,0,0,1,4,2,11
,2023-44968,39.70222677,-105.0275174,10/21/2023 16:14,16:14:00,3,0,0,W OHIO AVE & S HAZEL CT,1,1,0,0,1,1,0,0,25,0,0,0,0,0,4,2,14
,2023-44973,39.76741708,-105.0299355,10/22/2023 10:55,10:55:00,3,0,0,W 37TH AVE & N IRVING ST,1,1,1,0,1,1,0,0,25,0,0,0,0,0,4,2,11
,2023-44988,39.70659777,-104.9965101,10/22/2023 6:07,6:07:00,5,0,0,I-25 & W ALAMEDA AVE,1,2,0,0,2,4,0,0,55,0,0,0,0,0,1,1,14
,2023-44991,39.68230499,-105.0203666,10/20/2023 18:14,18:14:00,3,0,0, CLAY ST & W JEWELL AVE,1,1,0,0,1,1,0,0,35,0,0,0,0,1,4,2,13
,2023-44994,39.66772831,-105.025111,10/17/2023 19:41,19:41:00,12,0,4, FEDERAL BLVD & W YALE AVE,1,3,0,0,1,3,0,0,40,0,0,0,0,3,2,3,16
,2023-45005,39.63638901,-105.0347204,10/17/2023 8:33,8:33:00,12,0,0, LOWELL BLVD & W RADCLIFF AVE,1,1,0,0,1,4,0,0,25,0,0,0,0,0,4,2,16
,2023-45007,39.76962295,-104.8473708,10/21/2023 20:27,20:27:00,12,0,0, PEORIA ST & E 38TH AVE,1,3,0,0,1,3,0,0,35,0,0,0,0,0,4,2,13
,2023-45011,39.7442136,-105.0171394,10/21/2023 16:49,16:49:00,12,0,0,I-25 & N SPEER BLVD,1,1,0,0,1,4,0,0,55,0,0,0,0,0,1,2,13
,2023-45014,39.7384227,-104.9741425,10/22/2023 2:06,2:06:00,3,0,0,E 14TH AVE & N CORONA ST,1,3,0,0,1,1,0,0,,0,0,0,0,0,4,2,16
,2023-45016,39.78956892,-104.9619261,10/21/2023 23:39,23:39:00,16,0,0,5130  BRIGHTON BLVD & N BRIGHTON BLVD,1,3,0,0,5,7,0,0,10,0,0,0,0,0,3,2,6
,2023-45017,39.6763508,-104.9940866,10/21/2023 20:30,20:30:00,5,0,1, SANTA FE DR & E EVANS AVE,1,3,0,0,2,4,0,0,45,0,0,0,0,3,2,1,16
,2023-45018,39.68278764,-104.9594252,10/18/2023 6:24,6:24:00,11,0,1,E BUCHTEL BLVD & S UNIVERSITY BLVD,1,3,0,0,1,1,0,0,0,0,0,1,0,1,4,1,16
,2023-45027,39.74040335,-105.0236012,10/12/2023 16:04,16:04:00,10,0,0,W COLFAX AVE & N ELIOT ST,1,1,0,0,1,3,0,0,30,0,0,0,0,0,2,2,13
,2023-45032,39.75967212,-105.0018742,10/21/2023 17:37,17:37:00,12,0,0,20TH ST & LITTLE RAVEN ST,1,2,1,0,1,8,0,0,15,0,0,0,0,1,4,2,16
,2023-45036,39.8129259,-104.7626056,10/21/2023 23:18,23:18:00,3,0,0,E 64TH AVE & N DUNKIRK ST,1,3,0,0,1,3,0,0,25,0,0,0,0,1,4,2,1
,2023-45040,39.75967152,-105.0017782,10/21/2023 16:41,16:41:00,1,0,0,20TH ST & LITTLE RAVEN ST,1,1,2,0,1,3,0,0,40,0,0,0,0,1,4,2,16
,2023-45046,39.72570812,-105.0001485,10/21/2023 20:23,20:23:00,3,0,0,W 6TH AVE & N KALAMATH ST,1,3,0,0,1,3,0,0,45,0,0,0,0,1,4,3,10
,2023-45050,39.65178,-105.0530904,10/20/2023 17:09,17:09:00,1,0,0, SHERIDAN BLVD & W HAMPDEN AVE S FRTG RD,1,1,0,0,1,1,0,0,25,0,0,0,0,0,2,2,11
,2023-45056,39.7912447,-104.7884225,10/22/2023 13:38,13:38:00,12,0,0,5100 PENA BLVD,1,1,0,0,1,4,0,0,65,0,0,0,0,0,4,2,7
,2023-45063,39.7269263,-104.9406275,10/17/2023 13:00,13:00:00,6,0,0, COLORADO BLVD & E 7TH AVE,1,4,0,0,1,4,0,0,35,0,0,0,0,0,2,2,1
,2023-45071,39.76290193,-105.0022311,10/22/2023 6:57,6:57:00,15,0,1,I-25 & 20TH ST,1,4,0,0,1,4,0,0,55,0,0,0,0,1,2,2,16
,2023-45077,39.62374164,-104.9013794,10/21/2023 18:39,18:39:00,15,0,0,I-25 & E BELLEVIEW AVE,1,3,0,0,1,4,0,0,60,0,0,0,0,0,1,2,11
,2023-45079,39.71113503,-105.017949,10/22/2023 5:13,5:13:00,5,0,0, BRYANT ST & W ALAMEDA AVE,1,3,0,0,2,4,0,0,35,0,0,0,0,0,2,1,14
,2023-45087,39.76911591,-104.9952965,10/22/2023 0:29,0:29:00,1,0,0,W 38TH AVE & N FOX ST,1,3,0,0,1,1,0,0,35,0,0,0,0,0,4,2,7
,2023-45090,39.76945421,-105.0381555,10/17/2023 15:59,15:59:00,3,0,5, OSCEOLA ST & W 38TH AVE,1,1,0,0,1,1,0,0,25,0,0,0,0,2,4,4,16
,2023-45091,39.77869001,-104.8632166,10/18/2023 15:49,15:49:00,12,0,0,E 45TH AVE & N IRONTON ST,1,1,0,0,1,4,0,0,30,0,0,0,0,0,4,2,16
,2023-45105,39.72889667,-104.9986111,10/18/2023 15:46,15:46:00,11,0,1, SANTA FE DR & W 8TH AVE,1,1,0,0,1,1,0,0,35,0,1,0,0,3,4,1,3
,2023-45141,39.62945553,-104.9047028,10/15/2023 17:14,17:14:00,5,0,4,I-25 & I-225 NB RAMP EXT,1,1,1,0,3,8,0,0,65,0,0,0,0,3,1,2,11
,2023-45156,39.79838313,-104.7721172,10/22/2023 14:37,14:37:00,1,0,0, TOWER RD & E 56TH AVE,1,1,0,0,1,1,0,0,45,0,0,0,0,0,4,2,10
,2023-45157,39.79086145,-104.9602526,10/22/2023 1:35,1:35:00,16,0,0,5190  BRIGHTON BLVD & E 51ST AVE,1,3,0,0,5,7,0,0,35,0,0,0,0,0,3,3,16
,2023-45160,39.71120743,-104.9991448,10/22/2023 18:45,18:45:00,12,0,0,I-25 & W ALAMEDA AVE,1,3,3,0,1,4,0,0,55,0,0,0,0,0,2,3,11
,2023-45166,39.72891326,-104.9954248,8/21/2023 20:14,20:14:00,12,0,1,W 8TH AVE & FOX ST,1,2,0,0,1,4,0,0,30,0,0,0,0,2,4,2,1
,2023-45167,39.72563036,-104.9801449,10/21/2023 16:50,16:50:00,15,0,0,E 6TH AVE & N PEARL ST,1,1,0,0,1,4,0,0,35,0,0,0,0,0,4,2,13
,2023-45170,39.69660087,-104.9340271,10/10/2023 20:57,20:57:00,1,0,1, CHERRY ST & E MISSISSIPPI AVE,1,3,0,0,1,1,0,0,25,0,0,0,1,3,4,2,10
,2023-45173,39.73828667,-104.9406203,10/7/2023 16:59,16:59:00,1,0,1,E 14TH AVE & N COLORADO BLVD,1,1,0,0,1,1,0,0,35,0,0,0,0,2,2,2,16
,2023-45174,39.79167436,-104.9592012,10/23/2023 14:40,14:40:00,12,0,0,YORK ST & BRIGHTON BLVD,1,1,0,0,1,1,0,0,25,0,0,0,1,0,4,2,1
,2023-45178,39.69568819,-104.9806933,10/20/2023 15:23,15:23:00,12,0,2,I-25 & S LOGAN ST,1,1,0,0,1,4,0,0,55,0,0,0,0,1,1,2,2
,2023-45179,39.79467003,-104.8287957,10/22/2023 20:45,20:45:00,6,0,0, YOST CT & E MAXWELL PL,1,3,0,0,1,4,0,0,20,0,0,0,0,0,4,4,10
,2023-45184,39.7621267,-105.0111858,10/23/2023 5:18,5:18:00,12,0,0, TEJON ST & W 32ND AVE,1,3,0,0,1,4,0,0,30,0,0,0,0,0,4,2,16
,2023-45185,39.67489364,-104.9899528,9/9/2023 9:00,9:00:00,5,0,0,W ILIFF AVE & S BANNOCK ST,1,1,0,0,3,1,0,0,30,0,0,0,0,0,4,1,1
,2023-45201,39.74139969,-104.9988497,10/22/2023 12:15,12:15:00,3,0,0,STOUT ST & N SPEER BLVD,1,1,0,0,1,1,0,0,35,0,0,0,0,0,4,2,1
,2023-45208,39.73111764,-105.0156714,10/20/2023 17:57,17:57:00,15,0,0,I-25 & 8TH ST SB OFF RAMP MERGE PT,1,1,1,0,1,4,0,0,55,0,0,0,0,0,1,2,13
,2023-45215,39.70932001,-105.0230206,10/18/2023 22:40,22:40:00,6,0,0,W DAKOTA AVE & S DECATUR ST,1,4,0,0,1,3,0,0,25,0,0,0,0,0,4,2,16
,2023-45220,39.69128193,-105.0266798,10/22/2023 21:23,21:23:00,6,0,0,W ARKANSAS AVE & S FEDERAL BLVD,1,3,0,0,1,4,0,0,,0,0,0,0,0,4,2,16
,2023-45221,39.73284733,-104.8846976,10/23/2023 14:14,14:14:00,3,0,0,E 11TH AVE & N YOSEMITE ST,1,1,0,0,1,1,0,0,30,0,0,0,0,0,4,2,13
,2023-45223,39.77209954,-104.9900342,10/23/2023 6:45,6:45:00,15,0,0,I-25 & I-70 WB,1,2,0,0,1,4,0,0,55,0,0,0,0,0,1,2,11
,2023-45225,39.65305244,-104.9362965,10/23/2023 16:55,16:55:00,3,0,2,E HAMPDEN AVE & S BIRCH ST,1,1,1,0,1,1,0,0,25,0,0,0,0,2,2,3,10
,2023-45226,39.66122253,-105.0672853,10/22/2023 22:18,22:18:00,12,0,0, LAMAR ST & W BATES AVE,1,3,0,0,1,4,0,0,25,0,0,0,0,0,4,2,6
,2023-45234,39.72570812,-105.0001485,10/23/2023 17:03,17:03:00,12,0,0,W 6TH AVE & N KALAMATH ST,1,1,0,0,1,3,0,0,35,0,0,0,0,0,4,3,1
,2023-45235,39.65427989,-105.053291,10/14/2023 0:59,0:59:00,5,0,4, SHERIDAN BLVD & W HAMPDEN AVE EB RAMPS,1,3,0,0,2,4,0,0,40,0,0,0,0,3,2,1,14
,2023-45236,39.71817784,-104.95932,10/18/2023 18:00,18:00:00,11,0,0, UNIVERSITY BLVD & E 1ST AVE,1,1,3,0,1,1,0,0,35,0,0,1,0,0,4,1,16
,2023-45239,39.70411701,-105.0428554,10/19/2023 10:00,10:00:00,10,0,1,MORRISON RD & S STUART ST,1,1,0,0,1,2,0,0,30,0,0,0,0,1,4,2,16
,2023-45241,39.68753334,-104.9687275,10/19/2023 22:46,22:46:00,5,0,0,I-25 & S FRANKLIN ST,1,3,0,0,2,4,0,0,55,0,0,0,0,0,1,1,14
,2023-45248,39.78049252,-104.9548231,10/23/2023 9:45,9:45:00,12,0,0,I-70 & N BRIGHTON BLVD,1,1,0,0,1,4,0,0,55,0,0,0,0,0,1,2,1
,2023-45256,39.83202107,-104.7762096,10/22/2023 15:20,15:20:00,12,0,0,PENA BLVD & N TOWER RD,1,1,0,0,1,4,0,0,65,0,0,0,0,0,4,2,16
,2023-45258,39.6785428,-104.959393,10/19/2023 11:17,11:17:00,6,0,0, UNIVERSITY BLVD & E EVANS AVE,1,1,0,0,1,4,0,0,35,0,0,0,0,0,4,2,11
,2023-45259,39.71115298,-105.0348965,10/23/2023 8:49,8:49:00,2,0,1,W ALAMEDA AVE & S LOWELL BLVD,1,1,0,0,1,1,0,0,20,1,0,0,0,2,2,1,13
,2023-45261,39.79838492,-104.7863906,10/22/2023 21:56,21:56:00,12,0,0,E 56TH AVE & N PENA BLVD,1,3,0,0,1,1,0,0,35,0,0,0,0,0,4,3,14
,2023-45262,39.75484543,-105.0107548,8/2/2023 22:39,22:39:00,15,0,0,I-25 NB ON RAMP & N SPEER BLVD,1,3,0,0,1,8,0,0,55,0,0,0,0,0,1,2,7
,2023-45263,39.75025865,-104.8950111,10/22/2023 9:51,9:51:00,6,0,1,E 22ND PL & N TAMARAC ST,1,1,0,0,6,1,0,0,25,0,0,0,0,1,4,2,14
,2023-45264,39.67842132,-104.9344348,10/20/2023 6:53,6:53:00,2,0,1,E EVANS AVE & I-25 SB RAMPS,1,2,0,0,1,1,0,0,0,1,0,0,0,1,4,1,16
,2023-45265,39.71299997,-104.999963,10/23/2023 15:07,15:07:00,15,0,0,I-25 & S SANTA FE DR,1,1,0,0,1,4,0,0,65,0,0,0,0,0,1,2,16
,2023-45268,39.72932999,-105.0251344,10/23/2023 18:17,18:17:00,12,0,0,W 6TH AVE & N FEDERAL BLVD,1,1,0,0,1,4,0,0,65,0,0,0,0,0,2,2,1
,2023-45269,39.69496306,-105.0532278,10/5/2023 19:38,19:38:00,12,0,0, SHERIDAN BLVD & W ARIZONA AVE,1,2,0,0,1,1,0,0,35,0,0,0,0,0,2,2,16
,2023-45270,39.73792397,-105.0393103,10/22/2023 21:48,21:48:00,5,0,1,1356  PERRY ST & W 14TH AVE,1,4,0,0,2,4,0,0,25,0,0,0,0,2,4,1,16
,2023-45271,39.74015904,-104.953,10/13/2023 16:12,16:12:00,2,0,1,E COLFAX AVE & N FILLMORE ST,1,1,3,0,1,1,0,0,30,1,0,0,0,2,2,1,13
,2023-45274,39.77046884,-104.9916647,10/19/2023 6:50,6:50:00,12,0,0,I-25 & PARK AVE W,1,1,0,0,1,4,0,0,55,0,0,0,0,0,1,2,16
,2023-45275,39.72025555,-105.022779,8/16/2023 8:55,8:55:00,3,0,2, DECATUR ST & W 2ND AVE,1,1,0,0,1,1,0,0,,0,0,0,0,2,4,2,16
,2023-45277,39.72133967,-105.0085062,10/19/2023 13:17,13:17:00,12,0,0,I-25 & NB OFF RAMP MERGE PT TO W 6TH AVE,1,1,0,0,1,4,0,0,45,0,0,0,0,0,1,3,13
,2023-45278,39.76112035,-105.004851,10/20/2023 16:22,16:22:00,12,0,0,I-25 & W 20TH ST,1,1,0,0,1,4,0,0,55,0,0,0,0,0,1,2,13
,2023-45282,39.72570812,-105.0001485,10/4/2023 23:25,23:25:00,12,0,0,W 6TH AVE & N KALAMATH ST,1,3,0,0,1,3,0,0,35,0,0,0,0,0,4,2,16
,2023-45283,39.77823509,-104.8979998,10/23/2023 6:38,6:38:00,12,0,0,I-70 & I-270 OVERPASS,1,1,1,0,1,4,0,0,55,0,0,0,0,0,1,2,16