id,drcog_id,latitude,longitude,crashtime,time,crashtype,numbkilled,numbinjurd,drcoglocat,rdconditin,lightngcon,roadcntgrd,weatherco,location,roaddescrp,schoolzone,constrzone,splimit,bikeinv,pedinv,sctrinv,motoinv,svrty,rdsystem,ttlvehcls,hcf
,2023-45284,39.7368717,-104.9707033,10/22/2023 16:09,16:09:00,3,0,0,E 13TH AVE & N LAFAYETTE ST,1,1,0,0,1,1,0,0,25,0,0,0,0,0,4,2,11
,2023-45286,39.74018221,-104.998143,10/23/2023 2:45,2:45:00,12,0,0,W COLFAX AVE & N SPEER BLVD,1,3,0,0,1,3,0,0,30,0,0,0,0,0,2,2,16
,2023-45287,39.77312058,-105.0374438,10/22/2023 22:52,22:52:00,6,0,1,W 41ST AVE & N NEWTON ST,1,4,0,0,1,4,0,0,25,0,0,0,0,2,4,2,16
,2023-45290,39.75108088,-104.9950166,10/19/2023 15:10,15:10:00,11,0,1,18TH ST & LARIMER ST,1,1,0,0,1,1,0,0,35,0,1,0,0,2,4,1,11
,2023-45297,39.74006919,-104.8987593,10/14/2023 7:00,7:00:00,6,0,0, SYRACUSE ST & E COLFAX AVE,1,1,0,0,1,4,0,0,35,0,0,0,0,0,2,2,16
,2023-45298,39.65624174,-105.0532235,10/22/2023 11:50,11:50:00,12,0,0, SHERIDAN BLVD & W HAMPDEN AVE,1,1,0,0,1,4,0,0,35,0,0,0,0,0,2,2,13
,2023-45300,39.67915108,-105.053268,10/23/2023 0:21,0:21:00,12,0,0, SHERIDAN BLVD & W EVANS AVE,1,3,0,0,1,1,0,0,35,0,0,0,0,0,2,2,14
,2023-45302,39.77518764,-104.986581,10/20/2023 13:20,13:20:00,6,0,0,E 43RD AVE & N LINCOLN ST,1,1,0,0,1,4,0,0,25,0,0,0,0,0,4,2,16
,2023-45303,39.78250629,-105.0064354,10/23/2023 18:25,18:25:00,12,0,0,PECOS ST & W 47TH AVE,1,2,0,0,1,4,0,0,15,0,0,0,0,0,4,2,8
,2023-45304,39.68950083,-105.0250605,10/22/2023 21:19,21:19:00,1,0,1, FEDERAL BLVD & W FLORIDA AVE,1,3,3,0,1,1,0,0,35,0,0,0,0,2,2,2,8
,2023-45305,39.77640639,-104.9582549,10/16/2023 14:26,14:26:00,11,0,1,E 43RD AVE & N JOSEPHINE ST,1,1,0,0,1,1,0,0,0,0,0,1,0,2,4,1,16
,2023-45308,39.74478052,-104.9962027,10/4/2023 0:48,0:48:00,6,0,1,CHAMPA ST & 14TH ST,1,3,0,0,1,4,0,0,30,0,0,0,1,3,4,2,7
,2023-45310,39.74022484,-104.8844849,10/23/2023 10:25,10:25:00,1,0,0,E COLFAX AVE & N YOSEMITE ST,1,1,0,0,1,1,0,0,35,0,0,0,0,0,2,2,13
,2023-45312,39.68396497,-104.9663775,10/20/2023 22:00,22:00:00,12,0,0, WILLIAMS ST & E COLORADO AVE,1,3,0,0,1,3,0,0,25,0,0,0,0,0,2,2,13
,2023-45313,39.7437939,-104.9020937,9/20/2023 17:08,17:08:00,15,0,0,E 17TH AVE & N QUINCE ST,1,1,0,0,1,4,0,0,30,0,0,0,0,0,4,2,1
,2023-45314,39.7976619,-104.8471766,10/23/2023 6:30,6:30:00,12,0,0, PEORIA ST & E 56TH AVE,1,1,0,0,1,4,0,0,35,0,0,0,0,0,4,2,2
,2023-45315,39.74001156,-104.9707582,10/17/2023 15:20,15:20:00,2,0,1,E COLFAX AVE & N LAFAYETTE ST,1,1,0,0,1,1,0,0,0,1,0,0,0,2,2,1,16
,2023-45316,39.64439994,-104.9205284,9/30/2023 3:15,3:15:00,5,0,0, IVY WAY & E HAPPY CANYON RD,1,4,0,0,2,3,0,0,25,0,0,0,0,0,4,1,16
,2023-45318,39.74020372,-105.0052133,10/23/2023 11:55,11:55:00,1,0,0,W COLFAX AVE & N OSAGE ST,1,1,1,0,1,1,0,0,40,0,0,0,0,0,2,2,11
,2023-45320,39.74000364,-104.9753681,10/22/2023 21:06,21:06:00,12,0,0,E COLFAX AVE & N OGDEN ST,1,3,0,0,1,3,0,0,30,0,0,0,0,0,2,2,16
,2023-45325,39.75517209,-105.0130454,10/16/2023 19:21,19:21:00,12,0,0,I-25 & W SPEER BLVD,1,3,0,0,1,4,0,0,55,0,0,0,0,0,1,3,13
,2023-45326,39.66694908,-105.0162345,10/23/2023 7:19,7:19:00,6,0,0,W YALE AVE & S ZUNI ST,1,1,0,0,1,4,0,0,25,0,0,0,0,0,4,2,1
,2023-45327,39.67665189,-104.9035917,10/23/2023 10:30,10:30:00,12,0,0, QUEBEC ST & E EVANS AVE,1,1,1,0,1,3,0,0,30,0,0,0,0,0,4,2,3
,2023-45329,39.70766809,-105.0250817,10/22/2023 13:35,13:35:00,1,0,1, FEDERAL BLVD & W VIRGINIA AVE,1,1,0,0,1,1,0,0,35,0,0,0,0,1,2,2,16
,2023-45332,39.68954367,-105.0522913,10/22/2023 8:43,8:43:00,15,0,0,W FLORIDA AVE & S ZENOBIA ST,1,1,0,0,1,2,0,0,30,0,0,0,0,0,4,2,13
,2023-45430,39.79637429,-104.7999032,10/25/2023 7:15,7:15:00,6,0,0,E MAXWELL PL & N LAREDO ST,1,1,0,4,1,1,0,0,20,0,0,0,0,0,4,4,3
,2023-45435,39.71780023,-104.9593184,10/24/2023 22:38,22:38:00,5,0,1, UNIVERSITY BLVD & E 1ST AVE,1,4,0,0,6,3,0,0,30,0,0,0,0,1,4,1,3
,2023-45437,39.83003402,-104.7798007,10/25/2023 7:13,7:13:00,12,0,0,PENA BLVD & N TOWER RD,1,1,0,4,1,4,0,0,65,0,0,0,0,0,4,3,1
,2023-45442,39.69669735,-104.8984683,10/25/2023 8:46,8:46:00,15,0,1, PARKER RD & E MISSISSIPPI AVE,1,1,1,0,1,4,0,0,35,0,0,0,0,1,2,2,11
,2023-45443,39.7691924,-104.9932572,10/23/2023 16:28,16:28:00,12,0,1,I-25 & PARK AVE W,1,1,0,0,1,4,0,0,55,0,0,0,0,2,1,2,10
,2023-45446,39.76538809,-104.902606,10/25/2023 14:11,14:11:00,10,0,1, QUEBEC ST & E 35TH AVE,1,1,0,0,1,1,0,0,35,0,0,0,0,2,4,2,7
,2023-45447,39.78362642,-104.7776435,10/25/2023 8:14,8:14:00,15,0,0,E GREEN VALLEY RANCH BLVD & N WALDEN ST,1,1,0,0,1,3,1,0,25,0,0,0,0,0,4,2,1
,2023-45448,39.77570999,-104.8667488,10/25/2023 7:32,7:32:00,12,0,0,I-70 & N HAVANA ST,1,1,1,0,1,4,0,0,55,0,0,0,0,0,1,2,13
,2023-45449,39.77388478,-104.8456377,10/25/2023 11:51,11:51:00,12,0,0,I-70 & N PEORIA ST,1,1,1,0,1,4,0,0,55,0,0,0,0,0,1,2,10
,2023-45451,39.73103647,-104.9351805,10/25/2023 14:15,14:15:00,11,0,1,E 9TH AVE & N CLERMONT ST,1,1,0,0,1,1,0,0,25,0,1,0,0,1,4,1,13
,2023-45452,39.7754079,-105.0029562,10/25/2023 7:38,7:38:00,6,0,0,MARIPOSA ST & W 43RD AVE,1,1,0,0,1,4,0,0,20,0,0,0,0,0,4,2,13
,2023-45453,39.73896997,-104.8846553,10/24/2023 23:43,23:43:00,6,0,0, YOSEMITE ST & E 14TH AVE,1,3,0,0,1,4,0,0,30,0,0,0,0,0,4,2,11
,2023-45454,39.73205734,-104.9888401,10/24/2023 14:40,14:40:00,3,0,0,W 10TH AVE & N ACOMA,1,1,0,0,1,9,0,0,35,0,0,0,0,0,4,2,11
,2023-45460,39.78026055,-104.9349971,10/23/2023 8:52,8:52:00,15,0,0,I-70 WB ON RAMP FROM DAHLIA ST & N COLORADO BLVD,1,1,1,7,1,8,0,0,55,0,0,0,0,0,1,2,11
,2023-45463,39.77386231,-104.9498195,10/15/2023 9:15,9:15:00,3,0,0,E 41ST AVE & N STEELE ST,1,1,0,0,1,1,0,0,,0,0,0,0,0,4,2,16
,2023-45484,39.67484265,-104.9593928,10/25/2023 11:30,11:30:00,15,0,0,E ILIFF AVE & S UNIVERSITY BLVD,1,1,0,0,1,3,0,0,25,0,0,0,0,0,4,2,16
,2023-45487,39.78432833,-105.0252098,10/25/2023 10:09,10:09:00,12,0,0,I-70 & N FEDERAL BLVD,1,1,0,0,1,4,0,0,35,0,0,0,0,0,1,2,13
,2023-45500,39.74376268,-104.912434,10/24/2023 10:13,10:13:00,3,0,0, MONACO ST & E 17TH AVE,1,1,0,0,1,1,0,0,35,0,0,0,0,1,4,2,16
,2023-45501,39.76868195,-104.9941782,10/24/2023 10:36,10:36:00,15,0,0,I-25 & SB ON RAMP MERGE PT FROM PARK AVE W,1,1,0,0,1,8,0,0,,0,0,0,0,0,1,3,16
,2023-45503,39.68490207,-104.9518205,10/24/2023 6:54,6:54:00,12,0,0,I-25 & S STEELE ST,1,1,0,0,1,4,0,0,55,0,0,0,0,0,1,2,10
,2023-45505,39.74166722,-104.981089,10/24/2023 18:30,18:30:00,3,0,0, PENNSYLVANIA ST & E 16TH AVE,1,3,0,0,1,1,0,0,35,0,0,0,0,0,4,2,11
,2023-45506,39.72875356,-105.0001779,10/24/2023 14:30,14:30:00,15,0,0,KALAMATH ST & W 8TH AVE,1,1,0,1,1,4,0,0,30,0,0,0,0,0,4,2,13
,2023-45508,39.76172479,-105.003344,10/23/2023 6:39,6:39:00,12,0,0,I-25 & 20TH ST,1,2,1,0,1,4,0,0,55,0,0,0,0,0,1,2,1
,2023-45511,39.6867988,-104.9405441,10/25/2023 12:17,12:17:00,12,0,0, COLORADO BLVD & E IOWA AVE,1,1,0,0,1,4,0,0,35,0,0,0,0,0,2,2,3
,2023-45513,39.78375725,-104.9666924,10/25/2023 6:33,6:33:00,5,0,0,E 48TH AVE & N BRIGHTON BLVD,1,3,0,0,3,4,0,0,30,0,0,0,0,0,4,1,1
,2023-45514,39.77947809,-104.9819237,9/19/2023 7:55,7:55:00,15,0,0,I-70 EB OFF RAMP TO  WASHINGTON ST & OFF RAMP MERGE PT,1,1,0,0,1,8,0,0,,0,0,0,0,0,1,2,16
,2023-45515,39.72532543,-104.9285451,10/1/2023 22:31,22:31:00,5,1,0,E 6TH AVE & N FAIRFAX AVE,1,3,0,0,6,4,0,0,30,0,0,0,0,4,4,1,1
,2023-45517,39.79845629,-104.753299,10/25/2023 7:00,7:00:00,3,0,0, IRELAND ST & E 56TH AVE,1,2,0,4,1,1,0,0,25,0,0,0,0,1,4,2,11
,2023-45521,39.77571527,-104.864695,10/24/2023 7:07,7:07:00,15,0,0,I-70 & N HAVANA ST,1,1,0,0,1,4,0,0,55,0,0,0,0,0,1,2,13
,2023-45524,39.76929084,-105.0017597,10/10/2023 16:02,16:02:00,11,0,1,W 38TH AVE & N LIPAN ST,1,1,0,0,1,4,0,0,25,0,1,0,0,1,4,1,16
,2023-45529,39.79074207,-104.797833,10/2/2023 21:21,21:21:00,6,0,0,E 53RD AVE & N MEMPHIS ST,1,3,0,0,1,4,0,0,,0,0,0,0,0,4,2,16
,2023-45530,39.66742859,-104.8752899,10/8/2023 21:17,21:17:00,5,0,0,2685  DAYTON WY & BEAUMONT WY,1,4,3,0,3,2,0,0,,0,0,0,0,0,4,1,16
,2023-45531,39.76567335,-104.9948629,10/25/2023 10:45,10:45:00,1,0,0,PARK AVE W & N GLOBEVILLE RD,1,1,0,0,1,1,0,0,35,0,0,0,0,1,4,2,13
,2023-45532,39.79139765,-104.8384788,10/24/2023 13:24,13:24:00,3,0,0,E ELMENDORF PL & N TULSA WAY,1,1,0,0,1,1,0,0,20,0,0,0,0,0,4,3,16
,2023-45533,39.74392024,-105.0086622,10/25/2023 7:45,7:45:00,1,0,0,7TH ST & WALNUT ST,1,1,0,0,1,1,0,0,25,0,0,0,0,1,4,2,13
,2023-45535,39.75240693,-105.0212438,10/24/2023 23:24,23:24:00,6,0,0,W 24TH AVE & N CLAY ST,1,3,0,0,1,4,0,0,25,0,0,0,0,0,4,3,3
,2023-45551,39.69268798,-104.9769381,10/25/2023 8:50,8:50:00,3,0,1, EMERSON ST & E BUCHTEL BLVD,1,1,0,0,1,1,0,0,25,0,0,0,0,2,4,2,16
,2023-45552,39.72536895,-105.0085543,10/24/2023 12:50,12:50:00,12,0,2,W 6TH AVE & N KALAMATH ST,1,1,0,0,1,4,0,0,45,0,0,0,0,2,2,2,14
,2023-45553,39.70789358,-105.0374922,10/20/2023 17:49,17:49:00,12,0,1,MORRISON RD & S NEWTON ST,1,2,0,0,1,4,0,0,30,0,0,0,0,2,4,2,13
,2023-45554,39.74001336,-104.9696945,10/24/2023 13:35,13:35:00,12,0,0,E COLFAX AVE & N HUMBOLDT ST,1,1,0,0,1,1,0,0,35,0,0,0,0,0,2,2,1
,2023-45566,39.71120439,-104.9983795,10/25/2023 4:28,4:28:00,14,0,0,E ALAMEDA AVE & S KALAMATH ST,1,4,0,0,1,1,0,0,30,0,0,0,0,0,4,2,3
,2023-45568,39.774127,-105.0064437,10/25/2023 10:35,10:35:00,3,0,0,W 42ND AVE & N PECOS ST,1,1,0,0,1,1,0,0,20,0,0,0,0,0,4,2,11
,2023-45575,39.73999288,-104.8928657,10/24/2023 12:05,12:05:00,6,0,0, UINTA ST & E COLFAX AVE,1,1,0,0,1,4,0,0,,0,0,0,0,0,4,2,16
,2023-45581,39.7555609,-105.0125125,10/23/2023 11:06,11:06:00,15,0,0,I-25 & SPEER BLVD,1,1,0,0,1,4,0,0,55,0,0,0,0,0,1,2,7
,2023-45582,39.7894954,-104.7721423,10/25/2023 8:37,8:37:00,3,0,1, TOWER RD & E 51ST AVE,1,1,0,4,1,1,0,0,35,0,0,0,0,1,4,2,13
,2023-45583,39.77959373,-105.0345992,10/25/2023 8:42,8:42:00,12,0,3,I-70 & N LOWELL BLVD,1,1,1,0,1,4,0,0,55,0,0,0,0,1,1,2,3
,2023-45596,39.71818139,-104.9633077,10/26/2023 8:30,8:30:00,12,0,0,E 1ST AVE & N GILPIN ST,1,1,0,4,1,4,0,0,35,0,0,0,0,0,4,3,14
,2023-45601,39.71121549,-105.0299792,10/20/2023 11:42,11:42:00,12,0,0,W ALAMEDA AVE & S IRVING ST,1,1,0,0,1,3,0,0,35,0,0,0,0,0,2,2,16
,2023-45604,39.71705946,-104.9037056,10/26/2023 7:16,7:16:00,1,0,0, QUEBEC ST & E LOWRY BLVD,1,3,0,4,1,1,0,0,30,0,0,0,0,0,4,2,11
,2023-45605,39.78566468,-105.0169966,10/26/2023 15:36,15:36:00,12,0,0,ALCOTT ST & W 49TH AVE,1,1,0,0,1,4,0,0,25,0,0,0,0,0,4,2,13
,2023-45609,39.70387042,-104.9129416,10/26/2023 9:30,9:30:00,15,0,0, MONACO ST & E EXPOSITION AVE,1,1,0,0,1,1,0,0,30,0,0,0,0,0,4,2,3
,2023-45614,39.66772831,-105.025111,10/27/2023 13:53,13:53:00,12,0,0, FEDERAL BLVD & W YALE AVE,1,1,0,0,1,2,0,0,35,0,0,0,0,0,2,2,7
,2023-45617,39.73827814,-104.9406144,10/26/2023 9:33,9:33:00,3,0,0, COLORADO BLVD & E 14TH AVE,1,1,0,0,1,1,0,0,35,0,0,0,0,0,2,2,16
,2023-45619,39.76001068,-104.8654261,10/26/2023 13:45,13:45:00,15,0,0,E MLK BLVD & N HAVANA ST,14,1,0,0,1,4,0,0,30,0,0,0,0,0,4,2,16
,2023-45620,39.84747745,-104.6739501,10/25/2023 19:15,19:15:00,6,0,0,8300 PENA BLVD,1,2,3,0,1,3,0,0,,0,0,0,0,0,4,2,16
,2023-45621,39.70198753,-104.9875615,10/26/2023 13:16,13:16:00,12,0,0, BROADWAY & E OHIO AVE,1,1,0,0,1,4,0,0,30,0,0,0,0,1,4,2,14
,2023-45622,39.72560512,-104.9440085,10/25/2023 9:42,9:42:00,15,0,0,E 6TH AVE & N GARFIELD ST,1,1,0,0,1,1,0,0,35,0,0,0,0,0,4,2,16
,2023-45625,39.7920121,-104.8114405,10/26/2023 9:00,9:00:00,5,0,0,5344  ALTURA ST & ELMENDORF PL,1,1,0,4,3,4,0,0,20,0,0,0,0,0,4,1,7
,2023-45626,39.74027674,-105.0311986,10/26/2023 17:34,17:34:00,12,0,0,W COLFAX AVE & N JULIAN ST,1,3,0,0,1,4,0,0,30,0,0,0,0,0,2,2,1
,2023-45629,39.77579253,-104.8639857,10/26/2023 12:54,12:54:00,15,0,0,I-70 WB ON RAMP FROM  HAVANA ST & ON RAMP MERGE PT,1,1,0,0,1,8,0,0,55,0,0,0,0,0,1,2,1
,2023-45631,39.65682381,-105.0252021,10/26/2023 7:01,7:01:00,3,0,0, FEDERAL BLVD & W FLOYD AVE,1,1,3,0,1,3,0,0,35,0,0,0,0,0,2,2,16
,2023-45636,39.79828598,-104.8158057,10/26/2023 18:20,18:20:00,12,0,0,E 56TH AVE & N ELKHART ST,11,4,0,1,1,4,0,1,40,0,0,0,0,0,4,2,1
,2023-45645,39.73562347,-104.8948823,10/26/2023 12:01,12:01:00,6,0,0,8000 E 12TH AVE & N TAMARAC ST,1,1,0,0,1,2,0,0,10,0,0,0,0,0,4,2,16
,2023-45647,39.76139622,-105.0052405,10/25/2023 8:20,8:20:00,3,0,2,20TH ST & I-25 SB RAMPS,1,1,0,0,1,1,0,0,30,0,0,0,0,1,4,2,13
,2023-45649,39.78022983,-104.9486089,10/26/2023 7:23,7:23:00,12,0,0,I-70 & N COOK ST,1,2,1,4,1,4,0,0,55,0,0,0,0,0,1,2,14
,2023-45651,39.74482991,-104.9684357,10/24/2023 13:25,13:25:00,10,0,0,E 18TH AVE & N FRANKLIN,1,1,0,0,1,1,0,0,30,0,0,0,0,0,4,2,13
,2023-45653,39.74021982,-104.8966847,10/25/2023 10:54,10:54:00,15,0,0,E COLFAX AVE & N TRENTON ST,1,1,0,0,1,4,0,0,35,0,0,0,0,0,2,2,16
,2023-45654,39.76179625,-104.9405114,10/26/2023 7:45,7:45:00,12,0,0, COLORADO BLVD & E MLK JR BLVD,1,1,0,0,1,1,0,0,35,0,0,0,0,0,2,2,16
,2023-45662,39.72144181,-105.008619,10/26/2023 8:02,8:02:00,12,0,0,I-25 & NB OFF RAMP EXT TO W 6TH AVE,1,1,1,4,1,8,0,0,55,0,0,0,0,0,1,2,13
,2023-45667,39.76314852,-104.8904932,10/24/2023 16:30,16:30:00,12,0,0, CENTRAL PARK BLVD & E 33RD AVE,1,1,0,0,1,3,0,0,30,0,0,0,0,0,4,3,1
,2023-45668,39.65315798,-104.9153482,10/27/2023 10:42,10:42:00,3,0,0,E HAMPDEN AVE & S LOCUST ST,1,1,1,0,1,1,0,0,35,0,0,0,0,0,2,3,11
,2023-45669,39.74005174,-104.9338335,10/27/2023 15:36,15:36:00,3,0,0, CHERRY ST & E COLFAX AVE,1,1,0,0,1,1,0,0,25,0,0,0,0,0,2,2,16
,2023-45672,39.7738892,-105.0437094,10/27/2023 13:18,13:18:00,6,0,0,W 42ND AVE & N TENNYSON ST,1,1,0,0,1,4,0,0,25,0,0,0,0,0,4,2,13
,2023-45673,39.67421902,-104.8702155,10/26/2023 16:20,16:20:00,15,0,0, PARKER RD & E ILIFF AVE,11,3,0,3,1,4,0,0,40,0,0,0,0,0,2,2,13
,2023-45674,39.73687374,-105.0052577,10/26/2023 18:24,18:24:00,3,0,0, OSAGE ST & W 13TH AVE,1,3,0,0,1,1,0,0,,0,0,0,0,0,4,2,16
,2023-45675,39.73103732,-104.9354938,10/26/2023 10:53,10:53:00,15,0,0,E 9TH AVE & N CLERMONT ST,1,1,0,0,1,4,0,0,30,0,0,0,0,1,4,2,16
,2023-45679,39.75470085,-104.9972876,10/25/2023 5:35,5:35:00,15,0,1,19TH ST  & WYNKOOP ST,1,3,0,0,1,1,0,0,25,0,0,0,0,2,4,2,13
,2023-45680,39.7400037,-104.9753335,10/26/2023 12:20,12:20:00,6,0,0,E COLFAX AVE & N OGDEN ST,1,1,0,0,1,4,0,0,35,0,0,0,0,0,2,2,11
,2023-45682,39.75042674,-105.0169511,10/26/2023 8:49,8:49:00,12,0,0,I-25 & W 23RD AVE,1,1,1,0,1,4,0,0,55,0,0,0,0,0,1,2,3
,2023-45684,39.7112788,-104.9035054,10/25/2023 0:54,0:54:00,1,0,0,E ALAMEDA AVE & S QUEBEC ST,1,3,0,0,1,1,0,0,35,0,0,0,0,0,4,2,16
,2023-45686,39.65315798,-104.9153482,10/26/2023 16:35,16:35:00,12,0,0,E HAMPDEN AVE & S LOCUST ST,1,1,0,0,1,1,0,0,40,0,0,0,0,0,2,3,3
,2023-45690,39.77515342,-104.9026256,10/26/2023 6:20,6:20:00,15,0,0,E 41ST AVE & N ROSEMARY ST,1,2,0,4,1,4,0,0,30,0,0,0,0,0,4,2,14
,2023-45698,39.76243626,-105.0096061,10/25/2023 10:35,10:35:00,15,0,0, SHOSHONE ST & W 32ND AVE,1,1,0,0,1,4,0,0,20,0,0,0,0,0,4,3,11
,2023-45699,39.72293404,-105.0112878,10/27/2023 5:01,5:01:00,8,0,1,W 6TH AVE WB OFF RAMP TO  SEMINOLE RD & OFF RAMP MERGE PT,1,3,1,0,1,8,0,0,30,0,0,0,0,1,2,2,8
,2023-45701,39.7093243,-104.9863924,10/27/2023 15:43,15:43:00,3,0,0, LINCOLN ST & E DAKOTA AVE,1,1,0,0,1,1,0,0,25,0,0,0,0,1,4,2,1
,2023-45704,39.76856986,-104.9943919,10/25/2023 20:44,20:44:00,12,0,0,I-25 & PARK AVE W,1,3,0,0,1,4,0,0,55,0,0,0,0,0,1,2,8
,2023-45705,39.72555303,-105.0506308,10/25/2023 17:18,17:18:00,12,0,2,W 6TH AVE EB ON RAMP & N SHERIDAN BLVD,1,2,1,0,1,8,0,0,55,0,0,0,0,1,2,3,16
,2023-45707,39.73333215,-104.9888455,10/27/2023 7:41,7:41:00,6,0,0, ACOMA ST & E 11TH AVE,1,1,0,0,1,4,0,0,20,0,0,0,0,0,4,2,16
,2023-45708,39.78739968,-104.989488,10/27/2023 14:11,14:11:00,15,0,0,I-25 & W 50TH AVE,1,1,0,0,1,4,0,0,55,0,0,0,0,0,1,2,13
,2023-45709,39.74773596,-104.8847491,10/25/2023 8:50,8:50:00,15,0,0,CENTRAL PARK BLVD & E MONTVIEW BLVD,1,1,0,0,1,4,0,0,30,0,0,0,0,0,4,2,13
,2023-45710,39.72509121,-105.032475,10/26/2023 6:47,6:47:00,12,0,0,W 6TH AVE & N KNOX CT,1,3,1,0,1,1,0,0,55,0,0,0,0,0,2,4,1
,2023-45712,39.66749601,-104.9262069,10/26/2023 18:05,18:05:00,12,0,0,E YALE AVE & I-25 SB RAMPS,1,1,0,0,1,1,0,0,,0,0,0,0,0,4,2,16
,2023-45715,39.70599865,-104.9960706,10/27/2023 12:50,12:50:00,15,0,0,I-25 & S SANTA FE DR,1,1,0,0,1,4,0,0,55,0,0,0,0,0,1,2,13
,2023-45717,39.67846408,-104.925208,10/26/2023 14:15,14:15:00,12,0,0,E EVANS AVE & S GRAPE ST,1,1,0,0,1,1,0,0,30,0,0,0,0,0,4,2,3
,2023-45722,39.76604656,-104.8657838,10/26/2023 7:40,7:40:00,12,0,0, HAVANA ST & E SMITH RD,1,1,0,4,1,4,0,0,40,0,0,0,0,0,4,2,11
,2023-45723,39.64199085,-104.9118773,10/27/2023 9:30,9:30:00,12,0,1,I-25 & MM 200.8,14,1,3,7,1,4,0,0,60,0,0,0,0,2,1,3,10
,2023-45724,39.73283842,-104.8846977,10/27/2023 6:30,6:30:00,1,0,0, YOSEMITE ST & E 11TH AVE,1,3,0,0,1,1,0,0,30,0,0,0,0,0,4,2,11
,2023-45725,39.74484771,-104.9775253,10/27/2023 1:50,1:50:00,3,0,0,E 18TH AVE & N CLARKSON ST,1,3,0,0,1,1,0,0,30,0,0,0,0,0,4,2,13
,2023-45728,39.7400416,-104.9835907,10/26/2023 16:10,16:10:00,3,0,0,E COLFAX AVE & N GRANT ST,1,1,0,0,1,1,0,0,30,0,0,0,0,0,2,2,16
,2023-45732,39.82817488,-104.7469163,10/28/2023 6:30,6:30:00,5,0,0,E-470 NB OFF RAMP & PENA BLVD,9,3,3,2,6,8,0,0,75,0,0,0,0,0,2,1,13
,2023-45734,39.77983966,-104.9681551,10/28/2023 6:35,6:35:00,15,0,0,I-70 & N BRIGHTON BLVD,4,1,0,2,1,4,0,0,,0,0,0,0,0,1,2,16
,2023-45735,39.79323296,-104.8364198,10/27/2023 19:07,19:07:00,6,0,0,E 55TH AVE & N UVALDA ST,1,3,0,0,1,4,0,0,30,0,0,0,0,0,4,3,1
,2023-45736,39.74046566,-105.0154142,10/26/2023 21:32,21:32:00,3,0,1,W COLFAX AVE & I-25 SB OFF RAMP,11,3,0,0,1,1,0,0,,0,0,0,0,2,2,2,16
,2023-45737,39.65308224,-104.8987343,10/28/2023 19:12,19:12:00,1,0,0,E HAMPDEN AVE & S TAMARAC DR,9,3,0,2,1,1,0,0,40,0,0,0,0,0,2,2,13
,2023-45740,39.76202087,-105.0248565,10/26/2023 12:41,12:41:00,6,0,0,W 32ND AVE & N FEDERAL BLVD,1,1,0,0,1,2,0,0,25,0,0,0,0,0,4,2,16
,2023-45744,39.78008345,-104.7765477,10/25/2023 16:02,16:02:00,3,0,0, WALDEN CT & E 46TH AVE,1,1,0,0,1,1,0,0,30,0,0,0,0,0,4,2,10
,2023-45745,39.74738446,-104.9406038,10/25/2023 18:33,18:33:00,1,0,0, COLORADO BLVD & E MONTVIEW BLVD,1,3,0,0,1,1,0,0,35,0,0,0,0,0,2,2,11
,2023-45746,39.77735632,-104.8820671,10/26/2023 9:31,9:31:00,15,0,1,I-270 & RAMP MREGE PT FROM WB I-70,1,1,0,4,1,8,0,0,55,0,0,0,0,1,1,2,10
,2023-45751,39.67896591,-104.9408913,9/8/2023 0:30,0:30:00,5,0,1, COLORADO BLVD & BUCHTEL BLVD,1,3,3,0,3,4,0,0,35,0,0,0,0,3,2,1,7
,2023-45756,39.656162,-105.0523178,10/20/2023 12:29,12:29:00,10,0,0,W DARTMOUTH AVE & S SHERIDAN BLVD,1,1,0,0,1,2,0,0,30,0,0,0,0,0,4,2,11
,2023-45758,39.81107103,-104.7803998,10/26/2023 13:25,13:25:00,3,0,0,E 64TH AVE & N PANASONIC WY,1,1,0,0,1,2,0,0,30,0,0,0,0,0,4,2,11
,2023-45759,39.69320437,-104.9407511,10/25/2023 12:44,12:44:00,12,0,0, COLORADO BLVD & E LOUISIANA AVE,1,1,1,0,1,3,0,0,35,0,0,0,0,0,2,2,1
,2023-45761,39.83340667,-104.7718786,10/25/2023 6:22,6:22:00,1,0,2, TOWER RD & PENA BLVD,11,2,0,4,1,1,0,0,35,0,0,0,0,2,4,2,11
,2023-45765,39.65351567,-104.8684143,4/28/2023 23:25,23:25:00,5,0,3,E HAMPDEN AVE & S GALENA ST,1,4,0,0,3,1,0,0,45,0,0,0,0,3,2,1,16
,2023-45766,39.77715693,-104.8831458,10/26/2023 7:05,7:05:00,12,0,0,I-70 & N CENTRAL PARK BLVD,1,1,0,4,1,4,0,0,55,0,0,0,0,0,1,3,16
,2023-45767,39.74016175,-104.9988859,10/25/2023 14:09,14:09:00,15,0,0, SPEER BLVD & N COLFAX AVE,1,1,0,0,1,4,0,0,40,0,0,0,0,0,4,2,13
,2023-45772,39.71115789,-104.9875519,10/26/2023 19:34,19:34:00,5,0,0,E ALAMEDA AVE & S BROADWAY ST,1,3,0,0,3,3,0,0,35,0,0,0,0,0,4,1,10
,2023-45773,39.70613144,-104.8763549,10/25/2023 20:55,20:55:00,8,0,0, CLINTON ST & E CENTER AVE,1,3,0,0,1,4,0,0,25,0,0,0,0,0,4,3,16