id,drcog_id,latitude,longitude,crashtime,time,crashtype,numbkilled,numbinjurd,drcoglocat,rdconditin,lightngcon,roadcntgrd,weatherco,location,roaddescrp,schoolzone,constrzone,splimit,bikeinv,pedinv,sctrinv,motoinv,svrty,rdsystem,ttlvehcls,hcf
,2023-45782,39.74488102,-104.9861176,10/28/2023 3:50,3:50:00,3,0,1, LINCOLN ST & E 18TH AVE,1,3,1,0,1,3,0,0,30,0,0,0,0,1,4,3,3
,2023-45784,39.79838964,-104.7869233,10/28/2023 9:00,9:00:00,6,0,0,E 56TH AVE,4,1,0,0,1,4,0,0,25,0,0,0,0,0,4,2,16
,2023-45786,39.73298223,-105.0532213,10/22/2023 11:49,11:49:00,12,0,0, SHERIDAN BLVD & W 10TH AVE,1,1,0,7,1,3,0,0,,0,0,0,0,0,2,3,16
,2023-45788,39.77353467,-104.8483275,10/5/2023 19:00,19:00:00,15,0,0,I-70 EB OFF RAMP & N PEORIA ST,1,2,1,0,1,8,0,0,,0,0,0,0,0,1,2,16
,2023-45789,39.78324319,-104.9783189,10/28/2023 11:12,11:12:00,5,0,0, WASHINGTON ST & E 48TH AVE,1,1,0,0,2,4,0,0,30,0,0,0,0,0,4,1,16
,2023-45790,39.7554697,-104.9893314,10/28/2023 7:18,7:18:00,15,0,0,LARIMER ST & PARK AVE W,11,1,0,2,1,4,0,0,25,0,0,0,0,0,4,2,13
,2023-45791,39.7125082,-105.0408807,10/7/2023 13:30,13:30:00,5,0,0,244  QUITMAN ST ALLEY & W BYERS PL,1,1,0,0,3,9,0,0,10,0,0,0,0,0,4,1,13
,2023-45792,39.73923182,-105.0138627,10/26/2023 16:56,16:56:00,15,0,0,I-25 & W COLFAX AVE,1,2,0,0,1,4,0,0,55,0,0,0,0,0,1,2,16
,2023-45793,39.68498685,-105.0250115,10/28/2023 16:48,16:48:00,5,0,0, FEDERAL BLVD & W COLORADO AVE,11,1,1,2,3,4,0,0,35,0,0,0,0,0,2,1,7
,2023-45797,39.73844732,-105.0028195,10/22/2023 19:22,19:22:00,11,0,1, MARIPOSA ST & W 14TH AVE,1,3,0,0,1,3,0,0,0,0,1,0,0,2,4,1,16
,2023-45798,39.7751919,-104.8467263,10/27/2023 7:35,7:35:00,12,0,1,I-70 WB OFF RAMP SLIP & N PEORIA ST,1,1,0,0,1,8,0,0,40,0,0,0,0,1,1,2,11
,2023-45799,39.77568201,-104.8664248,10/27/2023 16:01,16:01:00,15,0,0,I-70 & N HAVANA ST,1,1,0,0,1,4,0,0,55,0,0,0,0,0,1,2,10
,2023-45801,39.77963746,-104.9790307,10/28/2023 8:28,8:28:00,12,0,0,I-70 & N WASHINGTON ST,4,1,1,0,1,4,0,0,55,0,0,0,0,0,1,2,16
,2023-45802,39.72198094,-105.0092474,10/27/2023 8:59,8:59:00,12,0,2,I-25 & W 6TH AVE FWY,1,1,0,0,1,8,0,0,55,0,0,0,0,3,1,3,12
,2023-45803,39.70596824,-104.9960483,10/28/2023 6:53,6:53:00,15,0,0,I-25 & S SANTA FE DR,4,1,0,2,1,4,0,0,55,0,0,0,0,0,1,2,8
,2023-45804,39.83341357,-104.7718892,10/28/2023 6:25,6:25:00,5,0,0,PENA BLVD & N TOWER RD,4,3,1,2,2,1,0,0,65,0,0,0,0,0,4,1,7
,2023-45805,39.74162864,-104.9684493,10/26/2023 13:00,13:00:00,6,0,0, FRANKLIN ST & E 16TH AVE,1,1,0,0,1,1,0,0,25,0,0,0,0,0,4,2,3
,2023-45806,39.65176092,-104.9172786,10/26/2023 12:30,12:30:00,12,0,3,I-25 OFF RAMP & E HAMPDEN AVE,1,1,1,0,1,8,0,0,65,0,0,0,0,1,1,2,16
,2023-45809,39.70138226,-104.9873534,10/28/2023 7:19,7:19:00,12,0,1,I-25 & S BROADWAY,4,2,1,2,1,4,0,0,55,0,0,0,0,1,1,2,1
,2023-45811,39.75630609,-105.0158242,10/6/2023 21:38,21:38:00,10,0,0, SPEER BLVD & N ZUNI ST,1,3,0,0,1,1,0,0,35,0,0,0,0,0,4,2,12
,2023-45812,39.77823449,-104.8975696,10/27/2023 15:55,15:55:00,12,0,3,I-70 & I-270 OVERPASS,1,1,1,0,1,4,0,0,55,0,0,0,0,2,1,4,3
,2023-45813,39.7907729,-105.0532489,10/28/2023 20:30,20:30:00,12,0,0, SHERIDAN BLVD & W 52ND AVE,4,3,1,2,1,4,0,0,35,0,0,0,0,0,2,2,7
,2023-45814,39.65308018,-104.8914384,10/27/2023 15:45,15:45:00,12,0,0,E HAMPDEN AVE & S VERBENA ST,1,1,0,0,1,4,0,0,40,0,0,0,0,0,2,3,13
,2023-45815,39.77273583,-104.8832549,10/28/2023 18:29,18:29:00,15,0,0, CENTRAL PARK BLVD & E 40TH AVE,4,3,1,2,1,4,0,0,35,0,0,0,0,0,4,2,13
,2023-45817,39.76785995,-104.995249,10/28/2023 11:58,11:58:00,15,0,0,I-25 NB ON RAMP & PARK AVE W,1,1,3,7,1,8,0,0,45,0,0,0,0,0,1,2,14
,2023-45820,39.67838529,-104.9595675,10/28/2023 19:54,19:54:00,1,0,0,E EVANS AVE & S UNIVERSITY BLVD,9,3,0,2,1,4,0,0,35,0,0,0,0,0,4,2,14
,2023-45821,39.83531337,-104.7468163,10/28/2023 7:19,7:19:00,15,0,1,E-470 NB OFF RAMP TO PENA BLVD & OFF RAMP GORE PT,9,2,1,2,1,8,0,0,75,0,0,0,0,2,2,2,14
,2023-45822,39.65339677,-104.9178576,10/27/2023 9:40,9:40:00,12,0,0,I-25 NB ON RAMP & E HAMPDEN AVE,1,1,0,0,1,8,0,0,25,0,0,0,0,0,1,2,13
,2023-45823,39.73840476,-104.9732043,10/28/2023 2:37,2:37:00,6,0,0,E 14TH AVE & N DOWNING ST,1,3,0,0,1,4,0,0,25,0,0,0,0,0,4,2,16
,2023-45824,39.76003523,-104.8963995,10/28/2023 22:11,22:11:00,3,0,0, TRENTON ST & E MLK JR BLVD,4,3,0,2,1,1,0,0,35,0,0,0,0,0,4,2,8
,2023-45825,39.73685767,-104.9928928,10/20/2023 13:44,13:44:00,6,0,0,W 13TH AVE & N DELAWARE ST,1,1,0,0,1,4,0,0,30,0,0,0,0,0,4,2,13
,2023-45826,39.74326728,-104.9787506,10/12/2023 14:28,14:28:00,12,0,0,E 17TH AVE & N WASHINGTON ST,1,1,0,0,1,1,0,0,25,0,0,0,0,0,4,2,16
,2023-45829,39.6929265,-104.9734143,10/28/2023 14:15,14:15:00,12,0,0, DOWNING ST & E LOUISIANA AVE,11,1,0,2,1,3,0,0,30,0,0,0,0,0,4,2,13
,2023-45830,39.77330904,-104.8458724,10/15/2023 23:54,23:54:00,15,0,0,I-70 EB ON RAMP SLIP & N PEORIA ST,1,3,1,0,1,8,0,0,25,0,0,0,0,0,1,2,11
,2023-45832,39.7255999,-104.9408179,10/27/2023 22:33,22:33:00,12,0,0,E 6TH AVE & N COLORADO BLVD,1,3,0,0,1,4,0,0,30,0,0,0,0,0,2,2,13
,2023-45833,39.78363271,-104.7815412,10/28/2023 7:45,7:45:00,12,0,0,E GREEN VALLEY RANCH BLVD & N TELLURIDE ST,4,1,0,2,1,3,0,0,35,0,0,0,0,0,4,2,7
,2023-45834,39.75214676,-105.0251329,10/28/2023 3:32,3:32:00,6,0,1, FEDERAL BLVD & W 24TH AVE,11,3,0,0,1,4,0,0,,0,0,0,0,3,2,2,2
,2023-45837,39.72934099,-105.0158976,10/27/2023 22:20,22:20:00,12,0,0, ZUNI ST & W 8TH AVE,1,3,0,0,1,3,0,0,35,0,0,0,0,0,4,2,16
,2023-45840,39.66706071,-104.9252169,10/20/2023 7:47,7:47:00,15,0,0,I-25 & E YALE AVE,1,1,0,0,1,4,0,0,55,0,0,0,0,0,1,2,16
,2023-45842,39.77656496,-105.0135128,10/10/2023 19:24,19:24:00,2,0,1,W 44TH AVE & N VALLEJO ST,1,4,0,0,1,1,0,0,0,1,0,0,0,2,4,1,16
,2023-45862,39.68667893,-104.9034879,10/13/2023 11:54,11:54:00,15,0,0, QUEBEC ST & E IOWA AVE,6,1,0,1,1,4,0,0,35,0,0,0,0,0,4,2,16
,2023-45915,39.74015363,-104.9506042,10/29/2023 13:44,13:44:00,3,0,2, ST PAUL ST & E COLFAX AVE,12,1,0,1,1,1,0,0,30,0,0,0,0,2,2,2,11
,2023-45916,39.7148524,-105.0532895,10/28/2023 19:20,19:20:00,12,0,1, SHERIDAN BLVD & W BAYAUD AVE,7,3,0,2,1,4,0,0,35,0,0,0,0,2,2,3,7
,2023-45918,39.76203832,-105.0111733,10/27/2023 17:41,17:41:00,6,0,0,W 32ND AVE & N TEJON ST,1,1,0,0,1,4,0,0,,0,0,0,0,0,4,2,16
,2023-45928,39.74027691,-105.0309909,10/28/2023 22:44,22:44:00,15,0,0,W COLFAX AVE & N FEDERAL BLVD,4,3,1,2,1,4,0,0,40,0,0,0,0,0,2,2,7
,2023-45930,39.7592048,-104.9937928,10/28/2023 18:00,18:00:00,12,0,0,PARK AVE W & WEWATTA ST,4,3,0,2,1,1,0,0,25,0,0,0,0,0,4,3,16
,2023-45931,39.71421742,-105.0009976,10/29/2023 2:36,2:36:00,5,0,0,I-25 & W ALAMEDA AVE,4,3,0,2,3,8,0,0,55,0,0,0,0,0,1,1,14
,2023-45934,39.70673493,-105.0250837,10/28/2023 21:22,21:22:00,15,0,0, FEDERAL BLVD & W CUSTER AVE,4,3,0,2,1,4,0,0,40,0,0,0,0,0,2,3,13
,2023-45935,39.79833124,-104.8785328,10/28/2023 21:01,21:01:00,3,0,0, CHESTER WY & E 56TH AVE,4,3,0,2,1,1,0,0,20,0,0,0,0,0,4,2,13
,2023-45941,39.76211618,-105.0381558,10/29/2023 1:35,1:35:00,3,0,1, OSCEOLA ST & W 32ND AVE,4,3,0,2,1,1,0,0,25,0,0,0,0,2,4,2,16
,2023-45943,39.69662466,-104.9405624,10/29/2023 16:56,16:56:00,12,0,0, COLORADO BLVD & E MISSISSIPPI AVE,11,2,0,0,1,3,0,0,35,0,0,0,0,0,2,2,10
,2023-45945,39.74754441,-104.9978225,10/29/2023 7:08,7:08:00,5,0,0,LAWRENCE ST & 15TH ST,9,3,0,2,2,4,0,0,25,0,0,0,0,0,4,1,14
,2023-45947,39.79838251,-104.9033946,10/28/2023 16:45,16:45:00,10,0,0, QUEBEC ST & E 56TH AVE,7,1,0,2,1,1,0,0,45,0,0,0,0,0,4,2,13
,2023-45952,39.83346185,-104.6929467,10/29/2023 0:35,0:35:00,5,0,0,PENA BLVD & JACKSON GAP ST,4,3,0,2,2,4,0,0,65,0,0,0,0,0,4,1,13
,2023-45954,39.83408443,-104.7718809,10/29/2023 9:16,9:16:00,12,0,0, TOWER RD & PENA BLVD RAMP,12,1,0,2,1,8,0,0,45,0,0,0,0,0,4,2,13
,2023-45959,39.69860335,-104.9035548,10/29/2023 0:04,0:04:00,3,0,0, QUEBEC ST & LEETSDALE DR,4,3,0,2,1,1,0,0,40,0,0,0,0,0,2,2,3
,2023-45960,39.74689376,-104.987398,10/28/2023 20:55,20:55:00,12,0,0,BROADWAY & 19TH ST,7,4,0,2,1,3,0,0,30,0,0,0,0,0,4,2,7
,2023-45961,39.77988234,-104.8115613,10/28/2023 19:41,19:41:00,8,0,0,4800 N FRASER WAY,9,3,0,7,1,1,0,0,20,0,0,0,0,0,4,2,13
,2023-45963,39.71833951,-104.9838024,10/29/2023 2:12,2:12:00,1,0,3,E 1ST AVE & N GRANT ST,4,3,0,2,1,1,0,0,25,0,0,0,0,3,4,2,13
,2023-45964,39.76484858,-105.0532452,10/29/2023 2:00,2:00:00,3,0,0, SHERIDAN BLVD & W 34TH AVE,9,3,0,2,1,2,0,0,35,0,0,0,0,0,2,2,16
,2023-45965,39.76182214,-104.9058024,10/28/2023 19:43,19:43:00,5,0,0,E MLK JR BLVD & N PONTIAC ST,7,3,0,2,6,3,0,0,35,0,0,0,0,0,4,1,13
,2023-45969,39.66316291,-104.9594411,10/28/2023 23:39,23:39:00,1,0,2, UNIVERSITY BLVD & E CORNELL AVE,7,3,0,2,1,4,0,0,35,0,0,0,0,2,4,2,13
,2023-45970,39.67851948,-104.9875672,10/29/2023 11:05,11:05:00,1,0,2,E EVANS AVE & S BROADWAY ST,7,1,0,0,1,1,0,0,35,0,0,0,0,1,4,2,1
,2023-45972,39.73369805,-104.9786991,10/28/2023 15:38,15:38:00,3,0,0,E 11TH AVE & N WASHINGTON ST,5,1,0,0,1,1,0,0,30,0,0,0,0,0,4,3,16
,2023-45974,39.70385895,-104.9145835,10/29/2023 9:42,9:42:00,3,0,0,LEETSDALE DR & E EXPOSITION AVE,4,1,0,2,1,1,0,0,35,0,0,0,0,0,2,2,13
,2023-45975,39.79407308,-104.9564063,10/11/2023 18:45,18:45:00,3,0,0,5190  BRIGHTON BLVD & YORK ST,14,3,3,0,1,2,0,0,,0,0,0,0,0,4,2,16
,2023-45984,39.70470989,-105.042011,10/28/2023 22:51,22:51:00,6,0,2,MORRISON RD & S RALEIGH ST,9,3,0,2,1,4,0,0,35,0,0,0,0,2,4,2,14
,2023-45995,39.69269767,-104.9698935,10/17/2023 19:00,19:00:00,6,0,0, HUMBOLDT ST & E LOUISIANA AVE,1,3,3,0,1,4,0,0,25,0,0,0,0,0,4,2,16
,2023-45998,39.74946949,-104.9769547,10/22/2023 21:45,21:45:00,2,0,1, CLARKSON ST & E 22ND AVE,1,3,0,0,1,1,0,0,35,1,0,0,0,2,4,1,11
,2023-46013,39.75700073,-105.0178011,10/23/2023 7:46,7:46:00,11,0,1, SPEER BLVD & N ALCOTT ST,1,1,0,0,1,1,0,0,30,0,1,0,0,2,4,1,11
,2023-46031,39.74630121,-105.0080145,10/19/2023 23:00,23:00:00,6,0,0,AURARIA PKWY & 9TH ST,1,3,0,0,1,4,0,0,35,0,0,0,0,0,4,2,16
,2023-46032,39.80193561,-104.7863558,10/22/2023 18:00,18:00:00,12,0,0, PENA BLVD & E 56TH AVE,1,3,0,0,1,4,0,0,65,0,0,0,0,0,4,3,16
,2023-46038,39.75595385,-104.8990012,10/22/2023 13:26,13:26:00,3,0,1,E 28TH AVE & N SYRACUSE ST,1,1,0,0,1,1,0,0,25,0,0,0,0,2,4,2,11
,2023-46083,39.73395655,-104.9835941,10/3/2023 22:43,22:43:00,6,0,0, GRANT ST & E 11TH AVE,1,3,0,0,1,4,0,0,30,0,0,0,0,0,4,2,1
,2023-46108,39.71308184,-105.0324592,10/30/2023 16:45,16:45:00,3,0,2,211 S KNOX CT,1,1,0,0,1,3,0,0,25,0,0,0,0,2,4,2,11
,2023-46110,39.79105136,-105.053248,6/5/2023 2:49,2:49:00,5,1,1, SHERIDAN BLVD & W 52ND AVE,1,4,1,0,3,4,0,0,40,0,0,0,0,4,2,1,1
,2023-46112,39.71149472,-104.9406224,10/24/2023 16:00,16:00:00,15,0,0, COLORADO BLVD & E ALAMEDA AVE,1,1,0,0,1,3,0,0,,0,0,0,0,0,2,2,16
,2023-46113,39.73801452,-105.0251002,9/2/2023 12:38,12:38:00,9,0,1, FEDERAL BLVD & W HOWARD PL,1,1,1,0,1,4,0,0,45,0,0,0,1,3,2,1,14
,2023-46114,39.73726062,-104.9695283,8/31/2023 1:00,1:00:00,6,0,0,HUMBOLDT ST & E 13TH AVE,1,1,0,0,1,4,0,0,35,0,0,0,0,0,4,2,16
,2023-46115,39.71338296,-105.0396864,10/21/2023 19:17,19:17:00,5,0,0, PERRY ST & W CEDAR AVE,1,3,0,0,3,1,0,0,25,0,0,0,0,0,4,1,16
,2023-46118,39.68202582,-105.0110399,10/8/2023 20:10,20:10:00,6,0,0, TEJON ST & W JEWELL AVE,1,3,0,0,1,4,0,0,,0,0,0,0,0,4,2,16
,2023-46126,39.75585633,-105.015829,10/30/2023 9:13,9:13:00,14,0,0, ZUNI ST & W 27TH AVE,1,1,0,0,1,4,0,0,30,0,0,0,0,0,4,2,13
,2023-46131,39.85192743,-104.6740401,10/21/2023 17:08,17:08:00,16,0,0,8500 PENA BLVD,1,1,0,0,5,7,0,0,,0,0,0,0,0,3,2,2
,2023-46136,39.70504261,-105.0415394,10/27/2023 16:40,16:40:00,11,0,0,MORRISON RD & S QUITMAN ST,1,1,0,0,1,2,0,0,0,0,0,1,0,0,4,1,16
,2023-46137,39.84413746,-104.6769907,10/26/2023 8:31,8:31:00,16,0,0,8148 PENA BLVD & PRIVATE PROPERTY,1,1,0,0,5,7,0,0,,0,0,0,0,0,3,2,16
,2023-46138,39.77722184,-104.8838528,10/29/2023 2:34,2:34:00,15,0,0,I-70 & N CENTRAL PARK BLVD,9,3,0,2,1,4,0,0,,0,0,0,0,0,1,2,16
,2023-46139,39.71476932,-105.0300094,10/17/2023 14:40,14:40:00,6,0,0, IRVING ST & W BAYAUD AVE,1,1,1,0,1,4,0,0,25,0,0,0,0,0,4,2,1
,2023-46140,39.78921673,-104.7721413,10/29/2023 19:33,19:33:00,10,0,0, TOWER RD & E 51ST AVE,1,3,0,0,1,3,0,0,45,0,0,0,0,1,4,2,3
,2023-46141,39.71861457,-104.9665743,10/16/2023 13:50,13:50:00,6,0,0,GILPIN ST & E 1ST AVE,1,1,0,0,1,4,0,0,25,0,0,0,0,0,4,2,16
,2023-46142,39.75814879,-104.9405259,10/29/2023 22:21,22:21:00,12,0,4, COLORADO BLVD & E 29TH AVE,1,3,0,0,1,3,0,0,35,0,0,0,0,1,2,3,3
,2023-46143,39.75892618,-105.0074837,10/29/2023 6:45,6:45:00,5,0,0,I-25 & 20TH ST,9,2,0,2,6,4,0,0,55,0,0,0,0,0,1,2,16
,2023-46144,39.74017938,-104.9573703,7/1/2023 19:30,19:30:00,6,0,0,E COLFAX AVE & N COLUMBINE ST,1,1,0,0,1,4,0,0,,0,0,0,0,0,2,2,16
,2023-46145,39.71155565,-104.940461,9/28/2023 18:05,18:05:00,12,0,0,E ALAMEDA AVE & S COLORADO BLVD,1,1,0,0,1,4,0,0,35,0,0,0,0,0,2,2,16
,2023-46146,39.75441746,-104.9873671,10/1/2023 2:48,2:48:00,15,0,0,PARK AVE W & BROADWAY,1,3,0,0,1,1,0,0,30,0,0,0,0,0,4,2,3
,2023-46147,39.70757456,-105.0109798,10/18/2023 9:01,9:01:00,1,0,0,W VIRGINIA AVE & S TEJON ST,1,1,0,0,1,1,0,0,20,0,0,0,0,0,4,2,13
,2023-46148,39.78817104,-104.8811724,10/29/2023 4:51,4:51:00,6,0,0,E 50TH AVE & N BEELER ST,4,3,0,2,1,4,0,0,20,0,0,0,0,1,4,2,14
,2023-46149,39.76514226,-105.0041334,10/7/2023 21:02,21:02:00,6,0,0, NAVAJO ST & W 34TH AVE,1,3,0,7,3,4,0,0,35,0,0,0,0,0,4,2,16
,2023-46150,39.67518177,-104.9734734,10/29/2023 1:37,1:37:00,5,0,1,2285  DOWNING ST & E ILIFF AVE,9,3,0,2,2,3,0,0,25,0,0,0,0,2,4,1,10
,2023-46153,39.72563336,-104.9806416,10/8/2023 15:39,15:39:00,6,0,0,E 6TH AVE & N WASHINGTON ST,1,1,0,0,1,4,0,0,,0,0,0,0,0,4,3,16
,2023-46154,39.76118838,-104.9027527,7/11/2023 11:30,11:30:00,3,0,2, QUEBEC ST & E MLK JR BLVD,1,1,0,0,1,1,0,0,35,0,0,0,0,2,4,2,13
,2023-46155,39.74754607,-104.9810632,10/30/2023 9:45,9:45:00,5,0,0,E 20TH AVE & N PENNSYLVANIA ST,4,1,0,0,3,1,0,0,,0,0,0,0,0,4,1,16
,2023-46157,39.65103614,-104.8893999,10/25/2023 13:40,13:40:00,6,0,0,E JEFFERSON AVE & S YOSEMITE ST,1,1,0,0,1,4,0,0,30,0,0,0,0,0,4,2,12
,2023-46158,39.74180119,-104.9835898,10/14/2023 18:06,18:06:00,1,0,0,GRANT ST & E 16TH AVE,1,2,0,0,1,4,0,0,30,0,0,0,0,0,4,2,16
,2023-46159,39.73874274,-105.0346185,7/14/2023 15:29,15:29:00,15,0,0,LOWELL BLVD & W 14TH AVE,1,1,0,0,1,4,0,0,25,0,0,0,0,0,4,2,16
,2023-46160,39.67015833,-105.0250778,8/28/2023 11:10,11:10:00,11,0,1, FEDERAL BLVD & W HARVARD AVE,1,1,1,0,1,4,0,0,0,0,1,0,0,3,2,1,16
,2023-46161,39.78550574,-104.884956,10/22/2023 20:42,20:42:00,5,0,0, YOSEMITE ST & E NORTHFIELD BLVD,1,3,0,0,2,4,0,0,,0,0,0,0,0,4,1,16
,2023-46163,39.63481224,-104.8934994,10/30/2023 8:10,8:10:00,10,0,0,I-225 NB OFF RAMP & S TAMARAC DR,1,1,0,0,1,1,0,0,35,0,0,0,0,0,1,2,16
,2023-46164,39.66772831,-105.025111,9/20/2023 16:40,16:40:00,12,0,0, FEDERAL BLVD & W YALE AVE,1,1,3,0,1,4,0,1,35,0,0,0,0,0,2,2,1
,2023-46166,39.74878167,-105.0176438,10/29/2023 18:49,18:49:00,12,0,2,I-25 & W 23RD AVE,2,3,0,0,1,4,0,0,55,0,0,0,0,2,1,2,13
,2023-46170,39.7103428,-104.9983848,10/23/2023 10:13,10:13:00,12,0,1,I-25 & W ALAMEDA AVE,1,1,1,0,1,4,0,0,55,0,0,0,0,1,1,2,16
,2023-46174,39.74049887,-104.9442073,9/14/2023 11:40,11:40:00,10,0,0,GARFIELD ST & E COLFAX AVE,1,1,0,0,1,2,0,0,25,0,0,0,0,0,4,2,16
,2023-46176,39.71113052,-104.9821164,8/18/2023 17:25,17:25:00,15,0,0,E ALAMEDA AVE & S LOGAN ST,1,1,0,0,1,4,0,0,35,0,0,0,0,0,4,2,14
,2023-46178,39.78562142,-105.0321222,10/24/2023 2:25,2:25:00,6,0,0,W 49TH AVE & N KNOX CT,1,3,0,0,1,4,0,0,25,0,0,0,0,0,4,3,16
,2023-46183,39.72536056,-105.0528439,10/29/2023 22:30,22:30:00,15,0,2,W 6TH AVE & N SHERIDAN BLVD,11,3,0,0,1,4,0,0,55,0,0,0,0,2,2,3,16
,2023-46185,39.66764755,-104.9249294,10/11/2023 15:56,15:56:00,15,0,0,E YALE AVE & I-25 SB RAMPS,1,1,0,0,1,3,0,0,30,0,0,0,0,0,4,2,16
,2023-46186,39.78519826,-104.9635003,9/30/2023 12:27,12:27:00,3,1,2,E 49TH AVE & N RACE ST,1,1,0,0,1,1,0,0,25,0,0,0,0,4,4,2,1
,2023-46190,39.65319549,-104.9182668,10/6/2023 7:40,7:40:00,12,0,0,E HAMPDEN AVE & I-25 SB RAMPS,1,1,0,0,1,4,0,0,45,0,0,0,0,0,2,2,1
,2023-46191,39.79393478,-104.8936323,10/30/2023 8:14,8:14:00,3,0,0, UINTA ST & E PRAIRIE MEADOW DR,1,1,0,0,1,1,0,0,30,0,0,0,0,0,4,2,11
,2023-46192,39.7363235,-105.0392748,10/29/2023 8:00,8:00:00,6,0,0,1271  PERRY ST & W 13TH AVE,4,3,1,2,1,4,0,0,,0,0,0,0,0,4,2,16
,2023-46194,39.71845329,-105.0250237,10/30/2023 10:12,10:12:00,12,0,1, FEDERAL BLVD & W 1ST AVE,1,1,1,0,1,1,0,0,35,0,0,0,0,1,2,2,3
,2023-46195,39.68585293,-105.0081637,10/4/2023 6:03,6:03:00,6,0,0,W MEXICO AVE & S QUITEO CT,1,3,0,0,1,4,0,0,20,0,0,0,0,0,4,2,16
,2023-46198,39.73847319,-105.0025537,10/12/2023 0:36,0:36:00,6,0,0,W 14TH AVE & N MARIPOSA ST,1,3,0,0,1,4,0,0,25,0,0,0,0,0,4,3,13
,2023-46201,39.77571328,-104.8646719,10/24/2023 6:42,6:42:00,12,0,0,I-70 & N HAVANA ST,1,3,0,0,1,4,0,0,55,0,0,0,0,0,1,3,16
,2023-46204,39.78741883,-105.0252214,10/23/2023 9:59,9:59:00,3,0,0, FEDERAL BLVD & W REGIS BLVD,1,1,0,0,1,1,0,0,35,0,0,0,0,0,2,2,1
,2023-46205,39.72638976,-104.8866677,10/5/2023 7:40,7:40:00,12,0,0,YOSEMITE ST & E 4TH PL,1,1,0,0,1,5,0,0,30,0,0,0,0,1,4,3,16
,2023-46208,39.75549023,-104.9910461,9/29/2023 20:10,20:10:00,10,0,0,22ND ST & MARKET ST,1,3,0,0,1,1,0,0,,0,0,0,0,0,4,2,16
,2023-46209,39.75581623,-105.0139193,10/30/2023 8:55,8:55:00,12,0,0, SPEER BLVD & N ZUNI ST,11,1,1,0,1,4,0,0,35,0,0,0,0,0,4,3,1
,2023-46210,39.73680681,-104.9561062,10/17/2023 11:44,11:44:00,6,0,0,E 13TH AVE & N ELIZABETH ST,1,1,0,0,1,4,0,0,,0,0,0,0,0,4,2,16
,2023-46211,39.73298484,-104.9384039,6/22/2023 17:46,17:46:00,15,0,0, ASH ST & E 11TH AVE,1,1,0,0,1,4,0,0,,0,0,0,0,0,4,2,16
,2023-46212,39.70371406,-104.9919289,10/24/2023 21:26,21:26:00,5,0,0,I-25 & NB OFF RAMP EXT TO S SANTA FE DR,11,3,0,1,2,4,0,0,60,0,0,0,0,0,1,1,16
,2023-46213,39.67865153,-105.0226868,10/1/2023 3:25,3:25:00,12,0,1,W EVANS AVE & S SHERIDAN BLVD,1,3,0,0,1,3,0,0,,0,0,0,0,2,2,2,16
,2023-46214,39.77902767,-104.8322759,10/29/2023 3:00,3:00:00,5,0,0, CARSON ST & E 46TH AVE,9,3,0,2,1,4,0,0,,0,0,0,0,0,4,3,16
,2023-46215,39.72109822,-105.0509331,10/7/2023 4:18,4:18:00,6,0,0,YATES ST & W 2ND AVE,1,3,0,0,1,4,0,0,25,0,0,0,0,0,4,2,16
,2023-46219,39.75249602,-104.9931761,10/24/2023 19:20,19:20:00,6,0,0,LARIMER-MARKET ALY & 20TH ST,1,4,0,0,1,9,0,0,15,0,0,0,0,0,4,2,16
,2023-46223,39.72894158,-104.9926314,9/21/2023 9:53,9:53:00,15,0,0,W 8TH AVE & N DELAWARE ST,1,1,0,0,1,4,0,0,,0,0,0,0,0,4,2,16
,2023-46227,39.72732907,-105.000192,10/24/2023 14:00,14:00:00,3,0,0, KALAMATH ST & W 7TH AVE,1,1,0,0,1,1,0,0,30,0,0,0,0,0,4,2,13
,2023-46233,39.77932717,-104.839805,9/30/2023 18:37,18:37:00,3,0,0,E ALBROOK DR & N CROWN BLVD,1,3,0,0,1,1,0,0,,0,0,0,0,0,4,2,16
,2023-46237,39.7225459,-104.9862414,10/20/2023 16:30,16:30:00,1,0,0,E 4TH AVE & N LINCOLN ST,1,2,0,0,1,1,0,0,25,0,0,0,0,0,4,2,13
,2023-46238,39.6875082,-104.9919406,10/14/2023 0:07,0:07:00,12,0,0, SANTA FE DR & W IOWA AVE,1,3,0,0,1,3,0,0,45,0,0,0,0,0,2,3,1
,2023-46239,39.71115846,-104.9861378,10/27/2023 13:33,13:33:00,15,0,0,E ALAMEDA AVE & S LINCOLN ST,1,1,0,0,1,1,0,0,30,0,0,0,0,0,4,2,16
,2023-46240,39.78340565,-105.0539578,1/22/2023 15:35,15:35:00,15,0,0,I-70 & N SHERIDAN BLVD,1,1,0,0,1,4,0,0,,0,0,0,0,0,1,2,16
,2023-46241,39.71152251,-105.0312247,9/16/2023 19:00,19:00:00,14,0,0, JULIAN ST & W ALAMEDA AVE,1,2,0,0,1,4,0,0,,0,0,0,0,0,4,8,16
,2023-46242,39.77884077,-104.8247083,9/26/2023 8:00,8:00:00,11,0,1,E ANDREWS DR & E 46TH AVE,1,1,0,0,1,1,0,0,25,0,1,0,0,3,4,1,16