id,drcog_id,latitude,longitude,crashtime,time,crashtype,numbkilled,numbinjurd,drcoglocat,rdconditin,lightngcon,roadcntgrd,weatherco,location,roaddescrp,schoolzone,constrzone,splimit,bikeinv,pedinv,sctrinv,motoinv,svrty,rdsystem,ttlvehcls,hcf
,2023-46243,39.64776736,-104.9152258,10/23/2023 14:22,14:22:00,12,0,0,I-25 & E HAMPDEN AVE,1,1,1,0,1,4,0,0,65,0,0,0,0,0,1,2,16
,2023-46245,39.76212575,-105.0324052,9/6/2023 14:01,14:01:00,6,0,0,W 32ND AVE & N JULIAN ST,1,1,0,0,1,4,0,0,30,0,0,0,0,0,4,2,16
,2023-46249,39.68229484,-105.0205173,10/30/2023 13:15,13:15:00,12,0,0,W JEWELL AVE & S CLAY ST,1,1,0,0,1,3,0,0,25,0,0,0,0,0,4,2,16
,2023-46250,39.73091356,-104.9316327,10/9/2023 13:30,13:30:00,6,0,0, DAHLIA ST & E 9TH AVE,1,2,0,0,1,4,0,0,25,0,0,0,0,0,4,2,16
,2023-46251,39.77851105,-104.8987652,8/20/2023 12:35,12:35:00,15,0,0,I-70 & N NORTHFIELD QUEBEC ST,1,1,0,0,1,4,0,0,65,0,0,0,0,0,1,2,16
,2023-46252,39.7047933,-105.0113449,10/16/2023 20:26,20:26:00,5,0,0,W GILL PL & S TEJON ST,1,4,0,0,2,9,0,0,15,0,0,0,0,0,4,1,7
,2023-46255,39.77415731,-104.8466301,10/6/2023 14:20,14:20:00,15,0,0,I-70 & N PEORIA ST,1,1,0,0,1,4,0,0,55,0,0,0,0,0,1,2,1
,2023-46256,39.68301579,-104.9409717,9/19/2023 21:49,21:49:00,12,0,0,I-25 & S COLORADO BLVD,1,3,0,0,1,4,0,0,65,0,0,0,0,0,1,2,13
,2023-46257,39.76019775,-104.9339179,10/25/2023 21:32,21:32:00,6,0,0,3001  CHERRY ST & E 30TH AVE,1,3,0,0,2,3,0,0,20,0,0,0,0,0,4,2,9
,2023-46259,39.78378663,-104.7980476,10/13/2023 19:16,19:16:00,12,0,0,E GREEN VALLEY RANCH BLVD & N MEMPHIS ST,1,2,0,0,1,4,0,0,35,0,0,0,0,0,4,2,16
,2023-46260,39.7510186,-104.9022489,9/4/2023 12:57,12:57:00,6,0,0,E 23RD AVE & N QUINCE ST,1,1,0,0,1,1,0,0,30,0,0,0,0,1,4,2,3
,2023-46262,39.69674513,-105.0297284,10/17/2023 14:45,14:45:00,14,0,0,W MISSISSIPPI AVE & S IRVING ST,1,1,0,0,1,3,0,0,,0,0,0,0,0,4,2,16
,2023-46263,39.74618409,-104.9815197,10/1/2023 9:32,9:32:00,16,0,0,444 E 19TH AVE,1,1,0,0,5,7,0,0,,0,0,0,0,0,3,2,7
,2023-46265,39.71125779,-105.0324667,10/28/2023 12:35,12:35:00,12,0,0,W ALAMEDA AVE & S KNOX CT,1,1,0,0,1,3,0,0,35,0,0,0,0,0,2,2,1
,2023-46266,39.76051503,-104.9758637,10/30/2023 8:52,8:52:00,6,0,2,CHAMPA ST & 31ST ST,1,1,0,0,1,3,0,0,25,0,0,0,0,2,4,2,16
,2023-46268,39.72142819,-105.0086039,7/19/2023 8:47,8:47:00,15,0,2,I-25 & NB OFF RAMP EXT TO W 6TH AVE,1,1,0,0,1,4,0,0,,0,0,0,0,1,1,4,16
,2023-46269,39.74483423,-104.9874196,10/4/2023 18:00,18:00:00,15,0,0, BROADWAY ST & E 18TH AVE,1,1,0,0,1,1,0,0,,0,0,0,0,0,4,2,16
,2023-46271,39.73010754,-104.9694658,8/7/2023 18:00,18:00:00,6,0,0, HUMBOLDT ST & E 9TH AVE,1,1,0,0,1,4,0,0,20,0,0,0,0,0,4,2,16
,2023-46272,39.77064338,-105.0005918,10/14/2023 19:00,19:00:00,6,0,0,KALAMATH ST & W 39TH AVE,1,3,0,0,1,4,0,0,,0,0,0,0,0,4,2,16
,2023-46273,39.77666603,-104.8470268,9/19/2023 15:58,15:58:00,1,0,3,E 44TH AVE & N PEORIA ST,1,1,0,0,1,1,0,0,35,0,0,0,0,2,4,4,14
,2023-46276,39.75507071,-104.9880923,10/30/2023 2:23,2:23:00,3,0,0,PARK AVE W & LAWRENCE ST,1,3,0,0,1,1,0,0,35,0,0,0,0,0,4,2,3
,2023-46277,39.7304368,-104.9848715,10/23/2023 18:20,18:20:00,3,0,0, SHERMAN ST & E 9TH AVE,1,1,0,0,1,1,0,0,,0,0,0,0,0,4,2,16
,2023-46279,39.68486728,-104.9034428,10/17/2023 14:37,14:37:00,1,0,1, QUEBEC ST & E CHERRY CREEK S DR,1,1,0,0,1,1,0,0,35,0,0,0,0,3,4,2,1
,2023-46280,39.71497246,-105.0323712,10/17/2023 14:45,14:45:00,15,0,0,W BAYAUD AVE & S KNOX CT,1,1,0,0,1,3,0,0,25,0,0,0,0,0,4,2,1
,2023-46283,39.66668283,-104.8715795,10/29/2023 11:30,11:30:00,3,0,0,E YALE AVE & S ELMIRA ST,10,1,1,0,1,2,0,0,25,0,0,0,0,0,4,2,10
,2023-46284,39.77302111,-105.0299504,10/17/2023 0:29,0:29:00,5,0,0, IRVING ST & W 41ST AVE,1,3,0,0,3,1,0,0,25,0,0,0,0,0,4,1,16
,2023-46285,39.77932717,-104.839805,10/13/2023 15:20,15:20:00,12,0,0,E ALBROOK DR & N CROWN BLVD,1,1,0,0,1,1,0,0,,0,0,0,0,0,4,2,16
,2023-46286,39.7765193,-104.9876113,10/30/2023 7:34,7:34:00,1,0,0,E 44TH AVE & N BROADWAY,4,1,0,0,1,1,0,0,20,0,0,0,0,0,4,2,3
,2023-46287,39.75467042,-104.9851335,10/16/2023 15:40,15:40:00,15,0,0,24TH ST & CURTIS ST,1,1,0,0,1,1,0,0,20,0,0,0,0,0,4,2,1
,2023-46288,39.74760323,-105.002828,10/25/2023 8:03,8:03:00,15,0,0,AURARIA PKWY & N SPEER BLVD,1,1,0,0,1,3,0,0,35,0,0,0,0,0,4,2,10
,2023-46291,39.7290672,-104.9767727,10/29/2023 12:30,12:30:00,15,0,0,E 8TH AVE & N EMERSON ST,8,1,0,2,1,4,0,0,30,0,0,0,0,0,4,2,10
,2023-46294,39.65357243,-104.9407328,7/18/2023 17:56,17:56:00,15,0,0, COLORADO BLVD & E HAMPDEN AVE,1,1,1,0,1,4,0,0,45,0,0,0,0,0,2,3,16
,2023-46295,39.78099102,-104.8914363,10/7/2023 19:15,19:15:00,11,0,1,E 46TH AVE & N UINTA ST,1,3,0,0,1,12,0,0,10,0,1,0,0,1,4,1,16
,2023-46302,39.76745332,-104.9151435,9/15/2023 11:13,11:13:00,6,0,0,E 36TH AVE & N KRAMERIA ST,1,1,0,0,1,4,0,0,,0,0,0,0,0,4,2,16
,2023-46304,39.73802323,-104.9916535,10/20/2023 10:10,10:10:00,6,0,0,CHEROKEE ST & E 14TH AVE,1,1,0,0,1,4,0,0,20,0,0,0,0,0,4,2,13
,2023-46306,39.74007443,-104.9171745,10/18/2023 12:31,12:31:00,5,0,0,E COLFAX AVE & N KEARNEY ST,1,1,0,0,6,4,0,0,35,0,0,0,0,0,2,1,16
,2023-46307,39.79418885,-104.8226828,10/1/2023 5:20,5:20:00,5,0,2, CROWN BLVD & E MAXWELL PL,1,4,0,0,2,4,0,0,20,0,0,0,0,3,4,2,1
,2023-46310,39.71300584,-105.0238379,10/18/2023 17:24,17:24:00,3,0,0,W CEDAR AVE & S ELIOT ST,1,1,0,0,1,1,0,0,25,0,0,0,0,0,4,3,13
,2023-46312,39.68228019,-105.0250196,10/30/2023 19:04,19:04:00,12,0,1, FEDERAL BLVD & W JEWELL AVE,1,3,0,0,1,3,0,0,35,0,0,0,0,1,2,2,14
,2023-46317,39.75505548,-105.0128269,9/16/2023 1:08,1:08:00,12,0,1,I-25 & N SPEER BLVD,1,3,0,0,1,4,0,0,55,0,0,0,0,1,1,2,1
,2023-46318,39.7964301,-104.8464433,9/26/2023 5:30,5:30:00,6,0,0, QUARI ST & E 55TH AVE,1,3,0,0,1,4,0,0,20,0,0,0,0,0,4,2,16
,2023-46320,39.76641165,-105.0566794,10/30/2023 17:30,17:30:00,12,0,0, SHERIDAN BLVD & W 36TH AVE,1,1,0,0,1,4,0,0,35,0,0,0,0,0,2,2,13
,2023-46321,39.69620393,-105.0532373,9/23/2023 19:52,19:52:00,11,1,0, SHERIDAN BLVD & MORRISON RD,1,3,0,0,6,4,0,0,0,0,1,0,0,4,2,1,16
,2023-46322,39.71291639,-104.9734087,10/24/2023 14:04,14:04:00,3,0,0,E CEDAR AVE & S DOWNING ST,1,1,0,0,1,1,0,0,25,0,0,0,0,0,4,2,11
,2023-46324,39.75847587,-105.0254377,10/15/2023 10:54,10:54:00,6,0,0,W 29TH AVE & N FEDERAL BLVD,1,1,0,0,1,4,0,0,,0,0,0,0,0,4,2,16
,2023-46325,39.73280617,-105.0158107,10/23/2023 14:49,14:49:00,15,0,0,I-25 & W 8TH AVE,1,1,0,0,1,4,0,0,55,0,0,0,0,0,1,2,13
,2023-46326,39.74991157,-105.0393052,8/15/2023 16:58,16:58:00,6,0,0, PERRY ST & W 22ND AVE,1,1,0,0,1,4,0,0,25,0,0,0,0,0,4,2,3
,2023-46328,39.69675846,-105.0250715,9/23/2023 22:42,22:42:00,11,0,4, FEDERAL BLVD & W MISSISSIPPI AVE,1,3,0,0,3,1,0,0,40,0,1,0,0,3,2,1,13
,2023-46330,39.77563051,-104.7507038,10/15/2023 0:37,0:37:00,6,0,0,E MITCHELL PL & N IRELAND ST,1,3,0,0,1,4,0,0,,0,0,0,0,0,4,2,16
,2023-46331,39.73840423,-104.9718651,10/24/2023 20:30,20:30:00,12,0,0,E 14TH AVE & N MARION ST,1,3,0,0,1,3,0,0,30,0,0,0,0,0,4,2,13
,2023-46332,39.76919623,-104.9428597,9/20/2023 11:50,11:50:00,3,0,0,E 38TH AVE & N JACKSON ST,1,1,0,0,1,1,0,0,25,0,0,0,1,0,4,2,16
,2023-46340,39.74049673,-104.9884677,10/3/2023 12:00,12:00:00,10,0,0,15TH ST & W COLFAX AVE,1,1,0,0,1,1,0,0,,0,0,0,0,0,2,2,16
,2023-46341,39.84928942,-104.6726895,5/25/2023 22:38,22:38:00,16,0,2,8400 PENA BLVD,1,3,0,0,5,4,0,0,10,0,1,0,0,3,3,7,16
,2023-46342,39.74617566,-104.9835894,10/25/2023 8:39,8:39:00,2,0,1, GRANT ST & E 19TH AVE,1,1,0,0,1,1,0,0,30,1,0,0,0,3,4,1,13
,2023-46343,39.69674369,-104.9918574,10/3/2023 22:00,22:00:00,12,0,0, SANTA FE DR & W MISSISSIPPI AVE,1,3,0,0,1,3,0,0,35,0,0,0,0,0,2,2,16
,2023-46344,39.69591618,-105.0532351,10/6/2023 21:54,21:54:00,3,0,1, SHERIDAN BLVD & W MISSISSIPPI AVE,1,3,0,0,1,2,0,0,35,0,0,0,0,2,2,2,16
,2023-46345,39.77716012,-104.8831806,10/23/2023 7:08,7:08:00,12,0,2,I-70 & N CENTRAL PARK BLVD,1,1,0,0,1,4,0,0,55,0,0,0,0,1,1,2,16
,2023-46346,39.78388441,-105.0345723,9/17/2023 5:40,5:40:00,6,0,0, LOWELL BLVD & W 48TH AVE,1,1,0,0,1,4,0,0,,0,0,0,0,0,4,2,16
,2023-46421,39.78050802,-104.9521296,10/30/2023 14:52,14:52:00,12,0,1,I-70 & N FILLMORE ST,1,1,0,0,1,4,0,0,55,0,0,0,0,2,1,4,10
,2023-46422,39.74004516,-105.0154441,10/30/2023 23:13,23:13:00,6,0,0,I-25 SB ON RAMP & W COLFAX AVE,1,3,0,0,3,8,0,0,45,0,0,0,0,0,1,3,16
,2023-46424,39.73541979,-104.9741164,10/28/2023 23:21,23:21:00,12,0,0, CORONA ST & E 12TH AVE,9,3,0,2,1,4,0,0,25,0,0,0,0,0,4,2,16
,2023-46439,39.67759795,-104.904606,10/31/2023 12:24,12:24:00,12,0,0,E EVANS AVE & S QUEBEC ST,1,1,0,0,1,4,0,0,35,0,0,0,0,1,4,2,3
,2023-46457,39.68936972,-104.9128977,10/31/2023 14:54,14:54:00,3,0,2, MONACO ST & E FLORIDA AVE,1,1,0,0,1,1,0,0,,0,0,0,0,2,4,2,16
,2023-46458,39.72927194,-104.9160489,10/30/2023 8:20,8:20:00,12,0,0,E 8TH AVE & N KRAMERIA ST,1,1,0,0,1,4,0,0,30,0,0,0,0,0,4,2,13
,2023-46472,39.69566818,-104.9035147,10/30/2023 7:23,7:23:00,3,0,0, QUEBEC ST & E MISSISSIPPI AVE,1,1,0,0,1,1,0,0,35,0,0,0,0,0,4,2,11
,2023-46473,39.63735442,-104.8943823,10/31/2023 13:45,13:45:00,10,0,0, TAMARAC ST & E QUINCY AVE,1,1,0,0,1,2,0,0,30,0,0,0,0,0,4,2,11
,2023-46479,39.78048615,-104.9529485,10/30/2023 10:27,10:27:00,12,0,0,I-70 & N FILLMORE ST,1,1,0,0,1,4,0,0,55,0,0,0,0,0,1,2,2
,2023-46480,39.73648015,-104.9361733,10/31/2023 8:26,8:26:00,10,0,0,E 13TH AVE & N BIRCH ST,1,1,0,0,1,1,0,0,30,0,0,0,0,0,4,2,16
,2023-46481,39.78079842,-104.8916297,10/30/2023 14:20,14:20:00,15,0,0,E 46TH AVE & N MAIN ST,1,1,0,0,1,4,0,0,,0,0,0,0,0,4,2,7
,2023-46497,39.74000831,-104.9874016,10/26/2023 21:13,21:13:00,11,0,1,W COLFAX AVE & N BROADWAY,1,3,0,0,1,1,0,0,,0,1,0,0,2,2,1,16
,2023-46498,39.78000798,-104.9791334,10/28/2023 0:34,0:34:00,15,0,1, WASHINGTON ST & I-70 WB RAMPS,1,3,0,7,1,1,0,0,35,0,0,0,0,2,4,2,16
,2023-46501,39.80750621,-104.7721185,10/31/2023 10:35,10:35:00,15,0,0,TOWER RD & E 61ST AVE,1,1,1,0,1,4,0,0,35,0,0,0,0,0,4,2,11
,2023-46504,39.73167142,-104.9150465,10/29/2023 9:54,9:54:00,3,0,0, LEYDEN ST & E 10TH AVE,4,1,0,2,1,3,0,0,25,0,0,0,0,0,4,2,16
,2023-46507,39.71173712,-104.9992129,10/30/2023 18:55,18:55:00,15,0,0,I-25 & NB ON RAMP MERGE PT FROM W ALAMEDA AVE,1,3,1,0,1,8,0,0,55,0,0,0,0,0,1,3,1
,2023-46510,39.80082625,-104.8685082,10/30/2023 14:47,14:47:00,10,0,0,E 57TH PL & N GALENA ST,1,1,0,0,1,1,1,0,20,0,0,0,0,0,4,2,10
,2023-46511,39.6742654,-104.9036731,10/31/2023 9:27,9:27:00,12,0,0, QUEBEC ST & E WESLEY AVE,1,1,0,0,1,4,0,1,35,0,0,0,0,0,4,2,3
,2023-46515,39.77323856,-104.8381217,10/12/2023 19:04,19:04:00,12,0,0,I-70 & N PEORIA ST,1,3,0,0,1,4,0,0,,0,0,0,0,0,2,2,16
,2023-46517,39.62409931,-104.8946425,10/30/2023 13:15,13:15:00,3,0,0, ULSTER ST & E BELLEVIEW AVE,1,1,0,0,1,1,0,0,25,0,0,0,0,0,4,2,3
,2023-46522,39.71119645,-104.9983864,10/30/2023 13:01,13:01:00,12,0,0,W ALAMEDA AVE & S KALAMATH ST,1,1,3,0,1,3,0,0,30,0,0,0,0,0,4,2,7
,2023-46523,39.68950083,-105.0250605,10/30/2023 16:13,16:13:00,12,0,0, FEDERAL BLVD & W FLORIDA AVE,1,1,0,0,1,3,0,0,35,0,0,0,0,0,2,2,2
,2023-46525,39.73155414,-105.0532236,10/31/2023 14:58,14:58:00,12,0,0, SHERIDAN BLVD & W 9TH AVE,1,1,0,0,1,4,0,0,35,0,0,0,0,0,2,2,13
,2023-46527,39.7239005,-105.0117188,10/31/2023 17:06,17:06:00,12,0,1,I-25 & W 6TH AVE,1,1,0,0,1,4,0,0,60,0,0,0,0,1,1,2,3
,2023-46529,39.76591069,-104.8904692,10/31/2023 7:30,7:30:00,6,0,0, CENTRAL PARK BLVD & E 35TH AVE,2,1,0,0,1,4,0,0,35,0,0,0,0,1,4,2,2
,2023-46533,39.71305271,-105.0144765,10/31/2023 5:28,5:28:00,6,0,0,W CEDAR AVE & S YUMA ST,1,3,0,0,1,4,0,0,25,0,0,0,0,0,4,2,2
,2023-46536,39.79512993,-104.8422811,10/31/2023 15:36,15:36:00,10,0,0,E 55TH AVE & N SALEM ST,1,1,0,0,1,1,0,0,20,0,0,0,0,0,4,2,14
,2023-46538,39.77851659,-104.9027189,10/30/2023 8:05,8:05:00,12,0,0,I-70 & N QUEBEC ST,4,1,0,0,1,4,0,0,55,0,0,0,0,0,1,2,1
,2023-46539,39.69981064,-105.039084,10/29/2023 3:30,3:30:00,6,0,0, PATTON CT & W KENTUCKY AVE,5,4,0,2,1,4,0,0,20,0,0,0,0,0,4,2,2
,2023-46541,39.68948798,-104.9966619,10/31/2023 7:10,7:10:00,12,0,0, PLATTE RIVER DR & W FLORIDA AVE,1,1,0,0,1,3,0,0,30,0,0,0,0,0,2,2,16
,2023-46543,39.66759203,-104.9146481,10/30/2023 17:00,17:00:00,12,0,0,E YALE AVE & S LINDEN CT,1,1,0,0,1,1,0,0,30,0,0,0,0,0,4,2,3
,2023-46544,39.76075067,-104.970781,10/28/2023 13:45,13:45:00,15,0,0,E 31ST AVE & N LAFAYETTE ST,11,1,0,2,1,4,0,0,25,0,0,0,0,1,4,2,13
,2023-46545,39.79817411,-104.8441729,10/24/2023 13:52,13:52:00,15,0,0, SB ON RAMP & E 56TH AVE,1,1,0,0,1,8,0,0,65,0,0,0,0,0,2,2,11
,2023-46546,39.71121143,-104.9132549,10/27/2023 14:30,14:30:00,15,0,0,E ALAMEDA AVE & S MONANCO ST,1,1,0,0,1,4,0,0,,0,0,0,0,0,4,2,16
,2023-46547,39.7112788,-104.9035054,10/31/2023 6:52,6:52:00,15,0,0,E ALAMEDA AVE & S QUEBEC ST,1,1,0,0,1,1,0,0,35,0,0,0,0,0,4,2,14
,2023-46548,39.77771033,-104.9034014,10/31/2023 8:15,8:15:00,10,0,0, NORTHFIELD QUEBEC ST & I-70 EB RAMPS,1,1,1,0,1,1,0,0,35,0,0,0,0,0,2,2,11
,2023-46550,39.78731253,-104.9894743,10/22/2023 19:06,19:06:00,15,0,0,I-25 & I-70 OFF RAMP EXT,1,1,0,0,1,8,0,0,65,0,0,0,0,0,1,4,13
,2023-46554,39.69862507,-104.903634,10/26/2023 8:48,8:48:00,15,0,0,LEETSDALE DR & S QUEBEC ST,1,1,3,0,1,3,0,0,40,0,0,0,0,0,2,3,10
,2023-46562,39.73827621,-104.9394961,10/25/2023 15:15,15:15:00,11,0,1, ALBION ST & E 14TH AVE,1,1,0,0,1,1,0,0,25,0,1,0,0,1,2,1,13
,2023-46563,39.70933647,-104.9875981,10/31/2023 11:10,11:10:00,3,0,0,E DAKOTA AVE & S BROADWAY,1,1,0,0,1,1,0,0,25,0,0,0,0,0,4,2,11
,2023-46567,39.77822224,-104.903811,10/30/2023 8:09,8:09:00,12,0,1,I-70 & QUEBEC ST,4,1,1,0,1,4,0,0,55,0,0,0,0,1,1,3,16
,2023-46568,39.65147235,-104.9176694,10/31/2023 8:03,8:03:00,12,0,1,I-25 & E HAMPDEN AVE,1,1,0,0,1,4,0,0,65,0,0,0,0,1,1,2,1
,2023-46569,39.76942981,-104.9922837,10/31/2023 2:49,2:49:00,15,0,0,I-25 & PARK AVE,1,3,0,7,1,4,0,0,55,0,0,0,0,0,1,2,16
,2023-46572,39.78232987,-104.8828159,10/27/2023 19:54,19:54:00,11,0,1,E 47TH AVE & N CENTRAL PARK BLVD,1,3,0,0,1,1,0,0,35,1,0,0,0,2,4,1,11
,2023-46573,39.76606194,-104.9954444,10/30/2023 9:49,9:49:00,5,0,0,I-25 SB OFF RAMP & PARK AVE W,1,1,1,0,2,8,0,0,40,0,0,0,0,0,4,1,13
,2023-46586,39.68329327,-104.9420573,10/31/2023 8:15,8:15:00,12,0,0,I-25 & S COLORADO BLVD,1,1,0,0,1,4,0,0,55,0,0,0,0,0,1,2,1
,2023-46590,39.77990108,-104.9733228,10/30/2023 7:07,7:07:00,12,0,0,I-70 & N WASHINGTON ST WB EXT RAMP,4,1,1,0,1,4,0,0,55,0,0,0,0,0,1,2,13
,2023-46593,39.67332049,-104.9406377,10/23/2023 17:29,17:29:00,2,0,1, COLORADO BLVD & E WESLEY AVE,1,1,0,0,1,1,0,0,0,1,0,0,0,1,2,1,16
,2023-46597,39.76179384,-104.9406764,10/31/2023 6:59,6:59:00,3,0,0,E MLK JR BLVD & N COLORADO BLVD,1,2,0,0,1,1,0,0,30,0,0,0,0,0,2,2,11
,2023-46600,39.70101655,-104.9872876,10/30/2023 6:41,6:41:00,5,0,0,I-25 & S BROADWAY,4,3,1,0,3,4,0,0,55,0,0,0,0,0,1,2,1
,2023-46602,39.76127782,-104.9027517,10/31/2023 10:09,10:09:00,15,0,0, QUEBEC ST & E MLK JR BLVD,1,1,0,0,1,3,0,0,35,0,0,0,0,0,4,2,11
,2023-46604,39.77410702,-104.8826261,10/31/2023 9:05,9:05:00,12,0,0,E 40TH AVE & N CENTRAL PARK BLVD,1,1,0,0,1,3,0,0,30,0,0,0,0,0,4,2,14
,2023-46605,39.76945323,-105.0403017,10/27/2023 14:16,14:16:00,6,0,0,W 38TH AVE & N QUITMAN ST,1,1,0,0,1,4,0,0,35,0,0,0,0,0,4,2,16
,2023-46606,39.75747595,-105.0098445,10/31/2023 13:25,13:25:00,12,0,1,I-25 & SPEER BLVD,1,1,0,0,1,4,0,0,55,0,0,0,0,1,1,3,1
,2023-46611,39.7925046,-104.8222015,10/25/2023 10:40,10:40:00,6,0,0,E MAXWELL PL & N CHANDLER WY,1,1,0,0,1,4,0,0,30,0,0,0,0,0,4,2,16
,2023-46612,39.74823647,-104.9864625,10/26/2023 15:45,15:45:00,3,0,1,20TH ST & WELTON ST,1,1,0,0,1,1,0,0,35,0,0,0,0,1,4,2,8
,2023-46616,39.76368532,-105.0381456,10/27/2023 12:00,12:00:00,6,0,0,OSCEOLA ST & W 33RD AVE,11,4,0,2,1,4,0,0,25,0,0,0,0,0,4,2,16
,2023-46622,39.78075042,-104.8377761,10/28/2023 19:15,19:15:00,1,0,0, CROWN BLVD & E 46TH AVE,9,3,0,2,1,1,0,0,25,0,0,0,0,0,4,2,16
,2023-46624,39.71437659,-105.0011015,10/31/2023 19:36,19:36:00,12,0,2,I-25 & W ALAMEDA AVE,1,3,0,0,1,4,0,0,60,0,0,0,0,1,1,2,13
,2023-46630,39.75122118,-105.0272431,10/27/2023 8:38,8:38:00,2,0,1,W 23RD AVE & N GROVE ST,1,1,0,0,1,2,0,0,25,1,0,0,0,2,4,1,11
,2023-46651,39.68772422,-104.9919375,10/31/2023 5:49,5:49:00,12,0,0, SANTA FE DR & W IOWA AVE,1,3,0,0,1,3,0,0,45,0,0,0,0,0,2,2,14
,2023-46652,39.71235285,-104.9593113,10/31/2023 10:49,10:49:00,15,0,0, UNIVERSITY BLVD & E CEDAR AVE,1,1,1,0,1,4,0,0,35,0,0,0,0,0,4,2,1
,2023-46655,39.77961652,-104.9918677,10/30/2023 8:54,8:54:00,5,0,0,I-70 & I-25,4,1,1,0,2,4,0,0,55,0,0,0,0,0,1,2,14
,2023-46658,39.77768436,-104.8827626,10/31/2023 17:36,17:36:00,12,0,0, CENTRAL PARK BLVD & I-70,1,1,0,0,1,4,0,0,35,0,0,0,0,0,4,2,13
,2023-46659,39.73299103,-105.0389199,10/22/2023 0:51,0:51:00,11,0,1,W 10TH AVE & N OSCEOLA ST,1,3,0,0,1,1,0,0,,0,1,0,0,3,4,1,16
,2023-46688,39.7437585,-104.9407925,10/31/2023 23:46,23:46:00,3,0,1,E 17TH AVE & N COLORADO BLVD,1,3,0,0,1,1,0,0,,0,0,0,0,2,2,2,14
,2023-46690,39.67839977,-104.9607915,8/3/2023 10:02,10:02:00,15,0,0,2300 E EVANS AVE,1,1,0,0,1,3,0,0,35,0,0,0,0,1,4,2,16
,2023-46696,39.77295638,-104.9754339,10/31/2023 21:47,21:47:00,1,0,0, BRIGHTON BLVD & 38TH ST,1,3,0,0,1,1,0,0,35,0,0,0,0,0,4,2,16
,2023-46699,39.72560204,-104.9429048,11/1/2023 18:15,18:15:00,12,0,0,E 6TH AVE & JACKSON ST,1,3,0,0,1,4,0,0,30,0,0,0,0,0,4,2,13
,2023-46711,39.71028539,-104.944982,10/9/2023 8:30,8:30:00,16,0,0,360  MONROE ST,1,1,0,7,5,2,0,0,,0,0,0,0,0,3,1,16
,2023-46717,39.74260226,-104.9034703,10/31/2023 19:41,19:41:00,3,0,0,E BATAVIA PL & N QUEBEC ST,1,3,0,0,1,1,0,0,25,0,0,0,0,0,4,2,13
,2023-46719,39.84436909,-104.675223,10/8/2023 18:35,18:35:00,6,0,0,8145 PENA BLVD,1,3,0,0,1,4,0,0,10,0,0,0,0,0,4,2,16
,2023-46720,39.73712533,-104.9124489,10/31/2023 10:45,10:45:00,15,0,0,E 13TH AVE & N MONACO ST,1,1,0,0,1,1,0,0,25,0,0,0,0,0,4,2,3
,2023-46722,39.76082076,-105.0041072,11/1/2023 0:10,0:10:00,1,0,0,20TH ST & I-25 NB RAMPS,1,3,2,0,1,1,0,0,35,0,0,0,0,0,4,2,11
,2023-46723,39.74033122,-105.0214666,10/7/2023 3:28,3:28:00,5,0,0,MILE HIGH STADIUM W CIR & W COLFAX AVE,1,3,0,0,3,4,0,0,25,0,0,0,0,0,4,1,16
,2023-46726,39.73999773,-104.9660947,10/31/2023 14:20,14:20:00,12,0,0,E COLFAX AVE & N WILLIAMS ST,1,1,0,0,1,3,0,0,30,0,0,0,0,0,2,2,10
,2023-46728,39.67846099,-104.9330296,11/1/2023 11:38,11:38:00,12,0,0,E EVANS AVE & I-25 NB RAMPS,1,1,0,0,1,3,0,0,35,0,0,0,0,0,4,2,16
,2023-46729,39.78274577,-104.9222776,11/1/2023 6:37,6:37:00,6,0,0,HOLLY ST & E 48TH AVE,1,3,0,0,1,4,0,0,30,0,0,0,0,0,4,3,3
,2023-46733,39.62413976,-104.8852548,10/31/2023 15:40,15:40:00,12,0,0, YOSEMITE ST & E BELLEVIEW AVE,1,1,0,0,1,1,0,0,30,0,0,0,0,0,4,3,3
,2023-46743,39.68945033,-105.0355209,10/31/2023 20:30,20:30:00,10,0,1,W FLORIDA AVE & S MEADE ST,1,3,0,0,1,1,0,0,30,0,0,0,0,3,4,4,1
,2023-46744,39.67851966,-104.9746055,11/1/2023 16:45,16:45:00,1,0,0,E EVANS AVE & S CORONA ST,2,1,0,0,1,1,0,0,30,0,0,0,0,0,4,2,13
,2023-46745,39.75573655,-105.011874,10/24/2023 20:58,20:58:00,15,0,0,I-25 & N SPEER BLVD,1,3,0,0,1,4,0,0,55,0,0,0,0,0,1,2,16
,2023-46747,39.74378247,-104.9476863,11/1/2023 7:00,7:00:00,3,0,0,E 17TH AVE & N COOK ST,1,3,0,0,1,1,0,0,25,0,0,0,0,0,4,2,16
,2023-46750,39.72092703,-105.0055363,11/1/2023 14:24,14:24:00,15,0,0,W 3RD AVE & N OSAGE ST,1,1,0,0,1,1,0,0,30,0,0,0,0,0,4,2,7
,2023-46751,39.76546653,-104.9948558,10/9/2023 8:55,8:55:00,12,0,0,PARK AVE W & GLOBEVILLE RD,1,1,0,1,1,3,0,0,35,0,0,0,0,0,4,2,3
,2023-46756,39.67214589,-105.0328329,10/7/2023 11:00,11:00:00,6,0,0, KING ST & W HARVARD AVE,1,1,0,0,1,4,0,0,20,0,0,0,0,0,4,2,16