id,drcog_id,latitude,longitude,crashtime,time,crashtype,numbkilled,numbinjurd,drcoglocat,rdconditin,lightngcon,roadcntgrd,weatherco,location,roaddescrp,schoolzone,constrzone,splimit,bikeinv,pedinv,sctrinv,motoinv,svrty,rdsystem,ttlvehcls,hcf
,2023-46758,39.74017911,-104.9573472,11/1/2023 19:55,19:55:00,6,0,0,E COLFAX AVE & N COLUMBINE ST,1,3,0,0,1,4,0,0,35,0,0,0,0,0,2,3,3
,2023-46759,39.76777759,-104.9954614,11/1/2023 17:23,17:23:00,12,0,0,I-25 & PARK AVE W,1,2,0,0,1,4,0,0,55,0,0,0,0,0,1,4,10
,2023-46760,39.71155757,-104.9407887,10/31/2023 9:45,9:45:00,12,0,0, COLORADO BLVD & E ALAMEDA AVE,1,1,0,0,1,1,0,0,35,0,0,0,0,0,2,2,3
,2023-46761,39.74034421,-105.0155027,11/1/2023 8:21,8:21:00,12,0,4,W COLFAX AVE & I-25 SB OFF RAMP,1,1,0,0,1,4,0,0,40,0,0,0,0,1,2,3,2
,2023-46762,39.73712533,-104.9124489,10/31/2023 14:28,14:28:00,15,0,0,E 13TH AVE & N MONACO ST,1,1,0,0,1,1,0,0,35,0,0,0,0,0,4,2,16
,2023-46765,39.68945773,-105.0297294,10/21/2023 19:23,19:23:00,12,0,0,W FLORIDA AVE & S IRVING ST,1,3,0,0,1,3,0,0,30,0,0,0,0,0,4,2,16
,2023-46766,39.68469256,-104.9589118,10/7/2023 23:30,23:30:00,5,0,0,I-25 & S UNIVERSITY BLVD,1,3,0,0,1,4,0,0,,0,0,0,0,0,1,2,16
,2023-46767,39.74365812,-104.9972994,10/4/2023 21:15,21:15:00,5,0,0,STOUT ST & 14TH ST,1,3,0,0,3,4,0,0,30,0,0,0,0,0,4,1,16
,2023-46768,39.67852381,-104.9752654,11/1/2023 10:59,10:59:00,8,0,0,E EVANS AVE & S OGDEN ST,1,1,0,0,1,4,0,0,35,0,0,0,0,1,4,2,16
,2023-46780,39.78101235,-104.7492498,11/1/2023 6:30,6:30:00,3,0,0, JEBEL ST & E GREEN VALLEY RANCH BLVD,1,3,0,0,1,1,0,0,35,0,0,0,0,0,4,2,11
,2023-46782,39.6811353,-104.9875702,10/29/2023 3:00,3:00:00,6,0,0, BROADWAY ST & W ASBURY AVE,4,3,0,2,1,4,0,0,35,0,0,0,0,0,4,2,16
,2023-46785,39.75195067,-104.9234696,10/26/2023 13:50,13:50:00,6,0,0,HUDSON ST & E 24TH AVE,1,1,0,0,1,4,0,0,25,0,0,0,0,0,4,2,16
,2023-46788,39.75701604,-104.9873606,10/29/2023 2:02,2:02:00,1,0,0, BROADWAY ST & LARIMER ST,9,3,3,2,1,1,0,0,35,0,0,0,0,0,4,2,16
,2023-46789,39.68592523,-105.0138141,10/29/2023 18:48,18:48:00,5,0,0, WYANDOT ST & W MEXICO AVE,4,3,1,0,3,3,0,0,25,0,0,0,0,0,4,1,6
,2023-46790,39.77281906,-104.7905736,11/1/2023 11:40,11:40:00,10,0,0,PENA BLVD & E 40TH AVE,1,1,0,0,1,1,0,0,40,0,0,0,0,0,4,2,8
,2023-46791,39.65308281,-104.8987252,10/14/2023 13:48,13:48:00,12,0,0, TAMARAC DR & E HAMPDEN AVE,1,1,3,0,1,1,0,0,45,0,0,0,0,0,2,2,16
,2023-46799,39.76928678,-105.0111905,10/28/2023 17:00,17:00:00,10,0,0,W 38TH AVE & N TEJON ST,12,1,0,2,1,3,0,0,35,0,1,0,0,0,4,2,16
,2023-46801,39.78313893,-104.902265,11/1/2023 7:04,7:04:00,3,0,1,E 47TH AVE DR & N SAND CREEK RD,1,2,0,0,1,1,0,0,25,0,0,0,0,2,4,2,1
,2023-46803,39.72909792,-104.9625062,10/31/2023 17:00,17:00:00,3,0,0, VINE ST & E 8TH AVE,1,1,0,0,1,1,0,0,25,0,0,0,0,0,4,2,3
,2023-46804,39.71112539,-105.0157171,9/28/2023 21:42,21:42:00,14,0,0,W ALAMEDA AVE & S ZUNI ST,1,3,0,0,6,4,0,0,35,0,0,0,0,0,2,2,8
,2023-46809,39.71803437,-104.9546256,10/31/2023 13:51,13:51:00,5,0,0,E 1ST AVE & N DETROIT ST,1,1,0,0,3,1,0,0,30,0,0,0,0,0,4,1,10
,2023-46810,39.7400416,-104.9835907,10/29/2023 17:00,17:00:00,3,0,0,E COLFAX AVE & N GRANT ST,5,2,0,2,1,1,0,0,35,0,0,0,0,0,2,2,16
,2023-46812,39.7402225,-104.8905475,11/1/2023 9:39,9:39:00,3,0,1,E COLFAX AVE & N VERBENA ST,1,1,0,0,1,1,0,0,35,0,0,0,0,1,2,2,16
,2023-46817,39.62413976,-104.8852548,10/31/2023 14:30,14:30:00,12,0,0, YOSEMITE ST & E BELLEVIEW AVE,1,1,0,0,1,1,0,0,30,0,0,0,0,0,4,2,3
,2023-46818,39.69178999,-104.9042591,11/1/2023 9:27,9:27:00,6,0,0, POPLAR ST & E WYOMING PL,14,5,0,7,1,1,0,0,25,0,0,0,0,0,4,2,16
,2023-46827,39.78379255,-104.8000608,10/31/2023 18:27,18:27:00,12,0,0,E GREEN VALLEY RANCH BLVD,1,3,0,0,1,3,0,0,40,0,0,0,0,0,4,2,3
,2023-46837,39.71656749,-105.0323921,10/1/2023 19:00,19:00:00,6,0,0,W ELLSWORTH AVE & S KNOX CT,1,3,0,0,1,4,0,0,25,0,0,0,0,0,4,2,16
,2023-46841,39.73846057,-104.9968842,10/31/2023 21:28,21:28:00,3,0,0,W 14TH AVE & N SPEER BLVD,1,3,0,0,1,1,0,0,35,0,0,0,0,0,4,2,1
,2023-46843,39.74227392,-104.9907288,10/31/2023 21:45,21:45:00,10,0,0,15TH ST & TREMONT PL,1,3,0,0,1,1,0,0,30,0,0,0,0,0,4,2,13
,2023-46886,39.74393653,-105.039309,11/2/2023 9:12,9:12:00,3,0,0,W 17TH AVE & N IRVING ST,1,1,0,0,1,1,1,0,25,0,0,0,0,0,4,2,16
,2023-46887,39.78466155,-105.0248636,9/25/2023 11:19,11:19:00,12,0,1,I-70 WB OFF RAMP SLIP & N FEDERAL BLVD,1,1,0,0,1,8,0,0,40,0,0,0,0,1,1,2,16
,2023-46892,39.71653246,-104.9814678,11/1/2023 12:30,12:30:00,3,0,0, PENNSYLVANIA ST & E ELLSWORTH AVE,1,1,0,0,1,1,0,0,25,0,0,0,0,0,4,2,3
,2023-46902,39.74021392,-104.9081708,11/2/2023 11:09,11:09:00,3,0,1,E COLFAX AVE & N ONEIDA ST,1,1,0,0,1,1,0,0,35,0,0,0,0,2,2,2,1
,2023-46907,39.76050009,-104.9002239,11/2/2023 7:50,7:50:00,3,0,0,E MLK BLVD & N ROSLYN ST,1,1,0,0,1,1,0,0,35,0,0,0,0,0,4,2,11
,2023-46911,39.67842237,-104.959404,11/1/2023 11:00,11:00:00,12,0,0,E EVANS AVE & S UNIVERSITY BLVD,1,1,0,0,1,1,0,0,30,0,0,0,0,0,4,2,3
,2023-46917,39.76199377,-104.9659436,11/1/2023 12:31,12:31:00,10,0,0,E MLK BLVD & N WILLIAMS ST,1,1,0,0,1,1,0,0,35,0,0,0,0,1,4,5,16
,2023-46926,39.71108604,-105.0263765,11/2/2023 8:17,8:17:00,3,0,0,W ALAMEDA AVE & S GROVE ST,1,1,0,0,1,1,0,0,20,0,0,0,0,0,2,2,13
,2023-46927,39.7448679,-104.9835733,11/1/2023 9:15,9:15:00,12,0,0,E 18TH AVE & N GRANT ST,1,1,0,0,1,1,0,0,30,0,0,0,0,0,4,2,3
,2023-46931,39.65327601,-105.0321503,11/2/2023 16:30,16:30:00,15,0,0,W HAMPDEN AVE & S KNOX CT,1,1,0,0,1,4,0,0,,0,0,0,0,0,2,2,11
,2023-46932,39.79034301,-104.8758487,11/2/2023 16:09,16:09:00,15,0,0,E PRAIRIE MEADOW DR & N DALLAS ST,1,1,0,0,1,1,0,0,30,0,0,0,0,0,4,2,13
,2023-46935,39.64137693,-104.8817787,11/2/2023 13:16,13:16:00,12,0,0,I-225 & S YOSEMITE ST,1,1,1,0,1,8,0,0,55,0,0,0,0,0,1,2,1
,2023-46939,39.67486298,-104.9129471,11/2/2023 15:32,15:32:00,12,0,0, MONACO ST & E ILIFF AVE,1,1,0,0,1,1,0,0,35,0,0,0,0,0,4,3,11
,2023-46951,39.62997826,-105.0872152,11/3/2023 7:55,7:55:00,1,0,0,W LAYTON AVE & S WADSWORTH WAY,1,1,0,0,1,1,0,0,25,0,0,0,0,0,2,2,16
,2023-46952,39.73386557,-104.9874153,11/2/2023 16:30,16:30:00,6,0,0,BROADWAY & E 11TH AVE,1,1,0,0,1,4,0,0,,0,0,0,0,0,4,2,16
,2023-46953,39.74397303,-104.9954642,10/22/2023 0:30,0:30:00,15,0,0,14TH ST & STOUT ST,1,3,0,0,1,1,0,0,30,0,0,0,0,0,4,2,1
,2023-46954,39.65524601,-104.9189525,11/3/2023 15:08,15:08:00,12,0,2,I-25 NB ON RAMP & E HAMPDEN AVE,1,1,1,0,1,8,0,0,65,0,0,0,0,1,1,2,16
,2023-46956,39.78932372,-105.0252008,11/2/2023 17:58,17:58:00,3,0,0, FEDERAL BLVD & W 51ST AVE,1,2,0,0,1,2,0,0,30,0,0,0,0,0,2,2,13
,2023-46958,39.69415968,-104.979325,11/2/2023 18:15,18:15:00,12,0,0,I-25 & S WASHINGTON ST,1,3,0,0,1,4,0,0,55,0,0,0,0,0,1,2,16
,2023-46963,39.77817157,-105.053258,11/3/2023 14:12,14:12:00,12,0,2, SHERIDAN BLVD & W 45TH AVE,1,1,0,0,1,4,0,0,35,0,0,0,0,1,2,3,13
,2023-46973,39.74379095,-104.9494918,11/3/2023 16:10,16:10:00,12,0,0,E 17TH AVE & N STEELE ST,1,2,0,0,1,3,0,0,30,0,0,0,0,0,4,3,13
,2023-46978,39.81275535,-104.7721169,11/2/2023 5:50,5:50:00,1,0,0, TOWER RD & E 64TH AVE,1,3,0,0,1,1,0,0,45,0,0,0,0,1,4,2,11
,2023-46984,39.74006168,-104.9292358,11/2/2023 12:02,12:02:00,3,0,1,E COLFAX AVE & N ELM ST,1,1,0,0,1,1,0,0,25,0,0,0,0,1,2,2,16
,2023-46986,39.77279204,-104.8304675,11/2/2023 1:11,1:11:00,12,0,2,I-70 & MM 282.394,1,3,0,0,1,4,0,0,55,0,0,0,0,3,1,2,3
,2023-46987,39.72412214,-104.9985768,11/2/2023 16:40,16:40:00,3,0,0, SANTA FE DR & W 5TH AVE,1,1,0,0,1,1,0,0,20,0,0,0,0,0,4,2,16
,2023-46992,39.75629482,-105.0158354,11/3/2023 3:17,3:17:00,10,0,0, ZUNI ST & N SPEER BLVD,1,3,0,0,1,1,0,0,35,0,0,0,0,0,4,3,7
,2023-46993,39.83397482,-104.7672803,10/4/2023 22:24,22:24:00,12,0,0,PENA BLVD & TOWER RD,1,3,0,0,1,4,0,0,,0,0,0,0,0,4,2,16
,2023-46994,39.70754464,-104.9876226,10/31/2023 23:39,23:39:00,10,0,0, BROADWAY ST & E VIRGINIA AVE,1,3,0,0,1,1,0,0,30,0,0,0,0,0,4,2,3
,2023-46997,39.74327743,-104.9848581,11/2/2023 10:00,10:00:00,10,0,0,E 17TH AVE & N SHERMAN ST,1,1,0,0,1,1,0,0,30,0,0,0,0,0,4,2,3
,2023-47001,39.82547824,-104.7718878,11/3/2023 6:15,6:15:00,1,0,0, TOWER RD & E 71ST AVE,1,3,0,0,1,1,0,0,35,0,0,0,0,0,4,2,16
,2023-47002,39.75572429,-105.0118909,11/2/2023 12:36,12:36:00,15,0,0,I-25 & N SPEER BLVD,1,1,0,0,1,4,0,0,55,0,0,0,0,0,1,2,16
,2023-47005,39.66514904,-105.2061998,9/30/2023 21:30,21:30:00,16,0,0,18300 W ALAMEDA PKWY,1,3,0,0,5,7,0,0,10,0,0,0,0,0,3,2,16
,2023-47006,39.7835457,-104.9280742,11/3/2023 14:39,14:39:00,10,0,0,E 48TH AVE & N DAHLIA ST,1,1,0,0,1,2,0,0,35,0,0,0,0,0,4,2,1
,2023-47007,39.71266135,-105.0000157,11/3/2023 10:16,10:16:00,12,0,0,I-25 & W ALAMEDA AVE,1,1,0,0,1,4,0,0,55,0,0,0,0,0,1,2,13
,2023-47011,39.67529692,-105.0250402,11/1/2023 21:50,21:50:00,1,0,0, FEDERAL BLVD & W ILIFF AVE,1,3,3,0,1,1,0,0,40,0,0,0,0,0,2,2,13
,2023-47017,39.6785256,-104.9406295,11/3/2023 8:30,8:30:00,12,0,0, COLORADO BLVD & E EVANS AVE,1,1,0,0,1,3,0,0,35,0,0,0,0,0,2,2,8
,2023-47018,39.78379738,-104.8017153,11/2/2023 9:19,9:19:00,3,0,2, KITTREDGE ST & E GREEN VALLEY RANCH BLVD,1,1,0,0,1,1,0,0,30,0,0,0,0,2,4,2,16
,2023-47019,39.6530314,-104.912921,11/3/2023 9:40,9:40:00,3,0,1, MONACO ST & E HAMPDEN AVE,1,1,0,0,1,1,0,0,30,0,0,0,0,1,2,2,13
,2023-47020,39.7402043,-104.9234505,11/2/2023 23:11,23:11:00,3,0,0,E COLFAX AVE & N HUDSON ST,1,3,0,0,1,1,0,0,,0,0,0,0,0,2,2,16
,2023-47022,39.62709014,-105.0939713,10/31/2023 15:19,15:19:00,3,0,1, DUDLEY ST & S BALSAM WY,1,1,0,0,1,1,0,0,25,0,0,0,0,2,4,2,3
,2023-47026,39.7570218,-105.027612,11/2/2023 17:52,17:52:00,3,0,0, HAZEL CT & W 29TH AVE,1,2,0,0,1,9,0,0,,0,0,0,0,0,4,2,3
,2023-47032,39.78344743,-105.0046353,11/2/2023 13:53,13:53:00,15,0,1,I-70 & N PECOS ST,1,1,0,0,1,4,0,0,55,0,0,0,0,1,1,3,13
,2023-47039,39.7368118,-104.9861293,11/2/2023 21:24,21:24:00,12,0,0, LINCOLN ST & E 13TH AVE,1,3,0,0,1,4,0,0,30,0,0,0,0,0,4,2,3
,2023-47042,39.77426405,-104.847035,11/1/2023 6:40,6:40:00,12,0,0,I-70 & N PEORIA ST,1,1,0,0,1,4,0,0,55,0,0,0,0,0,1,2,13
,2023-47048,39.76446858,-104.9542828,11/1/2023 23:55,23:55:00,6,0,0,2626 E BRUCE RANDOLPH AVE & N ELIZABETH ST,1,3,0,0,3,4,0,0,35,0,0,0,0,0,4,3,16
,2023-47053,39.77990099,-104.9668591,11/2/2023 16:44,16:44:00,12,0,0,I-70 & N BRIGHTON BLVD,1,1,0,0,1,4,0,0,55,0,0,0,0,0,1,2,13
,2023-47054,39.77986207,-104.9676817,11/1/2023 17:00,17:00:00,12,0,0,I-70 & N BRIGHTON BLVD,1,1,0,0,1,4,0,0,55,0,0,0,0,0,1,3,12
,2023-47058,39.72097783,-104.9554727,11/2/2023 23:15,23:15:00,6,0,0,E 3RD AVE & N CLAYTON ST,1,3,0,0,1,4,0,0,35,0,0,0,0,0,4,2,11
,2023-47063,39.72588235,-104.9862541,11/3/2023 6:43,6:43:00,10,0,0,E SPEER BLVD & N LINCOLN ST,1,3,0,0,1,1,0,0,35,0,0,0,0,0,4,2,16
,2023-47066,39.75105921,-104.9234724,11/3/2023 8:20,8:20:00,3,0,0, HUDSON ST & E 23RD AVE,1,1,0,0,1,1,0,0,25,0,0,0,0,0,4,2,16
,2023-47067,39.72576258,-105.0351069,11/3/2023 6:47,6:47:00,12,0,0,W 6TH AVE & N LOWELL BLVD,1,2,1,0,1,4,0,0,55,0,0,0,0,0,2,3,16
,2023-47068,39.74960169,-105.0003506,11/2/2023 15:13,15:13:00,15,0,0,15TH ST & BLAKE ST,1,1,0,0,1,1,0,0,25,0,0,0,0,0,4,2,8
,2023-47071,39.78673783,-104.865776,11/2/2023 7:25,7:25:00,3,0,0, HAVANA ST & E 49TH AVE,1,2,0,0,1,1,0,0,25,0,0,0,0,1,4,2,11
,2023-47072,39.73999512,-104.9672321,11/2/2023 16:30,16:30:00,3,0,0, GILPIN ST & E COLFAX AVE,1,1,0,0,1,1,0,0,25,0,0,0,0,0,2,2,3
,2023-47073,39.66050919,-105.024839,11/3/2023 8:21,8:21:00,15,0,0,W DARTMOUTH AVE & S FEDERAL BLVD,1,1,0,0,1,4,0,0,30,0,0,0,0,0,4,2,13
,2023-47074,39.66504844,-105.0251411,11/1/2023 14:19,14:19:00,12,0,0, FEDERAL BLVD & W AMHERST AVE,1,1,0,0,1,3,0,0,40,0,0,0,0,0,2,2,13
,2023-47075,39.74376268,-104.912434,11/2/2023 9:53,9:53:00,3,0,0, MONACO ST & E 17TH AVE,1,1,0,0,1,1,0,0,35,0,0,0,0,0,4,2,13
,2023-47078,39.75761548,-104.986531,10/18/2023 17:37,17:37:00,11,0,1,25TH ST & LARIMER ST,1,1,0,0,1,1,0,0,25,0,1,0,0,2,4,1,8
,2023-47079,39.7111931,-104.9967103,11/3/2023 13:03,13:03:00,15,0,0,W ALAMEDA AVE & S SANTA FE DR,1,1,0,0,1,4,0,0,35,0,0,0,0,0,4,2,11
,2023-47081,39.76737969,-104.9025219,10/28/2023 19:45,19:45:00,1,0,0,7300 E 36TH AVE,10,3,0,2,1,2,0,0,35,0,0,0,0,0,4,2,14
,2023-47084,39.78094213,-104.8828179,11/2/2023 8:20,8:20:00,1,0,0, CENTRAL PARK BLVD & E 46TH AVE,1,1,0,0,1,1,0,0,40,0,0,0,0,1,4,2,11
,2023-47090,39.69116969,-104.982809,11/1/2023 15:45,15:45:00,3,0,0,E ARKANSAS AVE & S LOGAN ST,1,1,0,0,1,1,0,0,25,0,0,0,0,1,4,4,3
,2023-47091,39.72576258,-105.0351069,11/1/2023 6:40,6:40:00,15,0,0,W 6TH AVE & N LOWELL BLVD,1,2,1,0,1,4,0,0,55,0,0,0,0,0,2,2,11
,2023-47097,39.68568448,-104.9408322,11/1/2023 10:15,10:15:00,3,0,0,E MEXICO AVE & S COLORADO BLVD,1,1,0,0,1,1,0,0,25,0,0,0,0,0,2,2,3
,2023-47098,39.72727678,-104.9868001,11/2/2023 19:20,19:20:00,6,0,0, HOLLY ST & E 7TH AVE,1,3,0,0,1,4,0,0,30,0,0,0,0,0,4,2,13
,2023-47102,39.6988423,-105.0297457,11/2/2023 16:19,16:19:00,1,0,0, IRVING ST & W FORD PL,1,1,0,0,1,1,0,0,30,0,0,0,0,0,4,2,11
,2023-47105,39.75651483,-105.0158322,11/2/2023 10:58,10:58:00,15,0,0,ZUNI ST & N SPEER BLVD,1,1,0,0,1,4,0,0,30,0,0,0,0,0,4,2,13
,2023-47108,39.63992098,-104.8852081,11/2/2023 17:28,17:28:00,1,0,0, YOSEMITE ST & I-225 SB RAMPS,1,2,1,0,1,1,0,0,35,0,0,0,0,0,4,3,10
,2023-47112,39.67865344,-105.0250484,11/2/2023 13:27,13:27:00,3,0,0, FEDERAL BLVD & W EVANS AVE,1,1,0,0,1,2,0,0,,0,0,0,0,0,2,2,3
,2023-47113,39.6940446,-104.9788139,11/1/2023 16:06,16:06:00,12,0,1,I-25 & S WASHINGTON ST,1,1,1,0,1,4,0,0,60,0,0,0,0,1,1,2,13
,2023-47115,39.7730016,-104.8353565,11/3/2023 7:18,7:18:00,12,0,1,I-70 EB & MM 282.214,1,1,0,0,1,4,0,0,55,0,0,0,0,1,1,2,13
,2023-47117,39.77300061,-104.8353449,11/3/2023 7:38,7:38:00,12,0,0,I-70 & EB OFF RAMP EXT MERGE PT TO I-225 ,1,1,0,0,1,4,0,0,55,0,0,0,0,0,1,2,13
,2023-47124,39.67870481,-104.9593926,11/3/2023 7:37,7:37:00,15,0,0, UNIVERSITY BLVD & E EVANS AVE,1,1,0,0,1,4,0,0,35,0,0,0,0,0,4,2,8
,2023-47126,39.77005084,-104.9648925,11/3/2023 11:18,11:18:00,6,0,0,E 38TH AVE & N HIGH ST,1,1,0,0,1,4,0,0,20,0,0,0,0,0,4,2,16
,2023-47128,39.68975732,-104.9728351,11/2/2023 18:53,18:53:00,12,0,0,I-25 & S DOWNING ST,1,3,0,0,1,4,0,0,55,0,0,0,0,0,1,2,7
,2023-47129,39.77971004,-104.9905962,11/3/2023 8:57,8:57:00,12,0,0,I-70 WB OFF RAMP TO SB -25,1,1,0,0,1,8,0,0,55,0,0,0,0,0,1,3,16
,2023-47130,39.73848666,-105.0462237,11/3/2023 12:00,12:00:00,12,0,0,W 14TH AVE & N VRAIN ST,1,1,0,0,1,4,0,0,25,0,0,0,0,0,4,2,16
,2023-47132,39.71948282,-104.9607308,11/3/2023 9:16,9:16:00,10,0,0, GAYLORD ST & E 1ST AVE,1,1,0,0,1,4,0,0,25,0,0,0,0,0,4,2,11
,2023-47133,39.76907074,-104.902494,11/3/2023 10:25,10:25:00,5,0,0, QUEBEC ST & E 37TH AVE,1,1,0,0,3,4,0,0,35,0,0,0,0,0,4,1,1
,2023-47136,39.66709934,-104.9252459,11/2/2023 6:54,6:54:00,12,0,0,I-25 & E YALE AVE,1,3,0,0,1,4,0,0,55,0,0,0,0,0,1,4,13
,2023-47139,39.78066241,-104.8134711,11/2/2023 8:28,8:28:00,3,0,0, FONTANA CT & E BOLLING DR,1,1,0,0,1,1,0,0,25,0,0,0,0,0,4,2,11
,2023-47140,39.6530247,-104.9129332,10/30/2023 10:30,10:30:00,3,0,0,E HAMPDEN AVE & S MONACO ST,1,1,0,0,1,1,0,0,35,0,0,0,0,0,2,2,13
,2023-47143,39.73021875,-105.0153841,11/1/2023 0:13,0:13:00,5,0,0,I-25 & W 8TH AVE,1,3,0,0,3,8,0,0,55,0,0,0,0,0,1,2,7
,2023-47148,39.77972125,-104.9762896,11/3/2023 19:31,19:31:00,12,0,0,I-70 & N WASHINGTON ST,1,3,0,0,1,4,0,0,55,0,0,0,0,0,1,2,16
,2023-47149,39.78743463,-105.0462366,10/21/2023 4:32,4:32:00,6,0,0,W 50TH AVE & N VRAIN ST,1,3,0,0,1,4,0,0,25,0,0,0,0,0,4,2,13
,2023-47152,39.77799279,-104.7721472,11/4/2023 12:31,12:31:00,12,0,0, TOWER RD & E 45TH AVE,1,1,0,0,1,3,0,0,45,0,0,0,0,0,4,2,3
,2023-47153,39.82456218,-104.6734035,10/12/2023 4:30,4:30:00,3,0,0, ROBERTSDALE ST & E 71ST AVE,1,3,0,0,1,1,0,0,45,0,0,0,0,0,4,2,8
,2023-47155,39.79288924,-104.8463964,10/14/2023 1:00,1:00:00,6,0,0,QUARI ST & E 53RD AVE,1,3,0,0,1,4,0,0,,0,0,0,0,0,4,2,16
,2023-47158,39.83346185,-104.6929467,8/8/2023 16:55,16:55:00,12,0,1,PENA BLVD & N JACKSON GAP ST,1,1,0,0,1,1,0,0,35,0,0,0,0,2,4,2,16
,2023-47162,39.77005744,-104.9657931,11/4/2023 0:01,0:01:00,6,0,0,E 38TH AVE & N WILLIAMS ST,1,3,0,0,1,4,0,0,,0,0,0,0,0,4,2,16
,2023-47163,39.73285959,-105.0263679,10/15/2023 10:23,10:23:00,6,0,0, GROVE ST & W 10TH AVE,1,1,0,0,1,4,0,0,20,0,0,0,0,0,4,2,13
,2023-47165,39.70222263,-104.9851017,11/4/2023 9:19,9:19:00,6,0,0, SHERMAN ST & E OHIO AVE,1,1,0,0,1,4,0,0,,0,0,0,0,0,4,2,16
,2023-47166,39.7771123,-104.8809225,11/3/2023 22:09,22:09:00,9,0,2,I-70 & N CENTRAL PARK BLVD,1,3,0,0,1,8,0,0,55,0,0,0,0,2,1,1,16
,2023-47169,39.73999512,-104.9672321,10/25/2023 16:51,16:51:00,3,0,0, GILPIN ST & E COLFAX AVE,1,1,0,0,1,1,0,0,25,0,0,0,0,0,2,5,1
,2023-47170,39.73999005,-104.9787425,10/19/2023 18:50,18:50:00,3,0,0, WASHINGTON ST & E COLFAX AVE,1,3,0,1,1,1,0,0,25,0,0,0,0,0,2,2,8
,2023-47171,39.71416479,-105.0006933,11/1/2023 6:50,6:50:00,12,0,0,I-25 & W 6TH AVE,1,3,0,0,1,4,0,0,55,0,0,0,0,0,1,2,13
,2023-47172,39.74000957,-104.971924,10/28/2023 7:10,7:10:00,12,0,0,E COLFAX AVE & N MARION ST,7,3,0,2,1,1,0,1,30,0,0,0,0,0,2,2,14
,2023-47173,39.70696134,-104.8693707,10/17/2023 23:15,23:15:00,16,0,0,10150 E VIRGINIA AVE,1,5,3,0,5,7,0,0,10,0,0,0,0,0,3,1,16
,2023-47176,39.76381046,-104.9188112,10/8/2023 17:56,17:56:00,6,0,0,JASMINE ST & E 33RD AVE,1,2,0,0,1,4,0,0,25,0,0,0,0,0,4,2,16
,2023-47177,39.63846465,-104.8867835,11/3/2023 17:11,17:11:00,12,0,2,I-225 & S YOSEMITE ST,1,1,0,0,1,4,0,0,55,0,0,0,0,1,2,2,16
,2023-47178,39.65295204,-104.9424681,11/4/2023 9:19,9:19:00,15,0,1,E HAMPDEN AVE & S COLORADO BLVD,1,1,0,0,1,4,0,0,40,0,0,0,0,2,2,3,7
,2023-47179,39.70377287,-104.9932378,11/4/2023 7:47,7:47:00,6,0,0,I-25 & SB ON RAMP MERGE PT FROM S KALAMATH ST,1,1,1,0,3,8,0,0,45,0,0,0,0,0,1,2,11
,2023-47181,39.73686752,-104.9991956,9/28/2023 17:28,17:28:00,16,0,0,W 13TH AVE & N SANTA FE DR,1,3,0,0,5,7,0,0,25,1,0,0,0,0,3,1,16
,2023-47183,39.75739454,-105.0105022,10/14/2023 8:07,8:07:00,11,0,1,15TH ST & CENTRAL ST,1,1,0,0,1,1,0,0,,0,0,1,0,3,4,1,16
,2023-47194,39.77975733,-104.979217,8/20/2023 22:30,22:30:00,12,0,0,I-70 & N WASHINGTON ST,1,3,0,0,1,4,0,0,55,0,0,0,0,0,1,2,16
,2023-47196,39.70720504,-104.8825071,10/30/2023 0:55,0:55:00,5,0,0,E ALAMEDA AVE & S CLINTON ST,1,3,0,0,3,4,0,0,40,0,0,0,0,0,4,1,16
,2023-47198,39.77287022,-104.9405104,9/24/2023 20:56,20:56:00,11,1,0, COLORADO BLVD & E 40TH AVE,1,3,0,0,1,1,0,0,0,0,1,0,0,4,2,1,16
,2023-47199,39.74571776,-104.9874077,9/16/2023 17:10,17:10:00,11,0,1, BROADWAY ST & E COLFAX AVE,1,1,0,0,1,4,0,0,0,0,0,1,0,2,4,1,16
,2023-47201,39.79252739,-104.7721476,9/26/2023 8:15,8:15:00,3,0,2, TOWER RD & E ELMENDORF DR,1,1,0,0,1,1,0,0,45,0,0,0,0,3,4,2,1
,2023-47204,39.68720311,-104.9405444,10/17/2023 16:45,16:45:00,12,0,0, COLORADO BLVD & E IOWA AVE,1,1,0,0,1,4,0,0,30,0,0,0,0,0,2,2,3
,2023-47206,39.84747745,-104.6739501,11/3/2023 8:36,8:36:00,12,0,0,8300 PENA BLVD,1,1,1,0,1,4,0,0,45,0,0,0,0,0,4,2,13
,2023-47209,39.68204355,-104.9436123,10/21/2023 23:01,23:01:00,15,0,0,I-25 & S COLORADO BLVD,1,4,0,0,1,4,0,0,,0,0,0,0,0,1,2,16
,2023-47210,39.72732719,-105.052978,11/4/2023 13:38,13:38:00,3,0,0,W 6TH AVE FRTG RD & N SHERIDAN BLVD CONNECTOR RD,1,1,1,0,1,1,0,0,20,0,0,0,0,0,2,2,11
,2023-47211,39.74380274,-104.9798881,10/23/2023 13:13,13:13:00,6,0,0,PEARL ST & E 17TH AVE,1,1,0,0,1,4,0,0,25,0,0,0,0,0,4,2,16
,2023-47213,39.74133944,-104.9672227,11/2/2023 17:00,17:00:00,5,0,0, GILPIN ST & E 16TH AVE,1,4,1,0,1,4,0,0,25,0,0,0,0,0,4,1,16