id,drcog_id,latitude,longitude,crashtime,time,crashtype,numbkilled,numbinjurd,drcoglocat,rdconditin,lightngcon,roadcntgrd,weatherco,location,roaddescrp,schoolzone,constrzone,splimit,bikeinv,pedinv,sctrinv,motoinv,svrty,rdsystem,ttlvehcls,hcf
,2023-47218,39.65302893,-104.9385987,11/4/2023 17:34,17:34:00,12,0,0,E HAMPDEN AVE & S ASH ST,1,3,0,0,1,1,0,0,45,0,0,0,0,0,2,4,11
,2023-47219,39.73344576,-104.9597955,11/4/2023 14:33,14:33:00,10,0,0, YORK ST & E 11TH AVE,1,1,0,0,1,3,0,0,10,0,0,0,0,0,4,2,16
,2023-47220,39.72349111,-105.0250125,11/2/2023 14:34,14:34:00,12,0,0,W 5TH AVE & N FEDERAL BLVD,1,1,0,0,1,3,0,0,,0,0,0,0,0,2,2,16
,2023-47221,39.77644512,-104.8731693,11/4/2023 12:10,12:10:00,15,0,1,I-70 & N CENTRAL PARK BLVD,1,1,0,0,1,4,0,0,55,0,0,0,0,1,1,2,1
,2023-47222,39.74007664,-104.9150729,10/11/2023 16:41,16:41:00,12,0,0,E COLFAX AVE & N LEYDEN ST,1,1,0,0,1,3,0,0,35,0,0,0,0,0,2,2,13
,2023-47223,39.70038466,-105.0275827,9/29/2023 15:28,15:28:00,6,0,0,W KENTUCKY AVE & S HAZEL CT,1,1,0,0,1,4,1,0,25,0,0,0,0,0,4,2,16
,2023-47224,39.77657759,-105.0532488,11/4/2023 10:00,10:00:00,14,0,0,W 44TH AVE & N SHERIDAN BLVD,1,1,0,0,1,3,0,0,,0,0,0,0,0,4,2,16
,2023-47225,39.7387007,-104.9105099,11/4/2023 10:02,10:02:00,15,0,0,E 14TH AVE & N NIAGARA ST,1,1,0,7,1,1,0,0,30,0,0,0,0,0,4,2,11
,2023-47226,39.73753548,-104.9798914,10/21/2023 13:30,13:30:00,6,0,0, PEARL ST & E 13TH AVE,1,1,0,0,1,4,0,0,25,0,0,0,0,0,4,2,13
,2023-47227,39.74326418,-105.0158735,11/3/2023 20:14,20:14:00,12,0,0,I-25 & W 17TH AVE,1,3,0,0,1,4,0,0,55,0,0,0,0,0,1,2,3
,2023-47228,39.77094795,-105.0438468,9/30/2023 15:33,15:33:00,6,0,0,W 39TH AVE & N TENNYSON ST,1,1,0,0,1,4,0,0,25,0,0,0,0,0,4,2,11
,2023-47231,39.77290187,-104.834193,11/3/2023 6:45,6:45:00,15,0,0,I-70 & EB OFF RAMP EXT MERGE PT TO I-225 ,1,3,0,0,1,8,0,0,55,0,0,0,0,0,1,2,11
,2023-47232,39.77503987,-104.8098979,11/4/2023 0:50,0:50:00,12,0,0, CHAMBERS RD & E ANDREWS DR,1,3,0,0,1,1,0,0,35,0,0,0,0,0,4,3,16
,2023-47233,39.67486298,-104.9129471,11/4/2023 14:01,14:01:00,3,0,0, MONACO ST & E ILIFF AVE,1,1,0,0,1,1,0,0,35,0,0,0,0,0,4,2,13
,2023-47234,39.76718358,-104.9948661,9/29/2023 11:44,11:44:00,11,0,1,PARK AVE W & I-25 NB RAMPS,1,1,0,0,1,1,0,0,,0,1,0,0,2,4,1,16
,2023-47235,39.70655791,-105.0393808,11/3/2023 19:29,19:29:00,10,0,0,MORRISON RD & S PATTON CT,1,3,0,0,1,2,0,0,25,0,0,0,0,0,4,2,11
,2023-47238,39.69629466,-104.8973754,10/24/2023 10:27,10:27:00,12,0,0,E MISSISSIPPI AVE & S PARKER RD,1,1,0,0,1,3,0,0,,0,0,0,0,0,2,2,16
,2023-47239,39.74019664,-104.9338134,10/13/2023 20:18,20:18:00,12,0,1,E COLFAX AVE & N CHERRY ST,1,3,0,0,1,1,0,0,30,0,0,0,0,2,2,2,14
,2023-47240,39.74194513,-104.9810881,10/16/2023 15:00,15:00:00,6,0,0,PENNSYLVANIA ST & E 16TH ST,1,1,0,0,1,4,0,0,25,0,0,0,0,0,4,2,7
,2023-47243,39.74384433,-104.9921799,10/6/2023 16:11,16:11:00,10,0,1,WELTON ST & 15TH ST,1,1,0,0,1,2,0,0,30,0,0,0,0,3,4,2,11
,2023-47246,39.69838866,-104.9926749,11/3/2023 18:25,18:25:00,15,0,0, PLATTE RIVER DR & W MISSISSIPPI AVE,1,2,0,0,1,4,0,0,35,0,0,0,0,0,2,2,1
,2023-47248,39.76935653,-105.0507194,10/5/2023 18:40,18:40:00,6,0,1,W 38TH AVE & N YATES ST,1,2,0,0,1,4,0,0,30,0,0,0,0,2,4,3,16
,2023-47249,39.73684687,-104.9741406,10/12/2023 23:58,23:58:00,6,0,0,E 13TH AVE,1,4,0,0,1,4,0,0,,0,0,0,0,0,4,4,16
,2023-47250,39.68748163,-104.9405446,10/6/2023 20:08,20:08:00,11,0,1, COLORADO BLVD & E IOWA AVE,1,3,0,0,1,4,0,0,0,0,1,0,0,3,2,1,16
,2023-47253,39.73997986,-104.962248,10/26/2023 19:55,19:55:00,11,0,1,E COLFAX AVE & N VINE ST,1,4,0,0,1,1,0,0,35,0,1,0,0,3,2,1,16
,2023-47258,39.73975049,-105.052074,9/8/2023 20:00,20:00:00,11,0,1, ZENOBIA ST & W COLFAX AVE,1,4,0,0,1,4,0,0,25,0,1,0,0,2,4,1,16
,2023-47264,39.69672689,-105.0076061,10/27/2023 20:48,20:48:00,2,0,1,W MISSISSIPPI AVE & S RARITAN ST,1,3,0,0,1,4,0,0,,1,0,0,0,2,4,1,16
,2023-47269,39.76796436,-104.9949798,10/29/2023 19:47,19:47:00,15,0,0,I-25 & PARK AVE W,1,1,0,0,1,4,0,0,55,0,0,0,0,0,1,2,16
,2023-47367,39.66052023,-105.0251646,11/1/2023 9:01,9:01:00,12,0,1, FEDERAL BLVD & DARTMOUTH AVE,1,1,0,0,1,4,0,0,40,0,0,0,0,2,2,2,16
,2023-47377,39.74983966,-104.9861344,10/29/2023 0:27,0:27:00,3,0,0,21ST ST & CALIFORNIA ST,10,3,0,2,1,1,0,0,,0,0,0,0,0,4,2,16
,2023-47381,39.75388149,-104.9913742,11/5/2023 1:48,1:48:00,16,0,0,21ST ST & LARIMER ST,1,3,0,0,5,7,0,0,,0,0,0,0,0,3,2,16
,2023-47382,39.85051746,-104.6796401,11/5/2023 7:40,7:40:00,16,0,0,PENA BLVD & ***WEST TERMINAL DOOR 610,1,1,0,0,5,4,0,0,15,0,0,0,0,0,3,2,10
,2023-47386,39.75470451,-104.899011,11/5/2023 9:45,9:45:00,10,0,0, SYRACUSE ST & E 26TH AVE,1,1,0,0,1,1,0,0,25,0,0,0,0,1,4,2,3
,2023-47387,39.73382391,-104.9848562,11/5/2023 9:53,9:53:00,15,0,0, SHERMAN ST & E 11TH AVE,1,1,0,0,1,4,0,0,,0,0,0,0,0,4,2,16
,2023-47390,39.77993788,-104.9319386,11/5/2023 2:13,2:13:00,15,0,1,I-70 & N DAHLIA ST,1,4,2,0,1,13,0,0,,0,0,0,0,1,1,2,16
,2023-47392,39.7807705,-104.9498084,11/1/2023 13:16,13:16:00,12,0,0,E 46TH AVE & N VASQUEZ BLVD,1,1,0,0,1,3,0,0,35,0,0,0,0,1,4,2,7
,2023-47416,39.68467079,-104.8923673,10/22/2023 11:30,11:30:00,10,0,0,1818  QUEBEC WY & E COLORADO AVE,1,1,0,0,1,4,0,0,35,0,0,0,0,0,4,2,16
,2023-47424,39.69664858,-104.9918859,11/5/2023 12:03,12:03:00,3,0,3, SANTA FE DR & W MISSISSIPPI AVE,1,1,0,0,1,1,0,0,,0,0,0,0,2,2,2,14
,2023-47454,39.65897044,-105.0351362,11/4/2023 23:40,23:40:00,6,0,0, LOWELL BLVD & W FLOYD AVE,1,3,1,0,1,1,0,0,25,0,0,0,0,0,4,2,16
,2023-47460,39.77537985,-104.8601229,11/4/2023 17:15,17:15:00,12,0,0,I-70 & WB OFF RAMP MERGE PT TO N HAVANA ST,1,2,3,1,1,4,0,0,55,0,0,0,0,0,1,3,16
,2023-47471,39.75774271,-104.9985667,11/4/2023 16:35,16:35:00,12,0,0,20TH ST & CHESTNUT PL,1,1,1,0,1,3,0,0,35,0,0,0,0,0,4,2,16
,2023-47472,39.73303489,-104.9929161,11/4/2023 12:07,12:07:00,6,0,0, SPEER BLVD & N DELAWARE ST,1,1,0,0,1,4,0,0,35,0,0,0,0,0,4,2,13
,2023-47496,39.77824533,-104.9222929,10/30/2023 8:53,8:53:00,15,0,0,I-70 & N HOLLY ST,11,1,0,0,1,4,0,0,55,0,0,0,0,0,1,2,16
,2023-47511,39.68470886,-104.9593635,11/1/2023 0:11,0:11:00,5,0,0,I-25 & S UNIVERSITY BLVD,1,3,0,0,2,4,0,0,60,0,0,0,0,0,1,1,16
,2023-47521,39.75564194,-105.0043829,11/1/2023 12:17,12:17:00,6,0,0,LITTLE RAVEN ST & 16TH ST,1,1,0,0,1,4,0,0,25,0,0,0,0,0,4,2,14
,2023-47523,39.77978795,-104.9410983,10/18/2023 19:41,19:41:00,12,0,0,I-70 EB OFF RAMP & N COLORADO BLVD,1,3,0,0,1,8,0,0,,0,0,0,0,0,2,2,16
,2023-47542,39.74017938,-104.9573703,10/14/2023 18:32,18:32:00,15,0,0,E COLFAX AVE & COLUMBINE ST,1,3,0,0,1,4,0,0,35,0,0,0,0,0,2,5,14
,2023-47551,39.7494596,-104.9721233,11/4/2023 0:00,0:00:00,6,0,0,2147  MARION ST & E 22ND AVE,14,5,3,7,1,4,0,0,,0,0,0,0,0,4,2,16
,2023-47554,39.75505193,-104.977715,10/23/2023 5:04,5:04:00,16,0,0,2711 WELTON ST,1,1,0,0,5,7,0,0,,0,0,0,0,0,3,2,16
,2023-47555,39.77487385,-104.8570719,11/5/2023 17:32,17:32:00,12,0,4,I-70 & N PEORIA ST,1,3,0,0,1,4,0,0,55,0,0,0,0,2,1,3,3
,2023-47556,39.79621994,-104.7867056,11/6/2023 19:33,19:33:00,12,0,0,PENA BLVD & E 56TH AVE,1,3,0,0,1,4,0,0,,0,0,0,0,0,4,2,16
,2023-47557,39.72542583,-105.0523571,11/4/2023 4:33,4:33:00,6,0,0,5090 W 6TH AVE  DR & S SHERIDAN BLVD,1,3,0,0,3,8,0,0,25,0,0,0,0,0,2,2,1
,2023-47560,39.74194103,-104.9998479,10/25/2023 23:00,23:00:00,15,0,0, SPEER BLVD & N KALAMATH ST,1,3,0,0,1,3,0,0,35,0,0,0,0,0,4,2,16
,2023-47561,39.73515797,-104.9730106,11/5/2023 15:20,15:20:00,12,0,1,E 12TH AVE & N DOWNING ST,1,1,3,0,1,1,0,0,,0,0,0,0,2,4,3,16
,2023-47566,39.73560632,-104.9586055,11/5/2023 2:00,2:00:00,6,0,0, JOSEPHINE ST & E 12TH AVE,1,4,0,0,1,4,0,0,,0,0,0,0,0,4,3,16
,2023-47567,39.74653886,-104.9939371,11/1/2023 6:30,6:30:00,5,0,0,CHAMPA ST & 16TH ST,1,3,0,0,3,1,0,0,20,0,0,0,0,0,4,1,16
,2023-47569,39.70079633,-104.9869981,11/1/2023 16:13,16:13:00,12,0,1,I-25 & S BROADWAY,1,1,0,0,1,4,0,0,55,0,0,0,0,2,1,2,16
,2023-47571,39.67852847,-104.9875673,10/30/2023 14:30,14:30:00,12,0,0, BROADWAY & E EVANS AVE,1,1,0,0,1,1,0,0,30,0,0,0,0,0,4,2,13
,2023-47577,39.79191541,-104.8401813,10/21/2023 0:15,0:15:00,6,0,0, TUCSON ST & E ELMENDORF PL,1,3,0,0,1,4,0,0,25,0,0,0,0,0,4,3,16
,2023-47579,39.77291861,-104.8343882,11/2/2023 15:04,15:04:00,12,0,0,I-70 & EB OFF RAMP EXT TO I-225,1,1,0,0,1,4,0,0,55,0,0,0,0,0,1,2,1
,2023-47581,39.76713091,-104.994823,11/5/2023 1:00,1:00:00,5,0,0,PARK AVE W & I-25 EB ON RAMP,1,3,0,0,6,1,0,0,35,0,0,0,0,0,4,1,11
,2023-47582,39.67864401,-105.0250391,10/21/2023 23:48,23:48:00,3,0,0,W EVANS AVE & S FEDERAL BLVD,1,3,0,0,1,1,0,0,,0,0,0,0,0,2,2,16
,2023-47588,39.79050935,-104.8249438,11/6/2023 16:55,16:55:00,12,0,0, CROWN BLVD & E 52ND AVE,1,1,0,0,1,4,0,0,25,0,0,0,0,0,4,2,11
,2023-47589,39.71079152,-104.9986513,11/6/2023 7:50,7:50:00,12,0,0,I-25 & W ALAMEDA AVE,1,1,1,0,1,4,0,0,55,0,0,0,0,0,1,2,1
,2023-47591,39.7103053,-105.0293109,11/5/2023 10:00,10:00:00,6,0,0,W NEVADA PL & S IRVING ST,1,4,1,0,1,4,0,0,20,0,0,0,0,0,4,2,16
,2023-47592,39.72571713,-105.0001487,11/6/2023 21:32,21:32:00,3,0,0, KALAMATH ST & W 6TH AVE,1,3,0,0,1,1,0,0,35,0,0,0,0,0,4,2,16
,2023-47594,39.76182322,-104.9405113,11/6/2023 15:58,15:58:00,12,0,0, COLORADO BLVD & E MLK JR BLVD,1,1,0,0,1,4,0,0,40,0,0,0,0,0,2,2,3
,2023-47597,39.72579847,-105.0438444,11/5/2023 20:31,20:31:00,12,0,0,W 6TH AVE & N TENNYSON ST,1,3,0,0,1,4,0,0,60,0,0,0,0,0,2,2,16
,2023-47600,39.74323589,-104.9673327,11/6/2023 17:58,17:58:00,16,0,0,1645 E 17TH AVE & N GILPIN ST,1,3,1,0,5,7,0,0,10,0,0,0,0,0,3,2,3
,2023-47601,39.77570599,-104.8667025,11/6/2023 6:44,6:44:00,12,0,0,I-70 & N HAVANA ST,1,1,0,0,1,4,0,0,55,0,0,0,0,0,1,2,3
,2023-47604,39.72585078,-104.9985753,11/4/2023 16:48,16:48:00,15,0,0, SANTA FE DR & W 6TH AVE,1,1,0,0,1,4,0,0,30,0,0,0,0,0,4,2,13
,2023-47606,39.72097768,-104.9541762,11/1/2023 7:43,7:43:00,6,0,0,E 3RD AVE & N FILLMORE ST,1,1,0,0,1,4,0,0,25,0,0,0,0,0,4,2,16
,2023-47607,39.74486943,-104.9960877,10/25/2023 19:50,19:50:00,15,0,0,CHAMPA ST & 14TH ST,1,3,0,0,1,4,0,0,,0,0,0,0,0,4,2,16
,2023-47610,39.7368208,-104.9634925,11/5/2023 10:25,10:25:00,3,0,0,E 13TH AVE & N RACE ST,1,1,0,0,1,1,0,0,25,0,0,0,0,0,4,2,3
,2023-47616,39.7855932,-105.0275739,11/4/2023 1:19,1:19:00,6,0,1,W 41TH AVE & N GROVE ST,1,3,0,0,1,4,0,0,25,0,0,0,0,2,4,2,13
,2023-47620,39.77978584,-104.9891623,10/31/2023 13:17,13:17:00,15,0,0,I-25 & I-70,1,1,3,0,1,4,0,0,55,0,0,0,0,0,1,2,16
,2023-47622,39.74898338,-104.9801863,11/5/2023 13:04,13:04:00,8,0,2,PARK AVE W & COURT PL,1,1,0,0,1,1,0,0,25,0,0,0,0,2,4,2,11
,2023-47625,39.78256766,-104.876265,11/2/2023 17:39,17:39:00,3,0,0,E NORTHFIELD BLVD & N DALLAS ST,1,2,0,0,1,1,0,0,35,0,0,0,0,0,4,2,13
,2023-47626,39.67842346,-104.9479829,10/9/2023 8:00,8:00:00,12,0,1,E EVANS AVE & S ST PAUL ST,1,1,0,0,1,3,0,0,,0,0,0,0,1,4,2,16
,2023-47628,39.7400154,-104.9964624,11/5/2023 5:32,5:32:00,12,0,1,W COLFAX AVE & N GALAPAGO ST,1,4,0,0,1,3,0,0,35,0,0,0,0,2,2,2,16
,2023-47629,39.71814778,-105.0396905,11/6/2023 16:55,16:55:00,3,0,0,W 1ST AVE & S PERRY ST,1,3,0,0,1,1,0,0,25,0,0,0,0,0,4,2,3
,2023-47631,39.69685592,-104.9824193,11/2/2023 22:11,22:11:00,12,0,0,I-25 & S LOGAN ST,1,3,0,0,1,4,0,0,60,0,0,0,0,0,1,2,16
,2023-47637,39.7413012,-104.9406109,11/4/2023 12:40,12:40:00,12,0,0, COLORADO BLVD & E 16TH AVE,1,1,0,0,1,3,0,0,35,0,0,0,0,0,2,3,13
,2023-47639,39.63867966,-104.8926845,11/6/2023 15:30,15:30:00,1,0,1, TAMARAC DR & E QUINCY AVE,1,1,0,0,1,1,0,0,30,0,0,0,0,2,4,2,11
,2023-47641,39.78663627,-105.0345746,10/7/2023 6:00,6:00:00,6,0,0, LOWELL BLVD & W REGIS BLVD,1,3,0,0,1,4,0,0,,0,0,0,0,0,4,3,16
,2023-47642,39.7112786,-104.9406223,11/6/2023 11:42,11:42:00,12,0,0, COLORADO BLVD & E ALAMEDA AVE,1,1,0,0,1,3,0,0,40,0,0,0,0,0,2,2,3
,2023-47643,39.7399973,-104.966002,11/5/2023 17:43,17:43:00,1,0,0,E COLFAX AVE & WILLIAMS ST,1,3,0,0,1,1,0,0,30,0,0,0,0,0,2,2,2
,2023-47644,39.67847176,-104.9222777,10/24/2023 20:30,20:30:00,12,0,0,E EVANS AVE & S HOLLY ST,1,3,0,0,1,3,0,0,35,0,0,0,0,0,4,3,16
,2023-47645,39.69082953,-104.9769448,11/5/2023 6:30,6:30:00,6,0,0, EMERSON ST & E ARKANSAS AVE,1,4,0,0,1,4,0,0,,0,0,0,0,0,4,2,16
,2023-47646,39.7472941,-104.990082,10/17/2023 18:34,18:34:00,2,0,1,18TH ST & CALIFORNIA ST,1,3,0,0,1,4,0,0,0,1,0,0,0,2,4,1,16
,2023-47647,39.77972185,-104.9847452,11/5/2023 1:23,1:23:00,15,0,0,I-70 & N WASHINGTON ST,1,3,0,0,1,4,0,0,55,0,0,0,0,0,1,2,13
,2023-47648,39.76322659,-105.0047177,11/2/2023 0:00,0:00:00,6,0,0,W 33RD AVE & N OSAGE ST,1,3,1,0,1,4,0,0,25,0,0,0,0,0,4,2,16
,2023-47651,39.6530435,-104.8990275,11/6/2023 15:32,15:32:00,11,0,0,E HAMPDEN AVE & S TAMARAC DR,1,1,3,0,1,2,0,0,0,0,0,1,0,0,2,1,16
,2023-47653,39.7111843,-105.0015765,11/6/2023 17:42,17:42:00,1,0,3,W ALAMEDA AVE & S LIPAN ST,1,3,0,0,1,1,0,0,35,0,0,0,0,2,2,2,15
,2023-47657,39.75630609,-105.0158242,11/6/2023 6:30,6:30:00,1,0,0, SPEER BLVD & N ZUNI ST,1,3,1,0,1,1,0,0,35,0,0,0,0,0,4,2,1
,2023-47658,39.68950083,-105.0250605,11/6/2023 14:00,14:00:00,1,0,1, FEDERAL BLVD & W FLORIDA AVE,1,1,0,0,1,1,0,0,40,0,0,0,0,1,2,2,13
,2023-47661,39.77945886,-104.9807381,11/6/2023 8:39,8:39:00,12,0,0,I-70 EB ON RAMP COLLECTOR & N WASHINGTON ST,1,1,0,0,1,8,0,0,40,0,0,0,0,0,1,2,3
,2023-47674,39.74031784,-105.0142297,11/3/2023 8:46,8:46:00,12,0,2,W COLFAX AVE & I-25,1,1,0,7,1,3,0,0,30,0,0,0,0,2,2,2,13
,2023-47678,39.77295646,-104.9754174,10/9/2023 0:06,0:06:00,3,0,5,38TH ST & BRIGHTON BLVD,1,3,0,0,1,1,0,0,35,0,0,0,0,2,4,2,16
,2023-47688,39.77963746,-104.9790307,11/6/2023 9:15,9:15:00,12,0,0,I-70 & N WASHINGTON ST,1,1,0,0,1,4,0,0,55,0,0,0,0,0,1,2,1
,2023-47694,39.73078536,-105.0158166,10/31/2023 23:14,23:14:00,5,0,1,I-25 & W 8TH AVE,1,3,0,0,2,8,0,0,15,0,1,0,0,2,1,1,14
,2023-47700,39.78922371,-104.978295,11/1/2023 16:53,16:53:00,5,0,0,E 51ST AVE & N WASHINGTON ST,1,1,0,0,3,1,0,0,30,0,0,0,0,0,4,1,16
,2023-47701,39.71625095,-104.949939,11/2/2023 17:00,17:00:00,1,0,2, STEELE ST & E ELLSWORTH AVE,1,2,0,0,1,1,0,0,35,0,0,0,0,2,4,2,13
,2023-47703,39.74482614,-104.9733903,10/31/2023 19:01,19:01:00,3,0,1,DOWNING ST & E 18TH AVE,1,3,0,0,1,1,0,0,30,0,0,0,0,2,4,4,16
,2023-47711,39.70608986,-104.9961375,11/6/2023 18:10,18:10:00,12,0,1,I-25 & S SANTA FE DR,1,3,0,0,1,4,0,0,60,0,0,0,0,1,1,3,11
,2023-47713,39.73683877,-104.9861294,11/2/2023 11:45,11:45:00,11,0,1, LINCOLN ST & E 13TH AVE,1,1,0,0,1,1,0,0,0,0,0,1,0,2,4,1,16
,2023-47735,39.76761119,-104.975347,8/24/2023 23:59,23:59:00,6,0,0,35TH ST,1,3,0,0,1,4,0,0,30,0,0,0,0,0,4,3,16
,2023-47737,39.76173593,-104.892558,11/6/2023 15:50,15:50:00,1,0,0,E 32ND AVE & N UINTA ST,1,1,0,0,1,1,0,0,25,0,0,0,0,0,4,2,3
,2023-47741,39.73386652,-104.9935034,11/7/2023 7:00,7:00:00,12,0,0,W 11TH AVE & N SPEER BLVD,1,1,0,0,1,1,0,0,30,0,0,0,0,0,4,2,16
,2023-47743,39.72570809,-105.0001136,10/13/2023 21:37,21:37:00,11,0,1,W 6TH AVE & S KALAMATH ST,1,3,0,0,1,4,0,0,0,0,1,0,0,2,4,1,16
,2023-47752,39.71124655,-105.025172,11/7/2023 7:40,7:40:00,12,0,0, FEDERAL BLVD & W ALAMEDA AVE,1,1,0,0,1,3,0,0,35,0,0,0,0,0,2,2,10
,2023-47759,39.72573077,-105.0186648,11/7/2023 8:53,8:53:00,12,0,0,W 6TH AVE & N BRYANT ST,1,1,0,0,1,4,0,0,55,0,0,0,0,0,2,2,1
,2023-47762,39.80452762,-104.7721177,11/7/2023 8:20,8:20:00,12,0,0, TOWER RD & E 59TH AVE,1,1,0,0,1,2,0,0,10,0,0,0,0,0,4,2,3
,2023-47763,39.75626796,-105.0158355,10/28/2023 8:04,8:04:00,12,0,0, ZUNI ST & N SPEER BLVD,1,1,3,0,1,3,0,0,,0,0,0,0,0,4,2,16
,2023-47768,39.69491825,-105.0320569,11/6/2023 13:55,13:55:00,3,0,0,W ARIZONA AVE & S KNOX CT,1,1,0,0,1,1,0,0,20,0,0,0,0,0,4,2,13
,2023-47773,39.78383162,-105.0064365,11/7/2023 7:53,7:53:00,3,0,0, PECOS ST & W 48TH AVE,1,1,0,7,1,6,0,0,20,0,0,0,0,0,4,2,13
,2023-47776,39.68935533,-104.9035122,11/6/2023 14:50,14:50:00,3,0,0,E FLORIDA AVE & S QUEBEC ST,1,1,0,0,1,1,0,0,25,0,0,0,0,0,4,2,3
,2023-47777,39.77276574,-104.9756806,10/17/2023 19:40,19:40:00,16,0,0,3757 BRIGHTON BLVD,1,3,0,0,5,7,0,0,,0,0,0,0,0,3,2,16
,2023-47778,39.79105136,-105.053248,11/7/2023 11:30,11:30:00,3,0,2, SHERIDAN BLVD & W 52ND AVE,1,1,0,0,1,1,0,0,35,0,0,0,0,1,2,2,13
,2023-47779,39.77651948,-104.8657437,11/7/2023 15:41,15:41:00,12,0,0, HAVANA ST & I-70,1,1,0,0,1,4,0,0,35,0,0,0,0,0,4,3,13
,2023-47782,39.78048329,-104.9581901,11/7/2023 6:37,6:37:00,12,0,1,I-70 & N JOSEPHINE ST,1,1,0,0,1,4,0,0,55,0,0,0,0,1,1,2,13
,2023-47783,39.64702946,-104.9239569,11/6/2023 16:15,16:15:00,3,0,0,E HAPPY CANYON RD & E MANSFIELD AVE,1,1,0,0,1,1,0,0,25,0,0,0,0,0,4,2,3
,2023-47794,39.7408506,-104.9848543,10/20/2023 21:00,21:00:00,6,0,0, SHERMAN ST & E COLFAX AVE,1,3,0,0,1,4,0,0,,0,0,0,0,0,4,2,16
,2023-47802,39.78362893,-104.7904784,11/4/2023 14:15,14:15:00,12,0,0,PENA BLVD & E GREEN VALLEY RANCH BLVD,1,1,1,0,1,3,0,0,35,0,0,0,0,0,4,2,16
,2023-47803,39.74001336,-104.9696945,10/22/2023 2:11,2:11:00,11,0,1,E COLFAX AVE & HUMBOLDT ST,1,3,0,0,1,4,0,0,0,0,1,0,0,3,2,1,16
,2023-47805,39.8110603,-104.7721195,11/6/2023 21:25,21:25:00,5,0,0, TOWER RD & E 63RD AVE,1,3,0,0,1,1,0,0,40,0,0,0,0,0,4,1,14
,2023-47806,39.72573663,-105.0285168,11/6/2023 11:45,11:45:00,3,0,1, FEDERAL BLVD & W 6TH AVE WB RAMPS,1,1,0,0,1,1,0,0,35,0,0,0,0,2,2,3,1
,2023-47807,39.79355015,-104.9034358,11/7/2023 11:25,11:25:00,3,0,0, QUEBEC ST & E 53RD PL,1,1,0,0,1,1,0,0,35,0,0,0,0,1,4,2,6
,2023-47808,39.69657941,-104.9430309,11/6/2023 13:00,13:00:00,3,0,0, JACKSON ST & E MISSISSIPPI AVE,1,1,0,0,1,1,0,0,25,0,0,0,0,1,4,3,11
,2023-47809,39.70567528,-104.9617225,10/25/2023 11:22,11:22:00,3,0,0,E CENTER AVE & S GAYLORD ST,1,1,0,0,1,1,0,0,25,0,0,0,0,0,4,2,11
,2023-47810,39.75734123,-104.8989697,11/6/2023 14:10,14:10:00,10,0,0, SYRACUSE ST & E 28TH AVE,1,1,0,0,1,2,0,0,30,0,0,0,0,0,4,2,11
,2023-47813,39.68933346,-104.896746,11/7/2023 8:29,8:29:00,3,0,0,E FLORIDA AVE & S QUEBEC WAY,1,1,1,0,1,1,0,0,30,0,0,0,0,0,4,2,16
,2023-47815,39.77871091,-104.9222931,11/6/2023 10:50,10:50:00,3,0,0, HOLLY ST & E 45TH AVE,1,1,0,0,1,1,0,0,35,0,0,0,0,0,4,2,13
,2023-47816,39.86384821,-104.6739109,11/6/2023 9:00,9:00:00,12,0,0,4000  PENA BLVD,1,1,0,0,1,4,0,0,65,0,0,0,0,0,4,3,13
,2023-47818,39.71621465,-104.9407883,9/26/2023 20:35,20:35:00,2,0,1, COLORADO BLVD & E ELLSWORTH AVE,1,3,0,0,1,1,0,0,,1,0,0,0,3,2,1,16
,2023-47826,39.75757511,-105.0093907,11/5/2023 12:00,12:00:00,15,0,0,I-25 & 20TH ST,1,1,0,0,1,4,0,0,,0,0,0,0,0,1,2,16
,2023-47827,39.73284733,-104.8846976,10/21/2023 2:48,2:48:00,1,0,0,E 11TH AVE & N YOSEMITE ST,1,3,0,0,1,1,0,0,30,0,0,0,0,0,4,2,11
,2023-47828,39.65437893,-104.8724719,11/7/2023 16:45,16:45:00,3,0,0,E GIRARD AVE & S FLORENCE ST,1,2,0,0,1,2,0,0,25,0,0,0,0,0,4,2,11
,2023-47835,39.63593034,-104.908197,10/19/2023 2:00,2:00:00,6,0,0,I-25 & SB EXIT TO BELLEVIEW AVE,1,4,1,0,3,4,0,0,55,0,0,0,0,0,1,2,16
,2023-47837,39.71936079,-104.9848571,10/26/2023 8:40,8:40:00,6,0,0,E 2ND AVE & N SHERMAN ST,1,1,0,0,1,4,0,0,30,0,0,0,0,0,4,2,7
,2023-47842,39.7681588,-104.994818,11/7/2023 13:57,13:57:00,15,0,0,I-25 & PARK AVE W,1,1,0,0,1,13,0,0,55,0,0,0,0,0,1,2,13
,2023-47846,39.79621994,-104.7867056,11/6/2023 19:30,19:30:00,12,0,0, PENA BLVD & E 56TH AVE,1,4,0,0,1,4,0,0,60,0,0,0,0,0,4,2,13
,2023-47847,39.75240614,-105.0205063,8/28/2023 15:46,15:46:00,3,0,0,W 24TH AVE & N CLAY ST,1,1,0,0,1,1,0,0,20,0,0,0,0,0,4,2,16
,2023-47849,39.7384578,-104.9810813,11/6/2023 23:00,23:00:00,6,0,0,PENNSYLVANIA ST & E 14TH AVE,1,3,0,0,1,4,0,0,20,0,0,0,0,0,4,2,11