id,drcog_id,latitude,longitude,crashtime,time,crashtype,numbkilled,numbinjurd,drcoglocat,rdconditin,lightngcon,roadcntgrd,weatherco,location,roaddescrp,schoolzone,constrzone,splimit,bikeinv,pedinv,sctrinv,motoinv,svrty,rdsystem,ttlvehcls,hcf
,2023-47850,39.7297555,-104.9912378,11/7/2023 13:30,13:30:00,15,0,0, SPEER BLVD & N BANNOCK ST,1,1,0,0,1,1,0,0,35,0,0,0,0,0,4,2,11
,2023-47852,39.63416168,-104.9067302,11/7/2023 10:34,10:34:00,12,0,0,I-25 & I-225 NB ON RAMP EXT,1,1,1,0,1,4,0,0,65,0,0,0,0,0,1,2,1
,2023-47857,39.67377923,-104.8753056,10/21/2023 0:24,0:24:00,6,0,0, DAYTON WY & E ILIFF AVE,1,3,0,0,6,4,0,0,25,0,0,0,0,0,4,3,2
,2023-47859,39.77461759,-104.9223169,10/25/2023 16:50,16:50:00,3,0,1, HOLLY ST & E SMITH RD,1,1,0,0,1,1,0,0,30,0,0,0,0,2,4,2,16
,2023-47862,39.83789353,-104.681601,11/7/2023 5:17,5:17:00,16,0,0,26296 E 78TH AVE,1,3,0,0,5,7,0,0,10,0,0,0,0,0,3,2,13
,2023-47866,39.66940659,-104.959151,11/6/2023 9:20,9:20:00,6,0,0,E VASSAR AVE & S UNIVERSITY BLVD,1,1,0,0,1,4,0,0,25,0,0,0,0,0,4,2,3
,2023-47869,39.66763906,-104.9128803,11/6/2023 17:15,17:15:00,1,0,0, MONACO ST & E YALE AVE,1,1,0,5,1,1,0,0,30,0,0,0,0,0,4,2,3
,2023-47871,39.7400416,-104.9835907,10/23/2023 8:49,8:49:00,15,0,0,E COLFAX AVE & N GRANT ST,1,1,0,0,1,1,0,0,,0,0,0,0,0,2,2,16
,2023-47872,39.8110603,-104.7721195,11/6/2023 21:25,21:25:00,5,0,0, TOWER RD & E 63RD AVE,1,3,0,0,1,1,0,0,40,0,0,0,0,0,4,1,13
,2023-47875,39.72344407,-104.9838166,11/3/2023 22:45,22:45:00,12,0,1,E SPEER BLVD & N GRANT ST,1,3,0,0,1,3,0,0,35,0,0,0,0,2,4,2,14
,2023-47876,39.6529784,-104.9177194,11/6/2023 11:00,11:00:00,3,0,0,E HAMPDEN AVE & I-25 NB OFF RAMP,1,1,0,0,1,1,0,0,40,0,0,0,0,0,2,2,1
,2023-47877,39.79833552,-105.0158529,10/28/2023 21:44,21:44:00,12,0,0,56TH AVE,10,3,0,2,1,4,0,0,65,0,0,0,0,0,4,3,16
,2023-47881,39.72413104,-104.9985652,11/7/2023 8:23,8:23:00,3,0,0,W 5TH AVE & N SANTA FE DR,1,1,0,0,1,1,0,0,25,0,0,0,0,0,4,2,11
,2023-47882,39.75254737,-104.9993155,10/23/2023 1:00,1:00:00,6,0,0,17TH ST & WAZEE ST,1,3,0,0,1,4,0,0,25,0,0,0,0,0,4,2,13
,2023-47883,39.73229523,-105.0001581,11/6/2023 15:30,15:30:00,6,0,0, KALAMATH ST & W 10TH AVE,1,1,0,0,1,4,0,0,35,0,0,0,0,0,4,3,13
,2023-47884,39.65306179,-104.8855873,11/7/2023 6:53,6:53:00,12,0,0,E HAMPDEN AVE & S YOSEMITE ST,1,1,1,0,1,4,0,0,35,0,0,0,0,0,2,2,14
,2023-47886,39.78144177,-104.7905092,11/6/2023 7:50,7:50:00,12,0,0,GREEN VALLEY RANCH BLVD,1,1,0,0,1,4,0,0,65,0,0,0,0,0,4,2,1
,2023-47888,39.67850459,-104.9935459,10/30/2023 11:30,11:30:00,11,0,1, SANTA FE DR & W EVANS AVE,1,1,0,0,1,1,0,0,35,0,1,0,0,2,2,1,13
,2023-47889,39.73283842,-104.8846977,10/7/2023 22:19,22:19:00,12,0,1, YOSEMITE ST & E 11TH AVE,1,3,0,0,1,2,0,0,30,0,0,0,1,3,4,2,7
,2023-47891,39.7400483,-104.9372659,11/7/2023 8:01,8:01:00,3,0,0, BELLAIRE ST & E COLFAX AVE,1,1,0,0,1,1,0,0,25,0,0,0,0,0,2,2,11
,2023-47892,39.73386652,-104.9935034,9/23/2023 9:15,9:15:00,2,0,1,W 11TH AVE & SPEER BLVD,1,1,0,0,1,1,0,0,0,1,0,0,0,3,4,1,16
,2023-47893,39.71133498,-104.9364948,11/6/2023 8:43,8:43:00,3,0,0,E ALAMEDA AVE & LEETSDALE DR,1,1,0,0,1,1,0,0,35,0,0,0,0,0,2,2,3
,2023-47896,39.67740386,-105.0298123,11/4/2023 20:34,20:34:00,3,0,2, IRVING ST & W WARREN AVE,1,3,0,0,1,1,0,0,25,0,0,0,0,1,4,2,16
,2023-47898,39.67915914,-105.0532526,11/4/2023 12:15,12:15:00,1,0,1,W EVANS AVE & S SHERIDAN BLVD,1,1,0,0,1,1,0,0,40,0,0,0,0,1,2,2,16
,2023-47908,39.75658519,-105.0158311,11/7/2023 15:15,15:15:00,3,0,1, ZUNI ST & N SPEER BLVD,1,1,1,0,1,2,0,0,,0,0,0,0,1,4,2,8
,2023-47911,39.78144177,-104.7905092,10/30/2023 11:52,11:52:00,9,0,0,GREEN VALLEY RANCH BLVD,1,1,0,0,1,4,0,0,65,0,0,0,0,0,4,1,14
,2023-47913,39.71299973,-105.0249189,11/4/2023 17:00,17:00:00,11,0,1,W CEDAR AVE & S FEDERAL BLVD,1,4,0,0,1,1,0,0,30,0,1,0,0,2,2,1,16
,2023-47915,39.75846496,-105.0251334,11/7/2023 15:13,15:13:00,8,0,0, FEDERAL BLVD & W 29TH AVE,1,1,0,0,6,1,0,0,,0,0,0,0,0,2,2,16
,2023-47916,39.71122179,-104.9129192,11/6/2023 13:00,13:00:00,12,0,0, MONACO ST & E ALAMEDA AVE,1,1,0,0,1,1,0,0,30,0,0,0,0,0,4,2,3
,2023-47917,39.74007549,-104.9161744,10/19/2023 1:39,1:39:00,1,0,0,E COLFAX AVE & N KRAMERIA ST,1,3,0,0,1,1,0,0,35,0,0,0,0,0,2,2,1
,2023-47919,39.77939226,-104.9033733,11/7/2023 16:54,16:54:00,15,0,0, NORTHFIELD QUEBEC ST NB & I-70,1,1,0,0,1,4,0,0,,0,0,0,0,0,2,2,13
,2023-47920,39.71118645,-104.9152957,11/6/2023 13:35,13:35:00,12,0,0,E ALAMEDA AVE & S LEYDEN ST,1,1,0,0,1,1,0,0,30,0,0,0,0,0,4,2,13
,2023-47921,39.84928942,-104.6726895,9/24/2023 15:05,15:05:00,6,0,0,PENA BLVD & N JACKSON GAP ST,1,1,0,0,1,4,0,0,15,0,0,0,0,0,4,2,16
,2023-47922,39.75387505,-104.9913987,8/31/2023 23:45,23:45:00,11,0,1,LARIMER ST & 21ST ST,1,3,0,0,1,1,0,0,,0,1,0,0,2,4,1,16
,2023-47924,39.72762405,-104.9406267,11/6/2023 13:20,13:20:00,12,0,0, COLORADO BLVD & E 7TH AVE,1,1,0,0,1,4,0,0,30,0,0,0,0,0,2,2,12
,2023-47930,39.74000002,-104.9861324,11/7/2023 11:45,11:45:00,12,0,1, LINCOLN ST & E COLFAX AVE,1,1,0,0,1,1,0,0,35,0,0,0,0,1,2,2,11
,2023-47939,39.75070856,-104.9597665,10/8/2023 19:09,19:09:00,1,1,0, YORK ST & E 23RD AVE,1,3,0,0,1,1,0,0,30,0,0,0,1,4,4,2,1
,2023-47942,39.7258729,-104.9902803,11/7/2023 9:00,9:00:00,11,0,1, BANNOCK ST & W 6TH AVE,1,1,0,0,1,2,0,0,30,0,0,1,0,2,4,1,11
,2023-47957,39.73204046,-104.986139,10/3/2023 17:00,17:00:00,3,0,1,E 10TH AVE & N LINCOLN ST,1,1,0,0,1,1,0,0,25,0,0,0,0,2,4,2,1
,2023-47958,39.71120766,-104.9991564,11/6/2023 14:08,14:08:00,15,0,0,I-25 & W ALAMEDA AVE,1,1,1,0,1,4,0,0,55,0,0,0,0,0,2,2,13
,2023-47959,39.7836324,-104.7813428,11/8/2023 16:12,16:12:00,12,0,0,E GREEN VALLEY RANCH BLVD & N TELLURIDE ST,1,1,0,0,1,4,0,0,35,0,0,0,0,0,4,3,3
,2023-47963,39.7840614,-104.9895358,11/8/2023 15:08,15:08:00,5,0,0,I-25 & W 48TH AVE,11,1,0,1,2,4,0,0,55,0,0,0,0,0,1,1,2
,2023-47986,39.76632564,-104.9990111,11/3/2023 23:13,23:13:00,15,0,1,I-25 & NB OFF RAMP GORE PT TO W 38TH AVE,1,3,0,0,1,8,0,0,60,0,0,0,0,2,1,2,13
,2023-47990,39.78011445,-104.9787895,11/7/2023 15:41,15:41:00,12,0,0,I-70 WB OFF RAMP SLIP & N WASHINGTON ST,1,1,0,0,1,8,0,0,30,0,0,0,0,0,1,2,13
,2023-48009,39.73833311,-104.9439761,11/8/2023 17:13,17:13:00,3,0,0,E 14TH AVE & N GARFIELD ST,11,2,3,1,1,1,0,0,25,0,0,0,0,0,4,2,13
,2023-48012,39.76050009,-104.9002239,11/8/2023 15:31,15:31:00,3,0,0,E MLK BLVD & N ROSLYN ST,11,1,0,2,1,1,0,0,35,0,0,0,0,0,4,2,7
,2023-48022,39.74746842,-104.8846757,11/7/2023 12:55,12:55:00,1,0,0,E MONTVIEW BLVD & N CENTRAL PARK BLVD,1,1,0,0,1,1,0,0,35,0,0,0,0,0,4,2,16
,2023-48024,39.7836324,-104.7813428,11/8/2023 15:40,15:40:00,12,0,0,E GREEN VALLEY RANCH BLVD & N TELLURIDE ST,1,1,0,0,1,4,0,0,25,0,0,0,0,0,4,2,3
,2023-48026,39.76206364,-105.0288118,10/29/2023 4:40,4:40:00,3,0,0, SPEER BLVD & N GREEN CT,9,3,0,2,1,3,0,0,35,0,0,0,0,0,4,2,16
,2023-48028,39.73839658,-104.9634875,11/7/2023 14:05,14:05:00,11,0,1,E 14TH AVE & N RACE ST,1,1,0,0,1,1,0,0,0,0,0,1,0,2,4,1,16
,2023-48029,39.71862083,-104.9728865,11/8/2023 11:11,11:11:00,3,0,0, DOWNING ST & E SPEER BLVD,1,1,0,0,1,1,0,0,30,0,0,0,0,0,4,2,16
,2023-48031,39.68591083,-105.0250216,11/8/2023 9:00,9:00:00,12,0,1, FEDERAL BLVD & W MEXICO AVE,1,1,1,0,1,3,0,0,40,0,0,0,0,2,2,3,3
,2023-48033,39.78389461,-105.0252761,11/8/2023 10:50,10:50:00,12,0,0,I-70 EB OFF RAMP & N FEDERAL BLVD,1,1,0,0,1,8,0,0,35,0,0,0,0,0,1,2,16
,2023-48034,39.72563795,-104.9862612,11/7/2023 16:00,16:00:00,3,0,1, LINCOLN ST & E SPEER BLVD,1,1,0,0,1,1,0,0,30,0,0,0,0,1,4,2,3
,2023-48045,39.7799573,-104.9789865,11/5/2023 12:27,12:27:00,3,0,2,I-70 WB OFF RAMP & N WASHINGTON ST,1,1,3,0,1,1,0,0,25,0,0,0,0,1,4,2,14
,2023-48051,39.70387042,-104.9129416,11/9/2023 7:11,7:11:00,3,0,1, MONACO ST & E EXPOSITION AVE,11,1,1,0,1,1,0,0,35,0,0,0,0,2,4,2,11
,2023-48052,39.65303398,-104.9091113,11/9/2023 11:35,11:35:00,1,0,1,E HAMPDEN AVE & S ONEIDA WY,1,1,0,0,1,1,0,0,35,0,0,0,0,1,2,2,11
,2023-48054,39.71031561,-105.029812,11/9/2023 9:12,9:12:00,10,0,0, IRVING ST & W NEVADA PL,1,1,0,0,1,1,0,0,30,0,0,0,0,0,4,3,11
,2023-48055,39.66760704,-104.9606058,11/9/2023 15:28,15:28:00,3,0,0,E YALE AVE & S YORK ST,1,1,0,0,1,1,0,0,30,0,0,0,0,0,4,2,13
,2023-48060,39.72413048,-105.000188,11/7/2023 8:57,8:57:00,10,0,2, KALAMATH ST & W 5TH AVE,1,1,0,0,1,1,0,0,35,0,0,0,0,3,4,2,8
,2023-48063,39.77206478,-104.9898124,11/6/2023 10:41,10:41:00,15,0,0,I-25 NB OFF RAMP & I-70 EB,1,1,0,0,1,8,0,0,55,0,0,0,0,0,4,2,7
,2023-48064,39.75106132,-104.9828787,11/8/2023 8:29,8:29:00,3,0,0,PARK AVE W & WELTON ST,1,1,0,0,1,1,0,0,,0,0,0,0,0,4,2,16
,2023-48065,39.71118387,-104.9923866,11/7/2023 10:55,10:55:00,12,0,0,W ALAMEDA AVE & S CHEROKEE ST,1,1,0,0,1,1,0,0,30,0,0,0,0,0,4,2,3
,2023-48071,39.76201725,-105.0158351,11/9/2023 13:08,13:08:00,3,0,0, ZUNI ST & W 32ND AVE,1,1,0,0,1,1,0,0,,0,0,0,0,0,4,2,16
,2023-48072,39.68949573,-105.0442499,11/9/2023 8:15,8:15:00,1,0,0,W FLORIDA AVE & S TENNYSON ST,1,1,0,0,1,1,0,0,30,0,0,0,0,0,4,2,16
,2023-48073,39.73869997,-104.9082829,11/9/2023 7:43,7:43:00,12,0,0,E 14TH AVE & N ONEIDA ST,1,1,0,0,1,3,0,0,30,0,0,0,0,0,4,2,13
,2023-48074,39.76179384,-104.9406764,11/9/2023 17:38,17:38:00,12,0,0,E MLK JR BLVD & N COLORADO BLVD,1,3,0,0,1,1,0,0,35,0,0,0,0,0,2,3,1
,2023-48075,39.68950197,-105.0203671,11/9/2023 17:14,17:14:00,3,0,2,W FLORIDA AVE & S CLAY ST,1,3,0,0,1,1,0,0,20,0,0,0,0,2,4,2,13
,2023-48076,39.75551002,-104.9034011,10/20/2023 22:20,22:20:00,15,0,0, QUEBEC ST & E 26TH AVE,1,1,0,0,1,4,0,0,35,0,0,0,0,0,4,2,16
,2023-48077,39.72732907,-105.000192,11/9/2023 12:32,12:32:00,3,0,0, KALAMATH ST & W 7TH AVE,1,1,0,0,1,1,0,0,35,0,0,0,0,0,4,2,13
,2023-48079,39.7075337,-104.9222819,11/9/2023 8:43,8:43:00,15,0,0, HOLLY ST & LEETSDALE DR,1,1,1,0,1,4,0,0,30,0,0,0,0,0,4,2,14
,2023-48080,39.67847352,-104.9229263,11/9/2023 13:29,13:29:00,3,0,0,E EVANS AVE & S HOLLY ST,1,1,0,0,1,2,0,0,30,0,0,0,0,0,4,2,11
,2023-48081,39.75532546,-104.9859973,10/28/2023 13:58,13:58:00,3,0,0,24TH ST & ARAPAHOE ST,11,1,0,0,1,1,0,0,25,0,0,0,0,0,4,2,16
,2023-48082,39.66372812,-105.025148,11/9/2023 8:40,8:40:00,3,0,0,W BATES AVE & S FEDERAL BLVD,1,1,0,0,1,1,0,0,25,0,0,0,0,0,2,2,10
,2023-48083,39.70734312,-104.9222679,11/9/2023 7:11,7:11:00,3,0,0,LEETSDALE DR & S HOLLY ST,1,1,0,0,1,1,0,0,35,0,0,0,0,0,2,3,10
,2023-48085,39.68932802,-104.9430262,11/8/2023 16:15,16:15:00,3,0,0, JACKSON ST & E FLORIDA AVE,11,1,0,1,1,1,0,0,25,0,0,0,0,0,4,2,3
,2023-48086,39.74359231,-105.0164996,11/8/2023 7:16,7:16:00,12,0,0,I-25 & W COLFAX AVE,1,1,1,0,1,4,0,0,,0,0,0,0,0,1,2,1
,2023-48087,39.76705151,-104.984291,11/7/2023 18:27,18:27:00,3,0,0,31ST ST & ARKINS CT,1,3,0,0,1,1,0,0,30,0,0,0,0,0,4,2,11
,2023-48088,39.6985903,-104.9035445,11/8/2023 1:29,1:29:00,1,0,0,LEETSDALE DR & S QUEBEC ST,1,3,0,0,1,1,0,0,40,0,0,0,0,0,2,2,13
,2023-48089,39.67942947,-105.0532682,11/8/2023 15:56,15:56:00,12,0,1, SHERIDAN BLVD & W EVANS AVE,11,1,3,1,1,4,0,0,35,0,0,0,0,1,2,3,3
,2023-48090,39.74086173,-104.987384,11/9/2023 18:03,18:03:00,12,0,0,BROADWAY & CHEYENNE PL,1,3,0,0,1,3,0,0,30,0,0,0,0,0,4,2,13
,2023-48093,39.70835849,-105.0532656,11/7/2023 19:27,19:27:00,5,0,0,470  SHERIDAN BLVD & W ALASKA PL,1,3,1,0,3,4,0,0,35,0,0,0,0,0,2,1,14
,2023-48094,39.77243359,-105.0440136,11/8/2023 18:00,18:00:00,6,0,0, TENNYSON ST & W 41ST AVE,11,3,0,0,1,4,0,0,25,0,0,0,0,0,4,7,14
,2023-48097,39.78389458,-105.0251138,11/8/2023 17:54,17:54:00,12,0,0, FEDERAL BLVD & I-70 EB RAMPS,11,2,0,1,1,3,0,0,30,0,0,0,0,0,2,2,16
,2023-48098,39.68931414,-104.9407892,11/7/2023 9:20,9:20:00,3,0,0, COLORADO BLVD & E FLORIDA AVE,1,1,0,0,1,1,0,0,30,0,0,0,0,0,2,2,3
,2023-48100,39.72728455,-104.9836345,11/8/2023 12:03,12:03:00,2,0,1,E 7TH AVE & N GRANT ST,1,1,0,0,1,1,0,0,25,1,0,0,0,2,4,1,16
,2023-48102,39.72932999,-105.0251344,11/9/2023 17:21,17:21:00,12,0,1,W 6TH AVE & N FEDERAL BLVD,1,3,1,0,1,4,0,0,55,0,0,0,0,1,2,2,1
,2023-48103,39.73103453,-104.9383227,11/9/2023 18:33,18:33:00,3,0,0,E 9TH AVE & N ASH ST,1,4,0,0,1,1,0,0,25,0,0,0,0,0,4,2,13
,2023-48106,39.6997233,-104.9216277,11/9/2023 10:08,10:08:00,6,0,0, HOLLY ST & E KENTUCKY AVE,1,1,0,0,1,4,0,0,30,0,0,0,0,0,4,2,11
,2023-48109,39.77950107,-104.9798889,11/9/2023 9:20,9:20:00,15,0,0,I-70 & N WASHINGTON ST,1,1,0,0,1,4,0,0,55,0,0,0,0,0,1,2,13
,2023-48111,39.78523965,-104.9028612,11/9/2023 15:15,15:15:00,10,0,0,E 49TH AVE & N SAND CREEK RD,1,1,0,0,1,1,0,0,35,0,0,0,0,0,4,2,11
,2023-48112,39.78509728,-105.0483305,11/8/2023 16:12,16:12:00,5,0,1,I-70 & N SHERIDAN BLVD,11,1,1,1,2,4,0,0,55,0,0,0,0,1,1,1,10
,2023-48114,39.68987979,-104.9740714,11/9/2023 17:40,17:40:00,12,0,1,I-25 SB ON RAMP CONNECTOR FROM BUCHTEL BLVD & S DOWNING ST,1,4,1,0,1,8,0,0,25,0,0,0,0,1,1,3,3
,2023-48115,39.8001055,-104.7721165,11/8/2023 17:23,17:23:00,12,0,0,E 57TH AVE & N TOWER RD,1,3,0,0,1,4,0,0,40,0,0,0,0,0,4,2,13
,2023-48116,39.69690931,-104.9918078,11/9/2023 14:00,14:00:00,15,0,0, SANTA FE DR & E MISSISSIPPI AVE,1,1,0,0,1,4,0,0,35,0,0,0,0,0,2,2,13
,2023-48118,39.77964885,-104.9727656,11/9/2023 6:43,6:43:00,12,0,0,I-70 & N BRIGHTON BLVD,1,1,0,0,1,4,0,0,55,0,0,0,0,0,1,2,16
,2023-48119,39.71083231,-104.9986755,10/6/2023 14:40,14:40:00,12,0,0,I-25 & E ALAMEDA AVE,1,1,0,0,1,4,0,0,55,0,0,0,0,0,1,2,16
,2023-48122,39.67666926,-104.9994611,11/7/2023 14:53,14:53:00,3,0,1, JASON ST & W WARREN AVE,1,1,0,0,1,1,0,0,25,0,0,0,0,3,4,2,3
,2023-48129,39.69115708,-104.9593442,11/7/2023 17:30,17:30:00,12,0,0, UNIVERSITY BLVD & E ARKANSAS AVE,1,2,0,5,1,1,0,0,30,0,0,0,0,0,4,4,3
,2023-48132,39.76179384,-104.9406764,11/9/2023 18:00,18:00:00,15,0,0,E MLK JR BLVD & N COLORADO BLVD,1,3,0,0,1,1,0,0,35,0,0,0,0,0,2,2,8
,2023-48135,39.7692584,-104.9126905,11/8/2023 10:25,10:25:00,3,0,0, MONACO ST & E 38TH AVE,1,1,0,0,1,1,0,0,20,0,0,0,0,0,4,2,16
,2023-48136,39.75284107,-104.9924532,11/8/2023 13:09,13:09:00,12,0,0,20TH ST & LARIMER ST,11,1,0,1,1,4,0,0,30,0,0,0,0,0,4,2,8
,2023-48137,39.7502453,-104.9890898,11/9/2023 13:23,13:23:00,3,0,1,20TH ST & CHAMPA ST,1,1,3,0,1,1,0,0,30,0,0,0,0,1,4,2,1
,2023-48139,39.78413188,-105.0280579,11/8/2023 16:24,16:24:00,12,0,0,I-70 & N FEDERAL BLVD,11,1,0,1,1,4,0,0,55,0,0,0,0,0,1,2,13
,2023-48141,39.6526938,-104.9180519,11/8/2023 7:36,7:36:00,15,0,0,I-25 & E HAMPDEN AVE,1,1,1,0,1,4,0,0,65,0,0,0,0,0,1,2,1
,2023-48142,39.78589169,-104.7721288,11/7/2023 13:53,13:53:00,1,0,2, TOWER RD & E 49TH AVE,1,1,0,0,1,1,0,0,45,0,0,0,1,3,4,2,11
,2023-48149,39.65266,-104.9180359,11/8/2023 7:36,7:36:00,12,0,1,I-25 & E HAMPDEN AVE,1,1,1,0,1,4,0,0,65,0,0,0,0,1,1,2,1
,2023-48151,39.72932999,-105.0251344,11/8/2023 12:59,12:59:00,12,0,0,W 6TH AVE & N FEDERAL BLVD,11,1,0,1,1,4,0,0,55,0,0,0,0,0,2,3,16
,2023-48153,39.84200204,-104.7467679,11/9/2023 13:47,13:47:00,12,0,0,E-470 NB ON RAMP FROM  & ON RAMP MERGE PT,1,1,0,0,1,8,0,1,55,0,0,0,0,0,2,2,11
,2023-48156,39.7694472,-105.0416634,11/10/2023 14:17,14:17:00,3,0,0,W 38TH AVE & N RALEIGH ST,1,1,0,0,1,1,0,0,30,0,0,0,0,0,4,2,13
,2023-48161,39.71145381,-104.9380995,11/8/2023 14:40,14:40:00,3,0,0,E ALAMEDA AVE & LEETSDALE DR,11,1,1,1,1,2,0,0,30,0,0,0,0,0,4,2,14
,2023-48163,39.69357827,-104.979257,11/9/2023 10:15,10:15:00,8,0,0, WASHINGTON ST & E BUCHTEL BLVD,1,1,0,0,1,1,0,0,30,0,0,0,0,1,4,2,14
,2023-48164,39.79195336,-104.7361598,11/8/2023 8:15,8:15:00,6,0,0, PERTH ST & E 52ND PL,1,1,0,0,1,4,0,0,25,0,0,0,0,0,4,2,13
,2023-48168,39.75794257,-105.0381384,11/7/2023 22:01,22:01:00,12,0,0, OSCEOLA ST & 29TH AVE,1,3,0,0,1,4,0,0,25,0,0,0,0,0,4,2,11
,2023-48172,39.69136183,-105.0525188,11/8/2023 14:40,14:40:00,12,0,0,W ARKANSAS AVE & S SHERIDAN BLVD,11,1,0,1,1,1,0,0,25,0,0,0,0,0,2,2,13
,2023-48174,39.71819658,-104.9732322,11/8/2023 22:14,22:14:00,5,0,1,E 1ST AVE & N DOWNING ST,11,3,0,0,2,4,0,0,35,0,0,0,0,3,4,1,16
,2023-48176,39.71117561,-105.018077,11/8/2023 13:12,13:12:00,15,0,0,W ALAMEDA AVE & S BRYANT ST,11,1,0,0,1,4,0,0,35,0,0,0,0,0,4,2,13
,2023-48178,39.76248255,-105.0034619,11/7/2023 10:04,10:04:00,12,0,1,I-25 & 20TH ST,1,1,0,0,1,4,0,0,55,0,0,0,0,3,1,2,16
,2023-48182,39.70607151,-104.9407949,11/8/2023 17:15,17:15:00,3,0,0,E CHERRY CREEK  DR & S COLORADO BLVD,11,1,0,0,1,1,0,0,30,0,0,0,0,0,2,2,3
,2023-48185,39.65308224,-104.8987343,11/8/2023 12:35,12:35:00,1,0,1,E HAMPDEN AVE & S TAMARAC DR,11,1,0,1,1,1,0,0,35,0,0,0,0,1,2,2,13
,2023-48187,39.76567335,-104.9948629,11/5/2023 16:20,16:20:00,3,0,0,PARK AVE W & N GLOBEVILLE RD,1,1,0,0,1,1,0,0,40,0,0,0,0,0,4,2,16
,2023-48188,39.78065119,-104.8994278,11/8/2023 10:30,10:30:00,5,0,0,I-270 EB OFF RAMP & N QUEBEC ST,11,1,0,0,2,8,0,0,25,0,0,0,0,0,1,1,7
,2023-48190,39.76842322,-104.9812643,11/8/2023 8:39,8:39:00,15,0,0, BRIGHTON BLVD & 33RD ST,1,1,0,0,1,4,0,0,35,0,0,0,0,0,4,2,16
,2023-48193,39.72924929,-104.9234662,11/6/2023 15:25,15:25:00,15,0,0,E 8TH AVE & N HUDSON ST,1,1,0,0,1,1,0,0,,0,0,0,0,0,4,2,16
,2023-48195,39.72578958,-105.0396158,11/9/2023 9:51,9:51:00,12,0,1,W 6TH AVE & N PERRY ST,1,1,0,0,1,4,0,0,55,0,0,0,0,1,2,2,13
,2023-48196,39.76921486,-104.9932219,11/10/2023 10:31,10:31:00,12,0,0,I-25 & PARK AVE W,1,1,0,0,1,4,0,0,55,0,0,0,0,0,1,2,13
,2023-48198,39.72907417,-104.9740731,11/7/2023 11:00,11:00:00,10,0,0,E 8TH AVE & N CORONA ST,1,1,0,0,1,1,0,0,30,0,0,0,0,0,4,2,10
,2023-48199,39.61576484,-105.0914036,11/7/2023 15:35,15:35:00,10,0,0, WADSWORTH BLVD & W CROSS DR,1,1,0,0,1,2,0,0,,0,0,0,0,0,2,2,3
,2023-48201,39.72567236,-104.9928347,11/7/2023 9:58,9:58:00,3,0,1,W 6TH AVE & N DELAWARE ST,1,1,0,0,1,1,0,0,35,0,0,0,0,1,4,2,8
,2023-48202,39.79824745,-104.8473787,10/21/2023 18:20,18:20:00,12,0,0,E 56TH AVE & N PEORIA ST,1,3,0,0,1,3,0,0,,0,0,0,0,0,4,2,16
,2023-48203,39.76741711,-105.0532464,11/8/2023 17:00,17:00:00,12,0,0, SHERIDAN BLVD & W 37TH AVE,11,3,0,1,1,4,0,0,35,0,0,0,0,0,2,2,13
,2023-48208,39.77311664,-104.9126983,11/4/2023 21:52,21:52:00,8,0,0,E SMITH RD,1,3,0,0,6,4,0,0,35,0,0,0,0,0,4,2,11
,2023-48210,39.76928634,-105.0154858,11/10/2023 8:12,8:12:00,12,0,0,W 38TH AVE & N ZUNI ST,1,1,0,0,1,4,0,0,35,0,0,0,0,1,4,2,13
,2023-48212,39.77560754,-104.8655626,11/7/2023 17:58,17:58:00,15,0,0,I-70 & N HAVANA ST,1,2,2,0,1,8,0,0,55,0,0,0,0,0,1,2,14
,2023-48218,39.71817538,-104.9591466,11/10/2023 7:52,7:52:00,15,0,0,E 1ST AVE & N JOSEPHINE ST,1,1,0,0,1,1,0,0,30,0,0,0,0,0,4,2,11
,2023-48223,39.68490893,-104.9626037,11/10/2023 14:26,14:26:00,12,0,0,I-25 & S UNIVERSITY BLVD,1,1,0,0,1,4,0,0,55,0,0,0,0,0,1,2,16
,2023-48227,39.7428769,-104.9512759,11/9/2023 11:13,11:13:00,6,0,0, ST PAUL ST & E 17TH AVE,1,1,0,0,1,4,0,0,20,0,0,0,0,0,4,4,16
,2023-48228,39.70961789,-105.0350354,11/10/2023 7:51,7:51:00,3,0,0,MORRISON RD & S LOWELL BLVD,1,1,0,0,1,1,0,0,20,0,0,0,0,0,4,2,13
,2023-48230,39.7400455,-105.0003985,11/10/2023 11:30,11:30:00,12,0,0,W COLFAX AVE & N KALAMATH ST,1,1,0,0,1,4,0,0,30,0,0,0,0,0,2,2,13
,2023-48231,39.72562887,-104.9798918,11/9/2023 14:45,14:45:00,6,0,0,E 6TH AVE & PEARL ST,1,1,0,0,1,4,0,0,30,0,0,0,0,0,4,2,13
,2023-48234,39.77582087,-104.9890157,11/9/2023 9:15,9:15:00,12,0,0,I-25 NB OFF RAMP & I-70 WB,1,1,0,0,1,8,0,0,55,0,0,0,0,0,1,2,16
,2023-48238,39.78389554,-105.0250919,11/9/2023 5:45,5:45:00,1,0,0, FEDERAL BLVD & I-70 EB RAMPS,1,2,0,0,1,1,0,0,30,0,0,0,0,0,2,2,1
,2023-48239,39.78021497,-105.0205082,11/10/2023 17:05,17:05:00,1,0,0,W 46TH AVE & N CLAY ST,1,3,0,0,1,1,0,0,30,0,0,0,0,0,4,2,13