id,drcog_id,latitude,longitude,crashtime,time,crashtype,numbkilled,numbinjurd,drcoglocat,rdconditin,lightngcon,roadcntgrd,weatherco,location,roaddescrp,schoolzone,constrzone,splimit,bikeinv,pedinv,sctrinv,motoinv,svrty,rdsystem,ttlvehcls,hcf
,2023-48814,39.77802837,-104.8465673,11/13/2023 6:07,6:07:00,12,0,0,E 45TH AVE & N PEORIA ST,1,2,0,0,1,3,0,0,,0,0,0,0,0,4,3,16
,2023-48824,39.78433535,-104.8046622,11/12/2023 3:00,3:00:00,6,0,0,48TH PL & 15780 E ,1,3,0,0,1,4,0,0,,0,0,0,0,0,4,2,16
,2023-48836,39.74451857,-105.0299531,10/15/2023 0:03,0:03:00,5,0,0, IRVING ST & W 17TH AVE,1,3,0,0,3,4,0,0,20,0,0,0,0,0,4,1,16
,2023-48840,39.77720213,-104.8819668,11/13/2023 9:18,9:18:00,12,0,1,I-70 & N CENTRAL PARK BLVD,1,1,0,0,1,4,0,0,55,0,0,0,0,1,1,2,10
,2023-48843,39.84924496,-104.6750008,11/12/2023 11:46,11:46:00,12,0,0,PENA BLVD EAST & 8400,1,1,0,0,5,4,0,0,45,0,0,0,0,0,3,2,16
,2023-48845,39.77950005,-104.9798774,11/13/2023 6:54,6:54:00,12,0,0,I-70 & N WASHINGTON ST,1,1,0,0,1,4,0,0,55,0,0,0,0,0,1,2,1
,2023-48861,39.78052963,-104.9495334,11/13/2023 13:30,13:30:00,3,0,0, STEELE ST & E 46TH N AVE,1,1,0,0,1,1,0,0,35,0,0,0,0,0,2,2,3
,2023-48864,39.63528829,-105.0823322,11/13/2023 12:15,12:15:00,3,0,3, WADSWORTH BLVD & W STANFORD AVE,1,1,0,0,1,1,0,0,40,0,0,0,0,2,2,2,3
,2023-48866,39.78026122,-104.9665351,11/12/2023 11:05,11:05:00,12,0,0,I-70 & E BRIGHTON BLVD,1,1,1,0,1,4,0,0,55,0,0,0,0,0,1,2,13
,2023-48871,39.78873926,-104.8171905,11/12/2023 11:51,11:51:00,3,0,0,E 52ND AVE & N DURHAM CT,1,1,0,0,1,1,0,0,25,0,0,0,0,0,4,2,13
,2023-48898,39.84521718,-104.6674044,11/14/2023 12:53,12:53:00,15,0,0,PENA BLVD & E 80TH AVE,1,1,0,0,1,4,0,0,45,0,0,0,0,0,4,2,8
,2023-48900,39.68569442,-104.9500639,11/13/2023 10:10,10:10:00,3,0,0,E MEXICO AVE & S STEELE ST,1,1,0,0,1,1,0,0,25,0,0,0,0,0,4,2,16
,2023-48902,39.74021883,-104.8987675,11/14/2023 17:48,17:48:00,1,0,0,E COLFAX AVE & N SYRACUSE ST,1,3,3,7,1,1,0,0,35,0,0,0,0,0,2,2,13
,2023-48903,39.77976644,-104.9407724,11/14/2023 17:37,17:37:00,1,0,0, COLORADO BLVD & I-70 EB RAMPS,1,3,0,0,1,1,0,0,35,0,0,0,0,0,2,2,13
,2023-48906,39.74337044,-104.922275,11/10/2023 15:36,15:36:00,12,0,1, HOLLY ST & E 17TH AVE,1,1,0,0,1,3,0,0,25,0,0,0,0,2,4,2,14
,2023-48907,39.71118387,-104.9923866,11/13/2023 10:00,10:00:00,12,0,0,W ALAMEDA AVE & S CHEROKEE ST,1,1,0,0,1,1,0,0,30,0,0,0,0,0,4,2,3
,2023-48909,39.72542953,-105.0528255,11/14/2023 17:17,17:17:00,12,0,0,W 6TH AVE EB ON RAMP & S SHERIDAN BLVD,1,3,0,0,1,8,0,0,55,0,0,0,0,0,2,2,16
,2023-48911,39.79830003,-104.7697918,11/14/2023 7:15,7:15:00,1,0,0,E 56TH AVE & N ARGONE ST,1,1,0,0,1,1,0,0,45,0,0,0,0,0,4,2,11
,2023-48913,39.6879222,-104.9919347,11/13/2023 8:31,8:31:00,12,0,1, SANTA FE DR & W FLORIDA AVE,1,1,0,0,1,3,0,0,45,0,0,0,0,2,2,2,10
,2023-48915,39.74475322,-104.9874173,11/13/2023 15:27,15:27:00,15,0,0, BROADWAY ST & TREMONT PL,1,1,0,0,1,3,0,0,30,0,0,0,0,0,4,2,11
,2023-48916,39.78221949,-104.8657296,11/13/2023 11:00,11:00:00,15,0,0, HAVANA ST & E 47TH AVE,1,1,0,0,1,3,0,0,35,0,0,0,0,0,4,2,16
,2023-48919,39.6966599,-104.9918701,11/14/2023 11:47,11:47:00,1,0,1,W MISSISSIPPI AVE & S SANTA FE DR,1,1,0,0,1,1,0,0,35,0,0,0,0,2,2,2,16
,2023-48922,39.78361656,-104.7721143,11/14/2023 7:56,7:56:00,12,0,0, TOWER RD & E GREEN VALLEY RANCH BLVD,1,1,0,0,1,1,0,0,40,0,0,0,0,0,4,2,11
,2023-48923,39.69666192,-104.9929458,10/28/2023 17:17,17:17:00,3,0,2,W MISSISSIPPI AVE & S PLATTE RIVER DR,12,2,0,2,1,1,0,0,45,0,0,0,0,2,2,4,1
,2023-48924,39.68539158,-104.991971,11/14/2023 8:18,8:18:00,12,0,1, SANTA FE DR & W IOWA AVE,1,1,0,0,1,4,0,0,45,0,0,0,0,2,2,2,16
,2023-48925,39.71120907,-104.9315772,11/14/2023 16:21,16:21:00,3,0,0,E ALAMEDA AVE & S DAHLIA ST,1,1,0,0,1,3,0,0,35,0,0,0,0,0,4,2,11
,2023-48928,39.75144824,-104.9858226,10/13/2023 15:11,15:11:00,6,0,0,STOUT ST & 22ND ST,1,1,0,0,1,4,0,0,,0,0,0,0,0,4,2,16
,2023-48929,39.77694457,-104.8470278,10/5/2023 14:45,14:45:00,15,0,0, PEORIA ST & E 44TH AVE,1,1,0,0,1,4,0,0,,0,0,0,0,0,4,2,16
,2023-48930,39.71156144,-104.9406351,11/14/2023 11:20,11:20:00,12,0,0,E ALAMEDA AVE & S COLORADO BLVD,1,1,0,0,1,1,0,0,30,0,0,0,0,0,4,2,3
,2023-48931,39.73686731,-104.9986216,10/7/2023 23:25,23:25:00,12,0,0,W 13TH AVE & N SANTA FE DR,1,3,0,0,1,4,0,0,25,0,0,0,0,0,4,2,16
,2023-48932,39.75004391,-105.0171123,11/14/2023 11:50,11:50:00,15,0,0,I-25 & W 23RD AVE,1,1,0,0,1,4,0,0,55,0,0,0,0,0,1,2,16
,2023-48933,39.67770142,-104.9333061,11/14/2023 17:46,17:46:00,12,0,2,I-25 & MM 203.5,1,3,0,0,1,4,0,0,65,0,0,0,0,2,1,2,14
,2023-48935,39.735793,-104.9194605,11/6/2023 1:00,1:00:00,6,0,0, JERSEY ST & E 12TH AVE,1,3,0,7,1,4,0,0,25,0,0,0,0,0,4,2,16
,2023-48938,39.67111328,-104.9282137,11/12/2023 18:02,18:02:00,12,0,0,I-25 & SB EXT TO E YALE AVE,1,3,0,0,1,4,0,0,,0,0,0,0,0,1,2,16
,2023-48941,39.71115945,-104.9863808,11/13/2023 13:00,13:00:00,15,0,0,E ALAMEDA AVE & S LINCOLN ST,1,1,0,0,1,1,0,0,30,0,0,0,0,0,4,2,8
,2023-48942,39.6276274,-105.1063539,11/14/2023 15:30,15:30:00,8,0,0,W CHENANGO AVE & S HOYT ST,1,1,0,0,6,4,0,0,,0,0,0,0,0,4,2,16
,2023-48943,39.72560561,-104.9534183,11/14/2023 12:15,12:15:00,3,0,0, FILLMORE ST & E 6TH AVE,1,1,0,0,1,1,0,0,25,0,0,0,0,0,4,2,3
,2023-48945,39.77107756,-104.847035,7/31/2023 16:00,16:00:00,10,0,1, PEORIA ST & E 39TH AVE,1,1,0,0,1,1,0,0,40,0,0,0,0,2,4,2,16
,2023-48947,39.68950351,-105.044851,11/9/2023 13:01,13:01:00,5,0,0,W FLORIDA AVE & S TENNYSON ST,1,1,0,0,2,4,0,0,30,0,0,0,0,0,4,1,16
,2023-48948,39.6891642,-104.9223367,11/13/2023 16:20,16:20:00,3,0,0,1510  HOLLY ST & E FLORIDA AVE,1,1,0,0,1,2,0,0,,0,0,0,0,0,4,2,3
,2023-48951,39.75830118,-104.9373999,11/13/2023 23:00,23:00:00,5,0,1,E 29TH AVE & N BELLAIRE ST,1,3,0,0,3,4,0,0,25,0,0,0,0,2,4,1,16
,2023-48954,39.72932157,-105.0148112,11/14/2023 12:15,12:15:00,12,0,1,I-25 & W 8TH AVE,1,1,0,0,1,4,0,0,55,0,0,0,0,1,1,3,13
,2023-48955,39.85077806,-104.6665275,11/14/2023 18:49,18:49:00,15,0,0,AIRPORT GARAGE,1,3,0,0,1,4,0,0,15,0,0,0,0,0,4,2,1
,2023-48957,39.7751158,-104.945279,11/11/2023 12:00,12:00:00,6,0,0,E 42ND AVE & N MONROE ST,14,5,3,7,1,4,0,0,,0,0,0,0,0,4,2,16
,2023-48958,39.7175146,-105.0039621,10/20/2023 1:54,1:54:00,5,0,0,I-25 & 208.5,1,3,0,0,2,4,0,0,55,0,0,0,0,0,1,1,16
,2023-48959,39.77420062,-104.977312,11/14/2023 14:49,14:49:00,9,0,0,3759 CHESTNUT PL & 38TH ST,1,1,0,0,1,2,0,1,,0,0,0,0,0,4,1,11
,2023-48964,39.77984513,-104.9680396,11/14/2023 6:40,6:40:00,12,0,0,I-70 & N BRIGHTON BLVD,1,2,0,0,1,4,0,0,55,0,0,0,0,0,1,2,11
,2023-48968,39.77752021,-104.9553046,11/9/2023 7:56,7:56:00,6,0,0, THOMPSON CT & E 44TH AVE,1,1,0,0,1,4,0,0,20,0,0,0,0,0,4,3,16
,2023-48969,39.71296427,-104.9034385,10/25/2023 6:41,6:41:00,11,0,1, QUEBEC ST & E CEDAR PL,1,4,0,0,1,1,0,0,35,0,1,0,0,3,4,1,11
,2023-48971,39.74137138,-105.0142361,11/13/2023 12:25,12:25:00,15,0,2,I-25 & AURARIA PKWY,1,1,1,0,1,4,0,0,55,0,0,0,0,1,1,3,7
,2023-48972,39.62419225,-104.9069801,11/14/2023 10:28,10:28:00,15,0,0,E BELLEVIEW AVE & S NEWPORT ST,1,1,1,0,1,4,0,0,40,0,0,0,0,0,2,2,11
,2023-48973,39.84907645,-104.9864393,11/14/2023 12:10,12:10:00,15,0,0,E 84TH AVE,1,1,1,0,1,4,0,0,,0,0,0,0,0,2,2,16
,2023-48975,39.73844517,-104.9916436,11/13/2023 22:21,22:21:00,10,0,0,W 14TH AVE & N CHEROKEE ST,1,3,0,0,1,1,0,0,25,0,0,0,0,0,4,2,11
,2023-48979,39.66750574,-104.8661332,9/7/2023 21:26,21:26:00,11,0,1, HAVANA ST & E YALE AVE,1,3,0,0,1,1,0,0,45,0,1,0,0,3,2,1,16
,2023-48982,39.78507989,-104.8337161,11/4/2023 21:32,21:32:00,6,0,0,E ELK PL & E ANDREWS DR,1,3,1,0,3,4,0,0,25,0,0,0,0,0,4,2,13
,2023-48988,39.71934257,-104.9825762,11/13/2023 13:45,13:45:00,12,0,0, LOGAN ST & E 2ND AVE,1,1,0,0,1,1,0,0,30,0,0,0,0,0,4,2,3
,2023-48993,39.68937377,-104.9743846,11/11/2023 15:50,15:50:00,3,0,0,E FLORIDA AVE & E BUCHTEL BLVD,1,2,0,0,1,1,0,0,,0,0,0,0,0,4,2,8
,2023-48994,39.75843144,-105.0213105,11/4/2023 22:09,22:09:00,12,0,0, SPEER BLVD & W 29TH AVE,1,3,0,0,1,3,0,0,,0,0,0,0,0,4,2,16
,2023-48996,39.71779997,-104.9425408,11/13/2023 17:10,17:10:00,3,0,0, JACKSON ST & E 1ST AVE,1,2,0,0,1,1,0,0,,0,0,0,0,0,4,2,16
,2023-48997,39.62400565,-104.90404,11/14/2023 6:32,6:32:00,12,0,0,E BELLEVIEW AVE & S QUEBEC ST,1,1,0,0,1,4,0,0,35,0,0,0,0,0,2,2,14
,2023-49003,39.74392384,-105.0086782,10/30/2023 10:39,10:39:00,3,0,0,WALNUT ST & 7TH ST,12,1,0,0,1,1,0,0,30,0,0,0,0,0,4,2,13
,2023-49008,39.76182214,-104.9058024,11/14/2023 16:00,16:00:00,1,0,0,MLK BLVD & N PONTIAC ST,1,1,0,0,1,1,0,0,25,0,0,0,0,0,4,2,13
,2023-49018,39.74923443,-104.9406017,11/14/2023 17:52,17:52:00,12,0,0, COLORADO BLVD & E 22ND AVE,1,3,0,0,1,3,0,0,35,0,0,0,0,0,2,2,13
,2023-49025,39.73378481,-104.9874149,11/13/2023 17:20,17:20:00,12,0,0,BROADWAY & E 11TH AVE,1,2,0,0,1,4,0,0,30,0,0,0,0,0,4,2,16
,2023-49026,39.74846861,-105.0033517,9/30/2023 11:28,11:28:00,12,0,0, SPEER BLVD & AURARIA PKWY,1,1,0,0,1,3,0,0,,0,0,0,0,0,4,2,16
,2023-49027,39.71119528,-105.0145187,10/19/2023 21:09,21:09:00,1,0,1,W ALAMEDA AVE & S YUMA ST,1,2,0,0,1,1,0,0,35,0,0,0,0,2,2,2,13
,2023-49073,39.78379255,-104.8000608,11/13/2023 16:08,16:08:00,12,0,0,E GREEN VALLEY RANCH BLVD,1,1,0,0,1,3,0,0,,0,0,0,0,0,2,2,16
,2023-49075,39.76226695,-105.0036491,11/13/2023 7:50,7:50:00,12,0,0,I-25 & 20TH ST,1,1,0,0,1,4,0,0,55,0,0,0,0,0,1,2,13
,2023-49080,39.7170747,-105.0033119,10/25/2023 18:29,18:29:00,12,0,1,I-25 & W ALAMEDA AVE,1,1,0,0,1,4,0,0,55,0,0,0,0,2,1,3,16
,2023-49082,39.73924978,-105.0138637,11/14/2023 12:24,12:24:00,12,0,0,I-25 & W COLFAX AVE,1,1,0,0,1,4,0,0,55,0,0,0,0,0,1,3,13
,2023-49085,39.67998864,-104.9328541,11/13/2023 8:09,8:09:00,6,0,0,4600 E  ASBURY CIR,1,1,0,0,1,4,0,0,25,0,0,0,0,0,4,2,16
,2023-49092,39.72552857,-105.0462681,11/13/2023 16:46,16:46:00,12,0,2,W 6TH AVE & N VRAIN ST,1,3,0,0,1,4,0,0,55,0,0,0,0,2,2,4,3
,2023-49136,39.66761513,-104.9617784,11/15/2023 15:35,15:35:00,12,0,0,E YALE AVE & S GAYLORD ST,1,1,0,0,1,1,0,0,30,0,0,0,0,1,4,2,3
,2023-49137,39.77878033,-104.9034005,11/13/2023 15:00,15:00:00,12,0,0, NORTHFIELD QUEBEC ST & I-70 WB OVERPASS,1,1,0,0,1,3,0,0,40,0,0,0,0,0,2,2,11
,2023-49143,39.72265998,-104.9825818,11/9/2023 17:13,17:13:00,10,0,0, LOGAN ST & E SPEER BLVD,1,1,0,0,1,1,0,0,30,0,0,0,0,0,4,2,10
,2023-49147,39.7627056,-105.0032683,11/15/2023 9:21,9:21:00,12,0,0,I-25 & 20TH ST,1,1,0,0,1,4,0,0,55,0,0,0,0,0,1,2,16
,2023-49151,39.74003737,-104.9988011,11/15/2023 5:48,5:48:00,3,0,1, SPEER BLVD & W COLFAX AVE,1,2,0,0,1,1,0,0,35,0,0,0,0,1,2,2,11
,2023-49155,39.67865344,-105.0250484,11/11/2023 13:00,13:00:00,1,0,0, FEDERAL BLVD & W EVANS AVE,1,1,0,0,1,1,0,0,40,0,0,0,0,0,2,2,16
,2023-49159,39.67827315,-104.9056124,11/14/2023 12:56,12:56:00,14,0,0, PONTIAC WY & E EVANS AVE,1,1,0,0,1,1,0,0,35,0,0,0,0,0,4,2,7
,2023-49160,39.77516425,-104.9406808,11/13/2023 19:01,19:01:00,12,0,0, COLORADO AVE & E 42ND AVE (OFFSET),1,3,0,0,1,4,0,0,,0,0,0,0,0,2,2,13
,2023-49163,39.67758258,-104.9332011,11/15/2023 13:58,13:58:00,12,0,1,I-25 & E EVANS AVE,1,1,0,0,1,4,0,0,,0,0,0,0,1,1,5,16
,2023-49164,39.72564692,-104.9862613,11/15/2023 7:02,7:02:00,12,0,0,E SPEER BLVD & N LINCOLN ST,1,1,0,0,1,4,0,0,35,0,0,0,0,0,4,2,14
,2023-49174,39.78363973,-104.7861754,11/15/2023 7:40,7:40:00,12,0,0,E GREEN VALLEY RANCH BLVD & N SALIDA ST,1,1,0,0,1,4,0,0,35,0,0,0,0,0,4,2,3
,2023-49175,39.67845631,-104.908213,11/15/2023 7:03,7:03:00,1,0,1,E EVANS AVE & S ONEIDA ST,1,1,0,0,1,1,0,0,35,0,0,0,0,1,4,2,11
,2023-49183,39.77952151,-104.9875533,11/15/2023 16:00,16:00:00,12,0,2,I-70 EB ON RAMP & I-25 NB OFF RAMP EB,1,1,0,0,1,8,0,0,55,0,0,0,0,1,1,2,16
,2023-49184,39.71133201,-105.0532578,11/15/2023 13:22,13:22:00,12,0,0,W ALAMEDA AVE & S SHERIDAN BLVD,1,1,1,0,1,3,0,0,35,0,0,0,0,0,2,2,3
,2023-49186,39.69496306,-105.0532278,11/15/2023 16:13,16:13:00,1,0,3, SHERIDAN BLVD & W ARIZONA AVE,1,2,0,0,1,1,0,0,35,0,0,0,0,2,2,2,11
,2023-49188,39.67864401,-105.0250391,11/14/2023 15:35,15:35:00,12,0,0,W EVANS AVE & S FEDERAL BLVD,1,1,0,0,1,1,0,0,30,0,0,0,0,0,2,2,3
,2023-49189,39.73690141,-105.0075024,11/15/2023 9:38,9:38:00,3,0,0,W 13TH AVE & N QUIVAS ST,1,1,0,0,1,2,0,0,30,0,0,0,0,0,4,2,13
,2023-49190,39.77892638,-104.9582362,11/12/2023 11:20,11:20:00,3,0,1, JOSEPHINE ST & E 45TH AVE,1,1,0,0,1,1,0,0,25,0,0,0,0,1,4,2,11
,2023-49191,39.63874776,-104.9040462,11/15/2023 13:30,13:30:00,6,0,1,E QUINCY AVE & S OLIVE ST,1,1,1,0,1,4,0,0,35,0,0,0,0,2,4,2,10
,2023-49192,39.72093325,-104.9985668,11/14/2023 6:31,6:31:00,12,0,1,W 3RD AVE & N SANTA FE DR,1,1,0,0,1,3,0,0,35,0,0,0,0,2,4,2,16
,2023-49193,39.75504155,-105.025286,11/15/2023 6:57,6:57:00,12,0,1, FEDERAL BLVD & E 26TH AVE,1,1,0,0,1,3,0,0,30,0,0,0,0,1,2,2,3
,2023-49194,39.65304634,-104.9016366,11/15/2023 13:36,13:36:00,1,0,0,E HAMPDEN AVE & S ROSLYN ST,1,1,0,0,1,1,0,0,35,0,0,0,0,0,2,2,3
,2023-49195,39.78332124,-104.8224062,11/15/2023 8:00,8:00:00,6,0,0,E BOLLING DR & N DILLON ST,1,1,0,0,1,1,0,0,20,0,0,0,0,0,4,2,11
,2023-49196,39.73469058,-104.9406278,11/15/2023 8:36,8:36:00,15,0,0,E 12TH AVE & N COLORADO BLVD,1,1,0,0,1,1,0,0,20,0,0,0,0,0,2,2,1
,2023-49197,39.75891391,-105.0075007,11/15/2023 6:35,6:35:00,12,0,0,I-25 & 20TH ST,1,1,0,0,1,4,0,0,55,0,0,0,0,0,1,2,16
,2023-49199,39.71941233,-104.9594375,11/14/2023 16:20,16:20:00,3,0,0, UNIVERSITY BLVD & E 2ND AVE,1,1,0,5,1,1,0,0,30,0,0,0,0,0,4,2,13
,2023-49200,39.66750574,-104.8661332,11/14/2023 15:05,15:05:00,1,0,2, HAVANA ST & E YALE AVE,1,1,1,0,1,1,0,0,45,0,0,0,0,1,2,2,11
,2023-49202,39.77818316,-104.918241,11/15/2023 16:53,16:53:00,12,0,2,I-70 & KEARNEY ST,1,2,0,0,1,11,0,0,55,0,0,0,0,2,1,3,13
,2023-49207,39.7289304,-104.9940245,11/15/2023 11:25,11:25:00,10,0,0,W 8TH AVE & N ELATI ST,1,1,0,0,1,1,0,0,30,0,0,0,0,0,4,2,13
,2023-49215,39.73842227,-104.9758812,11/15/2023 14:15,14:15:00,3,0,0, EMERSON-OGDEN ALY & E 14TH AVE,1,1,0,0,1,9,0,0,35,0,0,0,0,0,4,2,11
,2023-49224,39.77822609,-104.902082,11/14/2023 16:28,16:28:00,12,0,2,I-70 & N NORTHFIELD QUEBEC ST,1,1,1,0,1,13,0,0,,0,0,0,0,2,1,5,16
,2023-49225,39.77935924,-104.9791929,11/15/2023 6:02,6:02:00,12,0,0,I-70 EB ON RAMP & N WASHINGTON ST,1,3,0,0,1,8,0,0,55,0,0,0,0,0,1,2,3
,2023-49228,39.72180148,-104.9093705,11/15/2023 8:03,8:03:00,6,0,0,E 4TH AVE & N NEWPORT ST,1,1,0,0,1,4,0,0,20,0,0,0,0,0,4,2,16
,2023-49232,39.65308146,-104.887735,11/15/2023 18:07,18:07:00,15,0,0,E HAMPDEN AVE & S WILLOW ST,1,3,0,0,1,3,0,0,35,0,0,0,0,0,2,2,7
,2023-49233,39.72559987,-104.9407949,11/15/2023 18:00,18:00:00,1,0,0,E 6TH AVE & N COLORADO BLVD,1,3,0,0,1,1,0,0,25,0,0,0,0,0,2,2,16
,2023-49234,39.69660373,-104.8961898,11/14/2023 13:30,13:30:00,1,0,0,E MISSISSIPPI AVE & S TAMARAC ST,1,1,0,0,1,1,0,0,30,0,0,0,0,0,4,2,1
,2023-49238,39.73802162,-104.9798992,11/14/2023 14:20,14:20:00,6,0,0, PEARL ST & E 14TH AVE,1,1,0,0,1,4,0,0,35,0,0,0,0,0,4,2,11
,2023-49239,39.70394383,-105.0250753,11/12/2023 2:12,2:12:00,3,0,0,W EXPOSITION AVE & S FEDERAL BLVD,1,3,1,0,1,1,0,0,30,0,0,0,0,0,2,2,13
,2023-49242,39.6530462,-104.9015435,11/14/2023 5:31,5:31:00,15,0,0,E HAMPDEN AVE & S POPLAR ST,1,3,1,0,1,4,0,0,40,0,0,0,0,0,2,2,16
,2023-49255,39.75120121,-105.0236273,11/15/2023 16:15,16:15:00,3,0,1, ELIOT ST & W 23RD AVE,1,1,0,0,1,1,0,0,25,0,0,0,0,2,4,2,11
,2023-49263,39.67916067,-105.0500111,11/12/2023 17:33,17:33:00,5,0,0,W EVANS AVE & S XAVIER ST,1,3,0,0,1,1,0,0,30,0,0,0,0,0,4,2,14
,2023-49266,39.6392695,-104.8851172,11/15/2023 0:55,0:55:00,12,0,0,I-225 & S YOSEMITE ST,1,3,0,0,1,4,0,0,65,0,0,0,0,0,1,2,6
,2023-49268,39.67820371,-105.0297951,11/3/2023 16:00,16:00:00,11,0,1, IRVING ST & W EVANS AVE,1,1,0,0,1,1,0,0,10,0,1,0,0,2,4,1,14
,2023-49280,39.83408443,-104.7718809,11/12/2023 23:35,23:35:00,4,0,0,PENA BLVD EB OFF RAMP & TOWER RD,1,3,1,0,1,8,0,0,45,0,0,0,0,0,4,1,13
,2023-49283,39.73838075,-104.9647686,11/10/2023 16:09,16:09:00,11,0,1, HIGH ST & E 14TH AVE,1,2,0,0,1,1,0,0,,0,0,1,0,3,4,1,8
,2023-49285,39.71117047,-104.9899383,11/3/2023 22:29,22:29:00,11,0,1,W ALAMEDA AVE & S BANNOCK ST,1,3,0,0,3,2,0,0,30,0,0,1,0,2,4,1,16
,2023-49290,39.75840278,-105.0144685,11/13/2023 15:44,15:44:00,2,0,1,W 29TH AVE & N WYANDOT ST,1,1,1,0,1,1,0,0,35,1,0,0,0,1,4,2,16
,2023-49294,39.74486707,-104.9837583,11/14/2023 10:41,10:41:00,6,0,0,E 18TH AVE & N GRANT ST,1,1,0,0,1,4,0,0,30,0,0,0,0,0,4,2,16
,2023-49295,39.71119286,-104.9923982,11/13/2023 15:10,15:10:00,11,0,1, CHEROKEE ST & W ALAMEDA AVE,1,1,0,0,1,1,0,0,25,0,0,1,0,1,4,1,3
,2023-49299,39.73681781,-104.9624503,11/12/2023 10:30,10:30:00,6,0,2,E 13TH AVE & N VINE ST,1,1,0,0,1,4,0,0,30,0,1,0,0,1,4,4,10
,2023-49385,39.77338833,-104.847108,8/12/2023 1:05,1:05:00,3,0,3, PEORIA ST & I-70 EB RAMPS,1,3,0,0,1,1,0,0,35,0,0,0,0,1,4,2,10
,2023-49386,39.71110264,-104.9769191,11/15/2023 13:45,13:45:00,3,0,0,E ALAMEDA AVE & S EMERSON ST,1,1,0,0,1,1,0,0,30,0,0,0,0,0,4,2,3
,2023-49387,39.72349863,-105.0250226,11/16/2023 13:06,13:06:00,1,0,1, FEDERAL BLVD & W 5TH AVE,1,1,0,0,1,1,0,0,40,0,0,0,1,3,2,2,1
,2023-49388,39.71864497,-104.9874977,10/14/2023 20:30,20:30:00,6,0,0,BROADWAY & E 1ST AVE,1,3,0,0,1,4,0,0,35,0,0,0,0,0,4,2,16
,2023-49390,39.77503987,-104.8098979,10/28/2023 12:22,12:22:00,3,0,0, CHAMBERS RD & E ANDREWS DR,7,1,0,2,1,1,0,0,35,0,0,0,0,0,4,2,3
,2023-49400,39.7400087,-104.9799223,11/15/2023 14:20,14:20:00,3,0,0,E COLFAX AVE & N PEARL ST,1,1,0,0,1,1,0,0,35,0,0,0,0,0,2,2,16
,2023-49409,39.72509121,-105.032475,11/17/2023 7:42,7:42:00,15,0,0,W 6TH AVE & N KNOX CT,1,1,1,0,1,4,0,0,55,0,0,0,0,0,2,2,11
,2023-49410,39.77919366,-104.9407486,11/16/2023 13:19,13:19:00,12,0,0, COLORADO BLVD & I-70,1,1,0,0,1,4,0,0,35,0,0,0,0,0,2,3,16
,2023-49412,39.69674902,-105.0128359,11/16/2023 10:45,10:45:00,12,0,1,W MISSISSIPPI AVE & S TEJON ST,1,1,0,0,1,3,0,0,30,0,0,0,0,2,4,2,3
,2023-49413,39.61833665,-105.091385,11/16/2023 12:29,12:29:00,15,0,0,W CRESTLINE AVE & S WADSWORTH BLVD,1,1,0,0,1,4,0,0,30,0,0,0,0,0,4,2,11
,2023-49414,39.73294495,-104.9597971,11/14/2023 15:40,15:40:00,10,0,0, YORK ST & E 11TH AVE,1,1,0,0,1,2,0,0,30,0,0,0,0,0,4,2,8
,2023-49416,39.67077553,-104.8660462,11/15/2023 15:00,15:00:00,12,0,0, HAVANA ST & S PARKER RD,1,1,0,0,1,3,0,0,45,0,0,0,0,0,2,2,16
,2023-49418,39.72533792,-104.9127934,11/17/2023 8:22,8:22:00,1,0,0, MONACO ST & E 6TH AVE,1,1,0,0,1,1,0,0,30,0,0,0,0,0,4,2,11
,2023-49420,39.77444557,-104.9890958,11/15/2023 17:12,17:12:00,12,0,0,I-25 NB OFF RAMP & I-70,1,4,0,0,1,8,0,0,45,0,0,0,0,0,1,3,13
,2023-49422,39.77821261,-104.9080834,11/16/2023 7:15,7:15:00,12,0,1,I-70 & N QUEBEC ST,1,1,0,0,1,4,0,0,55,0,0,0,0,1,1,2,1
,2023-49427,39.75236543,-105.0075558,11/4/2023 21:00,21:00:00,15,0,0, SPEER BLVD & ELITCH CIR,1,3,0,0,1,4,0,0,35,0,0,0,0,0,4,2,1
,2023-49428,39.76835029,-104.9007987,11/16/2023 9:10,9:10:00,3,0,0,3600  ROSLYN ST,1,1,0,0,1,2,0,0,10,0,0,0,0,0,4,2,16
,2023-49430,39.77952141,-104.9747526,11/16/2023 7:47,7:47:00,15,0,0,I-70 & N WASHINGTON ST,1,1,0,0,1,8,0,0,55,0,0,0,0,0,1,2,1
,2023-49431,39.727268,-104.9823643,11/16/2023 20:49,20:49:00,10,0,1, LOGAN ST & E 7TH AVE,1,3,0,0,1,1,0,0,35,0,0,0,0,2,4,2,3
,2023-49432,39.76386806,-104.9175986,11/14/2023 22:15,22:15:00,6,0,0, KEARNEY ST & E 33RD AVE,1,3,3,0,1,3,0,0,25,0,0,0,0,0,4,3,1
,2023-49434,39.77853624,-104.9887898,11/15/2023 17:13,17:13:00,5,0,0,I-25 OFF RAMP & I-70 WB,1,3,0,0,3,8,0,0,55,0,0,0,0,0,1,1,8
,2023-49435,39.70577074,-105.0040029,11/16/2023 7:56,7:56:00,6,0,0,W CENTER AVE & S NAVAJO ST,1,1,1,0,6,1,0,0,,0,0,0,0,0,4,2,16