id,drcog_id,latitude,longitude,crashtime,time,crashtype,numbkilled,numbinjurd,drcoglocat,rdconditin,lightngcon,roadcntgrd,weatherco,location,roaddescrp,schoolzone,constrzone,splimit,bikeinv,pedinv,sctrinv,motoinv,svrty,rdsystem,ttlvehcls,hcf
,2023-49437,39.75641176,-105.0112979,11/16/2023 15:59,15:59:00,12,0,0,I-25 & N SPEER BLVD,1,1,0,0,1,4,0,0,55,0,0,0,0,0,1,2,3
,2023-49440,39.7209287,-104.9849991,11/16/2023 16:04,16:04:00,3,0,0, SHERMAN ST & E 3RD AVE,1,1,0,0,1,1,0,0,20,0,0,0,0,1,4,2,16
,2023-49441,39.75446747,-105.0105557,11/15/2023 21:58,21:58:00,15,0,0, SPEER BLVD & I-25 NB RAMPS,1,3,0,0,1,1,0,0,35,0,0,0,0,0,4,2,7
,2023-49443,39.78311985,-104.8657367,11/16/2023 17:43,17:43:00,15,0,0, HAVANA ST & E 47TH AVE,1,3,0,0,1,4,0,0,40,0,0,0,0,0,4,2,13
,2023-49447,39.67856471,-104.9828973,11/15/2023 16:15,16:15:00,1,0,0,E EVANS AVE & S LOGAN ST,1,1,0,0,1,1,0,0,30,0,0,0,0,0,4,2,3
,2023-49448,39.69297145,-104.9733907,11/16/2023 17:40,17:40:00,12,0,0,E LOUISIANA AVE & S DOWNING ST,1,3,0,0,1,3,0,0,30,0,0,0,0,0,4,2,13
,2023-49452,39.69673151,-105.0093511,11/16/2023 12:43,12:43:00,10,0,0,W MISSISSIPPI AVE & S RARITAN ST,1,1,0,0,1,1,0,0,35,0,0,0,0,0,4,2,11
,2023-49453,39.74476398,-104.9597801,11/17/2023 10:54,10:54:00,15,0,0,E 18TH AVE & N YORK ST,1,1,0,0,1,1,0,0,25,0,0,0,0,0,4,2,16
,2023-49457,39.71811183,-105.0397016,11/11/2023 13:40,13:40:00,12,0,0, PERRY ST & W 1ST AVE,1,1,0,0,1,3,0,0,,0,0,0,0,0,4,2,16
,2023-49458,39.67847,-104.9240497,11/16/2023 6:01,6:01:00,15,0,0,E EVANS AVE & S HUDSON ST,1,2,0,0,1,4,0,0,35,0,0,0,0,0,4,2,16
,2023-49459,39.78622507,-104.847047,11/15/2023 15:28,15:28:00,12,0,0, PEORIA ST & E ANDREWS DR,1,1,0,0,1,1,0,0,40,0,0,0,0,0,4,2,7
,2023-49462,39.78574313,-104.9897483,11/16/2023 12:38,12:38:00,12,0,2,I-25 SB OFF RAMP & I-70 WB,1,1,0,0,1,8,0,0,65,0,0,0,0,1,1,2,16
,2023-49464,39.65307989,-104.8922304,11/16/2023 20:30,20:30:00,15,0,0,E HAMPDEN AVE & S VERBENA ST,1,3,1,0,1,4,0,0,45,0,0,0,0,0,2,2,11
,2023-49465,39.78364122,-104.7913802,11/16/2023 15:23,15:23:00,1,0,3,E GREEN VALLEY RANCH BLVD & PENA BLVD SB RAMPS,1,1,0,0,1,1,0,0,40,0,0,0,0,2,4,2,13
,2023-49468,39.74007935,-104.9124455,11/16/2023 23:09,23:09:00,3,0,0,E COLFAX AVE & N MONACO ST PKWY,1,3,0,0,1,1,0,0,30,0,0,0,0,0,2,2,16
,2023-49470,39.78657306,-104.8566293,11/16/2023 11:55,11:55:00,3,0,0,4905  LIMA ST & E 51ST AVE,1,1,0,0,1,2,0,0,25,0,0,0,0,0,4,2,1
,2023-49471,39.77850962,-104.8977642,11/17/2023 13:10,13:10:00,12,0,2,I-70 & N NORTHFIELD QUEBEC ST NB,1,1,0,0,1,4,0,0,55,0,0,0,0,1,1,2,13
,2023-49475,39.7396477,-104.9952857,11/14/2023 9:39,9:39:00,6,0,0,FOX ST & W COLFAX AVE,1,1,0,0,1,4,0,0,,0,0,0,0,0,4,2,16
,2023-49476,39.71114476,-104.9837932,11/17/2023 15:00,15:00:00,12,0,0,E ALAMEDA AVE & LOGAN ST,1,1,0,0,1,3,0,0,30,0,0,0,0,0,4,2,13
,2023-49477,39.7484626,-104.9647167,11/17/2023 12:00,12:00:00,6,0,0, HIGH ST & E 21ST AVE,1,1,0,0,1,4,0,0,35,0,0,0,0,0,4,3,1
,2023-49478,39.67125919,-105.0227516,11/17/2023 7:55,7:55:00,14,0,0, DECATUR ST & W HILLSIDE AVE,1,1,0,0,1,4,1,0,20,0,0,0,0,0,4,2,11
,2023-49483,39.75267956,-104.9874177,11/16/2023 11:15,11:15:00,3,0,1,22ND ST & BROADWAY,1,1,0,0,1,1,0,0,30,0,0,0,0,2,4,2,3
,2023-49484,39.76104933,-105.0049533,11/16/2023 9:46,9:46:00,12,0,2,I-25 & 20TH ST,1,1,0,0,1,4,0,0,55,0,0,0,0,1,1,2,16
,2023-49485,39.74617963,-104.9764983,11/15/2023 21:30,21:30:00,3,0,0,E 19TH AVE & PARK AVE,1,3,0,0,1,1,0,0,30,0,0,0,0,0,4,2,13
,2023-49488,39.69301926,-104.9874683,11/15/2023 11:20,11:20:00,12,0,0,E LOUISIANA AVE & S BROADWAY,1,1,0,0,1,9,0,0,25,0,0,0,0,0,4,2,13
,2023-49490,39.78499315,-104.7816884,11/17/2023 8:10,8:10:00,3,0,0, TELLURIDE ST & E GREEN VALLEY RANCH BLVD,1,1,0,0,1,2,0,0,20,0,0,0,0,0,4,2,13
,2023-49492,39.77741105,-104.8824545,11/15/2023 15:47,15:47:00,15,0,0,I-270 WB ON RAMP & MERGE PT FROM I-70,1,1,0,0,1,8,0,0,,0,0,0,0,0,1,2,16
,2023-49506,39.71133498,-104.9364948,11/15/2023 14:50,14:50:00,15,0,0,E ALAMEDA AVE & LEETSDALE DR,1,1,0,0,1,1,0,0,30,0,0,0,0,0,4,2,3
,2023-49511,39.73076897,-104.9848679,11/17/2023 8:44,8:44:00,6,0,0, SHERMAN ST & E 9TH AVE,1,1,0,0,1,4,0,0,20,0,0,0,0,0,4,3,16
,2023-49512,39.74866211,-105.0251658,11/17/2023 15:24,15:24:00,15,0,0, FEDERAL BLVD & E 21ST AVE,1,1,0,0,1,3,0,0,30,0,0,0,0,0,2,2,13
,2023-49513,39.74380024,-104.8870072,11/17/2023 15:18,15:18:00,1,0,0,E 17TH AVE & N XANTHIA ST,1,1,3,0,1,1,0,0,30,0,0,0,0,0,4,2,11
,2023-49516,39.75580365,-105.0101222,11/16/2023 1:18,1:18:00,16,0,0,1416 PLATTE ST,1,3,0,0,5,7,0,0,15,0,0,0,0,0,3,1,11
,2023-49518,39.71465332,-104.9406243,11/11/2023 10:40,10:40:00,10,0,0, COLORADO BLVD & LEETSDALE DR,1,1,0,0,1,1,0,0,35,0,0,0,0,0,2,4,13
,2023-49523,39.77849425,-104.8972929,11/16/2023 5:13,5:13:00,15,0,1,I-270 & I-70 WB UNDERPASS,1,1,1,0,1,4,0,0,55,0,0,0,0,1,1,2,1
,2023-49524,39.79843692,-104.7768053,11/16/2023 6:40,6:40:00,4,0,0,E 56TH AVE & N TOWER RD,1,1,0,0,1,4,0,0,40,0,0,0,0,0,4,1,16
,2023-49528,39.76928785,-105.0064468,11/17/2023 16:52,16:52:00,1,0,1,W 38TH AVE & N PECOS ST,1,2,0,0,1,1,0,0,35,0,0,0,0,2,4,2,13
,2023-49533,39.72889591,-105.0028313,11/17/2023 18:33,18:33:00,3,0,0,W 8TH AVE & N MARIPOSA ST,1,3,0,0,1,1,0,0,20,0,0,0,0,0,4,2,13
,2023-49534,39.77774605,-104.9889931,11/16/2023 2:16,2:16:00,5,0,0,I-25 OFF RAMP & I-70 EB,1,3,0,0,2,8,0,0,55,0,0,0,0,0,1,1,16
,2023-49542,39.74925554,-104.9328493,11/17/2023 8:00,8:00:00,3,0,0,E 22ND AVE & N DEXTER ST,1,1,0,0,1,1,0,0,20,0,0,0,0,0,4,2,16
,2023-49545,39.71683033,-104.9862457,11/17/2023 18:10,18:10:00,12,0,0, LINCOLN ST & E ELLSWORTH AVE,1,3,0,0,1,4,0,0,35,0,0,0,0,1,4,4,3
,2023-49546,39.74379433,-104.8999163,11/17/2023 17:56,17:56:00,3,0,0,E 17TH AVE & N ROSEMARY ST,1,3,3,0,1,1,0,0,30,0,0,0,0,0,4,2,11
,2023-49549,39.78382379,-104.8084828,11/11/2023 10:53,10:53:00,3,0,0,E GREEN VALLEY RANCH BLVD & N CHAMBERS RD,1,1,0,0,1,2,0,0,,0,0,0,0,0,4,2,16
,2023-49550,39.69743027,-104.9827226,11/15/2023 17:29,17:29:00,12,0,0,I-25 & S LOGAN ST,1,3,0,0,1,4,0,0,55,0,0,0,0,0,1,2,13
,2023-49552,39.6930164,-104.9815722,11/17/2023 11:39,11:39:00,3,0,0, PENNSYLVANIA ST & E LOUISIANA AVE,1,1,0,0,1,1,0,1,30,0,0,0,0,0,4,2,11
,2023-49554,39.67360655,-104.9406389,11/17/2023 11:17,11:17:00,12,0,0, COLORADO BLVD & E WESLEY AVE,1,1,0,0,1,4,0,0,35,0,0,0,0,0,2,2,14
,2023-49560,39.75176818,-104.9975856,11/15/2023 16:00,16:00:00,15,0,0,BLAKE ST & 17TH ST,1,1,0,0,1,4,0,0,35,0,0,0,1,0,4,2,8
,2023-49569,39.74009703,-105.0184132,11/17/2023 18:11,18:11:00,12,0,2,W COLFAX AVE & MILE HIGH STADIUM CIR,1,3,0,0,1,4,0,0,45,0,0,0,0,2,2,2,1
,2023-49574,39.78238128,-104.8488819,11/17/2023 10:50,10:50:00,3,0,0, PARIS ST & E 47TH AVE,1,1,0,0,1,1,1,0,25,0,0,0,0,0,4,2,16
,2023-49579,39.72413104,-104.9985652,11/17/2023 16:51,16:51:00,3,0,0,W 5TH AVE & N SANTA FE DR,1,1,0,0,1,1,0,0,30,0,0,0,0,0,4,2,16
,2023-49580,39.73308103,-105.0532212,11/17/2023 17:10,17:10:00,12,0,0, SHERIDAN BLVD & W 10TH AVE,1,2,0,0,1,1,0,0,35,0,0,0,0,0,2,2,16
,2023-49581,39.71121549,-105.0299792,11/18/2023 16:17,16:17:00,3,0,0,W ALAMEDA AVE & S IRVING ST,1,1,0,0,1,1,0,0,35,0,0,0,0,0,2,2,11
,2023-49583,39.74019184,-104.9234371,11/18/2023 17:01,17:01:00,1,0,0, HUDSON ST & E COLFAX AVE,1,1,0,0,1,1,0,0,25,0,0,0,0,0,2,2,13
,2023-49584,39.74019532,-104.9275264,11/17/2023 21:08,21:08:00,3,0,0, FILBERT CT & E COLFAX AVE,1,3,0,0,1,1,0,0,20,0,0,0,0,0,2,2,9
,2023-49587,39.68934736,-104.9547011,11/18/2023 7:54,7:54:00,3,0,0, CLAYTON ST & E FLORIDA AVE,1,1,0,0,1,1,0,0,25,0,0,0,0,0,4,2,8
,2023-49588,39.79827189,-104.7954856,11/18/2023 0:51,0:51:00,12,0,0,E 56TH AVE & N MEMPHIS ST,1,3,0,0,1,4,0,0,45,0,0,0,0,1,4,2,16
,2023-49590,39.74034929,-105.024816,11/17/2023 20:21,20:21:00,15,0,0,W COLFAX AVE & N FEDERAL BLVD,1,3,0,0,1,4,0,0,35,0,0,0,0,0,2,2,3
,2023-49591,39.75119572,-105.0251371,11/17/2023 14:00,14:00:00,12,0,0, FEDERAL BLVD & W 23RD AVE,1,1,0,0,1,1,0,0,35,0,0,0,0,0,2,2,7
,2023-49592,39.7681507,-104.9658075,11/18/2023 18:30,18:30:00,6,0,0,E 37TH AVE & N WILLIAMS ST,1,3,0,0,1,4,0,0,,0,0,0,0,0,4,2,16
,2023-49594,39.6150987,-105.0638812,11/17/2023 21:27,21:27:00,5,0,0,W GRANT RANCH BLVD & W SUMAC AVE,1,3,0,0,3,4,0,0,30,0,0,0,0,0,4,1,12
,2023-49595,39.83812628,-104.9647852,11/18/2023 18:43,18:43:00,3,0,0,E 78TH AVE & N SHADY GROVE ST,1,3,0,0,1,1,0,0,25,0,0,0,0,0,4,2,13
,2023-49596,39.72905999,-104.9775761,11/17/2023 17:21,17:21:00,15,0,1,E 8TH AVE & N CLARKSON ST,1,3,0,0,1,1,0,0,25,0,0,0,1,2,4,2,13
,2023-49601,39.74018176,-104.9406122,11/18/2023 4:46,4:46:00,3,0,1, COLORADO BLVD & E COLFAX AVE,1,1,0,0,1,1,0,0,,0,0,0,0,2,2,2,16
,2023-49604,39.67818201,-105.0203725,11/7/2023 7:15,7:15:00,3,0,0,2100 S CLAY ST,1,1,0,0,1,1,0,0,,0,0,0,0,0,4,2,13
,2023-49605,39.74072986,-105.0140056,11/18/2023 17:40,17:40:00,12,0,1,I-25 & AURARIA PKWY,1,3,1,0,1,4,0,0,55,0,0,0,0,2,1,3,3
,2023-49610,39.7193965,-104.9485839,11/16/2023 11:24,11:24:00,3,0,0, ADAMS ST & E 2ND AVE,1,1,1,0,1,1,0,0,25,0,0,0,0,0,4,2,11
,2023-49612,39.74716177,-104.9873986,11/16/2023 10:00,10:00:00,6,0,0,BROADWAY & E 19TH AVE,1,1,0,0,1,4,0,0,30,0,0,0,0,0,4,3,2
,2023-49615,39.73385867,-104.9935094,11/16/2023 15:40,15:40:00,15,0,0, SPEER BLVD & W 11TH AVE,1,1,0,0,1,1,0,0,35,0,0,0,0,0,4,2,11
,2023-49617,39.70492793,-105.0298992,11/14/2023 19:45,19:45:00,6,0,0,W GILL PL & S IRVING ST,1,3,0,0,1,4,0,0,20,0,0,0,0,0,4,2,16
,2023-49619,39.77831789,-104.9888924,11/16/2023 15:55,15:55:00,15,0,0,I-70 WB ON RAMP FROM NB -25,1,1,0,0,1,8,0,0,45,0,0,0,0,0,1,2,13
,2023-49626,39.69860335,-104.9035548,11/16/2023 10:30,10:30:00,3,0,0, QUEBEC ST & LEETSDALE DR,1,1,0,0,1,1,0,0,30,0,0,0,0,0,2,2,3
,2023-49627,39.74490957,-104.9942478,11/17/2023 20:34,20:34:00,5,0,1,15TH ST & STOUT ST,1,3,0,0,2,3,0,0,25,0,0,0,1,3,4,1,7
,2023-49633,39.73658787,-104.9776081,11/16/2023 23:02,23:02:00,6,0,0, CLARKSON ST & E 13TH AVE,1,4,0,0,1,4,0,0,25,0,0,0,0,0,4,4,13
,2023-49640,39.77577993,-104.8675586,11/18/2023 1:05,1:05:00,12,0,0,I-70 & N HAVANA ST,1,4,0,0,1,4,0,0,,0,0,0,0,0,1,2,16
,2023-49645,39.75425966,-104.9821747,10/31/2023 10:38,10:38:00,3,0,0,25TH ST & STOUT ST,1,1,0,0,1,1,0,0,25,0,0,0,0,0,4,2,11
,2023-49648,39.75114904,-105.0168619,11/17/2023 19:22,19:22:00,12,0,0,I-25 & W 23RD AVE,1,3,0,0,1,4,0,0,,0,0,0,0,0,1,2,16
,2023-49649,39.75103142,-104.9407642,11/17/2023 18:38,18:38:00,12,0,0, COLORADO BLVD & E 23RD AVE,1,3,0,0,1,3,0,0,35,0,0,0,0,0,2,3,14
,2023-49668,39.69476518,-104.9500407,11/18/2023 8:13,8:13:00,3,0,0,E ARIZONA AVE & S STEELE ST,1,1,0,0,1,1,0,0,30,0,0,0,0,0,4,2,8
,2023-49669,39.75434176,-104.9942643,11/18/2023 1:28,1:28:00,5,0,0,BLAKE ST & 20TH ST,1,3,1,0,6,13,0,0,35,0,0,0,0,0,4,1,16
,2023-49670,39.76706134,-104.9946511,11/17/2023 12:22,12:22:00,11,0,1,PARK AVE W & I-25 NB RAMPS,1,1,0,0,1,1,0,0,25,0,1,0,0,2,4,1,16
,2023-49671,39.62675063,-104.9031221,10/15/2023 0:21,0:21:00,12,0,1,I-25 & E BELLEVIEW AVE,1,3,0,0,1,4,0,0,65,0,0,0,0,2,1,3,3
,2023-49676,39.74167106,-104.9795978,11/16/2023 14:24,14:24:00,16,0,0,618 E 16TH AVE,1,1,3,7,5,7,0,0,,0,0,0,0,0,3,2,13
,2023-49679,39.71122179,-104.9129192,11/18/2023 8:43,8:43:00,3,0,2, MONACO ST & E ALAMEDA AVE,1,1,0,0,1,1,0,0,45,0,0,0,0,2,4,2,11
,2023-49682,39.75840704,-104.9033202,11/17/2023 17:04,17:04:00,12,0,0,E 29TH AVE & N QUEBEC ST,1,2,0,0,1,4,0,0,35,0,0,0,0,0,4,2,3
,2023-49684,39.75507071,-104.9880923,11/18/2023 18:41,18:41:00,3,0,0,PARK AVE W & LAWRENCE ST,1,4,0,0,1,1,0,0,30,0,0,0,0,0,4,2,13
,2023-49688,39.76178779,-104.9406677,11/18/2023 2:11,2:11:00,5,0,0, COLORADO BLVD & E MLK JR BLVD,1,3,0,0,3,1,0,0,40,0,0,0,0,0,2,1,11
,2023-49692,39.73688489,-105.00577,11/18/2023 2:29,2:29:00,3,0,0,W 13TH AVE & N OSAGE ST,1,3,0,0,1,1,0,0,30,0,0,0,0,1,4,2,7
,2023-49694,39.71657574,-104.9875017,11/3/2023 19:00,19:00:00,10,0,0, BROADWAY & W ELLSWORTH AVE,1,3,0,0,1,1,0,0,35,0,0,0,0,0,4,2,13
,2023-49696,39.76082076,-105.0041072,11/14/2023 20:35,20:35:00,11,0,1,20TH ST & I-25 SB RAMPS,1,3,0,0,1,1,0,0,0,0,0,1,0,2,1,1,16
,2023-49698,39.70384315,-104.9128924,11/18/2023 16:38,16:38:00,3,0,0,701  MONACO ST & E EXPOSITION AVE,1,3,0,0,1,2,0,0,35,0,0,0,0,0,4,2,13
,2023-49701,39.74699502,-104.9933239,11/14/2023 16:00,16:00:00,2,0,1,CHAMPA ST & 16TH ST,1,1,0,0,1,4,0,0,35,1,0,0,0,1,4,1,13
,2023-49706,39.77503987,-104.8098979,11/18/2023 13:20,13:20:00,3,0,0, CHAMBERS RD & E ANDREWS DR,1,2,0,0,1,1,0,0,45,0,0,0,0,0,4,2,11
,2023-49708,39.77573803,-104.8649592,11/18/2023 17:50,17:50:00,12,0,0,I-70 & PEORIA ST,1,3,0,0,1,4,0,0,55,0,0,0,0,0,1,3,16
,2023-49709,39.78363784,-104.7904896,11/18/2023 18:05,18:05:00,1,0,2,E GREEN VALLEY RANCH BLVD & PENA BLVD,1,3,0,0,1,1,0,0,40,0,0,0,0,2,4,2,11
,2023-49805,39.77105595,-104.9223137,11/18/2023 21:50,21:50:00,1,0,0,E 39TH AVE & N HOLLY ST,1,3,0,0,1,1,0,0,25,0,0,0,0,0,4,3,16
,2023-49820,39.71294102,-104.9815468,11/16/2023 15:15,15:15:00,2,0,1, PENNSYLVANIA ST & E CEDAR AVE,1,1,0,0,1,1,0,0,0,1,0,0,0,1,4,1,16
,2023-49823,39.74009977,-104.9588027,11/17/2023 13:00,13:00:00,1,0,0,E COLFAX AVE & N JOSEPHINE ST,1,1,0,0,1,1,0,0,30,0,0,0,0,0,2,2,16
,2023-49825,39.75840278,-105.0144685,11/19/2023 16:48,16:48:00,1,0,0,W 29TH AVE & N WYANDOT ST,1,3,0,0,1,1,0,0,30,0,0,0,0,0,4,2,13
,2023-49827,39.7351606,-104.9718424,11/16/2023 12:15,12:15:00,2,0,0,E 12TH AVE & N MARION ST,1,1,0,0,1,1,0,0,,1,0,0,0,0,4,1,16
,2023-49829,39.77451454,-104.8657405,11/17/2023 14:43,14:43:00,15,0,0, HAVANA ST & I-70 EB RAMPS,1,1,0,0,1,1,0,0,35,0,0,0,0,0,4,2,11
,2023-49830,39.72560773,-104.960159,11/18/2023 1:25,1:25:00,6,0,0,625  YORK ST & E 6TH AVE,1,3,1,0,1,4,0,0,25,0,0,0,0,0,4,3,16
,2023-49835,39.67846331,-104.9159732,11/11/2023 15:55,15:55:00,3,0,0,E EVANS AVE & S LEYDEN ST,1,2,0,0,1,1,0,0,30,0,0,0,0,0,4,2,16
,2023-49840,39.74838846,-104.9915117,11/15/2023 10:30,10:30:00,11,0,1,18TH ST & CHAMPA ST,1,1,0,0,1,1,0,0,0,0,0,1,0,1,4,1,16
,2023-49843,39.68756224,-104.9919398,11/18/2023 22:35,22:35:00,1,0,0, SANTA FE DR & W IOWA AVE,1,3,0,0,1,1,0,0,45,0,0,0,0,0,2,2,7
,2023-49845,39.67163906,-105.0349315,11/19/2023 1:46,1:46:00,6,0,0,2530  LOWELL BLVD & W HARVARD AVE,1,3,0,0,3,4,0,0,,0,0,0,0,0,4,3,16
,2023-49854,39.76564757,-104.9115378,11/16/2023 12:53,12:53:00,11,0,1,E 35TH AVE & N MAGNOLIA ST,1,1,0,0,1,4,0,0,20,0,1,0,0,1,4,1,16
,2023-49855,39.72086187,-104.9787408,11/19/2023 8:58,8:58:00,3,0,2,E SPEER BLVD & WASHINGTON ST,1,1,0,0,1,1,0,0,35,0,0,0,0,2,4,2,16
,2023-49856,39.67865344,-105.0250484,10/31/2023 20:50,20:50:00,1,0,0, FEDERAL BLVD & W EVANS AVE,1,3,0,0,1,2,0,0,,0,0,0,0,0,2,2,7
,2023-49858,39.77200097,-105.0158767,11/16/2023 12:44,12:44:00,6,0,1, ZUNI ST & W 40TH AVE,1,1,0,0,1,4,0,0,30,0,0,0,0,1,4,2,16
,2023-49863,39.73801452,-105.0251002,11/11/2023 13:27,13:27:00,2,0,1, FEDERAL BLVD & W HOWARD PL,1,1,0,0,1,3,0,0,0,1,0,0,0,1,2,1,16
,2023-49868,39.72559717,-105.0440723,11/18/2023 21:50,21:50:00,12,0,0,W 6TH AVE & N FEDERAL BLVD,1,3,0,0,1,4,0,0,55,0,0,0,0,0,2,2,14
,2023-49871,39.72731485,-104.9965411,11/18/2023 17:00,17:00:00,6,0,0,7TH AVE & N GALAPAGO ST,1,2,0,0,1,4,0,0,15,0,0,0,0,0,4,2,14
,2023-49897,39.74003849,-104.9832428,11/19/2023 2:15,2:15:00,10,0,0,E COLFAX AVE & N GRANT ST,1,3,0,0,1,2,0,0,35,0,0,0,0,0,2,2,3
,2023-49899,39.72490639,-105.012639,11/18/2023 20:23,20:23:00,12,0,0,I-25 & W 6TH AVE FWY,1,3,0,0,1,4,0,0,65,0,0,0,0,0,1,2,16
,2023-49923,39.72559455,-104.9756158,11/17/2023 17:55,17:55:00,12,0,0,E 6TH AVE & N OGDEN ST,1,4,0,0,1,4,0,0,30,0,0,0,0,0,4,2,16
,2023-49937,39.77995174,-104.9596308,11/17/2023 21:39,21:39:00,12,0,0,I-70 & N JOSEPHINE ST,1,3,0,0,1,4,0,0,65,0,0,0,0,0,1,2,16
,2023-49951,39.73548144,-104.986124,10/2/2023 7:45,7:45:00,6,0,0, LINCOLN ST & E 13TH AVE,1,1,0,0,1,4,0,0,,0,0,0,0,0,4,2,16
,2023-49953,39.70034185,-105.0297567,11/7/2023 8:37,8:37:00,3,0,0,W KENTUCKY AVE & S IRVING ST,1,1,0,0,1,1,1,0,20,0,0,0,0,0,4,2,16
,2023-49954,39.78278598,-104.9581431,10/22/2023 5:42,5:42:00,6,0,0, JOSEPHINE ST & E 47TH AVE,1,3,0,0,3,4,0,0,30,0,0,0,0,0,4,3,16
,2023-49957,39.72932941,-105.0249948,11/19/2023 15:34,15:34:00,15,0,0,W 8TH AVE & N FEDERAL BLVD,1,1,0,0,1,1,0,0,35,0,0,0,0,0,2,2,13
,2023-49958,39.71062721,-104.9989006,11/8/2023 0:28,0:28:00,15,0,1,I-25 & SB OFF RAMP TO SANTA FE DR MERGE PT,1,3,0,0,1,8,0,0,55,0,0,0,0,2,1,2,1
,2023-49959,39.73987841,-105.0138994,11/20/2023 9:11,9:11:00,15,0,0,I-25 & W COLFAX AVE,11,1,1,0,1,4,0,0,55,0,0,0,0,0,1,2,1
,2023-49960,39.74602221,-104.9861194,11/2/2023 8:35,8:35:00,15,0,0, LINCOLN ST & 19TH AVE,1,1,0,0,1,4,0,0,,0,0,0,0,0,4,2,16
,2023-49961,39.78198063,-105.0017186,11/12/2023 23:40,23:40:00,6,0,0,W 47TH AVE & N LIPAN ST,1,3,0,0,1,4,0,0,,0,0,0,0,0,4,2,16
,2023-49962,39.7970712,-104.8405378,11/4/2023 19:48,19:48:00,6,0,0, SCRANTON ST & E RANDOLPH PL,1,3,0,0,1,4,0,0,,0,0,0,0,0,4,2,16
,2023-49966,39.76540043,-104.9026146,11/20/2023 12:15,12:15:00,15,0,0,E 35TH AVE & N QUEBEC ST,1,1,0,0,1,1,0,0,25,0,0,0,0,0,4,2,16
,2023-49969,39.77483037,-104.8469263,11/20/2023 16:00,16:00:00,15,0,0,I-70 WB OFF RAMP & N PEORIA ST,1,1,0,0,1,1,0,0,35,0,0,0,0,0,4,2,16
,2023-49970,39.69666192,-104.9929458,11/1/2023 18:49,18:49:00,3,0,0, PLATTE RIVER DR & W MISSISSIPPI AVE,1,3,0,0,1,1,0,0,45,0,0,0,0,0,2,4,16
,2023-49972,39.79837588,-104.7863785,11/19/2023 12:01,12:01:00,12,0,0,PENA BLVD & E 56TH AVE,1,1,0,0,1,4,0,0,65,0,0,0,0,0,4,2,8
,2023-49974,39.79839239,-104.7721287,11/17/2023 13:05,13:05:00,15,0,0,E 56TH AVE & N TOWER RD,1,1,0,0,1,1,0,0,40,0,0,0,0,0,4,2,7
,2023-49975,39.67872063,-104.9985461,11/20/2023 12:51,12:51:00,14,0,0, PLATTE RIVER DR & W EVANS AVE,1,1,0,0,6,3,0,0,25,0,0,0,0,0,4,3,16
,2023-49980,39.75001224,-104.9912042,10/19/2023 16:10,16:10:00,10,0,0,19TH ST & CURTIS ST,1,1,3,0,1,1,0,0,,0,0,0,0,0,4,2,16
,2023-49982,39.73359956,-105.0001583,10/31/2023 21:00,21:00:00,10,0,0, KALAMATH ST & W 11TH AVE,1,3,0,0,1,1,0,0,35,0,0,0,0,0,4,2,16
,2023-49985,39.78407371,-104.991165,11/20/2023 9:00,9:00:00,12,0,0,W 48TH AVE & N BANNOCK ST,1,1,1,0,1,1,0,0,30,0,0,0,0,0,4,2,3
,2023-49990,39.76115949,-105.0252119,11/18/2023 11:41,11:41:00,12,0,0, FEDERAL BLVD & W DOUGLAS PL,1,1,1,0,1,4,0,0,35,0,0,0,0,0,2,3,11
,2023-49995,39.65950886,-105.02674,11/1/2023 13:37,13:37:00,6,0,0,W DARTMOUTH AVE & S FEDERAL BLVD,1,1,1,0,1,4,0,0,25,0,0,0,0,0,4,2,16
,2023-49996,39.72588928,-105.0248907,11/8/2023 5:33,5:33:00,12,0,0, FEDERAL BLVD & W 6TH AVE WB RAMPS,1,3,0,0,1,1,0,0,35,0,0,0,0,0,2,2,16
,2023-49997,39.76841338,-104.9947436,11/8/2023 14:43,14:43:00,5,0,0,I-25 & PARK AVE W,11,1,0,1,1,4,0,0,55,0,0,0,0,0,1,2,16
,2023-50000,39.71819748,-104.9732429,11/20/2023 8:29,8:29:00,8,0,0,E SPEER BLVD & N DOWNING ST,11,1,0,1,1,1,0,0,35,0,0,0,0,0,4,2,12
,2023-50001,39.66764175,-104.9071124,10/6/2023 20:43,20:43:00,16,0,0,E YALE AVE & S NEWPORT ST,1,4,3,0,1,7,0,0,25,0,1,0,0,0,3,1,16
,2023-50005,39.67865344,-105.0250484,11/20/2023 19:51,19:51:00,3,0,0, FEDERAL BLVD & W EVANS AVE,1,3,0,0,1,1,0,0,30,0,0,0,0,0,2,2,13
,2023-50006,39.67858802,-105.0063856,10/18/2023 18:26,18:26:00,15,0,0,1400 W EVANS AVE,1,2,1,0,1,4,0,0,,0,0,0,0,0,4,2,16
,2023-50007,39.719402,-104.9407976,11/17/2023 13:41,13:41:00,3,0,0,E 2ND AVE & N COLORADO BLVD,1,1,1,0,1,1,0,0,35,0,0,0,0,0,2,2,1
,2023-50008,39.74349845,-105.0161189,11/19/2023 21:35,21:35:00,12,0,0,I-25 & W 17TH AVE,11,3,0,1,1,4,0,0,55,0,0,0,0,0,1,3,13