id,drcog_id,latitude,longitude,crashtime,time,crashtype,numbkilled,numbinjurd,drcoglocat,rdconditin,lightngcon,roadcntgrd,weatherco,location,roaddescrp,schoolzone,constrzone,splimit,bikeinv,pedinv,sctrinv,motoinv,svrty,rdsystem,ttlvehcls,hcf
,2023-50009,39.73923067,-105.0285893,11/11/2023 11:20,11:20:00,6,0,0,W 14TH AVE & N HOOKER ST,1,3,0,0,1,4,0,0,25,0,0,0,0,0,4,2,16
,2023-50010,39.73996661,-104.9610166,11/19/2023 6:22,6:22:00,3,0,0, GAYLORD ST & E COLFAX AVE,1,1,0,0,1,1,0,0,25,0,0,0,0,0,2,2,11
,2023-50011,39.75073585,-104.9743884,11/1/2023 0:02,0:02:00,6,0,0,E 23RD AVE & N OGDEN ST,1,3,0,0,1,3,0,0,25,0,0,0,0,0,4,4,1
,2023-50013,39.74016169,-104.954177,11/19/2023 12:42,12:42:00,1,0,0,E COLFAX AVE & N DETROIT ST,1,1,0,0,1,1,0,0,30,0,0,0,0,0,2,2,7
,2023-50015,39.68808005,-104.9699399,11/9/2023 15:40,15:40:00,12,0,0,I-25 & S FRANKLIN ST,1,1,0,0,1,4,0,0,,0,0,0,0,0,1,2,16
,2023-50017,39.76180925,-105.0028098,11/2/2023 14:57,14:57:00,15,0,0,I-25 NB ON RAMP & 20TH ST,1,1,0,0,1,8,0,0,55,0,0,0,0,0,1,2,1
,2023-50018,39.73685636,-104.9957088,11/16/2023 13:35,13:35:00,3,0,0,W 13TH AVE & N SPEER BLVD,1,1,0,0,1,1,0,0,30,0,0,0,0,0,4,2,16
,2023-50019,39.77483081,-104.8469379,11/4/2023 17:35,17:35:00,15,0,0,I-70 WB OFF RAMP & N PEORIA ST,1,3,0,0,1,1,0,0,35,0,0,0,0,0,4,2,7
,2023-50020,39.78285596,-104.7554563,11/8/2023 6:00,6:00:00,1,0,2,E GREEN VALLEY RANCH BLVD & N HIMALAYA RD,1,2,0,0,1,1,0,0,35,0,0,0,0,3,4,2,11
,2023-50021,39.71119517,-105.0432731,11/20/2023 11:04,11:04:00,12,0,0,W ALAMEDA AVE & S STUART ST,1,1,0,0,1,3,0,0,35,0,0,0,0,0,2,2,16
,2023-50022,39.70040543,-105.0250677,11/17/2023 9:18,9:18:00,11,0,1,W KENTUCKY AVE & S FEDERAL BLVD,1,1,0,0,1,1,0,0,30,0,1,0,0,1,2,1,11
,2023-50023,39.6966599,-104.9918701,11/3/2023 12:33,12:33:00,1,0,0,W MISSISSIPPI AVE & S SANTA FE DR,1,1,0,0,1,1,0,0,35,0,0,0,0,0,2,2,16
,2023-50024,39.76118611,-105.0252118,11/18/2023 11:40,11:40:00,12,0,0, FEDERAL BLVD & W DOUGLAS PL,1,1,1,0,1,4,0,0,35,0,0,0,0,0,2,2,11
,2023-50025,39.77449114,-104.8504981,11/20/2023 6:26,6:26:00,12,0,0,I-70 & N PEORIA ST,1,1,1,0,1,4,0,0,55,0,0,0,0,0,1,2,16
,2023-50026,39.73386046,-104.9899707,11/16/2023 8:00,8:00:00,6,0,0,W 11TH AVE & N BANNOCK ST,1,1,0,0,1,4,0,0,,0,0,0,0,0,4,2,16
,2023-50027,39.77623748,-104.8833588,11/20/2023 7:48,7:48:00,12,0,2,I-70 EB OFF RAMP & N CENTRAL PARK BLVD,1,1,1,1,1,8,0,0,55,0,0,0,0,1,1,4,16
,2023-50028,39.77654456,-104.9892129,11/20/2023 6:40,6:40:00,12,0,0,I-25 & I-70,1,2,1,0,1,4,0,0,55,0,0,0,0,0,1,2,1
,2023-50031,39.69495499,-105.0470441,10/6/2023 23:43,23:43:00,6,0,0,W ARIZONA AVE & S WINONA CT,1,3,0,0,1,3,0,0,30,0,0,0,0,0,4,2,16
,2023-50033,39.68756224,-104.9919398,10/28/2023 8:30,8:30:00,1,0,0, SANTA FE DR & W IOWA AVE,4,3,0,2,1,1,0,0,45,0,0,0,0,0,2,2,1
,2023-50034,39.78030841,-104.9409529,11/20/2023 16:07,16:07:00,12,0,0,I-70 & N COLORADO BLVD,1,1,0,0,1,4,0,0,55,0,0,0,0,0,1,3,13
,2023-50035,39.74014857,-104.9483825,11/20/2023 20:00,20:00:00,6,0,0,E COLFAX AVE & N ADAMS ST,1,3,0,0,1,4,0,0,30,0,0,0,0,0,1,2,13
,2023-50036,39.73995089,-105.0393169,11/2/2023 8:20,8:20:00,12,0,0,PERRY ST & W COLFAX AVE,1,1,0,0,1,4,0,0,30,0,0,0,0,0,4,2,16
,2023-50037,39.72932999,-105.0251344,11/18/2023 8:22,8:22:00,15,0,0,W 6TH AVE & N FEDERAL BLVD,1,1,0,0,1,4,0,0,55,0,0,0,0,0,2,2,3
,2023-50038,39.65307911,-104.8942686,11/15/2023 12:05,12:05:00,15,0,0,E HAMPDEN AVE & S ULSTER ST,1,1,0,0,1,3,0,0,45,0,0,0,0,0,2,2,14
,2023-50039,39.72929662,-105.0145769,11/20/2023 7:44,7:44:00,15,0,0,I-25 ON RAMP & W 8TH AVE,11,1,0,0,1,8,0,0,55,0,0,0,0,0,1,2,10
,2023-50040,39.70645406,-104.9966514,11/18/2023 11:40,11:40:00,15,0,0, SANTA FE DR & I-25 OVERPASS,1,1,0,0,1,3,0,0,35,0,0,0,0,0,2,2,13
,2023-50041,39.78348136,-105.0346524,11/20/2023 9:26,9:26:00,12,0,0,I-70 & N FEDERAL BLVD,11,1,0,1,1,4,0,1,55,0,0,0,0,0,1,3,3
,2023-50043,39.77395392,-104.8470336,11/20/2023 15:01,15:01:00,12,0,0,I-70 & N PEORIA ST,1,1,0,0,1,4,0,0,55,0,0,0,0,0,1,2,10
,2023-50045,39.73049939,-104.9591958,11/20/2023 10:19,10:19:00,15,0,0, JOSEPHINE ST & E 9TH AVE,11,1,1,1,1,1,0,0,30,0,0,0,0,0,4,2,13
,2023-50046,39.66408611,-104.8898085,11/17/2023 12:09,12:09:00,3,0,2, WABASH CIR & S SYRACUSE WY,1,1,0,0,1,1,0,0,25,0,0,0,0,2,4,2,13
,2023-50047,39.65338191,-105.0532905,11/11/2023 17:15,17:15:00,15,0,0, SHERIDAN BLVD & W HAMPDEN AVE,1,2,0,0,1,4,0,0,,0,0,0,0,0,2,2,16
,2023-50050,39.70035644,-105.0344524,10/9/2023 8:44,8:44:00,3,0,0, LOWELL BLVD & W KENTUCKY AVE,1,1,1,0,1,1,0,0,25,0,0,0,0,0,4,2,3
,2023-50052,39.75429488,-104.9873803,11/20/2023 12:39,12:39:00,12,0,0, BROADWAY ST & PARK AVE W,1,1,0,0,1,4,0,0,30,0,0,0,0,0,4,2,13
,2023-50053,39.78375545,-104.8097974,11/18/2023 10:33,10:33:00,15,0,0,E GREEN VALLEY RANCH BLVD & N CHAMBERS RD,1,1,0,0,1,1,0,0,35,0,0,0,0,0,4,2,7
,2023-50054,39.77292322,-104.8658265,10/29/2023 11:51,11:51:00,3,0,0,E 40TH AVE & N HAVANA ST,7,1,0,2,1,1,0,0,,0,0,0,0,0,4,2,16
,2023-50056,39.74000831,-104.9874016,10/28/2023 9:00,9:00:00,12,0,0,W COLFAX AVE & N BROADWAY,4,1,0,0,1,3,0,0,,0,0,0,0,0,2,2,16
,2023-50058,39.68498685,-105.0250115,11/12/2023 23:14,23:14:00,12,0,0, FEDERAL BLVD & W COLORADO AVE,1,3,1,0,1,3,0,0,35,0,0,0,0,0,2,2,16
,2023-50059,39.82736568,-104.6930087,11/10/2023 19:19,19:19:00,14,0,1,JACKSON GAP AVE & N JACKSON GAP ST,1,3,1,0,6,3,0,0,45,0,0,0,0,1,4,2,16
,2023-50062,39.7463537,-105.0252282,11/19/2023 17:01,17:01:00,1,0,0, FEDERAL BLVD & W 19TH AVE,1,3,0,0,1,1,0,0,35,0,0,0,0,0,2,2,16
,2023-50063,39.75893232,-105.0074752,11/18/2023 1:28,1:28:00,12,0,0,I-25 & 20TH ST,1,3,0,0,1,4,0,0,55,0,0,0,0,0,1,2,16
,2023-50064,39.73209072,-105.0015795,11/16/2023 9:02,9:02:00,3,0,1, LIPAN ST & W 10TH AVE,1,1,0,0,1,1,0,0,,0,0,0,0,2,4,2,16
,2023-50066,39.73062312,-104.9717912,11/19/2023 13:00,13:00:00,6,0,0, MARION ST & E 9TH AVE,1,1,0,0,1,4,0,0,,0,0,0,0,0,4,2,16
,2023-50068,39.74955116,-105.0004331,11/18/2023 10:58,10:58:00,6,0,0,BLAKE ST & 15TH ST,1,1,0,0,1,3,0,0,25,0,0,0,0,0,4,2,3
,2023-50071,39.72844738,-105.000181,11/2/2023 17:42,17:42:00,15,0,0, KALAMATH ST & W 8TH AVE,1,2,0,0,1,4,0,0,25,0,0,0,0,0,4,2,13
,2023-50075,39.63860734,-104.9079786,11/12/2023 7:42,7:42:00,5,0,0,E QUINCY AVE & S OLIVE ST,1,1,0,0,3,4,0,0,40,0,0,0,0,0,4,1,3
,2023-50076,39.73688593,-104.9820024,11/11/2023 17:58,17:58:00,6,0,0,400 E 13TH AVE,1,3,0,0,1,4,0,0,,0,0,0,0,0,4,3,16
,2023-50078,39.75518578,-104.9809718,11/18/2023 13:08,13:08:00,3,0,0,26TH ST & STOUT ST,1,1,0,0,1,1,0,0,30,0,0,0,0,0,4,2,11
,2023-50172,39.63632816,-104.8940313,7/26/2023 15:35,15:35:00,3,0,0,I-225 SB OFF RAMP & S TAMARAC ST,1,1,0,0,1,1,0,0,,0,0,0,0,0,4,2,16
,2023-50173,39.78008082,-104.9415755,11/21/2023 7:34,7:34:00,12,0,0,I-70 & N COLORADO BLVD,1,1,1,0,1,4,0,0,55,0,0,0,0,0,1,2,16
,2023-50175,39.83340667,-104.7718786,11/21/2023 7:40,7:40:00,1,0,0, TOWER RD & PENA BLVD,1,1,1,0,1,1,0,0,45,0,0,0,0,0,4,2,16
,2023-50179,39.80181736,-104.7689622,11/3/2023 22:57,22:57:00,6,0,0,E 58TH AVE & N ARGONNE ST,1,3,0,0,1,4,0,0,25,0,0,0,0,0,4,2,16
,2023-50183,39.69048665,-104.9828012,11/20/2023 15:30,15:30:00,6,0,0,1434  LOGAN ST ALLEY & E ARKANSAS AVE,1,1,0,0,1,9,0,0,,0,0,0,0,0,4,2,3
,2023-50184,39.65303398,-104.9091113,11/20/2023 14:16,14:16:00,1,0,0,E HAMPDEN AVE & S ONEIDA WY,1,1,1,0,1,1,0,0,40,0,0,0,0,0,2,2,11
,2023-50188,39.73869397,-104.8905534,11/20/2023 11:15,11:15:00,6,0,0, VERBENA ST & E 14TH AVE,1,1,0,0,1,1,0,0,,0,0,0,0,0,4,2,16
,2023-50189,39.79321935,-104.8354746,11/20/2023 16:44,16:44:00,10,0,0, UVALDA ST & E 55TH AVE,1,2,0,0,1,1,0,0,35,0,0,0,0,0,4,2,14
,2023-50193,39.73835897,-104.9493956,11/21/2023 4:00,4:00:00,6,0,0,E 14TH AVE & N STEELE ST,1,3,1,0,1,4,0,0,30,0,0,0,0,0,4,3,16
,2023-50194,39.74482991,-104.9684357,11/21/2023 12:05,12:05:00,10,0,0,E 18TH AVE & N FRANKLIN ST,1,1,0,0,1,1,0,0,30,0,0,0,0,1,4,2,8
,2023-50197,39.73680709,-104.9574415,11/20/2023 9:30,9:30:00,6,0,0, COLUMBINE ST & E 13TH AVE,1,1,0,0,1,4,0,0,25,0,0,0,0,0,4,2,13
,2023-50198,39.69566818,-104.9035147,11/3/2023 14:03,14:03:00,3,0,0, QUEBEC ST & E MISSISSIPPI AVE,1,1,0,0,1,1,0,0,35,0,0,0,0,0,4,2,11
,2023-50201,39.72564192,-104.9034076,11/20/2023 12:45,12:45:00,12,0,0, QUEBEC ST & E 6TH AVE,1,1,0,0,1,1,0,0,35,0,0,0,0,0,4,2,3
,2023-50204,39.78000908,-104.9792138,11/21/2023 14:25,14:25:00,3,0,0, WASHINGTON ST & I-70 WB RAMPS,1,1,0,0,1,1,0,0,40,0,0,0,0,0,4,2,13
,2023-50206,39.66750574,-104.8661332,11/21/2023 11:52,11:52:00,12,0,0, HAVANA ST & E YALE AVE,1,1,0,0,1,1,0,0,45,0,0,0,0,0,2,2,3
,2023-50210,39.66750574,-104.8661332,11/21/2023 9:15,9:15:00,12,0,0, HAVANA ST & E YALE AVE,1,1,0,0,1,1,0,0,30,0,0,0,0,0,2,2,13
,2023-50212,39.77820575,-104.9110837,11/21/2023 17:46,17:46:00,12,0,1,I-70 & EB OFF RAMP EXT TO N NORTHFIELD QUEBEC ST,1,3,3,7,1,4,0,0,55,0,0,0,0,2,1,2,3
,2023-50213,39.80025832,-104.7721165,11/21/2023 12:15,12:15:00,12,0,1, TOWER RD & E 57TH AVE,1,1,1,0,1,3,0,0,40,0,0,0,0,2,4,2,16
,2023-50215,39.72240672,-105.0101728,11/21/2023 17:30,17:30:00,12,0,0,I-25 & W 6TH AVE,1,1,0,0,1,4,0,0,60,0,0,0,0,0,1,2,3
,2023-50218,39.62416426,-104.9054864,11/21/2023 14:05,14:05:00,6,0,0, OLIVE ST & E BELLEVIEW AVE,1,1,0,0,1,1,0,0,25,0,0,0,0,0,2,2,3
,2023-50219,39.69584369,-105.0448873,11/21/2023 8:29,8:29:00,3,0,0,1100  UTICA ST ALLEY & W MISSISSIPPI AVE,1,1,0,0,1,9,0,0,15,0,0,0,0,0,4,2,11
,2023-50224,39.72553976,-105.0470546,10/25/2023 23:39,23:39:00,12,0,0,W 6TH AVE & N WINONA CT,1,3,0,0,1,4,0,0,65,0,0,0,0,0,2,2,1
,2023-50226,39.73999572,-104.9406124,10/4/2023 19:23,19:23:00,15,0,0, COLORADO BLVD & E COLFAX AVE,1,2,0,0,1,1,0,0,35,0,0,0,0,0,2,2,16
,2023-50233,39.74009142,-104.9587921,11/20/2023 11:30,11:30:00,6,0,0, JOSEPHINE ST & E COLFAX AVE,11,1,0,0,1,4,0,0,30,0,0,0,0,0,4,2,3
,2023-50240,39.7112788,-104.9035054,11/21/2023 12:30,12:30:00,12,0,0,E ALAMEDA AVE & S QUEBEC ST,1,1,0,0,1,1,0,0,30,0,0,0,0,0,4,2,3
,2023-50243,39.71111785,-104.973393,11/21/2023 15:50,15:50:00,1,0,0, DOWNING ST & E ALAMEDA AVE,1,1,0,0,1,1,0,0,30,0,0,0,0,0,4,4,11
,2023-50246,39.77925744,-104.9895158,11/21/2023 17:07,17:07:00,12,0,1,I-70 EB OFF RAMP TO 1 & I-25,1,3,1,0,1,8,0,0,55,0,0,0,0,1,1,3,10
,2023-50248,39.68666144,-104.9665529,11/21/2023 7:36,7:36:00,12,0,1,I-25 & S FRANKLIN ST,1,1,1,0,1,4,0,0,55,0,0,0,0,1,1,2,1
,2023-50250,39.7369104,-105.0142512,11/21/2023 8:34,8:34:00,15,0,0,I-25 & W 13TH AVE,1,1,1,0,1,4,0,0,,0,0,0,0,0,1,3,16
,2023-50252,39.77566203,-104.8661935,11/19/2023 15:20,15:20:00,12,0,0,I-70 & N HAVANA ST,1,1,0,0,1,4,0,0,55,0,0,0,0,0,1,2,3
,2023-50254,39.78744608,-105.0345704,10/29/2023 14:20,14:20:00,15,0,0,W 50TH AVE & N LOWELL BLVD,7,1,0,0,1,1,0,0,35,0,0,0,0,0,4,2,16
,2023-50257,39.71112374,-104.9724243,11/20/2023 17:00,17:00:00,3,0,0, MARION PKWY & E ALAMEDA AVE,1,2,0,0,1,1,0,0,25,0,0,0,0,0,4,2,3
,2023-50259,39.7111505,-104.9863693,11/20/2023 22:23,22:23:00,8,0,0, LINCOLN ST & E ALAMEDA AVE,1,3,0,0,1,1,0,0,30,0,0,0,0,0,4,2,1
,2023-50261,39.70942664,-105.029806,11/22/2023 11:28,11:28:00,3,0,1,W DAKOTA AVE & S IRVING ST,1,1,0,0,1,1,0,0,25,0,0,0,0,2,4,2,11
,2023-50264,39.63873105,-105.0816137,11/22/2023 15:28,15:28:00,15,0,0, WADSWORTH BLVD & W QUINCY AVE,1,1,1,0,1,3,0,0,40,0,0,0,0,0,2,2,11
,2023-50266,39.78030127,-104.9657975,11/21/2023 9:30,9:30:00,15,0,0,I-70 & N BRIGHTON BLVD,1,1,0,0,1,4,0,0,55,0,0,0,0,0,1,2,16
,2023-50267,39.77031299,-104.9788452,11/20/2023 10:50,10:50:00,1,0,0,35TH ST & N BRIGHTON BLVD,1,1,0,0,1,1,0,0,30,0,0,0,0,1,4,2,11
,2023-50268,39.65327601,-105.0321503,11/21/2023 17:50,17:50:00,12,0,1,W HAMPDEN AVE & S KNOX CT,1,4,0,0,1,4,0,0,,0,0,0,0,2,2,4,3
,2023-50270,39.72726888,-104.9861501,11/21/2023 16:30,16:30:00,15,0,0, LINCOLN ST & E 7TH AVE,1,1,0,0,1,1,0,0,30,0,0,0,0,0,4,2,3
,2023-50271,39.78921847,-104.9855084,11/22/2023 8:46,8:46:00,6,0,0,E 51ST AVE & N SHERMAN ST,1,1,1,0,1,4,0,0,30,0,0,0,0,0,4,2,10
,2023-50273,39.65308224,-104.8987343,11/22/2023 17:58,17:58:00,1,0,1,E HAMPDEN AVE & S TAMARAC DR,1,3,0,0,1,1,0,0,35,0,0,0,0,1,2,2,16
,2023-50278,39.73996775,-104.8858257,11/22/2023 6:05,6:05:00,6,0,0, XENIA ST & E COLFAX AVE,1,3,0,0,1,4,0,0,25,0,0,0,0,0,4,2,1
,2023-50282,39.7255972,-105.0440839,11/18/2023 21:50,21:50:00,12,0,0,W 6TH AVE & N FEDERAL BLVD,1,3,0,0,1,4,0,0,55,0,0,0,0,0,2,3,16
,2023-50284,39.78738738,-104.9404072,11/22/2023 11:05,11:05:00,15,0,0, COLORADO BLVD & E 48TH AVE,1,1,0,0,1,4,0,0,35,0,0,0,0,0,2,2,11
,2023-50287,39.76116215,-105.0047908,11/22/2023 18:07,18:07:00,12,0,0,I-25 & 20TH ST,1,3,3,0,1,4,0,0,55,0,0,0,0,0,1,2,13
,2023-50290,39.7245597,-105.0123541,11/22/2023 10:47,10:47:00,12,0,1,I-25 & W 6TH AVE FWY,1,1,0,0,1,4,0,0,45,0,0,0,0,1,1,3,13
,2023-50293,39.6911453,-104.9362295,11/23/2023 1:00,1:00:00,8,0,0, BIRCH ST & E ARKANSAS AVE,1,3,3,0,1,4,0,0,20,0,0,0,0,0,4,2,13
,2023-50296,39.69876687,-104.9040155,11/4/2023 14:30,14:30:00,3,0,0,LEETSDALE DR & S QUEBEC ST,1,1,0,0,1,3,0,0,,0,0,0,0,0,2,2,16
,2023-50299,39.76459514,-104.9868225,11/21/2023 9:52,9:52:00,15,0,0,29TH ST & N BRIGHTON BLVD,1,1,0,0,1,4,0,0,20,0,0,0,0,0,4,2,11
,2023-50303,39.75699708,-104.9597654,11/21/2023 15:46,15:46:00,14,0,0, YORK ST & E 28TH AVE,1,1,0,0,1,4,0,0,30,0,0,0,0,0,4,2,13
,2023-50304,39.75798834,-104.9773785,11/22/2023 16:23,16:23:00,15,0,1,STOUT ST & 29TH ST,1,1,0,0,1,4,0,0,25,0,0,0,1,2,4,2,7
,2023-50306,39.79835787,-104.7820915,11/21/2023 17:34,17:34:00,12,0,0,E 56TH AVE & PENA BLVD,1,4,0,0,1,4,0,0,40,0,0,0,0,0,4,2,13
,2023-50307,39.725078,-105.0121788,11/20/2023 23:40,23:40:00,9,0,1,I-25 OFF RAMP & W 6TH AVE,1,3,1,0,2,8,0,0,35,0,0,0,0,2,1,1,13
,2023-50309,39.75121011,-105.0236158,11/22/2023 19:00,19:00:00,3,0,0,W 23RD AVE & N ELIOT ST,1,3,0,0,1,1,0,0,25,0,0,0,0,0,4,2,16
,2023-50312,39.78110107,-104.8470156,11/22/2023 17:55,17:55:00,1,0,0, PEORIA ST & E 47TH AVE,1,1,0,0,1,4,0,0,35,0,0,0,0,0,4,2,13
,2023-50314,39.72539742,-105.0531452,11/21/2023 8:21,8:21:00,3,0,0,W 6TH AVE WB RAMPS & N SHERIDAN BLVD,1,1,1,0,1,1,0,0,35,0,0,0,0,0,2,2,3
,2023-50319,39.74000209,-104.9684616,11/20/2023 15:05,15:05:00,15,0,0,E COLFAX AVE & PARK AVE,1,1,0,0,1,1,0,0,30,0,0,0,0,0,2,2,13
,2023-50321,39.73681727,-104.9622641,11/20/2023 20:25,20:25:00,10,0,0,E 13TH AVE & N VINE ST,1,3,0,0,1,1,0,0,30,0,0,0,0,0,4,2,8
,2023-50324,39.70734312,-104.9222679,11/21/2023 11:30,11:30:00,3,0,0,LEETSDALE DR & S HOLLY ST,1,1,0,0,1,1,0,0,35,0,0,0,0,0,2,2,3
,2023-50325,39.83185385,-104.6929689,11/21/2023 21:52,21:52:00,1,0,1,75TH AVE & JACKSON GAP RD,1,3,0,0,1,1,0,0,45,0,0,0,0,1,4,2,11
,2023-50326,39.78360369,-105.0422471,11/21/2023 14:01,14:01:00,12,0,0,I-70 & N SHERIDAN BLVD,1,1,0,0,1,4,0,1,55,0,0,0,0,0,1,3,3
,2023-50328,39.77769796,-104.903684,11/21/2023 2:02,2:02:00,10,0,0, QUEBEC ST & I-70 EB RAMPS,1,3,1,0,1,1,0,0,40,0,0,0,0,0,2,2,11
,2023-50331,39.71465321,-104.9407884,11/22/2023 12:10,12:10:00,1,0,0, COLORADO BLVD & E BAYAUD AVE,1,1,0,0,1,1,0,0,35,0,0,0,0,0,2,2,3
,2023-50333,39.74388177,-104.9407831,11/22/2023 12:35,12:35:00,12,0,0, COLORADO BLVD & E 17TH AVE,1,1,1,0,1,4,0,0,35,0,0,0,0,0,2,2,13
,2023-50348,39.73261948,-105.0158278,11/22/2023 22:12,22:12:00,5,0,1,I-25 & W 8TH AVE,1,3,0,0,2,4,0,0,55,0,0,0,0,1,1,2,3
,2023-50349,39.68203317,-104.9381136,11/23/2023 6:35,6:35:00,15,0,0,I-25 & S COLORADO BLVD,1,2,0,0,1,4,0,0,,0,0,0,0,0,1,2,16
,2023-50350,39.8332978,-104.7723942,11/21/2023 10:23,10:23:00,15,0,0, JACKSON GAP ST & PENA BLVD,1,1,1,0,1,3,0,0,45,0,0,0,0,0,4,2,1
,2023-50359,39.78307946,-105.0064243,11/23/2023 15:40,15:40:00,6,0,0,I-70 & N PECOS ST,1,1,0,0,1,4,0,0,55,0,0,0,0,0,1,2,13
,2023-50364,39.77782903,-104.7905316,11/22/2023 10:28,10:28:00,12,0,1,E GREEN VALLEY RANCH BLVD,1,1,0,0,1,4,0,0,65,0,0,0,0,1,4,2,3
,2023-50366,39.83109518,-104.7471539,9/19/2023 13:15,13:15:00,5,1,1,E-470 & MM 27.641,1,3,0,0,2,4,0,0,75,0,0,0,0,4,2,3,14
,2023-50368,39.73999165,-104.9647816,11/23/2023 2:12,2:12:00,12,0,0,E COLFAX AVE & N HIGH ST,1,3,0,0,1,3,0,0,30,0,0,0,0,0,2,2,11
,2023-50375,39.77670037,-105.0425085,11/22/2023 2:00,2:00:00,6,0,0,W 44TH AVE & STUART ST,1,4,0,0,1,4,0,0,,0,0,0,0,0,4,2,16
,2023-50383,39.83806678,-104.7176048,11/22/2023 17:14,17:14:00,3,0,0,E 78TH AVE & N GUN CLUB RD,1,3,0,0,1,2,0,0,45,0,0,0,0,0,4,2,7
,2023-50385,39.7956289,-104.8244719,11/22/2023 15:11,15:11:00,6,0,0, ANAHEIM WAY & N ATCHISON ST,1,1,0,0,1,4,0,0,25,0,0,0,0,0,4,3,1
,2023-50386,39.73862091,-104.9124491,11/23/2023 12:45,12:45:00,15,0,0,E 14TH AVE & N MONACO ST,1,1,3,0,1,1,0,0,35,0,0,0,0,0,4,2,13
,2023-50387,39.78197709,-104.9812009,11/22/2023 23:26,23:26:00,6,0,0, PENNSYLVANIA ST & E 47TH AVE,1,3,0,0,1,4,0,0,25,0,0,0,0,0,4,2,1
,2023-50388,39.74079294,-104.9761637,11/23/2023 1:08,1:08:00,6,0,1, EMERSON ST & E 16TH AVE,1,4,0,0,1,4,0,0,20,0,0,0,0,1,4,3,3
,2023-50395,39.73870509,-104.899986,11/22/2023 9:42,9:42:00,10,0,0,E 14TH AVE & N ROSEMARY ST,1,1,0,0,1,1,0,0,30,0,0,0,0,1,4,2,7
,2023-50399,39.71112995,-105.0324551,11/9/2023 21:51,21:51:00,1,0,2, KNOX CT & W ALAMEDA AVE,1,3,0,0,1,1,0,0,35,0,0,0,0,2,2,2,16
,2023-50401,39.69675861,-105.0192235,11/23/2023 14:55,14:55:00,3,0,0, CANOSA ST & W MISSISSIPPI AVE,1,1,0,0,1,3,0,0,25,0,0,0,0,0,4,2,13
,2023-50402,39.69839693,-104.9599664,11/9/2023 14:20,14:20:00,6,0,0,E TENNESSEE AVE & S GAYLORD ST,1,1,0,0,1,4,0,0,,0,0,0,0,0,4,2,16
,2023-50404,39.72907202,-104.9835874,11/23/2023 15:48,15:48:00,10,0,0,E 8TH AVE & N GRANT ST,1,3,0,0,1,1,0,0,30,0,0,0,0,0,4,2,11
,2023-50417,39.72560875,-104.949519,11/10/2023 18:00,18:00:00,6,0,0,E 6TH AVE & N STEELE ST,1,2,0,0,1,4,0,0,,0,0,0,0,0,4,2,16
,2023-50422,39.72539402,-105.0527155,10/13/2023 16:54,16:54:00,12,0,0,W 6TH AVE EB ON RAMP & N SHERIDAN BLVD,1,3,0,0,1,8,0,0,,0,0,0,0,0,2,3,16
,2023-50427,39.75756449,-104.8552317,11/24/2023 10:07,10:07:00,5,0,1, LIMA ST & E MLK JR BLVD,4,1,0,2,3,4,0,0,35,0,0,0,0,2,4,1,13
,2023-50430,39.77819769,-104.9136884,11/22/2023 16:21,16:21:00,15,0,0,I-70 EB & N NORTHFIELD QUEBEC ST,1,1,0,0,1,13,0,0,55,0,0,0,0,0,1,2,1
,2023-50435,39.73829694,-104.9407766,11/24/2023 0:46,0:46:00,3,0,0,E 14TH AVE & N COLORADO BLVD,9,3,0,2,1,1,0,0,35,0,0,0,0,0,2,2,13
,2023-50436,39.7416579,-104.976179,11/24/2023 18:40,18:40:00,3,0,0,E 16TH AVE & N EMERSON ST,4,3,0,2,1,1,0,0,25,0,0,0,0,0,4,2,11
,2023-50438,39.77536657,-105.0185976,11/23/2023 21:45,21:45:00,6,0,0,W 43RD AVE & N BRYANT ST,11,3,0,2,1,4,0,0,25,0,0,0,0,0,4,2,16
,2023-50439,39.77338732,-104.8470507,11/21/2023 22:37,22:37:00,10,0,0, PEORIA ST & I-70 EB RAMPS,1,3,0,0,1,1,0,0,30,0,0,0,0,0,4,2,1
,2023-50441,39.83112608,-104.7718822,11/22/2023 15:03,15:03:00,12,0,0,TOWER RD,1,1,0,0,1,4,0,0,65,0,0,0,0,0,2,2,11
,2023-50442,39.74021143,-104.9124455,11/20/2023 7:37,7:37:00,3,0,0,E COLFAX AVE & N MONACO ST PKWY,1,1,0,0,1,1,0,1,35,0,0,0,0,0,2,2,13
,2023-50443,39.78379738,-104.8017153,11/24/2023 8:13,8:13:00,3,0,0, KITTREDGE ST & E GREEN VALLEY RANCH BLVD,4,1,0,2,1,1,0,0,20,0,0,0,0,0,4,2,7
,2023-50444,39.75161343,-105.0029901,11/24/2023 11:07,11:07:00,11,0,1,15TH ST & WEWATTA ST,11,1,3,7,1,3,0,0,0,0,1,0,0,3,4,1,16
,2023-50445,39.77605573,-104.8099023,11/24/2023 8:03,8:03:00,8,0,1, CHAMBERS RD & E 46TH AVE,5,1,0,2,6,5,0,0,40,0,0,0,0,2,4,2,16
,2023-50455,39.73726103,-104.9034577,11/24/2023 15:28,15:28:00,12,0,0, QUEBEC ST & E 13TH AVE,14,5,3,7,1,4,0,0,30,0,0,0,0,0,4,2,16