id,drcog_id,latitude,longitude,crashtime,time,crashtype,numbkilled,numbinjurd,drcoglocat,rdconditin,lightngcon,roadcntgrd,weatherco,location,roaddescrp,schoolzone,constrzone,splimit,bikeinv,pedinv,sctrinv,motoinv,svrty,rdsystem,ttlvehcls,hcf
,2023-50456,39.79838313,-104.7721172,11/24/2023 19:15,19:15:00,1,0,1, TOWER RD & E 56TH AVE,12,3,0,0,1,1,0,0,45,0,0,0,0,2,4,2,7
,2023-50460,39.74961405,-104.8866838,11/24/2023 11:04,11:04:00,3,0,0, CENTRAL PARK BLVD & E 23RD AVE,11,1,0,0,1,1,0,0,30,0,0,0,0,1,4,2,3
,2023-50462,39.78058942,-104.8417146,11/24/2023 16:15,16:15:00,3,0,0,E ALBROOK DR & N TULSA CT,1,2,0,0,1,1,0,0,25,0,0,0,0,0,4,2,14
,2023-50463,39.76520595,-104.896131,11/24/2023 15:43,15:43:00,8,0,0,E 35TH AVE & N TRENTON ST,1,1,0,0,1,3,0,0,30,0,0,0,0,1,4,2,14
,2023-50465,39.78016807,-104.9900686,11/24/2023 5:27,5:27:00,12,0,0,I-70 & I-25,9,3,1,2,1,4,0,0,55,0,0,0,0,0,1,2,16
,2023-50466,39.6966599,-104.9918701,11/23/2023 23:56,23:56:00,1,0,0,W MISSISSIPPI AVE & S SANTA FE DR,9,3,0,2,1,1,0,0,30,0,0,0,0,0,2,2,7
,2023-50473,39.75425961,-104.982191,11/22/2023 9:25,9:25:00,3,0,0,STOUT ST & 25TH ST,1,1,0,0,1,1,0,0,30,0,0,0,0,0,4,2,16
,2023-50474,39.78852611,-104.8931631,11/24/2023 18:45,18:45:00,3,0,0, UINTA ST & E 50TH AVE,1,3,0,0,1,1,0,0,25,0,0,0,0,1,4,2,14
,2023-50476,39.62922398,-104.8955426,10/30/2023 15:37,15:37:00,12,0,0,E UNION AVE & S ULSTER ST,1,1,0,0,1,4,0,0,35,0,0,0,0,0,4,3,13
,2023-50478,39.74744187,-104.9034595,11/21/2023 8:26,8:26:00,12,0,0,E MONTVIEW BLVD & N QUEBEC ST,1,1,0,0,1,1,0,0,30,0,0,0,0,0,4,3,1
,2023-50479,39.74027779,-105.0299316,11/23/2023 22:20,22:20:00,12,0,2,W COLFAX AVE & N IRVING ST,4,3,0,2,1,4,0,0,30,0,0,0,0,2,2,3,16
,2023-50481,39.78383162,-105.0064365,11/24/2023 3:52,3:52:00,3,0,0, PECOS ST & W 48TH AVE,9,3,0,2,1,6,0,0,30,0,0,0,0,0,4,2,16
,2023-50482,39.78191206,-104.9959869,11/23/2023 22:45,22:45:00,15,0,0,I-70 WB ON RAMP FROM SB -25 & ON RAMP MERGE PT,11,3,0,2,1,8,0,0,45,0,0,0,0,0,1,2,16
,2023-50499,39.73819955,-105.0532132,11/23/2023 14:55,14:55:00,15,0,1, SHERIDAN BLVD & W 14TH AVE,1,2,0,0,1,4,0,0,25,0,0,0,0,1,2,3,16
,2023-50515,39.74476637,-104.9389321,11/25/2023 11:24,11:24:00,3,0,0, ALBION ST & E 18TH AVE,4,1,0,2,1,1,0,0,25,0,0,0,0,0,4,4,13
,2023-50518,39.78000655,-104.9407646,11/24/2023 20:24,20:24:00,12,0,0, COLORADO BLVD & E 46TH AVE,1,3,0,0,1,3,0,0,35,0,0,0,0,0,2,2,3
,2023-50526,39.75537943,-104.8510736,11/25/2023 15:53,15:53:00,6,0,0,E MLK BLVD & E 26TH AVE,4,1,0,2,1,3,0,0,35,0,0,0,0,0,4,2,14
,2023-50528,39.77664652,-105.0249752,11/22/2023 14:20,14:20:00,12,0,2,W 44TH AVE & N FEDERAL BLVD,1,1,0,0,1,3,0,0,30,0,0,0,0,1,2,2,13
,2023-50530,39.6968808,-104.9605681,11/25/2023 8:29,8:29:00,6,0,0, YORK ST & E MISSISSIPPI AVE,9,1,0,2,1,4,0,0,25,0,0,0,0,0,4,2,13
,2023-50531,39.79355015,-104.9034358,11/24/2023 18:37,18:37:00,3,0,0, QUEBEC ST & E 53RD AVE,1,3,0,0,1,1,0,0,45,0,0,0,0,0,4,2,13
,2023-50543,39.72907202,-104.9835874,11/25/2023 17:59,17:59:00,3,0,2,E 8TH AVE & N GRANT ST,2,3,0,5,1,1,0,0,30,0,0,0,0,2,4,2,11
,2023-50545,39.75040211,-104.9941191,11/24/2023 23:18,23:18:00,15,0,0,18TH ST & LAWRENCE ST,4,3,0,2,1,1,0,0,35,0,0,0,0,0,4,2,16
,2023-50550,39.67475163,-104.8707969,10/27/2023 18:28,18:28:00,11,0,1, PARKER RD & E ILIFF AVE,1,3,0,0,1,1,0,0,,0,1,0,0,2,2,1,16
,2023-50554,39.74033571,-105.0463541,11/19/2023 19:30,19:30:00,8,0,1,W COLFAX AVE & N VRAIN ST,1,3,0,0,1,4,0,0,35,0,0,0,0,1,2,2,13
,2023-50555,39.70029088,-104.9082182,11/14/2023 14:14,14:14:00,11,0,1, ONEIDA ST & LEETSDALE DR,1,1,0,0,1,1,0,0,35,0,1,0,0,2,2,1,16
,2023-50568,39.71834187,-104.9846332,11/25/2023 10:04,10:04:00,3,0,0,E 1ST AVE & N SHERMAN ST,9,1,0,2,1,9,0,0,,0,0,0,0,0,4,2,13
,2023-50573,39.68953895,-105.0532505,11/20/2023 14:39,14:39:00,12,0,0,W FLORIDA AVE & S SHERIDAN BLVD,1,2,0,0,1,1,0,0,30,0,0,0,0,0,2,2,16
,2023-50574,39.77053195,-105.0054371,10/15/2023 18:38,18:38:00,2,0,1, OSAGE ST & W 39TH AVE,1,1,0,0,1,1,0,0,25,1,0,0,0,2,4,1,16
,2023-50575,39.73922435,-104.9776267,11/25/2023 20:11,20:11:00,15,0,1, CLARKSON ST & E 14TH AVE,1,3,0,0,1,4,0,0,30,0,0,0,0,1,4,2,3
,2023-50576,39.67373044,-104.8696005,11/25/2023 17:21,17:21:00,11,0,0, PARKER RD & E ILIFF AVE,1,3,0,0,1,4,0,0,45,0,1,0,0,0,2,1,13
,2023-50598,39.73344576,-104.9597955,11/25/2023 17:00,17:00:00,10,0,0, YORK ST & E 11TH AVE,8,3,1,2,1,1,0,0,25,0,0,0,0,0,4,2,13
,2023-50602,39.73299502,-105.0251692,10/31/2023 22:15,22:15:00,1,0,2, FEDERAL BLVD & W 10TH AVE,1,3,0,0,1,1,0,0,35,0,0,0,0,2,2,2,1
,2023-50608,39.76924667,-105.0252313,11/14/2023 13:36,13:36:00,3,0,0, FEDERAL BLVD & W 38TH AVE,1,1,0,0,1,1,0,0,0,1,0,0,0,0,2,1,16
,2023-50611,39.76922837,-104.9222897,11/12/2023 14:47,14:47:00,11,0,2, HOLLY ST & E 38TH AVE,1,1,3,7,1,4,0,0,25,0,1,0,0,3,4,1,10
,2023-50708,39.68756224,-104.9919398,11/25/2023 22:15,22:15:00,12,0,0, SANTA FE DR & W IOWA AVE,1,3,0,0,1,1,0,0,45,0,0,0,0,0,2,2,12
,2023-50715,39.83353658,-104.7718783,11/26/2023 14:46,14:46:00,12,0,1, TOWER RD & PENA BLVD,1,1,0,0,1,4,0,0,35,0,0,0,0,2,4,3,3
,2023-50723,39.76115751,-105.004755,11/22/2023 18:07,18:07:00,12,0,0,I-25 & 20TH ST,1,3,0,0,1,4,0,0,55,0,0,0,0,0,1,2,14
,2023-50725,39.78363784,-104.7904896,11/26/2023 13:19,13:19:00,1,0,1,E GREEN VALLEY RANCH BLVD & N PENA BLVD,1,1,0,0,1,1,0,0,40,0,0,0,0,3,4,3,11
,2023-50731,39.70078375,-104.9869816,11/26/2023 2:08,2:08:00,5,0,2,I-25 & W ALAMEDA AVE,1,3,1,0,2,4,0,0,55,0,0,0,0,2,1,1,14
,2023-50732,39.67158029,-104.8749656,11/23/2023 14:30,14:30:00,3,0,0,E HARVARD AVE & S DAYTON WY,1,1,0,0,1,2,0,0,,0,0,0,0,0,4,2,16
,2023-50735,39.78362893,-104.7904784,11/26/2023 16:23,16:23:00,12,0,0,PENA BLVD & GREEN VALLY RANCH BLVD,1,2,0,0,1,4,0,0,,0,0,0,0,0,4,4,16
,2023-50737,39.80739835,-104.7721185,11/26/2023 1:01,1:01:00,12,0,0, TOWER RD & E 61ST AVE,2,3,0,0,1,3,0,0,45,0,0,0,0,0,4,2,16
,2023-50740,39.77720518,-104.8809973,11/26/2023 8:49,8:49:00,12,0,0,I-70 & N CENTRAL PARK BLVD,1,1,0,0,1,4,0,0,55,0,0,0,0,0,1,4,3
,2023-50742,39.77462802,-104.9223283,11/22/2023 8:24,8:24:00,1,0,0,E SMITH RD & N HOLLY ST,1,1,0,0,1,1,0,0,30,0,0,0,0,0,4,2,8
,2023-50747,39.79062838,-104.8247057,11/24/2023 3:17,3:17:00,14,0,0, CROWN BLVD & E 52ND AVE,8,3,0,2,6,4,0,0,,0,0,0,0,0,4,3,16
,2023-50753,39.79835633,-104.7815094,11/26/2023 14:22,14:22:00,12,0,0,E 56TH AVE & N TELLURIDE ST,1,1,0,0,1,4,0,0,35,0,0,0,0,0,4,2,3
,2023-50757,39.77469027,-104.8549487,11/21/2023 13:26,13:26:00,15,0,0,I-70 & N PEORIA ST,1,1,0,0,1,4,0,0,55,0,0,0,0,0,1,2,16
,2023-50767,39.77426405,-104.847035,11/22/2023 7:55,7:55:00,12,0,0,I-70 & N PEORIA ST,1,1,1,0,1,4,0,0,55,0,0,0,0,0,1,3,16
,2023-50768,39.77656525,-105.0064339,11/26/2023 2:32,2:32:00,6,0,0, PECOS ST & W 44TH AVE,1,3,1,0,1,4,0,0,35,0,0,0,0,0,4,3,13
,2023-50791,39.77094296,-105.0417775,11/10/2023 10:30,10:30:00,6,0,0,W 39TH AVE & N RALEIGH ST,1,1,0,0,1,4,0,0,25,0,0,0,0,0,4,2,16
,2023-50793,39.73307069,-104.9752682,11/21/2023 13:20,13:20:00,2,0,1, OGDEN ST & E 11TH AVE,1,1,0,0,1,2,0,0,15,1,0,0,0,2,4,1,11
,2023-50795,39.66754205,-104.9258595,11/21/2023 13:59,13:59:00,12,0,0,I-25 & E YALE AVE,1,1,0,0,1,4,0,0,65,0,0,0,0,0,1,2,13
,2023-50804,39.69841162,-104.9841432,11/21/2023 17:01,17:01:00,12,0,0,I-25 & S BROADWAY,1,3,1,0,1,4,0,0,60,0,0,0,0,0,1,2,16
,2023-50878,39.74763472,-105.0026538,11/21/2023 16:59,16:59:00,3,0,0, SPEER BLVD & AURARIA PKWY,1,3,0,0,1,1,0,0,35,0,0,0,0,0,4,2,16
,2023-50884,39.83341149,-104.7718998,11/24/2023 17:35,17:35:00,3,0,0,PENA BLVD & N TOWER RD,1,3,0,0,1,1,0,0,45,0,0,0,0,0,4,2,16
,2023-50907,39.76112632,-105.0048424,11/21/2023 10:00,10:00:00,12,0,0,I-25 & 20TH ST,1,1,0,0,1,4,0,0,55,0,0,0,0,0,1,3,3
,2023-50908,39.73996661,-104.9610166,11/4/2023 15:42,15:42:00,11,0,1, GAYLORD ST & E COLFAX AVE,1,1,0,0,1,3,0,0,35,0,1,0,0,1,2,1,16
,2023-50918,39.76932502,-105.0532476,11/22/2023 17:06,17:06:00,1,0,0, SHERIDAN BLVD & W 38TH AVE,1,3,0,0,1,2,0,0,35,0,0,0,0,0,2,2,11
,2023-50921,39.76568252,-104.9948864,11/25/2023 11:47,11:47:00,12,0,0, GLOBEVILLE RD & PARK AVE,11,1,0,0,1,1,0,0,35,0,0,0,0,0,4,2,3
,2023-50936,39.71125779,-105.0324667,11/27/2023 14:32,14:32:00,12,0,1,W ALAMEDA AVE & S KNOX CT,1,1,0,0,1,1,0,0,35,0,0,0,0,1,2,2,3
,2023-50938,39.78304272,-105.0082288,11/27/2023 14:56,14:56:00,15,0,1, PECOS ST & I-70 EB RAMPS,1,1,0,0,1,6,0,0,35,0,0,0,0,2,4,2,11
,2023-50939,39.77052155,-105.0017499,11/27/2023 8:54,8:54:00,3,0,0,W 39TH AVE & N LIPAN ST,1,1,0,0,1,1,0,0,25,0,0,0,0,0,4,2,13
,2023-50949,39.70866221,-104.9959156,11/27/2023 17:38,17:38:00,12,0,1,SANTA FE DR & 450 S ,1,3,0,0,1,1,0,0,,0,0,0,0,2,4,3,14
,2023-50962,39.7582396,-104.9733607,11/25/2023 7:23,7:23:00,12,0,0,WELTON ST & N DOWNING ST,11,1,0,0,1,3,0,0,,0,0,0,0,0,4,2,16
,2023-50963,39.67156417,-105.0489136,11/27/2023 8:16,8:16:00,3,0,3,W VASSAR AVE & S WOLFF ST,1,1,0,0,1,1,0,0,25,0,0,0,0,2,4,2,16
,2023-50964,39.74231816,-104.9010934,11/22/2023 0:01,0:01:00,6,0,0, ROSLYN ST & E 16TH AVE,1,1,0,0,1,4,0,0,25,0,0,0,0,0,4,2,11
,2023-50965,39.77488973,-104.7594039,11/26/2023 22:00,22:00:00,14,0,0,E 42ND AVE & E MITCHELL DR,4,3,0,0,1,4,0,0,25,0,0,0,0,0,4,2,16
,2023-50966,39.77177078,-104.7603159,11/25/2023 8:08,8:08:00,6,0,0,E 40TH PL & N ENSENADA ST,4,1,0,0,1,1,0,0,25,0,0,0,0,0,4,2,15
,2023-50968,39.71151091,-104.9391149,11/3/2023 13:20,13:20:00,1,0,1,E ALAMEDA AVE & ASH ST,1,1,0,0,1,1,0,0,35,0,0,0,0,2,4,2,13
,2023-50969,39.74574478,-105.0001478,11/27/2023 8:15,8:15:00,15,0,0, SPEER BLVD & LAWRENCE ST,1,1,0,0,1,1,0,0,35,0,0,0,0,0,4,2,11
,2023-50970,39.78429888,-104.8657505,11/27/2023 5:53,5:53:00,12,0,0, HAVANA ST & E 48TH AVE,1,2,0,0,1,1,0,0,40,0,0,0,0,0,4,2,16
,2023-50972,39.78048048,-104.8258239,11/26/2023 21:30,21:30:00,6,0,0,E ANDREWS DR & E DAVENPORT ST,1,3,0,0,1,4,0,0,35,0,0,0,0,0,4,4,3
,2023-50980,39.69664858,-104.9918859,11/26/2023 17:18,17:18:00,1,0,1, SANTA FE DR & W MISSISSIPPI AVE,1,2,0,0,1,1,0,0,30,0,0,0,0,1,2,2,11
,2023-50981,39.76572075,-105.0487701,11/25/2023 14:48,14:48:00,3,0,0, WOLFF ST & W 35TH AVE,4,1,1,0,1,1,0,0,25,0,0,0,0,0,4,2,8
,2023-50992,39.74007949,-104.8987757,11/22/2023 9:09,9:09:00,3,0,0,E COLFAX AVE & N SYRACUSE ST,1,1,0,0,1,1,0,0,35,0,0,0,0,0,2,3,16
,2023-50993,39.69480782,-104.9874493,11/25/2023 18:17,18:17:00,11,0,0, BROADWAY ST & E ARIZONA AVE,1,4,0,0,1,1,0,0,0,0,1,0,0,0,4,1,16
,2023-50997,39.77314307,-105.0393076,11/27/2023 11:10,11:10:00,15,0,0,4100 N  PERRY ST,1,1,0,0,1,4,0,0,25,0,0,0,0,0,4,2,11
,2023-50998,39.75627672,-105.0135137,11/27/2023 18:40,18:40:00,12,0,0,I-25 SB OFF RAMP & N SPEER BLVD,1,3,0,0,1,8,0,0,35,0,0,0,0,0,2,2,1
,2023-50999,39.75434176,-104.9942643,11/26/2023 22:30,22:30:00,15,0,0,BLAKE ST & 20TH ST,1,3,0,0,1,1,0,0,30,0,0,0,0,0,4,2,7
,2023-51013,39.70155417,-105.0297937,11/24/2023 10:18,10:18:00,6,0,0, IRVING ST & W ADA PL,11,1,0,0,6,4,0,0,30,0,0,0,0,0,4,2,16
,2023-51019,39.76567134,-104.940645,11/27/2023 16:38,16:38:00,1,0,0, COLORADO BLVD & E 35TH AVE,1,3,0,0,1,1,0,0,35,0,0,0,0,0,2,2,13
,2023-51020,39.72585977,-104.9985754,11/26/2023 9:19,9:19:00,10,0,0, SANTA FE DR & W 6TH AVE,1,1,0,0,1,2,0,0,30,0,0,0,0,0,4,2,13
,2023-51021,39.69597885,-104.92238,11/27/2023 7:59,7:59:00,12,0,0,E CHERRY CREEK  DR & S HOLLY ST,1,1,0,0,1,3,0,0,30,0,0,0,0,0,4,2,11
,2023-51023,39.6657217,-104.9029181,11/24/2023 6:12,6:12:00,6,0,0, QUEBEC ST & E AMHERST AVE,10,2,0,2,1,4,0,0,30,0,0,0,0,0,4,2,14
,2023-51025,39.76183908,-104.9199427,11/23/2023 18:17,18:17:00,3,0,0,E MLK BLVD & N IVY ST,11,3,3,2,1,1,0,0,,0,0,0,0,0,4,2,16
,2023-51026,39.7131754,-104.9491301,11/24/2023 8:17,8:17:00,15,0,1,E CHERRY CREEK  DR & E BAYAUD AVE,5,1,0,2,1,4,0,0,30,0,0,0,0,2,4,3,14
,2023-51028,39.78389508,-105.0252114,11/26/2023 23:30,23:30:00,1,0,0, FEDERAL BLVD & I-70 EB RAMPS,1,3,0,0,1,1,0,0,35,0,0,0,0,0,2,2,16
,2023-51045,39.73174408,-104.9861285,11/25/2023 23:28,23:28:00,6,0,1, LINCOLN ST & E 10TH AVE,1,3,0,0,1,4,0,0,,0,0,0,0,1,4,6,16
,2023-51050,39.70735944,-104.94062,11/27/2023 7:37,7:37:00,3,0,0, COLORADO BLVD & E VIRGINIA AVE,1,1,0,0,1,1,0,0,35,0,0,0,0,0,2,3,11
,2023-51054,39.77282408,-104.8965683,11/26/2023 10:31,10:31:00,10,0,0,E 40TH AVE & N ULSTER ST,1,1,0,0,1,4,0,0,25,0,0,0,0,0,4,2,7
,2023-51055,39.76179625,-104.9405114,11/27/2023 18:40,18:40:00,1,0,0, COLORADO BLVD & E MLK JR BLVD,1,3,0,0,1,1,0,0,35,0,0,0,0,0,2,2,13
,2023-51057,39.71656604,-105.0444412,11/26/2023 23:02,23:02:00,6,0,0, UTICA ST & W ELLSWORTH AVE,1,3,0,0,1,4,0,0,25,0,0,0,0,0,4,3,14
,2023-51059,39.72564683,-104.9862729,11/26/2023 2:28,2:28:00,3,0,0,E 6TH AVE & E SPEER BLVD,2,3,0,2,1,3,0,0,30,0,0,0,0,0,4,3,16
,2023-51060,39.7439712,-105.0532224,11/27/2023 13:48,13:48:00,1,0,0, SHERIDAN BLVD & W 17TH AVE,1,1,0,0,1,1,0,0,35,0,0,0,0,0,2,2,13
,2023-51061,39.71867757,-105.0493165,11/24/2023 2:25,2:25:00,6,0,0, XAVIER ST & W 1ST AVE,4,3,1,2,1,4,0,0,20,0,0,0,0,0,4,2,13
,2023-51062,39.73686511,-104.9916373,11/26/2023 10:58,10:58:00,10,0,0,W 13TH AVE & N CHEROKEE ST,1,1,0,0,1,1,0,0,30,0,0,0,0,0,4,2,13
,2023-51063,39.73350451,-104.9349859,11/24/2023 7:14,7:14:00,8,0,0,E HALE PKWY & N CLERMONT ST,4,1,1,2,1,1,0,0,30,0,0,0,0,0,4,2,13
,2023-51076,39.67789262,-104.9331704,11/27/2023 7:51,7:51:00,12,0,2,I-25 & E EVANS AVE,1,1,0,0,1,4,0,0,60,0,0,0,0,2,1,3,16
,2023-51079,39.71475127,-104.9862692,11/24/2023 13:15,13:15:00,10,0,0, LINCOLN ST & E BAYAUD AVE,1,1,0,0,1,1,0,0,35,0,0,0,0,0,4,2,13
,2023-51103,39.76736514,-104.8996648,11/28/2023 11:20,11:20:00,1,0,2,E 36TH AVE & N SYRACUSE ST,1,1,0,7,1,1,0,0,30,0,0,0,0,1,4,2,13
,2023-51122,39.65697936,-104.866397,11/28/2023 8:40,8:40:00,1,0,0, HAVANA ST & E GIRARD AVE,1,1,0,0,1,1,0,0,40,0,0,0,0,0,2,2,16
,2023-51123,39.71072172,-104.9476515,11/28/2023 8:52,8:52:00,12,0,1,E CHERRY CREEK  DR & E ALAMEDA AVE,1,1,0,0,1,3,0,0,30,0,0,0,0,2,4,3,3
,2023-51124,39.7291221,-104.9540423,11/28/2023 11:15,11:15:00,15,0,4, DETROIT ST & E 8TH AVE,1,1,0,0,1,3,0,0,30,0,0,0,0,1,4,2,11
,2023-51138,39.79629511,-104.8464413,11/28/2023 7:15,7:15:00,3,0,0, QUARI ST & E 55TH AVE,1,1,0,0,1,1,0,0,20,0,0,0,0,0,4,2,16
,2023-51139,39.79247539,-104.8354811,11/27/2023 21:47,21:47:00,6,0,0, ULVADA ST & E ELMENDORF PL,1,3,0,0,1,1,0,0,35,0,0,0,0,0,4,2,3
,2023-51143,39.71608066,-105.0444578,11/18/2023 9:00,9:00:00,6,0,0, UTICA ST & W BAYAUD AVE,1,1,0,0,1,4,0,0,20,0,0,0,0,0,4,3,16
,2023-51147,39.7256006,-104.941266,11/28/2023 11:55,11:55:00,12,0,0,E 6TH AVE & N HARRISON ST,1,1,0,0,1,3,0,0,35,0,0,0,0,0,4,2,3
,2023-51152,39.69692236,-104.9874344,11/28/2023 7:57,7:57:00,12,0,1,BROADWAY ST 1100   W MISSISSIPPI AVE,1,1,0,0,1,4,0,0,35,0,0,0,0,1,4,2,3
,2023-51153,39.64174052,-104.8969761,11/27/2023 12:00,12:00:00,5,0,0,E PRINCETON AVE & S SYRACUSE ST,1,1,0,0,2,3,0,0,25,0,0,0,0,0,4,1,3
,2023-51155,39.70199763,-104.9862701,11/27/2023 16:20,16:20:00,12,0,0, LINCOLN ST & E OHIO AVE,1,1,0,0,1,1,0,0,30,0,0,0,0,0,1,2,14
,2023-51162,39.7836391,-104.7858724,11/28/2023 6:50,6:50:00,12,0,0,GREEN VALLEY RANCH BLVD 17000 E  & PENA BLVD,1,1,0,0,1,4,0,0,40,0,0,0,0,0,4,2,16
,2023-51165,39.67915108,-105.053268,11/27/2023 15:04,15:04:00,1,0,0, SHERIDAN BLVD & W EVANS AVE,1,1,0,0,1,1,0,0,40,0,0,0,0,0,2,2,3
,2023-51169,39.66690622,-104.9251011,11/28/2023 6:43,6:43:00,5,0,0,I-25 & E YALE AVE,1,1,0,0,2,4,0,0,55,0,0,0,0,0,1,2,16
,2023-51172,39.76741568,-105.0277445,11/20/2023 14:38,14:38:00,14,0,0,W 37TH AVE & N GROVE ST,1,1,0,0,6,4,0,0,25,0,0,0,0,0,4,3,16
,2023-51175,39.67851928,-104.9340346,11/27/2023 19:34,19:34:00,12,0,0,I-25 & E EVANS AVE,1,3,0,0,1,4,0,0,65,0,0,0,0,0,1,2,16
,2023-51179,39.75988202,-104.9836363,11/19/2023 14:09,14:09:00,6,0,0,LARIMER ST & 27TH ST,1,1,0,0,1,4,0,0,,0,0,0,0,0,4,2,16
,2023-51181,39.68103513,-104.9361129,11/27/2023 15:09,15:09:00,15,0,0,I-25 & S COLORADO BLVD,1,1,0,0,1,8,0,0,60,0,0,0,0,0,1,2,1
,2023-51182,39.67796228,-105.0180264,11/28/2023 8:01,8:01:00,15,0,0,BRYANT ST 2100   W EVANS AVE,1,1,0,0,1,4,1,0,20,0,0,0,0,0,4,2,16
,2023-51183,39.77823406,-104.8829657,11/28/2023 1:29,1:29:00,3,0,0,I-70 WB OFF RAMP & N CENTRAL PARK BLVD,1,3,0,0,1,1,0,0,35,0,0,0,0,0,1,2,16
,2023-51184,39.7840784,-104.8905697,11/27/2023 14:49,14:49:00,3,0,0,E 48TH AVE & N VERBENA ST,1,1,0,0,1,6,0,0,15,0,0,0,0,0,4,2,10
,2023-51185,39.78096491,-104.7650453,11/4/2023 3:30,3:30:00,6,0,0, ARGONNE ST & E 46TH AVE,1,3,0,0,6,4,0,0,,0,0,0,0,0,4,2,16
,2023-51193,39.71132979,-104.998971,11/28/2023 8:39,8:39:00,12,0,0,I-25 & W ALAMEDA AVE,1,1,0,7,1,4,0,0,60,0,0,0,0,0,1,2,3
,2023-51199,39.65265155,-104.9180319,11/27/2023 9:30,9:30:00,12,0,0,I-25 & E HAMPDEN AVE,1,1,0,0,1,4,0,0,65,0,0,0,0,0,1,2,13
,2023-51201,39.78343947,-105.0338061,11/28/2023 6:15,6:15:00,12,0,0,I-70 & N LOWELL BLVD,1,4,0,0,1,4,0,0,65,0,0,0,0,0,1,2,14
,2023-51204,39.78377657,-104.7946521,11/27/2023 17:31,17:31:00,12,0,0, AIRPORT WY &  GREEN VALLEY RANCH BLVD,1,1,0,0,1,4,0,0,35,0,0,0,0,0,4,2,14
,2023-51206,39.70697161,-104.8706215,11/27/2023 7:00,7:00:00,11,0,1, FULTON ST & E VIRGINIA AVE,1,2,3,0,1,1,0,0,,0,1,0,0,2,4,1,16
,2023-51208,39.71111459,-104.9605522,11/15/2023 17:04,17:04:00,3,0,1, YORK ST & E ALAMEDA AVE,1,3,1,0,1,1,0,0,30,0,0,0,0,1,4,3,14
,2023-51211,39.71531273,-104.9826478,10/24/2023 18:00,18:00:00,6,0,0, LOGAN ST & E BAYAUD AVE,1,1,0,0,1,4,0,0,35,0,0,0,0,0,4,2,16
,2023-51212,39.67862526,-104.9337789,10/30/2023 20:10,20:10:00,12,0,1,I-25 & NB OFF RAMP EXT TO S COLORADO BLVD,1,3,1,0,1,4,0,0,,0,0,0,0,2,1,2,16
,2023-51214,39.79017289,-105.0346088,11/28/2023 9:05,9:05:00,12,0,1,5100 N  LOWELL BLVD ,1,1,0,0,1,4,0,0,30,0,0,0,0,1,4,2,16
,2023-51215,39.78377748,-104.7979661,11/27/2023 19:27,19:27:00,11,0,1, MEMPHIS ST & E GREEN VALLEY RANCH BLVD,1,3,0,0,1,1,0,0,35,0,1,0,0,2,4,1,16
,2023-51222,39.74259338,-104.9034587,11/28/2023 12:59,12:59:00,3,0,1, QUEBEC ST & E BATAVIA PL,1,1,0,0,1,3,0,0,20,0,0,0,0,1,4,2,15
,2023-51230,39.72366185,-105.0117699,11/28/2023 7:23,7:23:00,15,0,0,I-25 & W 6TH AVE,1,1,0,0,1,4,0,0,55,0,0,0,0,0,1,2,11
,2023-51238,39.74000986,-104.9562706,11/3/2023 13:50,13:50:00,3,0,0, ELIZABETH ST & E COLFAX AVE,1,1,0,0,1,2,0,0,20,0,0,0,0,0,4,2,1
,2023-51241,39.7727446,-104.9982104,11/27/2023 14:29,14:29:00,14,0,0,INCA ST 4000   W 41ST AVE,1,1,0,0,1,4,0,0,20,0,0,0,0,0,4,2,3
,2023-51248,39.75447472,-104.9621596,11/28/2023 0:56,0:56:00,6,0,0,26TH AVE 2100 E  N VINE ST,1,3,0,0,1,4,0,0,35,0,0,0,0,0,4,3,13
,2023-51253,39.6893508,-104.9316972,11/24/2023 9:38,9:38:00,3,0,0, DAHLIA ST & E FLORIDA AVE,5,1,0,2,1,1,0,0,30,0,0,0,0,0,4,2,16
,2023-51264,39.74007914,-104.9589253,11/22/2023 9:02,9:02:00,6,0,0,E COLFAX AVE & N JOSEPHINE ST,1,1,0,0,1,4,0,0,35,0,0,0,0,0,2,3,16
,2023-51265,39.8001055,-104.7721165,11/19/2023 4:16,4:16:00,12,0,0,E 57TH AVE & N TOWER RD,1,3,0,0,1,1,0,0,,0,0,0,0,0,4,2,13
,2023-51273,39.6533561,-105.0532997,11/27/2023 11:00,11:00:00,15,0,0,W HAMPDEN AVE & S SHERIDAN BLVD,1,1,0,0,1,1,0,0,,0,0,0,0,0,2,2,16
,2023-51275,39.78255913,-104.8214404,11/28/2023 7:37,7:37:00,5,0,3, DULUTH CT & E BOLLING DR,1,1,0,0,1,4,0,0,,0,0,0,0,3,4,2,16
,2023-51277,39.71119398,-104.9971292,11/11/2023 9:14,9:14:00,3,0,0,W ALAMEDA AVE & S SANTA FE DR,1,1,0,0,1,1,0,0,35,0,0,0,0,0,2,2,3
,2023-51278,39.68945701,-104.8659112,11/28/2023 13:36,13:36:00,1,0,0, HAVANA ST & E FLORIDA AVE,1,1,0,0,1,4,0,0,40,0,0,0,0,0,2,2,1