id,drcog_id,latitude,longitude,crashtime,time,crashtype,numbkilled,numbinjurd,drcoglocat,rdconditin,lightngcon,roadcntgrd,weatherco,location,roaddescrp,schoolzone,constrzone,splimit,bikeinv,pedinv,sctrinv,motoinv,svrty,rdsystem,ttlvehcls,hcf
,2023-51283,39.85192743,-104.6740401,11/23/2023 11:06,11:06:00,16,0,0,8500 PENA BLVD,1,1,0,0,5,7,0,0,15,0,0,0,0,0,3,2,16
,2023-51285,39.66747468,-104.9294373,11/27/2023 15:20,15:20:00,15,0,0,E YALE AVE & S FAIRFAX ST,1,1,0,0,1,1,0,0,30,0,0,0,0,0,4,2,3
,2023-51289,39.72588969,-104.9775554,10/23/2023 10:30,10:30:00,6,0,0, CLARKSON ST & E 6TH AVE,1,1,0,0,1,4,0,0,25,0,0,0,0,0,4,2,13
,2023-51301,39.76469881,-105.0299718,11/24/2023 9:26,9:26:00,5,0,0, IRVING ST & W 34TH AVE,8,1,3,2,3,1,0,0,35,0,0,0,0,0,4,1,16
,2023-51310,39.70392076,-104.9147016,11/28/2023 15:02,15:02:00,12,0,0,LEETSDALE DR & E EXPOSITION AVE,1,1,0,0,1,3,0,0,45,0,0,0,0,0,2,2,3
,2023-51313,39.75738841,-105.008107,11/19/2023 15:14,15:14:00,6,0,0,PLATTE ST & 16TH ST,1,1,0,0,1,4,0,0,25,0,0,0,0,0,4,2,16
,2023-51367,39.7547308,-104.9005441,11/28/2023 8:20,8:20:00,10,0,0, ROSLYN ST & E 26TH AVE,1,1,0,0,1,1,0,0,30,0,0,0,0,0,4,2,16
,2023-51369,39.72540908,-105.0133025,11/14/2023 9:45,9:45:00,15,0,0,I-25 & W 6TH AVE,1,1,0,0,1,4,0,0,,0,0,0,0,0,1,2,16
,2023-51374,39.69936822,-104.9035383,11/29/2023 11:46,11:46:00,12,0,0,QUEBEC ST 900   LEETSDALE DR,1,1,1,0,1,4,0,0,35,0,0,0,0,0,4,2,1
,2023-51376,39.77799279,-104.7721472,11/29/2023 7:26,7:26:00,12,0,0,E 45TH AVE & N TOWER RD,1,1,0,0,1,3,0,0,20,0,0,0,0,0,4,2,11
,2023-51379,39.71112567,-104.9592669,11/28/2023 14:00,14:00:00,12,0,0, UNIVERSITY BLVD & E ALAMEDA AVE,1,1,0,0,1,1,0,0,30,0,0,0,0,0,4,2,3
,2023-51380,39.74820314,-104.9647221,11/19/2023 11:45,11:45:00,8,0,0, HIGH ST & E 21ST AVE,1,1,0,0,6,1,0,0,,0,0,0,0,0,4,2,16
,2023-51388,39.78361926,-104.7744178,11/29/2023 15:48,15:48:00,12,0,0,E GREEN VALLEY RANCH BLVD & N YAMPA ST,1,1,0,0,1,4,0,0,35,0,0,0,0,0,4,2,11
,2023-51392,39.76048719,-105.0050791,11/28/2023 14:19,14:19:00,12,0,2,I-25 & 20TH ST,1,1,0,0,1,13,0,0,55,0,0,0,0,1,1,3,13
,2023-51393,39.74761207,-104.9769611,11/27/2023 22:30,22:30:00,6,0,1,CLARKSON ST 2000   E 20TH AVE,1,1,0,0,1,4,0,0,35,0,0,0,0,2,4,4,16
,2023-51394,39.67516974,-104.8713365,11/29/2023 8:19,8:19:00,3,0,0, PARKER RD & E ILIFF AVE,1,1,0,0,1,2,0,0,40,0,0,0,0,0,2,2,8
,2023-51395,39.6354558,-104.9045616,11/29/2023 1:45,1:45:00,15,0,0,I-225 & WB ON RAMP FROM S TAMARAC PKWY MERGE PT,1,3,1,0,1,8,0,0,50,0,0,0,0,0,1,2,13
,2023-51400,39.74636566,-105.0252203,10/29/2023 17:33,17:33:00,3,0,0,W 19TH AVE & N FEDERAL BLVD,1,3,0,0,1,1,0,0,35,0,0,0,0,0,2,2,10
,2023-51401,39.66335533,-105.0347767,10/28/2023 20:57,20:57:00,6,0,0,W AMHERST AVE & S LOWELL BLVD,9,3,1,2,1,1,0,0,25,0,0,0,0,0,4,2,16
,2023-51406,39.77471847,-104.8656592,11/29/2023 9:25,9:25:00,12,0,0,I-70 EB OFF RAMP SLIP & N HAVANA ST,1,1,0,0,1,8,0,0,30,0,0,0,0,0,1,2,13
,2023-51413,39.7618182,-104.9124085,11/2/2023 0:19,0:19:00,3,0,0, MONACO ST & E MLK JR BLVD,1,3,0,0,1,1,0,0,35,0,0,0,0,1,4,2,16
,2023-51416,39.73367995,-104.9965048,11/28/2023 22:06,22:06:00,6,0,0,W 11TH AVE & GALAPAGO ST,1,3,0,0,1,4,0,0,25,0,0,0,0,0,4,3,16
,2023-51417,39.63117238,-104.8924225,11/29/2023 7:47,7:47:00,1,0,0,E UNION AVE & S DTC BLVD,1,1,0,0,1,1,0,0,30,0,0,0,0,0,4,2,13
,2023-51422,39.77887001,-104.8704537,10/28/2023 18:30,18:30:00,12,0,0, CENTRAL PARK BLVD & E 45TH AVE,5,3,0,2,1,4,0,0,40,0,0,0,0,0,4,2,16
,2023-51423,39.74739743,-104.9363455,11/24/2023 12:20,12:20:00,6,0,0,E MONTVIEW BLVD & N BIRCH ST,4,1,0,2,1,4,0,0,30,0,0,0,0,0,4,2,16
,2023-51424,39.64064911,-104.9066853,11/29/2023 14:55,14:55:00,3,0,1, OLIVE ST & E PRINCETON AVE,1,1,0,0,1,1,0,0,30,0,0,0,0,2,4,2,11
,2023-51425,39.76926248,-105.018975,11/29/2023 14:08,14:08:00,3,0,0, BRYANT ST & W 38TH AVE,1,1,0,0,1,1,0,0,25,0,0,0,0,0,4,2,7
,2023-51435,39.67246349,-104.9593867,11/1/2023 17:15,17:15:00,15,0,0, UNIVERSITY BLVD & E WESLEY AVE,1,1,0,0,1,4,0,0,30,0,0,0,0,0,4,2,16
,2023-51437,39.74034301,-105.0154444,11/28/2023 12:00,12:00:00,3,0,0,W COLFAX AVE & I-25 SB OFF RAMP,1,1,0,0,1,1,0,0,40,0,0,0,0,0,2,2,13
,2023-51438,39.78782604,-104.8330943,11/11/2023 16:48,16:48:00,1,0,0, WORCHESTER ST & E 50TH AVE,1,3,0,0,1,1,0,0,25,0,0,0,0,0,4,2,16
,2023-51439,39.69672638,-105.0073157,11/18/2023 21:10,21:10:00,11,0,1,W MISSISSIPPI AVE & S QUIVAS ST,1,3,0,0,1,2,0,0,,0,1,0,0,2,4,1,16
,2023-51440,39.7111843,-105.0015765,11/29/2023 19:15,19:15:00,1,0,0,W ALAMEDA AVE & S LIPAN ST,1,3,0,0,1,1,0,0,35,0,0,0,0,0,2,2,13
,2023-51446,39.71815168,-105.0337423,11/27/2023 7:23,7:23:00,11,0,2, KING ST & W 1ST AVE,1,1,0,0,1,3,0,0,25,0,1,0,0,3,4,1,3
,2023-51469,39.72722132,-104.9729382,11/29/2023 19:40,19:40:00,12,0,0, DOWNING ST & E 7TH AVE,1,3,1,0,1,4,0,0,25,0,0,0,0,0,4,2,16
,2023-51474,39.79838251,-104.9033946,11/1/2023 12:00,12:00:00,15,0,0,QUEBEC ST & E 56TH AVE,1,1,0,0,1,1,0,0,,0,0,0,0,0,4,3,16
,2023-51501,39.76911591,-104.9952965,10/27/2023 20:00,20:00:00,1,0,0,W 38TH AVE & N FOX ST,1,3,0,0,1,1,0,0,35,0,0,0,0,0,4,2,8
,2023-51504,39.73035597,-104.9706283,11/25/2023 18:00,18:00:00,6,0,0, LAFAYETTE ST & E 9TH AVE,9,3,0,2,1,4,0,0,25,0,0,0,0,0,4,2,16
,2023-51511,39.68372579,-104.9595876,11/15/2023 10:00,10:00:00,3,0,0,I-25 SB OFF RAMP SLIP & S UNIVERSITY BLVD,1,1,0,0,1,1,0,0,30,0,0,0,0,0,1,2,16
,2023-51513,39.73727094,-104.9044092,11/3/2023 15:04,15:04:00,6,0,0,E 13TH AVE & N QUEBEC ST,1,1,0,0,1,4,0,0,30,0,0,0,0,0,4,2,13
,2023-51520,39.73998313,-104.9597965,10/30/2023 2:44,2:44:00,3,0,1,E COLFAX AVE & N YORK ST,1,3,0,0,1,1,0,0,35,0,0,0,0,2,2,2,16
,2023-51534,39.75245278,-105.0073104,10/6/2023 23:45,23:45:00,2,0,0,ELITCH CIR & N SPEER BLVD,1,3,0,0,1,3,0,0,0,1,0,0,0,0,4,1,16
,2023-51539,39.7921066,-104.8428856,11/29/2023 13:31,13:31:00,15,0,0,SCRANTON ST 5300   E ELMENDORF PL,1,1,0,0,1,4,0,0,20,0,0,0,0,0,4,2,3
,2023-51544,39.74156732,-104.9899116,11/28/2023 10:55,10:55:00,15,0,0,COURT PL 1400  15TH ST,1,1,0,0,1,4,0,0,25,0,0,0,0,0,4,2,11
,2023-51579,39.65312654,-104.9594311,11/30/2023 11:00,11:00:00,12,0,2,E HAMPDEN AVE & S UNIVERSITY BLVD,1,1,0,0,1,1,0,0,35,0,0,0,0,1,2,3,3
,2023-51585,39.6529972,-104.9228202,11/29/2023 16:20,16:20:00,12,0,0,E HAMPDEN AVE & S HOLLY ST,1,1,0,0,1,1,0,0,30,0,0,0,0,0,2,3,3
,2023-51586,39.77682242,-104.8775531,11/30/2023 12:45,12:45:00,12,0,1,I-70 & N CENTRAL PARK BLVD,1,1,0,0,1,4,0,0,55,0,0,0,0,1,1,2,3
,2023-51589,39.77288216,-104.9429452,11/29/2023 10:00,10:00:00,12,0,1,E 40TH AVE & N JACKSON ST,1,1,0,0,1,1,0,0,35,0,0,0,0,1,4,2,16
,2023-51590,39.76110433,-105.0046468,11/29/2023 13:50,13:50:00,12,0,3,I-25 & N SPEER BLVD,1,1,0,0,1,13,0,0,55,0,0,0,0,1,1,2,13
,2023-51600,39.63135034,-104.8859727,11/30/2023 8:26,8:26:00,1,0,0,E UNION AVE & S XENIA ST,1,1,0,0,1,1,0,0,25,0,0,0,0,0,4,2,13
,2023-51609,39.65307542,-104.8987358,12/2/2023 14:25,14:25:00,3,0,1,E HAMPDEN AVE & S TAMARAC DR,1,1,1,0,1,1,0,0,35,0,0,0,0,2,2,2,11
,2023-51611,39.72943375,-105.0151049,12/2/2023 1:43,1:43:00,15,0,0,I-25 & W 6TH AVE,1,3,0,0,1,4,0,0,55,0,0,0,0,0,1,2,16
,2023-51612,39.69655891,-104.86714,12/1/2023 15:10,15:10:00,1,0,0,E MISSISSIPPI AVE & S HANOVER ST,1,2,0,0,1,1,0,0,35,0,0,0,0,0,4,2,13
,2023-51614,39.78227109,-104.8470108,11/30/2023 12:45,12:45:00,15,0,0, PEORIA ST & E 47TH AVE,1,1,0,0,1,3,0,0,35,0,0,0,0,0,4,2,16
,2023-51622,39.76917903,-104.973347,11/30/2023 10:15,10:15:00,3,0,0, DOWNING ST & WALNUT ST,1,1,0,0,1,1,0,0,35,0,0,0,0,0,4,2,16
,2023-51624,39.74007904,-104.9034682,11/29/2023 9:30,9:30:00,1,0,1,E COLFAX AVE & N QUEBEC ST,1,1,0,0,1,1,0,0,35,0,0,0,0,2,2,2,3
,2023-51625,39.68229606,-105.0203549,11/29/2023 14:38,14:38:00,3,0,0,W JEWELL AVE & S CLAY ST,1,1,0,0,1,1,0,0,25,0,0,0,0,0,4,2,13
,2023-51626,39.71123814,-105.0251819,11/28/2023 16:22,16:22:00,12,0,0,W ALAMEDA AVE & S FEDERAL BLVD,1,2,1,0,1,3,0,0,30,0,0,0,0,0,2,2,8
,2023-51628,39.67845899,-104.9941721,11/30/2023 12:03,12:03:00,12,0,0,EVANS AVE 500 W  S SANTA FE DR,1,1,1,0,1,4,0,0,30,0,0,0,0,0,2,2,14
,2023-51629,39.78047953,-104.9570709,11/28/2023 14:13,14:13:00,12,0,0,I-70 & N JOSEPHINE ST,1,1,0,0,1,4,0,0,65,0,0,0,0,0,1,2,14
,2023-51632,39.68937106,-104.9223398,11/30/2023 11:28,11:28:00,12,0,0, HOLLY ST & E FLORIDA AVE,1,1,0,0,1,3,0,0,30,0,0,0,0,0,4,2,16
,2023-51633,39.7843336,-104.8470289,11/30/2023 8:10,8:10:00,1,0,0,4700 N  PEORIA ST,1,1,0,0,1,1,0,0,35,0,0,0,0,0,4,2,11
,2023-51635,39.71325273,-104.9994135,11/30/2023 14:00,14:00:00,15,0,0,I-25 ON RAMP & W CEDAR AVE,1,1,0,0,1,1,0,0,30,0,0,0,0,0,1,2,3
,2023-51638,39.73515179,-104.9787113,11/30/2023 16:00,16:00:00,3,0,0,E 12TH AVE & N WASHINGTON ST,1,1,0,0,1,1,0,0,25,0,0,0,0,0,4,2,3
,2023-51639,39.76183744,-104.9150008,12/1/2023 0:19,0:19:00,12,0,0,E MLK JR BLVD & N LOCUST ST,1,3,0,0,1,4,0,0,35,0,0,0,0,0,4,2,16
,2023-51642,39.71430074,-105.0010918,11/30/2023 13:11,13:11:00,12,0,0,I-25 SB OFF RAMP TO W ALAMEDA AVE & OFF RAMP MERGE PT,1,1,0,0,1,8,0,0,40,0,0,0,0,0,1,2,13
,2023-51647,39.65317825,-104.9165028,12/1/2023 13:43,13:43:00,12,0,1,E HAMPDEN AVE & S LOCUST ST,1,1,0,0,1,8,0,0,40,0,0,0,0,2,2,2,1
,2023-51648,39.76001331,-104.8905319,12/1/2023 6:30,6:30:00,12,0,0,E MLK BLVD & N CENTRAL PARK BLVD,1,1,0,0,1,1,0,0,35,0,0,0,0,0,4,2,16
,2023-51650,39.68757246,-104.9919298,11/30/2023 15:15,15:15:00,12,0,0,W IOWA AVE & S SANTA FE DR,1,1,0,0,1,1,0,0,25,0,0,0,0,0,2,2,3
,2023-51652,39.74968838,-104.9034244,12/1/2023 11:55,11:55:00,15,0,0, QUEBEC ST & E 22ND AVE,1,1,0,0,1,4,0,0,30,0,0,0,0,0,4,2,16
,2023-51655,39.65729245,-104.9004482,12/1/2023 11:21,11:21:00,3,0,0,E EASTMAN AVE & S TAMARAC ST,1,1,0,0,1,2,0,0,30,0,0,0,0,0,4,2,16
,2023-51658,39.71833142,-104.9837866,11/30/2023 17:30,17:30:00,3,0,1, GRANT ST & E 1ST AVE,1,2,0,0,1,1,0,0,25,0,0,0,0,1,4,2,3
,2023-51661,39.7558594,-104.9034,12/1/2023 11:47,11:47:00,12,0,0,QUEBEC ST 2700   E 28TH AVE,1,1,0,0,1,3,0,0,35,0,0,0,0,0,4,2,14
,2023-51662,39.76211977,-105.0439824,12/1/2023 8:22,8:22:00,3,0,0,W 32ND AVE & N TENNYSON ST,1,1,0,0,1,1,0,0,30,0,0,0,0,0,4,2,11
,2023-51663,39.72698689,-105.0001831,12/1/2023 11:23,11:23:00,15,0,0,KALAMATH ST 700   W 7TH AVE,1,1,0,0,1,4,0,0,30,0,0,0,0,0,4,3,11
,2023-51671,39.71122179,-104.9129192,12/1/2023 8:27,8:27:00,1,0,0, MONACO ST & E ALAMEDA AVE,1,1,0,0,1,1,0,0,35,0,0,0,0,0,4,2,13
,2023-51674,39.75158985,-104.9873839,11/30/2023 12:07,12:07:00,10,0,0, BROADWAY ST & CHAMPA ST,1,1,0,0,1,3,0,0,25,0,0,0,0,0,4,2,7
,2023-51675,39.71003187,-104.8706706,12/1/2023 11:47,11:47:00,10,0,0,E ALAMEDA AVE & S GALENA WY,1,1,0,0,1,1,0,0,35,0,0,0,0,0,4,2,11
,2023-51678,39.76178779,-104.9406677,11/30/2023 22:10,22:10:00,1,0,0, COLORADO BLVD & E MLK JR BLVD,1,3,2,0,1,1,0,0,40,0,0,0,0,0,2,2,11
,2023-51683,39.79252739,-104.7721476,11/30/2023 15:22,15:22:00,10,0,0, TOWER RD & E ELMENDORF DR,1,1,0,0,1,1,0,0,40,0,0,0,0,0,4,2,13
,2023-51684,39.83364471,-104.715533,11/28/2023 4:35,4:35:00,12,0,0,PENA BLVD & GUN CLUB RD,1,3,0,0,1,4,0,0,65,0,0,0,0,0,4,2,7
,2023-51685,39.75071918,-104.9684373,11/29/2023 8:32,8:32:00,3,0,1,E 23RD AVE & N FRANKLIN ST,1,1,0,0,1,1,0,0,25,0,0,0,0,1,4,2,16
,2023-51686,39.72904671,-104.989924,12/1/2023 10:37,10:37:00,10,0,0,W 8TH AVE & N SPEER BLVD,1,1,0,0,1,1,0,0,30,0,0,0,0,0,4,2,8
,2023-51687,39.74881944,-105.0013919,12/2/2023 10:45,10:45:00,3,0,0,BLAKE ST & 14TH ST,1,1,0,0,1,1,0,0,25,0,0,0,0,0,4,2,13
,2023-51689,39.72579865,-105.0449356,11/29/2023 22:50,22:50:00,12,0,0,W 6TH AVE & N UTICA ST,1,3,0,0,1,4,0,0,55,0,0,0,0,0,2,3,16
,2023-51692,39.78173254,-104.7344844,11/21/2023 21:55,21:55:00,1,0,0,E GREEN VALLEY RANCH BLVD & N PICADILLY RD,1,3,0,0,1,1,0,0,35,0,0,0,0,0,4,2,16
,2023-51695,39.72564692,-104.9862613,11/30/2023 13:43,13:43:00,15,0,0,E SPEER BLVD & N LINCOLN ST,1,1,0,0,1,3,0,0,35,0,0,0,0,0,4,2,16
,2023-51696,39.82825107,-104.7819707,11/30/2023 11:13,11:13:00,12,0,0,6000,1,1,0,0,1,4,0,0,65,0,0,0,0,0,4,2,1
,2023-51697,39.71815999,-105.0255055,11/30/2023 8:13,8:13:00,3,0,1,W 1ST AVE & N FEDERAL BLVD,1,1,0,0,1,9,0,0,,0,0,0,0,3,2,2,11
,2023-51699,39.75524379,-105.0129474,11/29/2023 14:44,14:44:00,12,0,1,I-25 & N SPEER BLVD,1,1,0,0,1,4,0,0,55,0,0,0,0,1,1,2,13
,2023-51702,39.65305086,-104.9046047,12/1/2023 13:20,13:20:00,12,0,0,E HAMPDEN AVE & S POPLAR ST,1,1,0,0,1,3,0,0,35,0,0,0,0,0,2,2,13
,2023-51704,39.74768635,-104.9941921,12/1/2023 12:02,12:02:00,12,0,1,16TH ST & 1001,1,1,0,0,1,1,0,0,25,0,0,0,0,2,4,2,13
,2023-51705,39.78354741,-105.0532786,12/1/2023 12:21,12:21:00,12,0,1, SHERIDAN BLVD & W 48TH AVE,1,1,0,0,1,4,0,0,35,0,0,0,0,1,2,2,16
,2023-51706,39.7432451,-105.0158314,12/1/2023 9:46,9:46:00,15,0,0,I-25 & NB ON RAMP MERGE PT FROM W COLFAX AVE,1,1,0,0,1,8,0,0,55,0,0,0,0,0,1,2,13
,2023-51709,39.75949195,-104.972127,12/1/2023 14:34,14:34:00,12,0,0,E 30TH AVE & N MARION ST,1,1,0,0,1,3,0,0,20,0,0,0,0,0,4,2,2
,2023-51711,39.76201076,-105.0252188,12/1/2023 13:36,13:36:00,1,0,0, FEDERAL BLVD & W 32ND AVE,1,1,0,0,1,1,0,0,40,0,0,0,0,0,2,2,13
,2023-51712,39.81106925,-104.7721195,11/30/2023 19:42,19:42:00,15,0,0,E 63RD AVE & N TOWER RD,1,3,0,0,1,1,0,0,40,0,0,0,0,0,4,2,13
,2023-51715,39.72537045,-105.0199335,11/30/2023 18:42,18:42:00,12,0,0,W 6TH AVE & N FEDERAL BLVD,1,3,0,0,1,4,0,0,55,0,0,0,0,0,2,3,16
,2023-51716,39.6531034,-104.9284902,12/1/2023 12:11,12:11:00,12,0,0,E HAMPDEN AVE & S FAIRFAX ST,1,1,0,0,1,2,0,0,40,0,0,0,0,0,2,2,13
,2023-51717,39.71110533,-104.9757477,11/30/2023 7:45,7:45:00,12,0,1,E ALAMEDA AVE & S OGDEN ST,1,1,0,0,1,3,0,0,30,0,0,0,0,2,4,2,14
,2023-51718,39.74007252,-104.9408055,11/29/2023 23:05,23:05:00,10,0,1,E COLFAX AVE & N COLORADO BLVD,1,3,0,0,1,1,0,0,35,0,0,0,0,1,2,2,1
,2023-51719,39.72566209,-105.0218548,11/30/2023 18:58,18:58:00,12,0,1,W 6TH AVE WB OFF RAMP & N FEDERAL BLVD,1,3,0,0,1,8,0,0,55,0,0,0,0,1,2,2,11
,2023-51720,39.61829433,-105.0911089,11/30/2023 23:21,23:21:00,12,0,0, WADSWORTH BLVD & W CRESTLINE AVE,1,3,0,0,1,3,0,0,45,0,0,0,0,0,2,2,10
,2023-51722,39.71614581,-104.9899479,12/1/2023 11:40,11:40:00,3,0,0,10 S BANNOCK ST ,1,1,0,0,1,2,0,0,25,0,0,0,0,0,4,2,16
,2023-51724,39.63496088,-105.0347312,12/2/2023 9:30,9:30:00,6,0,0, LOWELL BLVD & W MOUNTAIN RD,1,1,1,0,1,4,0,0,25,0,0,0,0,0,4,2,3
,2023-51726,39.67697998,-105.0250529,11/29/2023 13:26,13:26:00,15,0,0, FEDERAL BLVD & W WARREN AVE,1,1,0,0,1,4,0,0,35,0,0,0,0,0,2,3,13
,2023-51728,39.77313543,-104.847028,11/30/2023 11:10,11:10:00,12,0,0,4000 N  PEORIA ST,1,1,0,0,1,4,0,0,30,0,0,0,0,0,4,2,16
,2023-51729,39.75808955,-105.0089973,12/2/2023 12:55,12:55:00,12,0,0,I-25 & N SPEER BLVD,1,1,0,0,1,4,0,0,,0,0,0,0,0,1,3,16
,2023-51734,39.6183368,-105.0913618,11/30/2023 17:05,17:05:00,12,0,0,W CRESTLINE AVE & S WADSWORTH BLVD,1,4,0,0,1,4,0,0,45,0,0,0,0,0,2,2,13
,2023-51735,39.78332124,-104.8224062,11/29/2023 15:18,15:18:00,3,0,0,E BOLLING DR & N DILLON ST,1,1,0,0,1,1,0,0,20,0,0,0,0,0,4,2,13
,2023-51736,39.68174922,-105.0510712,11/29/2023 15:26,15:26:00,6,0,0,YATES ST 1900   W JEWELL AVE,1,1,0,0,1,4,0,0,25,0,0,0,0,0,4,2,16
,2023-51737,39.65717194,-105.0532156,11/28/2023 13:35,13:35:00,3,0,0,W COLGATE DR & S SHERIDAN BLVD,1,1,0,0,1,1,0,0,,0,0,0,0,0,2,2,16
,2023-51738,39.77461759,-104.9223169,11/29/2023 11:30,11:30:00,12,0,0, HOLLY ST & E SMITH RD,1,1,0,0,1,1,0,0,35,0,0,0,0,0,4,2,16
,2023-51740,39.67846929,-104.9128185,11/30/2023 15:10,15:10:00,15,0,0, MONACO ST & E EVANS AVE,1,1,0,0,1,1,0,0,35,0,0,0,0,0,4,2,13
,2023-51741,39.68354596,-104.9406728,11/29/2023 12:00,12:00:00,15,0,0, COLORADO BLVD & I-25 NB RAMPS,1,1,0,0,1,1,0,0,35,0,0,0,0,0,2,2,3
,2023-51742,39.6144798,-105.0914173,12/2/2023 11:10,11:10:00,15,0,2, WADSWORTH BLVD & W CROSS DR,1,1,0,0,1,3,0,0,45,0,0,0,0,1,2,2,16
,2023-51743,39.70024724,-104.915537,12/2/2023 18:00,18:00:00,12,0,1,E KENTUCKY AVE & S LEYDEN ST,2,3,0,0,1,4,0,0,20,0,0,0,0,2,4,2,11
,2023-51744,39.74955341,-104.9987214,12/1/2023 17:18,17:18:00,15,0,1,MARKET ST & 16TH ST,1,3,0,0,1,4,0,0,25,0,0,0,0,1,4,3,11
,2023-51747,39.77287958,-104.940519,12/1/2023 17:59,17:59:00,3,0,0,E 40TH AVE & N COLORADO BLVD,1,3,0,0,1,1,0,0,35,0,0,0,0,0,2,2,16
,2023-51748,39.74759305,-105.0252228,12/1/2023 19:34,19:34:00,15,0,0, FEDERAL BLVD & W 20TH AVE,1,3,0,0,1,3,0,0,30,0,0,0,0,0,2,2,16
,2023-51749,39.79822876,-104.8471812,11/28/2023 7:15,7:15:00,15,0,0, PEORIA ST & E 56TH AVE,1,1,0,0,1,1,0,1,30,0,0,0,0,0,4,2,1
,2023-51751,39.77418604,-104.849119,12/1/2023 12:15,12:15:00,12,0,1,I-70 & N PEORIA ST,1,1,0,0,1,4,0,0,65,0,0,0,0,2,1,2,3
,2023-51754,39.69855836,-105.0203653,12/2/2023 14:24,14:24:00,3,0,0, CLAY ST & W TENNESSEE AVE,1,1,0,0,1,1,0,0,30,0,0,0,0,0,4,2,14
,2023-51762,39.67863707,-105.0086643,11/27/2023 14:58,14:58:00,3,0,1, RARITAN ST & W EVANS AVE,1,1,0,0,1,3,0,0,25,0,0,0,0,1,4,2,16
,2023-51772,39.70735377,-104.9222821,12/1/2023 20:29,20:29:00,3,0,0, HOLLY ST & LEETSDALE DR,1,3,0,0,1,1,0,0,40,0,0,0,0,0,2,3,16
,2023-51776,39.78562331,-104.899678,12/1/2023 17:28,17:28:00,10,0,0, QUEBEC ST & E NORTHFIELD BLVD,1,3,0,0,1,1,0,0,35,0,0,0,0,0,2,2,16
,2023-51777,39.77841442,-104.8343617,12/1/2023 22:52,22:52:00,6,0,2,4500 N  ANAHEIM CT,1,4,0,0,1,4,0,0,20,0,0,0,0,1,4,3,7
,2023-51778,39.7115915,-104.9994022,12/1/2023 12:33,12:33:00,12,0,0,I-25 & W ALAMEDA AVE,1,1,3,0,1,4,0,0,55,0,0,0,0,0,1,2,16
,2023-51791,39.67539099,-105.0532641,12/2/2023 11:27,11:27:00,12,0,0, SHERIDAN BLVD & W WARREN AVE,1,1,0,0,1,3,0,0,35,0,0,0,0,0,2,3,3
,2023-51792,39.68949159,-105.0250153,12/2/2023 5:40,5:40:00,12,0,0,FLORIDA AVE & S FEDERAL BLVD,1,3,0,0,1,4,0,0,40,0,0,0,0,0,4,2,16
,2023-51797,39.72494722,-105.0160421,12/2/2023 13:13,13:13:00,12,0,1,W 6TH AVE EB OFF RAMP & I-25 NB,1,1,1,0,1,8,0,0,45,0,0,0,0,2,2,2,11
,2023-51802,39.77772821,-104.9037189,11/26/2023 2:26,2:26:00,15,0,0,I-70 EB OFF RAMP & QUEBEC *NB* ,11,3,0,0,1,1,0,0,35,0,0,0,0,0,2,2,16
,2023-51803,39.79831538,-104.810776,12/2/2023 3:32,3:32:00,12,0,2,56TH AVE 15200 E  & N CHAMBERS RD,1,3,0,0,1,4,0,0,40,0,0,0,0,2,4,2,11
,2023-51804,39.77317964,-104.8098771,12/2/2023 14:49,14:49:00,12,0,1, CHAMBERS RD & E 40TH AVE,1,1,0,6,1,1,0,0,40,0,0,0,0,1,4,3,12
,2023-51806,39.75364827,-104.9934266,12/1/2023 17:19,17:19:00,3,0,0,MARKET ST & 20TH ST,1,3,0,0,1,1,0,0,25,0,0,0,0,0,4,2,16
,2023-51807,39.77406876,-104.9893701,12/2/2023 2:10,2:10:00,5,0,1,I-25 & I-70,1,3,0,0,2,4,0,0,55,0,0,0,0,2,1,2,7
,2023-51828,39.74007471,-104.8905513,11/28/2023 5:33,5:33:00,11,0,1, VERBENA ST & E COLFAX AVE,1,3,0,0,1,1,0,0,35,0,1,0,0,3,2,1,13
,2023-51831,39.74999974,-104.9790526,11/21/2023 12:41,12:41:00,11,0,2,24TH ST & COURT PL,14,5,3,7,1,1,0,0,25,0,1,0,0,1,4,1,11
,2023-51967,39.77409939,-104.8459591,11/28/2023 14:00,14:00:00,12,0,0,I-70 & N PEORIA ST,1,1,0,0,1,4,0,0,55,0,0,0,0,0,1,2,14
,2023-52066,39.70097225,-104.9082193,10/23/2023 16:00,16:00:00,2,0,1, ONEIDA ST & LEETSDALE DR,1,1,0,0,1,4,0,0,20,1,0,0,0,3,4,1,13
,2023-52071,39.68466104,-104.9540099,7/2/2023 12:21,12:21:00,15,0,0,I-25 SB ON RAMP FROM  UNIVERSITY BLVD & ON RAMP MERGE PT,1,1,1,0,1,8,0,0,,0,0,0,0,0,1,2,16
,2023-52074,39.74134312,-104.9835876,12/2/2023 11:54,11:54:00,15,0,0, GRANT ST & E 16TH AVE,1,1,0,0,1,4,0,0,35,0,0,0,0,0,4,2,14
,2023-52078,39.78020446,-104.7647009,12/4/2023 7:25,7:25:00,3,0,0, BISCAY ST & E 46TH AVE,1,1,0,0,1,1,0,0,25,0,0,0,0,0,4,2,1