id,drcog_id,latitude,longitude,crashtime,time,crashtype,numbkilled,numbinjurd,drcoglocat,rdconditin,lightngcon,roadcntgrd,weatherco,location,roaddescrp,schoolzone,constrzone,splimit,bikeinv,pedinv,sctrinv,motoinv,svrty,rdsystem,ttlvehcls,hcf
,2023-52079,39.72398552,-104.9582559,12/2/2023 23:17,23:17:00,15,0,0,JOSEPHINE ST 400   E 5TH AVE,1,3,0,0,1,4,0,0,30,0,0,0,0,0,4,2,11
,2023-52082,39.70492776,-105.0297943,12/4/2023 8:05,8:05:00,3,0,0,W GILL PL & S IRVING ST,1,1,1,0,1,1,0,0,25,0,0,0,0,0,4,2,1
,2023-52083,39.77991727,-104.9731037,11/24/2023 1:45,1:45:00,5,0,0,I-70 & EB OFF RAMP EXT TO N WASHINGTON ST,9,3,0,2,3,8,0,0,55,0,0,0,0,0,1,1,16
,2023-52084,39.73686482,-104.9741524,12/3/2023 14:10,14:10:00,3,0,1,E 13TH AVE & N CORONA ST,1,1,0,0,1,1,0,0,30,0,0,0,0,1,4,2,13
,2023-52085,39.72825382,-104.990058,12/4/2023 9:50,9:50:00,12,0,0, BANNOCK ST & N SPEER BLVD (SB),1,1,0,0,1,3,0,0,30,0,0,0,0,0,4,2,3
,2023-52087,39.7142395,-104.9875321,12/3/2023 12:26,12:26:00,6,0,0, BROADWAY & E MAPLE AVE,11,1,0,0,1,4,0,0,30,0,0,0,0,0,4,2,16
,2023-52088,39.7801579,-104.9576858,12/4/2023 7:53,7:53:00,3,0,0,E 46TH AVE & N JOSEPHINE ST,1,1,0,0,1,1,0,0,30,0,0,0,0,0,4,2,8
,2023-52089,39.78176749,-104.7721266,10/21/2023 19:16,19:16:00,12,0,0, TOWER RD & E 47TH AVE,1,3,0,0,1,3,0,0,,0,0,0,0,0,4,2,16
,2023-52090,39.74034644,-105.0509313,11/1/2023 13:49,13:49:00,3,0,0, YATES ST & W COLFAX AVE,1,1,0,0,1,1,0,0,35,0,0,0,0,0,2,2,8
,2023-52093,39.77635535,-104.8721266,12/3/2023 2:57,2:57:00,15,0,0,I-70 & WB OFF RAMP EXT TO N CENTRAL PARK BLVD,1,3,0,0,1,4,0,0,60,0,0,0,0,0,1,2,16
,2023-52094,39.70388606,-104.9827905,12/3/2023 1:07,1:07:00,6,0,1, LOGAN ST & E EXPOSITION AVE,1,3,0,0,1,4,0,0,30,0,0,0,0,1,4,3,3
,2023-52095,39.70298327,-104.9129002,12/4/2023 7:39,7:39:00,12,0,0, MONACO ST PKWY & LEETSDALE DR,14,5,3,7,1,3,0,0,,0,0,0,0,0,2,2,16
,2023-52096,39.83346185,-104.6929467,11/29/2023 21:05,21:05:00,15,0,0,PENA BLVD & JACKSON GAP ST,1,3,0,0,1,3,0,0,45,0,0,0,0,0,4,2,11
,2023-52099,39.79026468,-104.8097539,11/28/2023 22:15,22:15:00,15,0,0, CHAMBERS RD & E 53RD AVE,1,3,0,0,1,1,0,0,45,0,0,0,0,0,4,3,16
,2023-52100,39.77267084,-104.9034972,11/25/2023 20:45,20:45:00,6,0,2, QUEBEC ST & E SMITH RD,1,3,1,0,1,4,0,0,45,0,0,0,0,2,4,2,14
,2023-52102,39.76431157,-104.9405014,12/2/2023 8:09,8:09:00,12,0,0, COLORADO BLVD & E BRUCE RANDOLPH AVE,1,1,0,0,1,3,0,0,35,0,0,0,0,0,2,2,16
,2023-52103,39.76887996,-104.9938007,12/4/2023 11:09,11:09:00,15,0,0,I-25 & PARK AVE W,1,1,0,0,1,4,0,0,55,0,0,0,0,0,1,2,13
,2023-52104,39.76438183,-104.9866732,12/1/2023 15:48,15:48:00,11,0,1, BRIGHTON BLVD & 29TH ST,1,1,0,0,1,3,0,0,0,0,1,0,0,2,4,1,16
,2023-52110,39.68756224,-104.9919398,12/2/2023 23:10,23:10:00,3,0,2, SANTA FE DR & S IOWA AVE,1,3,0,0,1,1,0,0,55,0,0,0,0,2,2,2,3
,2023-52111,39.72533693,-104.9787708,12/4/2023 1:07,1:07:00,6,0,0,557  WASHINGTON ST & E 6TH AVE,1,3,0,0,1,4,0,0,30,0,0,0,0,0,4,2,12
,2023-52112,39.73344576,-104.9597955,12/2/2023 20:00,20:00:00,10,0,0, YORK ST & E 11TH AVE,1,2,0,0,1,1,0,0,25,0,0,0,0,0,4,2,3
,2023-52114,39.77162669,-104.9910409,12/1/2023 7:48,7:48:00,12,0,1,I-25 SB ON RAMP FROM -70 & SB ON RAMP MERGE PT,1,1,1,0,1,8,0,0,55,0,0,0,0,1,1,3,7
,2023-52115,39.67874322,-104.9338822,11/27/2023 5:59,5:59:00,5,0,0,I-25 OFF RAMP TO COLORADO BLVD & OFF RAMP GORE,1,3,0,0,3,8,0,0,45,0,0,0,0,0,1,2,1
,2023-52118,39.69852152,-104.9033676,11/19/2023 22:41,22:41:00,12,0,0, PARKER RD & S QUEBEC ST,1,3,0,0,1,3,0,0,40,0,0,0,0,0,2,2,16
,2023-52120,39.70012331,-104.9077813,12/4/2023 9:25,9:25:00,1,0,0,LEETSDALE DR & S ONEIDA ST,1,1,0,0,1,2,0,0,35,0,0,0,0,0,2,2,13
,2023-52121,39.71933244,-105.0300181,12/3/2023 8:16,8:16:00,6,0,0, IRVING ST & W 2ND AVE,11,1,0,2,1,4,0,0,20,0,0,0,0,0,4,2,16
,2023-52123,39.72228392,-105.0096386,12/4/2023 11:28,11:28:00,12,0,0,I-25 & W 6TH AVE,1,1,0,0,1,4,0,0,55,0,0,0,0,0,1,2,3
,2023-52124,39.67077264,-104.8660364,11/10/2023 12:41,12:41:00,1,0,1, PARKER RD & S HAVANA ST,1,1,0,0,1,1,0,0,45,0,0,0,0,2,2,2,14
,2023-52125,39.74321258,-104.9622363,12/1/2023 16:52,16:52:00,1,0,0, VINE ST & E 17TH AVE,1,4,0,0,1,1,0,0,25,0,0,0,0,0,4,2,8
,2023-52127,39.74756611,-105.0252229,12/3/2023 14:00,14:00:00,1,0,0, FEDERAL BLVD & W 20TH AVE,11,1,0,0,1,1,0,0,35,0,0,0,0,0,2,2,3
,2023-52130,39.75120414,-105.0252852,11/30/2023 14:05,14:05:00,3,0,1, FEDERAL BLVD & W 23RD AVE,1,1,0,0,1,3,0,0,30,0,0,0,0,2,2,2,13
,2023-52135,39.78009561,-104.9896996,12/1/2023 22:37,22:37:00,12,0,2,I-70 & I-25,1,3,0,0,1,4,0,0,55,0,0,0,0,3,1,3,16
,2023-52136,39.78845714,-104.8157531,11/25/2023 21:52,21:52:00,6,0,0,E 52ND AVE & N EAGLE ST,4,3,0,0,1,4,0,0,25,0,0,0,0,0,4,3,7
,2023-52137,39.78017568,-104.953691,12/1/2023 8:13,8:13:00,12,0,0,I-70 & N FILLMORE ST,1,1,0,0,1,4,0,0,55,0,0,0,0,0,1,2,1
,2023-52139,39.74041861,-105.0528669,12/1/2023 22:46,22:46:00,5,0,0,W COLFAX AVE & N SHERIDAN BLVD,1,3,0,0,6,4,0,0,35,0,0,0,0,0,2,1,16
,2023-52142,39.78309726,-105.0064246,12/1/2023 8:54,8:54:00,12,0,0,I-70 & N PECOS ST,1,1,1,0,1,8,0,0,55,0,0,0,0,0,1,2,16
,2023-52144,39.73671198,-104.9941228,12/3/2023 10:30,10:30:00,6,0,0, ELATI ST & W 13TH AVE,11,1,0,2,1,4,0,0,,0,0,0,0,0,4,2,16
,2023-52150,39.72106969,-105.0532734,12/4/2023 8:21,8:21:00,15,0,1, SHERIDAN BLVD & W 3RD AVE,1,1,0,0,1,4,0,0,35,0,0,0,0,1,2,2,2
,2023-52153,39.72558764,-105.0394551,12/2/2023 15:33,15:33:00,3,0,1,W 6TH AVE FRTG RD  & N PERRY ST,1,1,0,0,1,3,0,0,25,0,0,0,0,2,4,2,11
,2023-52154,39.71977849,-105.0068255,12/2/2023 14:05,14:05:00,12,0,0,I-25 & W 6TH AVE,1,1,0,0,1,4,0,0,55,0,0,0,0,0,1,2,3
,2023-52155,39.74328034,-104.9861268,12/4/2023 12:28,12:28:00,11,0,1,E 17TH AVE & N LINCOLN ST,1,1,1,0,1,1,0,0,30,0,1,0,0,2,4,1,11
,2023-52157,39.70106711,-104.9141134,12/4/2023 11:22,11:22:00,6,0,0, LOCUST ST & E OHIO AVE,1,1,3,0,1,4,0,0,25,0,0,0,0,0,4,2,10
,2023-52158,39.76434107,-105.0018485,12/2/2023 22:37,22:37:00,15,0,0,I-25 & SB OFF RAMP EXT TO 20TH ST,1,3,0,0,1,4,0,0,55,0,0,0,0,0,1,3,16
,2023-52159,39.73582622,-104.9798729,12/3/2023 11:49,11:49:00,12,0,0, PEARL ST & E 12TH AVE,11,1,0,0,1,1,0,0,25,0,0,0,0,0,4,2,11
,2023-52160,39.74021972,-104.8846469,12/3/2023 2:16,2:16:00,1,0,0, YOSEMITE ST & E COLFAX AVE,1,3,0,0,1,1,0,0,35,0,0,0,0,0,2,2,13
,2023-52161,39.75380758,-104.8905706,12/3/2023 1:36,1:36:00,3,0,0, CENTRAL PARK BLVD & E 25TH DR,1,4,0,0,1,1,0,0,,0,0,0,0,0,4,2,16
,2023-52163,39.78362816,-104.7714154,12/4/2023 13:54,13:54:00,1,0,1,E GREEN VALLEY RANCH BLVD & N TOWER RD,1,1,0,0,1,2,0,0,35,0,0,0,0,2,4,3,11
,2023-52164,39.78746931,-104.9894667,12/2/2023 19:13,19:13:00,15,0,0,I-25 & SB OFF RAMP TO I-70 MERGE PT,1,3,0,0,1,8,0,0,55,0,0,0,0,0,1,2,1
,2023-52166,39.67915108,-105.053268,12/3/2023 9:53,9:53:00,12,0,0, SHERIDAN BLVD & W EVANS AVE,7,1,0,0,1,3,0,0,35,0,0,0,0,0,2,2,1
,2023-52167,39.73858568,-104.9776154,11/22/2023 8:01,8:01:00,15,0,0,CLARKSON ST & E 14TH AVE,1,1,0,0,1,2,0,0,30,0,0,0,0,0,4,3,1
,2023-52168,39.72943375,-105.0151049,11/27/2023 16:07,16:07:00,12,0,0,I-25 & W 6TH AVE FWY,1,2,0,0,1,4,0,0,55,0,0,0,0,0,1,2,13
,2023-52169,39.78308553,-104.790493,11/4/2023 20:00,20:00:00,15,0,0,PENA BLVD & E GREEN VALLEY RANCH BLVD,1,3,0,0,1,4,0,0,55,0,0,0,0,0,4,2,13
,2023-52183,39.75260522,-105.0220731,12/1/2023 10:30,10:30:00,6,0,0, DECATUR ST & W 24TH AVE,1,1,0,0,1,4,0,0,25,0,0,0,0,0,4,2,16
,2023-52184,39.72906142,-104.9764117,12/2/2023 18:27,18:27:00,3,0,1, EMERSON ST & E 8TH AVE,1,4,0,0,1,1,0,0,20,0,0,0,0,1,4,2,11
,2023-52185,39.75482788,-105.02052,12/2/2023 18:56,18:56:00,3,0,0,W 26TH AVE & N CLAY ST,1,3,0,0,1,1,0,0,25,0,0,0,0,0,4,3,16
,2023-52186,39.72565604,-105.0532595,12/3/2023 22:31,22:31:00,15,0,0,W 6TH AVE SVC RD & N SHERIDAN BLVD,1,4,1,0,1,4,0,0,35,0,0,0,0,0,2,2,16
,2023-52189,39.74345864,-104.9591822,12/2/2023 12:00,12:00:00,3,0,0,E 17TH AVE & N JOSEPHINE ST,1,1,0,0,1,1,0,0,30,0,0,0,0,0,4,2,13
,2023-52190,39.79833867,-104.8747685,12/4/2023 7:25,7:25:00,15,0,0,E 56TH AVE & N DALLAS ST,1,1,0,0,1,4,0,0,35,0,0,0,0,0,4,2,16
,2023-52191,39.81979832,-104.7863151,10/8/2023 19:51,19:51:00,12,0,0,PENA BLVD & TOWER RD,1,3,0,0,1,4,0,0,65,0,0,0,0,0,4,2,13
,2023-52195,39.74324924,-104.9761521,12/1/2023 18:40,18:40:00,3,0,3, EMERSON ST & E 17TH AVE,1,3,0,0,1,1,0,0,30,0,0,0,0,2,4,2,8
,2023-52196,39.72326608,-104.903529,12/3/2023 11:28,11:28:00,12,0,1, QUEBEC ST & E 5TH AVE,1,1,0,0,1,1,0,0,,0,0,0,0,3,4,2,16
,2023-52197,39.69674513,-105.0297284,12/3/2023 17:14,17:14:00,3,0,0,W MISSISSIPPI AVE & S IRVING ST,2,3,0,0,1,1,0,0,20,0,0,0,0,0,4,2,13
,2023-52199,39.74828058,-104.9986317,12/2/2023 2:12,2:12:00,5,0,0,15TH ST & LARIMER ST,1,3,0,0,3,1,0,0,20,0,0,0,0,0,4,1,14
,2023-52203,39.79838313,-104.7721172,12/2/2023 18:56,18:56:00,1,0,1, TOWER RD & E 56TH AVE,1,3,0,0,1,1,0,0,45,0,0,0,0,2,4,2,11
,2023-52205,39.69279809,-104.9128897,12/3/2023 23:50,23:50:00,6,0,0, MONACO PKWY & E CHERRY CREEK N DR,1,3,0,0,1,4,0,0,35,0,0,0,0,0,4,2,2
,2023-52208,39.67473114,-104.8707746,12/3/2023 19:33,19:33:00,12,0,0, PARKER RD & E ILIFF AVE,1,3,0,0,1,3,0,0,40,0,0,0,0,0,2,2,13
,2023-52209,39.72931216,-105.020052,11/29/2023 7:45,7:45:00,11,0,1,W 8TH AVE & N CANOSA CT,1,1,0,0,1,4,0,0,0,0,1,0,0,1,4,1,16
,2023-52213,39.72923983,-104.9303601,12/3/2023 22:28,22:28:00,6,0,0,E 8TH AVE & N EUDORA ST,1,3,0,0,1,4,0,0,,0,0,0,0,0,4,2,16
,2023-52226,39.77287022,-104.9405104,12/2/2023 23:38,23:38:00,12,0,0, COLORADO BLVD & E 40TH AVE,1,3,0,0,1,1,0,0,35,0,0,0,0,0,2,2,14
,2023-52228,39.78237165,-104.8464282,11/23/2023 22:21,22:21:00,1,0,1,12100 E ALBROOK DR & N PEORIA ST,12,3,0,2,1,2,0,0,35,0,0,0,0,1,4,2,11
,2023-52229,39.79837588,-104.7863785,12/1/2023 2:05,2:05:00,5,0,0,PENA BLVD & E 56TH AVE,1,3,0,0,3,4,0,0,65,0,0,0,0,0,4,1,10
,2023-52230,39.78051171,-104.9529485,11/21/2023 9:23,9:23:00,15,0,0,I-70 & N FILLMORE ST,1,1,0,0,1,4,0,0,55,0,0,0,0,0,1,2,14
,2023-52235,39.66652724,-104.9248169,11/30/2023 23:20,23:20:00,12,0,1,I-25 & E YALE AVE,1,3,1,0,1,4,0,0,55,0,0,0,0,1,1,2,16
,2023-52238,39.68748163,-104.9405446,12/3/2023 21:08,21:08:00,12,0,1, COLORADO BLVD & E IOWA AVE,1,3,1,0,1,3,0,0,35,0,0,0,0,2,2,2,2
,2023-52240,39.74000831,-104.9874016,12/2/2023 7:07,7:07:00,11,0,1,E COLFAX AVE & N BROADWAY ST,1,1,0,0,1,1,0,0,30,0,0,1,0,2,2,1,16
,2023-52241,39.73369748,-104.9788152,12/2/2023 1:20,1:20:00,6,0,1,E 11TH AVE & N WASHINGTON ST,1,3,0,0,1,4,0,0,0,0,0,1,0,3,4,2,16
,2023-52250,39.71620199,-105.0024856,11/28/2023 18:19,18:19:00,12,0,3,I-25 & W ALAMEDA AVE,1,4,1,0,1,4,0,0,55,0,0,0,0,1,1,3,8
,2023-52256,39.76998598,-105.0393352,12/2/2023 0:39,0:39:00,6,0,0, PERRY ST & W 38TH AVE,1,4,0,0,1,12,0,0,25,0,0,0,0,0,4,2,16
,2023-52268,39.71430074,-105.0010918,11/30/2023 13:11,13:11:00,12,0,1,I-25 SB OFF RAMP TO W ALAMEDA AVE & OFF RAMP MERGE PT,1,1,0,0,1,8,0,0,40,0,0,0,0,1,1,3,16
,2023-52270,39.77032188,-105.0252334,12/2/2023 16:00,16:00:00,12,0,0, FEDERAL BLVD & W DENVER PL,1,2,0,0,1,3,0,0,35,0,0,0,0,0,2,3,16
,2023-52279,39.75094184,-104.9873883,11/30/2023 11:53,11:53:00,11,0,0, BROADWAY ST & CHAMPA ST,1,1,0,0,1,9,0,0,0,0,0,1,0,0,4,1,16
,2023-52280,39.74981556,-105.0001017,11/30/2023 23:37,23:37:00,6,0,0,BLAKE ST 1500  & 15TH ST,1,3,0,0,1,4,0,0,25,0,0,0,0,0,4,4,14
,2023-52282,39.71812362,-105.0048623,11/30/2023 6:58,6:58:00,12,0,0,I-25 & W 1ST AVE,1,1,0,0,1,4,0,0,55,0,0,0,0,0,1,2,1
,2023-52301,39.75320571,-104.990524,11/28/2023 15:00,15:00:00,11,0,1,LAWRENCE ST & 21ST ST,1,1,0,0,1,1,0,0,30,0,1,0,0,3,4,1,13
,2023-52315,39.75006247,-105.0369623,7/13/2023 12:29,12:29:00,6,0,0, NEWTON ST & W 22ND AVE,1,1,1,0,1,4,0,0,25,0,0,0,0,0,4,2,16
,2023-52316,39.62456305,-105.0912695,7/24/2023 16:18,16:18:00,15,0,0, WADSWORTH WY & W BELLEVIEW AVE,1,1,0,0,1,4,0,0,45,0,0,0,0,0,2,2,1
,2023-52317,39.73797742,-104.9647699,9/7/2023 14:00,14:00:00,3,0,0, HIGH ST & E 14TH AVE,1,1,0,0,1,2,0,0,35,0,0,0,0,0,4,2,16
,2023-52319,39.68931642,-104.9965981,11/5/2023 10:10,10:10:00,15,0,0, PLATTE RIVER DR & W FLORIDA AVE,1,1,0,0,1,1,0,0,30,0,0,0,0,0,4,2,7
,2023-52324,39.67222224,-105.0532609,12/5/2023 16:21,16:21:00,12,0,0, SHERIDAN BLVD & W LAKERIDGE RD,1,1,1,7,1,3,0,0,40,0,0,0,0,0,2,2,1
,2023-52325,39.77179439,-104.9066421,9/6/2023 10:09,10:09:00,6,0,0, OLIVE ST & 39TH AVE,1,1,0,0,1,4,0,0,25,0,0,0,0,0,4,3,13
,2023-52328,39.75362953,-105.0299578,12/5/2023 17:17,17:17:00,3,0,0,W 25TH AVE & N IRVING ST,1,3,1,0,1,1,0,0,20,0,0,0,0,0,4,2,13
,2023-52329,39.78363973,-104.7861754,11/5/2023 21:50,21:50:00,15,0,0,E GREEN VALLEY RANCH BLVD & N SALIDA ST,1,3,0,0,1,4,0,0,,0,0,0,0,0,4,2,16
,2023-52330,39.66757465,-104.9257838,12/5/2023 10:55,10:55:00,12,0,1,I-25 & E YALE AVE,1,1,0,0,1,4,0,0,60,0,0,0,0,1,1,2,3
,2023-52332,39.77011685,-104.9920441,12/5/2023 11:30,11:30:00,12,0,0,I-25 & PARK AVE W,1,1,0,0,1,4,0,0,55,0,0,0,0,0,1,2,16
,2023-52336,39.77854061,-104.9213701,11/29/2023 17:22,17:22:00,12,0,0,I-70 & N HOLLY ST,1,1,0,0,1,4,0,0,,0,0,0,0,0,1,3,16
,2023-52337,39.72026141,-105.0250543,11/24/2023 4:56,4:56:00,12,0,0, FEDERAL BLVD & W 2ND AVE,9,2,0,2,1,3,0,0,40,0,0,0,0,0,2,2,10
,2023-52339,39.77542996,-104.8214832,12/5/2023 7:41,7:41:00,12,0,0,E ANDREWS DR & N DEARBORN ST,1,1,0,0,1,4,0,0,20,0,0,0,0,0,4,2,11
,2023-52340,39.68469225,-104.9569777,12/5/2023 14:50,14:50:00,12,0,0,I-25 & S UNIVERSITY BLVD,1,1,0,0,1,4,0,0,55,0,0,0,0,0,1,3,13
,2023-52341,39.77851368,-104.9006298,11/21/2023 9:53,9:53:00,12,0,0,I-70 & N NORTHFIELD QUEBEC ST,1,1,0,0,1,4,0,0,55,0,0,0,0,0,1,3,13
,2023-52342,39.71779997,-104.9425408,12/4/2023 14:30,14:30:00,3,0,0, JACKSON ST & E 1ST AVE,1,1,0,0,1,1,0,0,25,0,0,0,0,0,4,2,3
,2023-52344,39.74377492,-104.9122269,11/9/2023 1:00,1:00:00,5,0,0,E 17TH AVE & 1688 N MONACO PKWY,1,4,0,0,3,1,0,0,35,0,0,0,0,0,4,1,16
,2023-52345,39.7761828,-104.8827458,12/5/2023 6:02,6:02:00,1,0,1, CENTRAL PARK BLVD & I-70 EB RAMPS,1,3,0,0,1,1,0,0,,0,0,0,0,2,4,2,11
,2023-52349,39.69854943,-105.0203537,12/5/2023 7:47,7:47:00,3,0,0,W TENNESSEE AVE & S CLAY ST,1,1,0,0,1,1,0,0,25,0,0,0,0,0,4,2,3
,2023-52357,39.7364277,-104.9971143,11/15/2023 10:42,10:42:00,6,0,0, GALAPAGO ST & W 13TH AVE,1,1,0,0,1,4,0,0,25,0,0,0,0,0,4,2,16
,2023-52359,39.73101949,-104.9406228,12/2/2023 12:20,12:20:00,1,0,0, COLORADO BLVD & E 9TH AVE,1,1,0,0,1,1,0,0,35,0,0,0,0,0,2,2,13
,2023-52360,39.69840893,-104.9827709,12/4/2023 17:00,17:00:00,3,0,0,E TENNESSEE AVE & S LOGAN ST,1,1,0,0,1,1,0,0,25,0,0,0,0,0,4,2,3
,2023-52365,39.70223581,-105.0275291,12/4/2023 13:05,13:05:00,5,0,0, HAZEL CT & W OHIO AVE,1,1,0,0,1,4,0,0,25,0,0,0,0,0,4,1,1
,2023-52366,39.65175715,-104.9175537,11/17/2023 17:00,17:00:00,12,0,0,I-25 & E HAMPDEN AVE,1,3,0,0,1,4,0,0,55,0,0,0,0,0,1,2,13
,2023-52368,39.72920715,-104.9124379,12/5/2023 14:30,14:30:00,15,0,0, MONACO ST & E 8TH AVE,1,1,0,0,1,4,0,0,30,0,0,0,0,0,4,2,13
,2023-52369,39.68947096,-105.0286038,12/5/2023 15:36,15:36:00,12,0,0,W FLORIDA AVE & S IRVING ST,1,1,0,0,1,4,0,0,30,0,0,0,0,0,4,2,3
,2023-52370,39.72567236,-104.9928347,12/5/2023 12:44,12:44:00,12,0,0,W 6TH AVE & N DELAWARE ST,1,1,0,0,1,1,0,0,35,0,0,0,0,0,4,3,3
,2023-52377,39.69854984,-104.9034404,12/5/2023 7:23,7:23:00,11,0,1, PARKER RD & S QUEBEC ST,1,1,1,1,1,1,0,0,35,0,1,0,0,1,2,1,11
,2023-52380,39.75494915,-104.9952054,11/19/2023 1:36,1:36:00,3,0,0,WAZEE ST & 20TH ST,1,3,1,0,1,1,0,0,25,0,0,0,0,0,4,2,1
,2023-52384,39.72873097,-105.0268134,12/5/2023 7:43,7:43:00,12,0,0,W 6TH AVE & N FEDERAL BLVD,1,1,0,0,1,4,0,0,55,0,0,0,0,0,2,2,16
,2023-52385,39.79838492,-104.7863906,10/27/2023 16:49,16:49:00,1,0,2,E 56TH AVE & PENA BLVD INBOUND,1,1,0,0,1,1,0,0,40,0,0,0,0,3,4,2,16
,2023-52386,39.72185314,-105.0532712,11/11/2023 21:42,21:42:00,8,0,0, SHERIDAN BLVD & W 2ND AVE,1,3,0,0,6,4,0,0,35,0,0,0,0,0,2,2,1
,2023-52387,39.7482828,-105.0003232,11/12/2023 1:39,1:39:00,6,0,0,MARKET ST & 14TH ST,1,3,0,0,1,4,0,0,25,0,0,0,0,0,4,4,1
,2023-52390,39.75203594,-104.9733634,12/5/2023 8:52,8:52:00,6,0,0, DOWNING ST & E 24TH AVE,1,1,0,0,1,4,0,0,25,0,0,0,0,0,4,4,7
,2023-52391,39.77390141,-104.843666,12/5/2023 6:16,6:16:00,15,0,0,I-70 & N PEORIA ST,1,2,0,0,1,8,0,0,55,0,0,0,0,0,1,2,11
,2023-52395,39.7925456,-104.7731938,11/7/2023 15:41,15:41:00,11,0,1,E ELMENDORF DR & N TOWER RD,1,1,0,0,1,4,0,0,,0,1,0,0,3,4,1,16
,2023-52397,39.76565577,-104.9405112,11/16/2023 19:30,19:30:00,1,0,0,E 35TH AVE & N COLORADO BLVD,1,3,3,0,1,1,0,0,35,0,0,0,0,0,2,3,14
,2023-52398,39.74909621,-105.0177685,12/5/2023 12:45,12:45:00,12,0,0,I-25 & N SPEER BLVD,1,1,1,0,1,4,0,0,55,0,0,0,0,0,1,2,10
,2023-52399,39.77466712,-104.8509584,12/5/2023 14:32,14:32:00,12,0,0,I-70 WB ON RAMP FROM  PEORIA ST & WB ON RAMP MERGE PT,1,1,1,0,1,8,0,0,55,0,0,0,0,0,1,2,10
,2023-52401,39.75575843,-104.973361,11/24/2023 12:03,12:03:00,6,0,0, DOWNING ST & E 27TH AVE,11,1,0,0,1,4,0,0,30,0,0,0,0,0,4,2,16
,2023-52402,39.75236794,-104.9845792,11/11/2023 1:50,1:50:00,12,0,1,PARK AVE W & STOUT ST,1,3,0,0,1,3,0,0,35,0,0,0,0,2,4,2,16
,2023-52404,39.7147209,-104.9748046,11/13/2023 1:27,1:27:00,6,0,0,E BAYAUD AVE & S CORONA ST,1,3,0,0,1,4,0,0,20,0,0,0,0,0,4,4,16
,2023-52405,39.77467699,-104.8507751,12/5/2023 6:28,6:28:00,12,0,0,I-70 WB ON RAMP FROM  PEORIA ST & WB ON RAMP MERGE PT,1,2,0,0,1,8,0,0,45,0,0,0,0,0,1,3,1
,2023-52409,39.75817371,-104.9417902,12/5/2023 18:47,18:47:00,5,0,0,E 29TH AVE & N RICHARD ALLEN CT,1,3,0,0,3,4,0,0,25,0,0,0,0,1,4,1,10
,2023-52410,39.73262837,-105.015827,12/4/2023 17:10,17:10:00,12,0,1,I-25 & W 8TH AVE,1,1,0,0,1,4,0,0,55,0,0,0,0,1,1,3,13
,2023-52411,39.74976341,-104.9199311,11/19/2023 7:15,7:15:00,6,0,0,2200  IVY ST & E 22ND AVE,1,1,0,0,1,4,0,0,25,0,0,0,0,0,4,2,2
,2023-52412,39.82547824,-104.7718878,11/6/2023 13:15,13:15:00,10,0,1,E 71ST AVE & N TOWER RD,1,1,0,0,1,3,0,0,35,0,0,0,0,2,4,2,16
,2023-52413,39.73369799,-105.0001582,12/5/2023 7:15,7:15:00,3,0,0, KALAMATH ST & W 11TH AVE,1,1,0,0,1,1,0,0,20,0,0,0,0,0,4,2,1
,2023-52415,39.74166686,-104.9823318,11/19/2023 1:52,1:52:00,6,0,0, LOGAN ST & E 16TH AVE,1,3,0,0,1,4,0,0,25,0,0,0,0,0,4,2,16
,2023-52416,39.83340667,-104.7718786,12/4/2023 5:50,5:50:00,10,0,0, TOWER RD & PENA BLVD,1,3,0,0,1,1,0,0,45,0,0,0,0,0,4,2,1
,2023-52417,39.80737136,-104.7721185,11/18/2023 3:05,3:05:00,3,0,0, TOWER RD & E 61ST AVE,1,3,0,0,1,1,0,0,45,0,0,0,0,0,4,2,16
,2023-52419,39.74754753,-104.9873999,12/5/2023 9:05,9:05:00,15,0,0,BROADWAY & E 19TH AVE,1,1,0,0,1,4,0,0,,0,0,0,0,0,4,2,11
,2023-52428,39.67736495,-105.0301972,12/3/2023 11:10,11:10:00,6,0,2,W WARREN AVE & S IRVING ST,9,1,0,0,1,4,0,0,20,0,0,0,0,2,4,2,16
,2023-52435,39.79843345,-104.7413642,12/5/2023 12:13,12:13:00,3,0,2, NEPAL ST & E 56TH AVE,1,1,0,0,1,1,0,0,25,0,0,0,0,2,4,2,11
,2023-52436,39.77487058,-105.0264619,11/9/2023 18:30,18:30:00,6,0,0, GREEN CT & W 42ND AVE,1,2,0,0,1,4,0,0,25,0,0,0,0,0,4,2,16
,2023-52437,39.74014097,-104.9450872,12/5/2023 16:31,16:31:00,3,0,0,E COLFAX AVE & N MONROE ST,1,3,0,0,1,1,0,0,25,0,0,0,0,0,2,2,13
,2023-52438,39.74996109,-104.9199314,11/19/2023 9:40,9:40:00,6,0,0, IVY ST & E 22ND AVE,1,1,0,0,1,4,0,0,25,0,0,0,0,0,4,2,9
,2023-52439,39.74945838,-104.9622223,12/4/2023 15:23,15:23:00,3,0,0, VINE ST & E 22ND AVE,1,1,0,0,1,1,0,0,25,0,0,0,0,0,4,2,11
,2023-52441,39.77988719,-104.9895634,11/15/2023 6:50,6:50:00,12,0,0,I-25 & I-70,1,1,1,0,1,4,0,0,55,0,0,0,0,0,1,2,16