id,drcog_id,latitude,longitude,crashtime,time,crashtype,numbkilled,numbinjurd,drcoglocat,rdconditin,lightngcon,roadcntgrd,weatherco,location,roaddescrp,schoolzone,constrzone,splimit,bikeinv,pedinv,sctrinv,motoinv,svrty,rdsystem,ttlvehcls,hcf
,2023-52443,39.74654033,-105.0076125,12/5/2023 10:58,10:58:00,1,0,1,AURARIA PKWY & 9TH ST,1,1,0,0,1,1,0,0,35,0,0,0,0,1,4,2,3
,2023-52444,39.76925133,-105.0005884,11/26/2023 3:19,3:19:00,6,0,0, KALAMATH ST & W 38TH AVE,1,3,0,0,1,4,0,1,35,0,0,0,0,0,4,2,16
,2023-52458,39.67328102,-105.0250548,11/17/2023 18:05,18:05:00,5,0,1, FEDERAL BLVD & W HARVARD AVE,1,3,0,0,3,4,0,0,40,0,1,0,0,2,2,1,1
,2023-52469,39.79008705,-104.8470972,9/23/2023 22:25,22:25:00,8,0,1, PEORIA ST & E 51ST AVE,1,3,0,0,1,4,0,0,40,0,0,0,0,2,4,2,16
,2023-52483,39.75030764,-105.0170013,12/5/2023 11:54,11:54:00,12,0,0,I-25 & W 23RD AVE,1,1,0,0,1,4,0,0,55,0,0,0,0,0,1,4,13
,2023-52495,39.67937578,-104.9341557,12/5/2023 10:25,10:25:00,12,0,1,I-25 ON RAMP & E EVANS AVE,1,1,0,0,1,8,0,0,45,0,0,0,0,1,4,3,11
,2023-52507,39.73385633,-104.9873807,12/4/2023 19:23,19:23:00,6,0,1,E 11TH AVE & BROADWAY,1,3,0,0,1,4,0,0,20,0,0,0,0,2,4,3,14
,2023-52515,39.78314866,-105.0070097,12/5/2023 8:43,8:43:00,12,0,0,I-70 & N PECOS ST,1,1,1,0,1,4,0,0,55,0,0,0,0,0,1,2,13
,2023-52517,39.78623408,-104.8470471,12/4/2023 19:29,19:29:00,12,0,0, PEORIA ST & E ANDREWS DR,1,3,0,0,1,4,0,0,35,0,0,0,0,0,4,2,14
,2023-52547,39.6581477,-105.0461173,12/2/2023 15:12,15:12:00,11,0,0,W DARTMOUTH AVE & S VRAIN ST,1,1,0,0,1,1,0,0,25,0,0,1,0,0,4,1,16
,2023-52553,39.69300721,-104.9792679,11/18/2023 23:13,23:13:00,3,0,1, WASHINGTON ST & E LOUISIANA AVE,1,3,0,0,1,1,0,0,25,0,0,0,0,3,4,2,16
,2023-52577,39.70066939,-104.909429,10/15/2023 3:00,3:00:00,2,0,1,6767 LEETSDALE DR & S NIAGARA ST,1,3,1,0,1,4,0,0,,1,0,0,0,3,2,1,16
,2023-52601,39.7740557,-104.8476127,12/6/2023 13:48,13:48:00,15,0,0,I-70 & N PEORIA ST,1,1,0,0,1,4,0,0,55,0,0,0,0,0,1,2,7
,2023-52607,39.72498408,-104.9406297,11/10/2023 7:57,7:57:00,15,0,0,E 6TH AVE & N COLORADO BLVD,1,1,0,0,1,4,0,0,35,0,0,0,0,0,4,2,16
,2023-52612,39.76034163,-105.0253761,10/27/2023 12:15,12:15:00,12,0,0, SPEER BLVD & N FEDERAL BLVD,1,1,0,0,1,4,0,0,35,0,0,0,0,0,4,3,16
,2023-52613,39.72412854,-104.9594664,12/5/2023 10:05,10:05:00,3,0,0,E 5TH AVE & N UNIVERSITY BLVD,1,1,0,0,1,1,0,0,25,0,0,0,0,0,4,2,3
,2023-52617,39.75416369,-105.0062867,11/12/2023 0:00,0:00:00,5,0,0,15TH ST & LITTLE RAVEN ST,1,3,1,0,6,4,0,0,,0,0,0,0,0,4,1,16
,2023-52621,39.75490016,-105.0130447,12/5/2023 15:21,15:21:00,12,0,2,I-25 & N SPEER BLVD,1,2,0,0,1,4,0,0,55,0,0,0,0,1,1,2,2
,2023-52622,39.77082891,-104.8865314,12/5/2023 17:58,17:58:00,5,0,2, CENTRAL PARK BLVD & E 36TH AVE,1,2,1,0,3,4,0,0,30,0,0,0,0,1,4,2,14
,2023-52625,39.78054826,-104.9633234,12/4/2023 13:15,13:15:00,15,0,0,I-70 WB OFF RAMP TO  BRIGHTON BLVD & WB OFF RAMP MERGE PT,1,1,0,0,1,8,0,0,45,0,0,0,0,0,1,2,11
,2023-52626,39.74782919,-105.0015465,12/6/2023 8:25,8:25:00,15,0,0,MARKET ST & 14TH ST,1,1,0,0,1,1,0,0,30,0,0,0,0,0,4,2,11
,2023-52627,39.74746842,-104.8846757,11/22/2023 12:53,12:53:00,15,0,0,E MONTVIEW BLVD & N CENTRAL PARK BLVD,1,1,3,0,1,1,0,0,,0,0,0,0,0,4,2,16
,2023-52628,39.74027423,-105.0289936,12/3/2023 14:09,14:09:00,5,0,0,W COLFAX AVE & N IRVING ST,1,1,1,0,6,4,0,0,35,0,0,0,0,0,2,1,16
,2023-52629,39.70385895,-104.9145835,12/5/2023 16:00,16:00:00,12,0,0,LEETSDALE DR & E EXPOSITION AVE,1,1,0,0,1,1,0,0,35,0,0,0,0,0,2,3,3
,2023-52630,39.69674739,-105.0249135,12/6/2023 7:28,7:28:00,12,0,3,W MISSISSIPPI AVE & S FEDERAL BLVD,1,1,0,0,1,3,0,0,30,0,0,0,0,1,2,2,3
,2023-52631,39.72097051,-105.0081023,12/6/2023 14:59,14:59:00,12,0,0,I-25 & W 6TH AVE,1,1,0,0,1,4,0,0,55,0,0,0,0,0,1,2,13
,2023-52632,39.76016651,-104.9187591,11/1/2023 5:00,5:00:00,6,0,0, JASMINE ST & E 30TH AVE,1,1,0,0,1,1,0,0,,0,0,0,0,0,4,3,16
,2023-52633,39.7632392,-104.9597545,11/14/2023 19:04,19:04:00,3,0,0, YORK ST & E 33RD AVE,1,3,0,0,1,1,0,0,20,0,0,0,0,1,4,2,16
,2023-52635,39.660281,-104.8607597,12/6/2023 15:00,15:00:00,3,0,1,10890 E DARTMOUTH AVE & KENTON ST,1,1,0,0,1,2,0,0,,0,0,0,0,3,4,2,16
,2023-52636,39.74000797,-104.9872274,11/16/2023 12:15,12:15:00,12,0,0,W COLFAX AVE & BROADWAY,1,1,0,0,1,4,0,0,25,0,0,0,0,0,2,2,16
,2023-52637,39.79104133,-104.9852001,12/4/2023 16:00,16:00:00,6,0,0, SHERMAN ST & W 52ND AVE,1,1,0,0,1,4,0,0,25,0,0,0,0,0,4,2,13
,2023-52639,39.7474139,-104.9258143,12/6/2023 17:54,17:54:00,3,0,0,EB MONTVIEW BLVD & N GLENCOE ST,1,3,0,0,1,1,0,0,25,0,0,0,0,0,4,2,16
,2023-52641,39.79824004,-104.8472277,12/6/2023 15:44,15:44:00,12,0,0,E 56TH AVE & N PEORIA ST,1,1,0,0,1,3,0,0,40,0,0,0,0,0,4,2,10
,2023-52642,39.75828391,-104.9405254,12/6/2023 12:14,12:14:00,3,0,3, COLORADO BLVD & E 29TH AVE,1,1,0,0,1,3,0,0,35,0,0,0,0,1,2,3,8
,2023-52644,39.73869397,-104.8905534,11/18/2023 7:23,7:23:00,3,0,0, VERBENA ST & E 14TH AVE,1,2,0,0,1,1,0,0,25,0,0,0,0,0,4,2,13
,2023-52645,39.69823024,-104.9839341,12/5/2023 15:17,15:17:00,12,0,0,I-25 & S LOGAN ST,1,1,1,0,1,4,0,0,60,0,0,0,0,0,1,2,13
,2023-52646,39.74028685,-104.905795,11/11/2023 16:45,16:45:00,6,0,0, PONTIAC ST & E COLFAX AVE,1,1,0,0,1,4,0,0,,0,0,0,0,0,4,2,16
,2023-52647,39.78314653,-105.0069866,12/5/2023 8:52,8:52:00,12,0,0,I-70 & N PECOS ST,1,1,1,0,1,4,0,0,55,0,0,0,0,0,1,2,16
,2023-52648,39.76762527,-104.8996514,12/6/2023 11:55,11:55:00,12,0,0, SYRACUSE ST & E 36TH AVE,1,1,0,0,1,4,0,0,25,0,0,0,0,0,4,4,1
,2023-52649,39.73867241,-105.0028198,11/29/2023 11:57,11:57:00,6,0,0, MARIPOSA ST & W 14TH AVE,1,1,0,0,1,4,0,0,25,0,0,0,0,0,4,2,13
,2023-52650,39.74045257,-104.9690696,11/9/2023 8:25,8:25:00,12,0,0,PARK AVE & E COLFAX AVE,1,1,0,0,1,4,0,0,30,0,0,0,0,0,4,2,16
,2023-52651,39.67864614,-105.0243986,11/5/2023 11:45,11:45:00,12,0,0,W EVANS AVE & S FEDERAL BLVD,1,1,0,0,1,4,0,0,30,0,0,0,0,0,4,2,16
,2023-52655,39.67142145,-105.0532601,12/6/2023 9:01,9:01:00,12,0,0, SHERIDAN BLVD & W LAKERIDGE RD,1,1,1,0,1,1,0,0,40,0,0,0,0,0,2,3,3
,2023-52657,39.71024213,-105.005553,11/22/2023 6:00,6:00:00,6,0,0,W NEVADA PL & S PECOS ST,1,3,0,0,1,4,0,0,25,0,0,0,0,0,4,2,1
,2023-52658,39.81823802,-104.7720202,12/6/2023 10:05,10:05:00,3,0,0, TOWER RD & E 67TH AVE,1,1,0,0,1,1,0,0,45,0,0,0,0,0,4,2,10
,2023-52661,39.7657583,-104.9683339,12/2/2023 10:35,10:35:00,6,0,0,3500 N  FRANKLIN ST,1,1,0,0,1,4,0,0,25,0,0,0,0,1,4,4,1
,2023-52662,39.65301215,-104.9406964,11/18/2023 16:15,16:15:00,15,0,0,E HAMPDEN AVE & S COLORADO BLVD,1,3,0,0,1,1,0,0,35,0,0,0,0,0,2,2,13
,2023-52664,39.65308002,-104.8918809,11/10/2023 23:50,23:50:00,5,0,0,8405 E HAMPDEN AVE & S VERBENA ST,1,3,0,0,2,1,0,0,,0,0,0,0,0,2,1,16
,2023-52665,39.74198755,-104.8846637,11/20/2023 22:58,22:58:00,3,0,0,E 16TH AVE & N YOSEMITE ST,1,3,0,0,1,1,0,0,30,0,0,0,0,0,4,2,16
,2023-52666,39.74483513,-104.9735652,12/6/2023 8:46,8:46:00,15,0,0,E 18TH AVE & N DOWNING ST,1,1,0,0,1,4,0,0,35,0,0,0,0,0,4,2,13
,2023-52667,39.74060906,-104.9886638,11/19/2023 3:09,3:09:00,5,0,0,W COLFAX AVE & 15TH ST,1,3,0,0,6,4,0,0,30,0,0,0,0,0,2,1,1
,2023-52670,39.76338062,-105.0284937,11/28/2023 0:00,0:00:00,6,0,0,3220 W FAIRVIEW PL ALLEY & N GROVE ST,1,3,0,0,1,9,0,0,,0,0,0,0,0,4,2,16
,2023-52671,39.78016446,-105.0017116,12/4/2023 13:30,13:30:00,6,0,0,W 46TH AVE & N LIPAN ST,1,1,0,0,1,4,0,0,30,0,0,0,0,0,4,2,3
,2023-52675,39.75682391,-105.0107197,12/2/2023 20:52,20:52:00,12,0,0,I-25 & N SPEER BLVD,1,3,0,0,1,4,0,0,55,0,0,0,0,0,1,2,13
,2023-52676,39.74258874,-104.9124373,11/20/2023 15:34,15:34:00,12,0,1, MONACO ST & E BATAVIA PL,1,1,0,0,1,1,0,0,35,0,0,0,0,2,4,3,1
,2023-52678,39.74846118,-105.0033455,11/1/2023 10:30,10:30:00,12,0,0,AURARIA PKWY & N SPEER BLVD,1,3,0,0,1,1,0,0,,0,0,0,0,0,4,2,16
,2023-52679,39.72651626,-105.0139677,11/20/2023 15:19,15:19:00,15,0,0,I-25 & W 6TH AVE,1,1,0,0,1,4,0,0,,0,0,0,0,0,1,2,16
,2023-52680,39.74592578,-104.9979642,11/5/2023 14:30,14:30:00,16,0,0,1111 14TH ST & ARAPAHOE,1,1,0,0,5,2,0,0,,0,0,0,0,0,3,1,16
,2023-52684,39.68491044,-104.9594473,11/15/2023 16:40,16:40:00,15,0,0,I-25 & S UNIVERSITY BLVD,1,1,0,0,1,4,0,0,60,0,0,0,0,0,1,2,16
,2023-52686,39.68228019,-105.0250196,12/6/2023 11:16,11:16:00,12,0,0, FEDERAL BLVD & W JEWELL AVE,1,1,0,0,1,3,0,0,35,0,0,0,0,0,2,2,13
,2023-52689,39.7640888,-105.0024308,11/10/2023 19:22,19:22:00,8,0,0,3300  KALAMATH ST,1,3,0,0,1,4,0,0,35,0,0,0,0,1,4,2,16
,2023-52690,39.78363212,-104.7811677,12/5/2023 13:46,13:46:00,12,0,0,E GREEN VALLEY RANCH BLVD & N TELLURIDE ST,1,1,0,0,1,4,0,0,35,0,0,0,0,1,4,2,1
,2023-52691,39.71104597,-105.0532595,11/16/2023 21:25,21:25:00,15,0,0, SHERIDAN BLVD & W ALAMEDA AVE,1,3,0,0,1,4,0,0,45,0,0,0,0,0,2,2,16
,2023-52692,39.76001333,-104.8904864,12/4/2023 17:02,17:02:00,15,0,0,E MLK JR BLVD & N CENTRAL PARK BLVD,1,3,0,0,1,3,0,0,30,0,0,0,0,0,4,2,8
,2023-52711,39.71473599,-104.9780609,11/29/2023 23:55,23:55:00,6,0,0,E BAYAUD AVE 700  & S CLARKSON ST,1,3,0,0,1,4,0,0,25,0,0,0,0,0,4,2,16
,2023-52712,39.70815409,-104.9269618,12/4/2023 13:40,13:40:00,15,0,0,LEETSDALE DR & S FOREST ST,1,1,0,0,1,1,0,0,0,0,0,1,0,0,2,1,16
,2023-52713,39.78098833,-104.8827975,12/1/2023 1:19,1:19:00,5,0,0, CENTRAL PARK BLVD & E 46TH AVE,1,3,0,0,3,4,0,0,40,0,0,0,0,0,4,1,16
,2023-52716,39.76562515,-105.0174215,12/6/2023 16:55,16:55:00,3,0,1, ALCOTT ST & W 35TH AVE,1,4,0,0,1,1,0,0,25,0,0,0,0,2,4,2,3
,2023-52717,39.78020467,-104.9503332,12/5/2023 16:13,16:13:00,12,0,0,I-70 & N STEELE ST,1,1,0,0,1,4,0,0,,0,0,0,0,0,1,2,16
,2023-52718,39.77986097,-104.9677048,11/18/2023 7:48,7:48:00,15,0,0,I-70 & N BRIGHTON BLVD,1,1,1,0,1,4,0,0,,0,0,0,0,0,1,2,13
,2023-52719,39.77666659,-104.8827711,11/20/2023 5:37,5:37:00,12,0,1, CENTRAL PARK BLVD & I-70 WB OFF RAMP,1,2,0,0,1,3,0,0,35,0,0,0,0,3,4,2,13
,2023-52721,39.65315798,-104.9153482,12/5/2023 10:45,10:45:00,12,0,0,E HAMPDEN AVE & S LOCUST ST,1,1,0,0,1,1,0,0,,0,0,0,0,0,2,2,16
,2023-52722,39.78326987,-104.9783148,10/31/2023 13:15,13:15:00,12,0,0, WASHINGTON ST & E 48TH AVE,1,1,0,0,1,1,0,0,30,0,0,0,0,0,4,2,16
,2023-52723,39.76031949,-105.0433779,12/6/2023 9:50,9:50:00,6,0,0,W 30TH AVE & N STUART ST,1,1,0,0,1,4,0,0,20,0,0,0,0,0,4,2,3
,2023-52726,39.70606526,-104.9407892,11/25/2023 1:23,1:23:00,3,0,0, COLORADO BLVD & E CHERRY CREEK S DR,9,3,0,2,1,1,0,0,35,0,0,0,0,0,2,2,1
,2023-52728,39.71474549,-104.9826941,12/5/2023 17:30,17:30:00,1,0,0, LOGAN ST & E BAYAUD AVE,1,2,0,0,1,1,0,0,30,0,0,0,0,0,4,2,13
,2023-52743,39.74657878,-105.0046697,11/16/2023 12:23,12:23:00,5,0,0,11TH ST & WALNUT ST,1,1,0,0,3,1,0,0,25,0,0,0,0,0,4,1,8
,2023-52756,39.6520979,-104.8848015,11/2/2023 9:16,9:16:00,12,0,0, YOSEMITE ST & E HAMPDEN AVE,1,1,1,0,1,4,0,0,35,0,0,0,0,0,4,2,1
,2023-52758,39.66234037,-104.9294916,12/5/2023 14:45,14:45:00,6,0,0, ELM ST & PLUM PL,1,1,0,0,1,4,0,0,25,0,0,0,0,0,4,2,3
,2023-52759,39.77073282,-104.9923579,12/2/2023 0:13,0:13:00,12,0,0,I-25 & SB ON RAMP MERGE PT FROM I-70,1,3,0,0,1,8,0,0,55,0,0,0,0,0,1,2,1
,2023-52761,39.68838303,-104.9851373,11/7/2023 16:10,16:10:00,11,0,1, SHERMAN ST & E IOWA AVE,1,1,0,0,1,4,0,0,25,0,1,0,0,3,4,1,13
,2023-52772,39.72628277,-105.0542205,12/6/2023 17:43,17:43:00,3,0,2,W 6TH AVE FRTG RD & N SHERIDAN BLVD,1,3,0,0,1,1,0,0,40,0,0,0,0,2,2,2,8
,2023-52776,39.74001306,-104.969868,11/5/2023 1:03,1:03:00,15,0,0,E COLFAX AVE & N HUMBOLDT ST,1,3,0,0,1,3,0,0,,0,0,0,0,0,2,3,16
,2023-52779,39.75840302,-105.0142497,11/25/2023 14:28,14:28:00,6,0,0,W 29TH AVE & N WYANDOT ST,11,1,0,0,1,4,0,0,30,0,0,0,0,0,4,2,3
,2023-52780,39.72932221,-105.0150656,11/28/2023 18:00,18:00:00,15,0,0,I-25 & W 8TH AVE,1,2,0,0,1,4,0,0,,0,0,0,0,0,1,2,16
,2023-52794,39.75613592,-104.9797772,12/2/2023 0:54,0:54:00,11,0,2,STOUT ST & 27TH ST,1,3,0,0,1,1,0,0,25,0,0,1,0,1,4,1,16
,2023-52803,39.78363784,-104.7904896,12/6/2023 6:22,6:22:00,1,0,0,E GREEN VALLEY RANCH BLVD & PENA BLVD,1,2,0,0,1,1,0,0,35,0,0,0,0,0,4,2,1
,2023-52804,39.67493885,-104.9734761,12/1/2023 3:36,3:36:00,5,0,0, DOWNING ST & E ILIFF AVE,1,3,0,0,2,3,0,0,25,0,0,0,0,0,4,1,1
,2023-52809,39.71803031,-104.9522869,11/19/2023 15:51,15:51:00,12,0,0,E 1ST AVE & N MILWAUKEE ST,1,1,0,0,1,4,0,0,,0,0,0,0,0,4,2,16
,2023-52813,39.74003132,-104.9824427,11/18/2023 23:40,23:40:00,15,0,0,E COLFAX AVE & N LOGAN ST,1,3,0,0,1,4,0,0,35,0,0,0,0,0,2,3,11
,2023-52815,39.72730211,-105.0001916,12/4/2023 6:30,6:30:00,15,0,0, KALAMATH ST & W 7TH AVE,1,3,0,0,1,3,0,0,30,0,0,0,0,0,4,2,11
,2023-52872,39.68953087,-104.9966779,12/8/2023 8:53,8:53:00,15,0,1, PLATTE RIVER DR & W FLORIDA AVE,1,1,0,0,1,3,0,0,30,0,0,0,0,1,4,2,13
,2023-52874,39.76201076,-105.0252188,12/8/2023 10:19,10:19:00,3,0,1, FEDERAL BLVD & W 32ND AVE,1,1,0,0,1,1,0,0,35,0,0,0,0,1,2,3,13
,2023-52875,39.7573642,-104.9886265,12/7/2023 17:53,17:53:00,12,0,0,WALNUT ST & 24TH ST,1,3,0,0,1,1,0,0,25,0,0,0,0,0,4,2,8
,2023-52876,39.75364827,-104.9934266,11/1/2023 15:35,15:35:00,12,0,0,MARKET ST & 20TH ST,1,1,0,0,1,1,0,0,30,0,0,0,0,0,4,2,16
,2023-52879,39.71108604,-105.0263765,12/7/2023 10:06,10:06:00,1,0,0,W ALAMEDA AVE & S GROVE ST,1,1,0,0,1,4,0,0,30,0,0,0,0,0,2,2,8
,2023-52883,39.71411322,-104.9499316,12/6/2023 9:14,9:14:00,14,0,4, STEELE ST & E BAYAUD AVE,1,1,0,0,6,3,0,0,30,0,0,0,0,2,4,4,1
,2023-52895,39.71120331,-104.9152891,12/7/2023 14:25,14:25:00,3,0,0, LEYDEN ST & E ALAMEDA AVE,1,1,0,0,1,1,0,0,35,0,0,0,0,0,4,2,13
,2023-52904,39.77424093,-105.0276238,12/4/2023 15:30,15:30:00,6,0,0, GROVE ST & W 42ND AVE,1,1,0,0,1,4,0,0,25,0,0,0,0,0,4,2,13
,2023-52912,39.72513478,-105.0128147,12/7/2023 18:27,18:27:00,12,0,0,I-25 & W 6TH AVE,1,3,0,0,1,4,0,0,65,0,0,0,0,0,1,2,11
,2023-52913,39.7525431,-104.9848082,11/3/2023 17:05,17:05:00,5,0,0,827 PARK AVE W,1,1,0,0,2,3,0,0,30,0,0,0,0,0,4,1,16
,2023-52914,39.70042181,-105.0532495,12/7/2023 6:34,6:34:00,1,0,0, SHERIDAN BLVD & W KENTUCKY AVE,1,3,1,0,1,1,0,0,35,0,0,0,0,0,2,2,16
,2023-52918,39.69840618,-104.9593288,12/7/2023 12:05,12:05:00,1,0,0, UNIVERSITY BLVD & E TENNESSEE AVE,1,1,0,0,1,1,0,0,30,0,0,0,0,0,4,2,3
,2023-52919,39.69681432,-104.987433,12/7/2023 10:58,10:58:00,12,0,0, BROADWAY & W MISSISSIPPI AVE,1,1,0,0,1,4,0,0,35,0,0,0,0,0,4,2,3
,2023-52921,39.63874025,-105.0816289,12/4/2023 20:00,20:00:00,12,0,0,W QUINCY AVE & S WADSWORTH PKWY,1,3,0,0,1,3,0,0,,0,0,0,0,0,4,2,16
,2023-52923,39.76574565,-104.9597583,12/7/2023 15:42,15:42:00,1,0,1,E 35TH AVE & N YORK ST,1,1,0,0,1,1,0,0,35,0,0,0,0,2,4,2,11
,2023-52928,39.63137303,-105.0898589,11/24/2023 13:45,13:45:00,3,0,0,W UNION AVE & S BALSAM WAY,1,1,0,0,1,1,0,0,25,0,0,0,0,0,4,2,16
,2023-52929,39.68933324,-104.8965028,11/24/2023 12:47,12:47:00,12,0,0,E FLORIDA AVE & S QUEBEC WAY,11,1,1,2,1,4,0,0,30,0,0,0,0,0,4,3,16
,2023-52930,39.78173266,-104.7344745,12/7/2023 9:53,9:53:00,3,0,0, PICADILLY RD & E GREEN VALLEY RANCH BLVD,1,1,0,0,1,1,0,0,35,0,0,0,0,0,4,2,16
,2023-52932,39.78184759,-104.9786513,12/8/2023 14:17,14:17:00,15,0,0,E 47TH AVE & N WASHINGTON ST,1,1,0,0,1,1,0,0,30,0,0,0,0,0,4,2,13
,2023-52933,39.75025409,-104.9873899,12/8/2023 9:38,9:38:00,15,0,0,BROADWAY & STOUT ST,1,1,0,0,1,1,0,0,,0,0,0,0,0,4,2,16
,2023-52934,39.78167769,-104.7775522,12/8/2023 8:05,8:05:00,15,0,0, WALDEN ST & E 47TH AVE,1,1,0,0,1,4,0,0,25,0,0,0,0,0,4,2,3
,2023-52935,39.71939067,-104.9510134,12/8/2023 11:03,11:03:00,15,0,0,E 2ND AVE & N ST PAUL ST,1,1,0,0,1,3,0,0,20,0,0,0,0,0,4,2,13
,2023-52936,39.69658518,-104.9929364,12/8/2023 9:22,9:22:00,3,0,0, PLATTE RIVER DR & W MISSISSIPPI AVE,1,1,0,0,1,1,0,0,30,0,0,0,0,0,2,2,13
,2023-52939,39.67848549,-104.9863508,12/6/2023 13:30,13:30:00,6,0,1, LINCOLN ST & E EVANS AVE,1,1,0,0,1,4,0,0,25,0,0,0,0,1,4,3,3
,2023-52946,39.83113507,-104.7718823,12/7/2023 12:16,12:16:00,3,0,0, RAMPS & N TOWER RD,1,1,1,0,1,1,0,0,40,0,0,0,0,0,4,2,8
,2023-52949,39.70738295,-104.9733738,12/7/2023 15:15,15:15:00,6,0,0, DOWNING ST & E VIRGINIA AVE,1,1,0,0,1,4,0,0,30,0,0,0,0,0,4,3,3
,2023-52950,39.68751266,-104.9371504,12/7/2023 14:00,14:00:00,3,0,0, BELLAIRE ST & E IOWA AVE,1,1,0,0,1,1,0,0,25,0,0,0,0,0,4,2,3
,2023-52952,39.77422112,-104.8495246,12/4/2023 16:24,16:24:00,12,0,0,I-70 & N PEORIA ST,1,3,0,0,1,4,0,0,55,0,0,0,0,0,1,3,3
,2023-52953,39.76800816,-104.9948668,12/7/2023 16:02,16:02:00,15,0,0,I-25 & PARK AVE W,1,1,1,0,1,8,0,0,55,0,0,0,0,0,1,2,13
,2023-52955,39.77338853,-104.8471195,12/6/2023 18:31,18:31:00,15,0,0,I-70 EB OFF RAMP & N PEORIA ST,1,3,0,0,1,1,0,0,,0,0,0,0,0,4,2,16
,2023-52956,39.74763472,-105.0026538,12/7/2023 11:00,11:00:00,1,0,0, SPEER BLVD & AURARIA PKWY,1,1,0,0,1,1,0,0,35,0,0,0,0,0,4,2,3
,2023-52960,39.73514281,-104.9798678,12/7/2023 9:30,9:30:00,6,0,0, PEARL ST & E 12TH AVE,1,1,0,0,1,3,0,0,25,0,0,0,0,0,4,2,3
,2023-52962,39.77291861,-104.8343882,12/7/2023 4:16,4:16:00,15,0,0,I-70 & I-225 SB ON RAMP ENT,1,2,0,0,1,4,0,0,55,0,0,0,0,0,1,2,3
,2023-52964,39.85192743,-104.6740501,12/7/2023 8:42,8:42:00,6,0,0,8500 PENA BLVD,1,1,0,0,1,4,0,0,15,0,0,0,0,0,4,2,13
,2023-52965,39.74745126,-104.9927274,12/7/2023 16:13,16:13:00,10,0,0,17TH ST & CHAMPA ST,1,2,3,0,1,1,0,0,30,0,0,0,0,0,4,2,16
,2023-52968,39.75442082,-104.9873771,12/8/2023 2:07,2:07:00,10,0,0, BROADWAY & PARK AVE W,1,3,0,0,1,1,0,0,35,0,0,0,0,0,4,3,14
,2023-52969,39.72874301,-105.0532279,10/22/2023 20:40,20:40:00,16,0,0,770  SHERIDAN BLVD,1,3,0,0,5,14,0,0,,0,0,0,0,0,3,2,16
,2023-52970,39.7805168,-104.9670293,12/3/2023 3:06,3:06:00,3,0,0,I-70 WB OFF RAMP & N BRIGHTON BLVD,1,3,0,0,1,1,0,0,35,0,0,0,0,0,2,2,16
,2023-52972,39.72103891,-105.0084913,12/7/2023 6:37,6:37:00,15,0,0,I-25 & W 6TH AVE,1,1,1,0,1,4,0,0,55,0,0,0,0,0,1,2,1
,2023-52979,39.73395227,-105.0015778,12/6/2023 14:42,14:42:00,6,0,0, LIPAN ST & W 11TH AVE,1,1,0,0,1,4,0,0,25,0,0,0,0,0,4,2,13
,2023-52982,39.7467746,-105.0181621,12/7/2023 16:26,16:26:00,12,0,0,I-25 & W 20TH ST,1,2,0,0,1,4,0,0,55,0,0,0,0,0,1,2,13
,2023-52983,39.66777742,-105.0532563,12/7/2023 14:23,14:23:00,12,0,0, SHERIDAN BLVD & W YALE AVE,1,1,0,0,1,1,0,0,40,0,0,0,0,0,2,4,14
,2023-52987,39.76925974,-105.0252227,12/7/2023 13:54,13:54:00,1,0,1,W 38TH AVE & N FEDERAL BLVD,1,1,0,0,1,1,0,0,35,0,0,0,0,1,2,2,13
,2023-52994,39.71112539,-105.0157171,12/7/2023 6:55,6:55:00,12,0,0,W ALAMEDA AVE & S ZUNI ST,1,1,0,0,1,3,0,0,35,0,0,0,0,0,2,2,7
,2023-52995,39.76201711,-105.0127675,12/7/2023 11:43,11:43:00,1,0,0,W 32ND AVE & N VALLEJO ST,1,1,0,0,1,1,0,0,30,0,0,0,0,0,4,2,3
,2023-52996,39.65297524,-104.9190111,12/6/2023 9:39,9:39:00,15,0,0,I-25 SB OFF RAMP & E HAMPDEN AVE,1,1,0,0,1,1,0,0,35,0,0,0,0,0,2,2,16
,2023-52997,39.76937568,-105.0432714,12/7/2023 18:59,18:59:00,3,0,0,4309 W 38TH AVE & N TENNYSON ST,1,3,0,0,1,2,0,0,35,0,0,0,0,0,4,2,13
,2023-52998,39.6169432,-105.0911225,12/7/2023 17:16,17:16:00,1,0,0, WADSWORTH BLVD & W CRESTLINE AVE,1,3,0,0,1,2,0,0,45,0,0,0,0,0,2,3,1
,2023-53000,39.70221015,-105.02506,12/7/2023 20:13,20:13:00,12,0,0, FEDERAL BLVD & W OHIO AVE,1,3,0,0,1,4,0,0,40,0,0,0,0,0,2,2,13
,2023-53002,39.72519679,-105.0131789,12/7/2023 17:00,17:00:00,12,0,0,I-25 & W 6TH AVE FWY,1,2,0,0,1,4,0,0,65,0,0,0,0,0,2,3,13
,2023-53004,39.79827394,-104.7962202,12/7/2023 9:37,9:37:00,15,0,0,E 56TH AVE & N MEMPHIS ST,1,1,0,0,1,4,0,0,40,0,0,0,0,0,4,2,11
,2023-53007,39.78590003,-104.7722416,12/7/2023 18:15,18:15:00,15,0,0,E 49TH AVE & N TOWER RD,1,3,0,0,1,3,0,0,30,0,0,0,0,0,4,2,13
,2023-53008,39.70514133,-104.9170643,12/7/2023 8:01,8:01:00,12,0,0,LEETSDALE DR & E EXPOSITION AVE,1,1,0,0,1,4,0,0,40,0,0,0,0,0,2,3,14