id,drcog_id,latitude,longitude,crashtime,time,crashtype,numbkilled,numbinjurd,drcoglocat,rdconditin,lightngcon,roadcntgrd,weatherco,location,roaddescrp,schoolzone,constrzone,splimit,bikeinv,pedinv,sctrinv,motoinv,svrty,rdsystem,ttlvehcls,hcf
,2023-53010,39.69855388,-104.9034508,12/4/2023 6:59,6:59:00,15,0,0, PARKER RD & S QUEBEC ST,1,2,0,0,1,1,0,0,35,0,0,0,0,0,2,2,16
,2023-53011,39.72093695,-104.9908363,12/6/2023 18:00,18:00:00,3,0,0, BANNOCK ST & W 3RD AVE,1,2,0,0,1,1,0,0,25,0,0,0,0,0,4,2,3
,2023-53012,39.74336433,-104.9873844,12/7/2023 10:09,10:09:00,15,0,0,17TH ST & N BROADWAY ST,1,1,0,0,1,1,0,0,25,0,0,0,0,0,4,2,16
,2023-53013,39.63424206,-105.0830794,12/8/2023 12:18,12:18:00,12,0,0, WADSWORTH WY & W STANDFORD AVE,1,1,0,0,1,4,0,0,40,0,0,0,0,0,2,2,16
,2023-53015,39.68471433,-104.9650589,12/6/2023 7:48,7:48:00,12,0,0,E BUCHTEL BLVD & S HIGH ST,1,1,0,0,1,1,0,0,30,0,0,0,0,0,4,2,11
,2023-53016,39.67852053,-104.9747444,12/8/2023 7:39,7:39:00,15,0,0,E EVANS AVE & S CORONA ST,1,1,0,0,1,4,0,0,30,0,0,0,0,0,4,2,16
,2023-53017,39.78031699,-104.9902468,12/4/2023 9:29,9:29:00,12,0,0,I-70 WB TO -25 SB RAMP & I-70 OVERPASS,1,1,1,0,1,8,0,0,55,0,0,0,0,0,1,4,6
,2023-53018,39.69687538,-104.8989512,12/7/2023 7:47,7:47:00,15,0,0, PARKER RD & E MISSISSIPPI AVE,1,1,1,0,1,4,0,0,40,0,0,0,0,0,2,2,16
,2023-53019,39.69117758,-104.9874802,12/7/2023 11:53,11:53:00,14,0,2, BROADWAY ST & E ARKANSAS AVE,1,1,0,0,6,1,0,0,35,0,0,0,0,1,4,4,10
,2023-53020,39.719408,-104.9522107,12/6/2023 16:00,16:00:00,15,0,0,E 2ND AVE & N MILWAUKEE ST,1,1,0,0,1,1,0,0,25,0,0,0,0,0,4,3,3
,2023-53024,39.72408093,-105.0532651,12/8/2023 17:28,17:28:00,12,0,0, SHERIDAN BLVD & W 5TH AVE,1,4,0,0,1,1,0,0,40,0,0,0,0,0,2,2,13
,2023-53025,39.74014857,-104.9483825,12/7/2023 19:16,19:16:00,6,0,0,E COLFAX AVE & N ADAMS ST,1,3,0,0,1,4,0,0,35,0,0,0,0,0,2,2,14
,2023-53027,39.79300081,-104.8247061,12/7/2023 21:24,21:24:00,6,0,1,E MAXWELL PL & N CROWN BLVD,1,3,0,0,1,4,0,0,30,0,0,0,0,1,4,3,1
,2023-53028,39.67868382,-105.0156956,12/6/2023 9:16,9:16:00,1,0,1,W EVANS AVE & S ZUNI ST,1,1,0,0,1,1,0,0,30,0,0,0,0,2,4,2,13
,2023-53029,39.63893327,-104.8858184,12/7/2023 18:03,18:03:00,12,0,0,I-225 & S YOSEMITE ST,14,3,0,0,1,4,0,0,55,0,0,0,0,0,1,2,7
,2023-53031,39.76826199,-104.9942441,12/7/2023 23:30,23:30:00,15,0,0,I-25 NB OFF RAMP TO -70 & NB ON RAMP GORE PT,1,3,0,0,1,8,0,0,55,0,0,0,0,0,1,2,3
,2023-53032,39.74021257,-104.910513,12/8/2023 10:24,10:24:00,1,0,1,E COLFAX AVE & NIAGARA ST,1,1,0,0,1,1,0,0,45,0,0,0,0,2,2,2,13
,2023-53039,39.75761548,-104.986531,12/8/2023 17:34,17:34:00,3,0,0,25TH ST & LARMER ST,1,3,0,0,1,1,0,0,20,0,0,0,0,0,4,2,11
,2023-53040,39.62927444,-104.9046033,12/9/2023 2:53,2:53:00,5,0,1,I-25 & I-225 NB ON RAMP ENT,4,3,0,2,3,4,0,0,65,0,0,0,0,1,1,1,7
,2023-53041,39.68233906,-105.0156811,12/7/2023 18:21,18:21:00,3,0,0,W JEWELL AVE & S ZUNI ST,1,3,0,0,1,3,0,0,25,0,0,0,0,0,4,2,11
,2023-53044,39.7399986,-104.9903237,12/9/2023 2:31,2:31:00,9,0,1,W COLFAX AVE & N BANNOCK ST,4,3,0,2,1,1,0,0,35,0,0,0,0,2,2,1,1
,2023-53045,39.7620441,-105.0093023,12/9/2023 0:46,0:46:00,1,0,0,W 32ND AVE & 18TH ST,4,3,1,2,1,1,0,0,25,0,0,0,0,0,4,2,7
,2023-53049,39.74007778,-104.9139764,11/18/2023 11:45,11:45:00,1,0,0,E COLFAX AVE & N LOCUST ST,1,1,0,0,1,1,0,0,35,0,0,0,0,0,2,2,16
,2023-53050,39.77030097,-104.9719157,12/8/2023 21:53,21:53:00,12,0,1,38TH ST & WALNUT ST,7,3,1,2,1,1,0,0,25,0,0,0,0,2,4,3,14
,2023-53051,39.71465321,-104.9407884,10/9/2023 6:26,6:26:00,1,0,0, COLORADO BLVD & E BAYAUD AVE,1,1,1,0,1,1,0,0,35,0,0,0,0,0,2,3,11
,2023-53054,39.70410382,-104.9931948,12/8/2023 15:12,15:12:00,12,0,1,I-25 & NB OFF RAMP MERGE PT TO S SANTA FE DR,1,1,1,0,1,8,0,0,,0,0,0,0,1,1,2,13
,2023-53056,39.83340667,-104.7718786,12/8/2023 5:10,5:10:00,1,0,0, TOWER RD & PENA BLVD,1,3,0,0,1,1,0,0,40,0,0,0,0,0,4,2,16
,2023-53059,39.75375777,-104.9985149,12/9/2023 3:58,3:58:00,5,0,1,18TH ST & WYNKOOP ST,4,3,0,2,4,1,0,0,15,0,0,0,0,1,4,1,16
,2023-53061,39.76912975,-104.9953103,12/9/2023 10:23,10:23:00,12,0,0,W 38TH AVE & N FOX ST,4,1,3,2,1,3,0,0,30,0,0,0,0,0,4,2,13
,2023-53062,39.71336957,-105.0004441,11/20/2023 11:33,11:33:00,15,0,0,I-25 & W ALAMEDA AVE,1,1,0,0,1,4,0,0,,0,0,0,0,0,1,2,16
,2023-53068,39.77576994,-104.8674429,12/8/2023 14:55,14:55:00,12,0,1,I-70 & N HAVANA ST,1,1,0,0,1,4,0,0,55,0,0,0,0,1,1,2,13
,2023-53069,39.74021758,-104.9013025,10/20/2023 9:22,9:22:00,6,0,0,E COLFAX AVE & N ROSLYN ST,1,1,0,0,1,2,0,0,,0,0,0,0,0,2,2,16
,2023-53070,39.73647381,-104.9395088,12/8/2023 14:06,14:06:00,15,0,0,E 13TH AVE & N ALBION ST,1,1,0,0,1,1,0,0,30,0,0,0,0,0,4,2,11
,2023-53071,39.78362294,-104.7759345,12/7/2023 20:29,20:29:00,15,0,0,E GREEN VALLEY RANCH BLVD & N YAMPA ST,1,3,0,0,1,4,0,0,35,0,0,0,0,0,4,2,11
,2023-53075,39.73963365,-104.9450735,12/8/2023 19:56,19:56:00,6,0,0, MONROE ST & E COLFAX AVE,1,3,0,2,1,4,0,0,20,0,0,0,0,0,4,2,16
,2023-53084,39.68215403,-104.9734226,12/8/2023 7:52,7:52:00,12,0,0, DOWNING ST & E JEWELL AVE,1,1,0,0,1,1,0,0,30,0,0,0,0,0,4,3,13
,2023-53088,39.7510475,-104.9350506,12/9/2023 10:36,10:36:00,12,0,1,E 23RD AVE & N CLERMONT ST,8,1,0,0,1,1,0,0,30,0,0,0,0,1,4,2,13
,2023-53089,39.72446332,-105.0122696,12/9/2023 15:56,15:56:00,12,0,0,I-25 & W 6TH AVE,1,1,0,0,1,8,0,0,65,0,0,0,0,0,1,5,11
,2023-53091,39.78830962,-105.058792,12/8/2023 20:45,20:45:00,6,0,0,W 51ST AVE & N EATON ST,9,3,0,2,1,3,0,0,25,0,0,0,0,0,4,2,16
,2023-53093,39.7384223,-104.9758671,12/8/2023 7:50,7:50:00,3,0,0,E 14TH AVE & N OGDEN ST,1,1,0,0,1,9,0,0,30,0,0,0,0,0,4,5,11
,2023-53103,39.72271364,-105.0098977,12/8/2023 8:26,8:26:00,15,0,0,I-25 NB OFF RAMP & W 6TH AVE FWY,1,1,1,7,1,8,0,0,55,0,0,0,0,0,1,2,1
,2023-53104,39.65305094,-104.9047327,12/9/2023 7:45,7:45:00,15,0,0,E HAMPDEN AVE & S POPLAR ST,4,1,0,2,1,3,0,0,40,0,0,0,0,0,2,2,16
,2023-53105,39.73049521,-104.9986316,12/8/2023 20:34,20:34:00,3,0,0, SANTA FE DR & W 9TH AVE,7,4,0,2,1,1,0,0,25,0,0,0,0,0,4,2,3
,2023-53107,39.69675411,-105.02974,12/9/2023 14:47,14:47:00,3,0,0, IRVING ST & W MISSISSIPPI AVE,11,1,0,0,1,1,0,0,25,0,0,0,0,0,4,2,14
,2023-53108,39.73504186,-104.9598047,12/9/2023 17:45,17:45:00,12,0,0,E 12TH AVE & N YORK ST,1,3,0,0,1,1,0,0,,0,0,0,0,0,4,2,16
,2023-53109,39.71118378,-105.0062849,12/9/2023 13:00,13:00:00,1,0,1,1357 W ALAMEDA AVE & S PECOS ST,11,1,0,0,6,2,0,0,35,0,0,0,0,2,2,2,11
,2023-53110,39.74888368,-104.9945732,12/9/2023 16:30,16:30:00,12,0,0,17TH ST & ARAPAHOE ST,4,2,0,0,1,4,0,0,30,0,0,0,0,0,4,2,13
,2023-53111,39.76001331,-104.8905319,12/8/2023 19:49,19:49:00,3,0,0,E MLK BLVD & N CENTRAL PARK BLVD,7,3,0,2,1,1,0,0,35,0,0,0,0,0,4,3,14
,2023-53112,39.75028036,-105.001233,12/8/2023 21:15,21:15:00,15,0,0,15TH ST & WAZEE ST,9,3,0,2,1,1,0,0,30,0,0,0,0,0,4,2,11
,2023-53113,39.67818284,-105.0298059,11/14/2023 18:50,18:50:00,12,0,0, IRVING ST & W EVANS AVE,1,3,0,0,1,4,0,0,25,0,0,0,0,0,4,2,16
,2023-53114,39.67651154,-105.0532653,12/8/2023 21:40,21:40:00,5,0,1, SHERIDAN BLVD & W HARVEY PL,4,3,0,2,3,4,0,0,30,0,0,0,0,2,2,1,7
,2023-53115,39.68856898,-104.9716133,12/8/2023 13:27,13:27:00,12,0,0,I-25 SB ON RAMP & S DOWNING ST,1,1,1,0,1,8,0,0,60,0,0,0,0,0,1,2,16
,2023-53117,39.67913426,-105.038133,11/14/2023 19:10,19:10:00,6,0,0,W EVANS AVE & S PATTON CT,1,3,0,0,1,4,0,0,35,0,0,0,0,0,4,2,16
,2023-53120,39.74746829,-104.8847455,12/2/2023 14:20,14:20:00,11,0,1,E MONTVIEW BLVD & N YOSEMITE ST,1,1,0,0,1,2,0,0,30,0,1,0,0,3,4,1,13
,2023-53124,39.67865551,-105.0214174,11/8/2023 15:37,15:37:00,12,0,0,W EVANS AVE & S CLAY ST,11,3,0,1,1,3,0,0,35,0,0,0,0,0,4,2,16
,2023-53125,39.75481644,-104.9901815,12/6/2023 11:52,11:52:00,2,0,1,22ND ST & LARIMER ST,1,1,0,0,1,1,0,0,0,1,0,0,0,3,4,1,16
,2023-53128,39.75789026,-104.8903877,12/6/2023 16:11,16:11:00,2,0,1,E 29TH AVE & N CENTRAL PARK BLVD,1,1,0,0,1,3,0,0,30,1,0,0,0,1,4,1,13
,2023-53129,39.78557895,-104.9783106,12/6/2023 11:37,11:37:00,3,0,0,E 49TH AVE & N WASHINGTON ST,1,1,0,0,1,1,0,0,25,0,0,0,0,0,4,2,16
,2023-53131,39.73931844,-104.9810927,8/15/2023 21:09,21:09:00,11,0,1, PENNSYLVANIA ST & E COLFAX AVE,1,3,0,0,1,4,0,0,25,0,0,1,0,3,4,1,16
,2023-53135,39.81276438,-104.7721286,11/19/2023 10:40,10:40:00,3,0,0,E 64TH AVE & N TOWER RD,1,3,0,0,1,1,0,0,,0,0,0,0,0,4,2,16
,2023-53137,39.65615248,-105.0532234,4/8/2023 15:30,15:30:00,1,0,3, SHERIDAN BLVD & W DARTMOUTH AVE,1,1,0,0,1,1,0,0,40,0,0,0,0,1,2,2,16
,2023-53140,39.77276323,-104.9774179,11/14/2023 13:15,13:15:00,5,0,0,3624 DELGANY ALY & 36TH ST,1,1,0,0,3,9,0,0,,0,0,0,0,0,4,1,16
,2023-53143,39.73245399,-104.986128,12/4/2023 15:50,15:50:00,6,0,0, LINCOLN ST & E 10TH AVE,1,1,0,0,1,4,0,0,30,0,0,0,0,0,4,2,16
,2023-53147,39.72409023,-104.9787561,12/5/2023 12:10,12:10:00,2,0,1, WASHINGTON ST & E 5TH AVE,14,1,3,0,1,1,0,0,0,1,0,0,0,1,4,1,16
,2023-53201,39.752938,-104.992587,12/10/2023 1:30,1:30:00,16,0,0,20TH ST & LARIMER ST,1,3,0,0,5,7,0,0,,0,0,0,0,0,3,2,14
,2023-53208,39.7111843,-105.0015765,12/9/2023 17:19,17:19:00,14,0,0,W ALAMEDA AVE & S LIPAN ST,2,3,0,0,6,4,0,0,40,0,0,0,0,0,2,3,14
,2023-53209,39.79839682,-104.7723036,12/10/2023 17:31,17:31:00,12,0,1,E 56TH AVE & N TOWER RD,1,3,0,0,1,3,0,0,40,0,0,0,0,2,4,3,3
,2023-53212,39.75899718,-105.0078346,12/10/2023 2:32,2:32:00,6,0,0,I-25 SB ON RAMP FROM 20TH ST & SB ON RAMP MERGE PT,2,3,0,0,3,8,0,0,55,0,0,0,0,0,1,2,7
,2023-53213,39.78462741,-105.0249072,12/10/2023 7:58,7:58:00,12,0,0,I-70 WB OFF RAMP & N FEDERAL BLVD,1,1,0,0,1,8,0,0,20,0,0,0,0,0,1,2,13
,2023-53215,39.7368603,-104.9764503,12/10/2023 11:02,11:02:00,3,0,1, EMERSON ST & E 13TH AVE,1,1,0,0,1,1,0,0,30,0,0,0,0,1,4,2,8
,2023-53217,39.68954646,-105.0532567,12/9/2023 19:29,19:29:00,1,0,0,W FLORIDA AVE & S SHERIDAN BLVD,1,3,0,0,1,1,0,0,30,0,0,0,0,0,2,2,11
,2023-53226,39.77108897,-104.7452302,12/10/2023 2:15,2:15:00,6,0,0, LISBON ST & E 40TH AVE,7,3,0,0,2,3,0,0,30,0,0,0,0,0,4,2,10
,2023-53227,39.69657572,-104.9418836,12/10/2023 10:04,10:04:00,3,0,0, HARRISON ST & E MISSISSIPPI AVE,1,1,0,0,1,1,0,0,25,0,0,0,0,0,4,2,11
,2023-53230,39.78363779,-104.7904781,12/9/2023 14:07,14:07:00,12,0,0,E GREEN VALLEY RANCH BLVD & PENA BLVD,1,1,0,0,1,4,0,0,40,0,0,0,0,0,4,2,13
,2023-53232,39.63117238,-104.8924225,12/10/2023 17:10,17:10:00,3,0,0,E UNION AVE & S DTC BLVD,1,3,0,0,1,1,0,0,45,0,0,0,0,0,4,2,13
,2023-53234,39.72937022,-104.9450917,11/25/2023 0:34,0:34:00,5,0,0, MONROE ST & E 8TH AVE,9,3,0,2,1,4,0,0,25,0,0,0,0,0,4,1,16
,2023-53238,39.61832135,-105.0911087,12/5/2023 9:13,9:13:00,12,0,1, WADSWORTH BLVD & W CRESTLINE AVE,1,1,0,0,1,3,0,0,40,0,0,0,0,1,2,2,5
,2023-53240,39.69993348,-104.908224,12/8/2023 15:05,15:05:00,3,0,0, ONEIDA ST & LEETSDALE DR,1,2,0,0,1,2,0,0,25,0,0,0,0,0,4,2,13
,2023-53243,39.77108173,-104.8465113,12/9/2023 21:26,21:26:00,10,0,1,E 39TH AVE & N PEORIA ST,1,3,0,0,1,4,0,0,25,0,0,0,0,2,4,2,16
,2023-53244,39.73561761,-104.9034582,11/18/2023 21:15,21:15:00,3,0,0, QUEBEC ST & E 12TH AVE,1,4,0,0,1,1,0,0,30,0,0,0,0,0,4,2,16
,2023-53245,39.77290454,-104.9498362,12/9/2023 23:42,23:42:00,3,0,0,E 40TH AVE & N STEELE ST,1,1,0,0,1,1,0,0,30,0,0,0,0,0,4,2,16
,2023-53249,39.77399892,-104.847034,12/9/2023 20:27,20:27:00,12,0,0,I-70 & N PEORIA ST,1,3,0,0,1,4,0,0,55,0,0,0,0,0,1,2,16
,2023-53250,39.79835633,-104.7815094,12/9/2023 15:59,15:59:00,12,0,0,E 56TH AVE & N TELLURIDE ST,1,1,0,0,1,4,0,0,40,0,0,0,0,0,4,3,11
,2023-53251,39.76449938,-104.9656235,11/9/2023 17:30,17:30:00,12,0,0,E BRUCE RANDOLPH AVE & N WILLIAMS ST,1,2,0,0,1,4,0,0,30,0,0,0,0,0,4,2,11
,2023-53257,39.71110866,-104.9780823,12/9/2023 23:08,23:08:00,3,0,0, CLARKSON ST & E ALAMEDA AVE,1,3,0,0,1,1,0,0,35,0,0,0,0,0,4,3,3
,2023-53262,39.79837588,-104.7863785,12/9/2023 21:00,21:00:00,12,0,0,PENA BLVD & E 56TH AVE,1,3,0,0,1,1,0,0,35,0,0,0,0,0,4,2,13
,2023-53279,39.78006371,-104.9757524,12/6/2023 8:52,8:52:00,10,0,0,E 46TH AVE & NATIONAL WESTERN RD,1,1,0,0,1,1,0,0,25,0,0,0,0,0,4,2,11
,2023-53280,39.71118387,-104.9923866,12/7/2023 15:44,15:44:00,11,0,1,W ALAMEDA AVE & S CHEROKEE ST,1,1,0,0,1,1,0,0,30,0,1,0,0,2,4,1,11
,2023-53302,39.74741583,-104.9163355,12/7/2023 15:29,15:29:00,2,0,2,KRAMERIA ST & E MONTVIEW BLVD,1,1,0,0,1,1,0,0,25,1,0,0,0,1,4,1,11
,2023-53303,39.74003685,-105.0015736,11/30/2023 17:34,17:34:00,2,0,1,W COLFAX AVE & N LIPAN ST,1,3,0,0,1,1,0,0,30,1,0,0,0,1,2,1,16
,2023-53323,39.78930021,-104.8429003,12/7/2023 17:28,17:28:00,11,0,2,E 51ST AVE & N SCRANTON CT,1,3,0,0,1,1,0,0,25,0,1,0,0,2,4,1,16
,2023-53326,39.78202439,-104.8337525,12/10/2023 13:00,13:00:00,3,0,2,E ELK PL & N CROWN BLVD,1,1,0,0,1,1,0,0,30,0,0,0,0,1,4,2,11
,2023-53333,39.70304874,-104.9185726,12/8/2023 16:15,16:15:00,6,0,0, JASMINE ST & E EXPOSITION AVE,1,4,0,0,1,4,0,0,25,0,0,0,0,0,4,2,16
,2023-53351,39.74008597,-104.9057705,12/9/2023 4:12,4:12:00,12,0,0,E COLFAX AVE & N PONTIAC ST,4,3,0,2,1,4,0,0,,0,0,0,0,0,1,2,16
,2023-53355,39.74020812,-104.8928659,11/24/2023 16:13,16:13:00,11,0,1, UINTA ST & E COLFAX AVE,1,1,0,0,1,1,0,0,30,0,1,0,0,2,2,1,16
,2023-53375,39.73386225,-104.9902368,12/10/2023 8:34,8:34:00,3,0,0,W 11TH AVE & N BANNOCK ST,1,1,0,0,1,1,0,0,25,0,0,0,0,0,4,2,13
,2023-53376,39.72525106,-105.0199355,11/27/2023 8:03,8:03:00,12,0,0,W 6TH AVE & N FEDERAL BLVD,1,1,0,0,1,4,0,0,55,0,0,0,0,0,2,3,16
,2023-53379,39.71779495,-104.9406367,12/11/2023 17:34,17:34:00,14,0,0,E 1ST AVE & N COLORADO BLVD,1,3,1,0,1,1,0,0,35,0,0,0,0,0,2,2,1
,2023-53382,39.7573264,-104.9886763,12/10/2023 22:31,22:31:00,6,0,1,WALNUT ST & 24TH ST,1,3,0,0,1,4,0,0,30,0,0,0,0,2,4,2,14
,2023-53383,39.63541722,-104.9029868,12/9/2023 5:59,5:59:00,12,0,1,I-225 WB  & I-25 RAMP NB,4,3,0,2,1,8,0,0,55,0,0,0,0,1,1,2,7
,2023-53385,39.78056088,-104.9449577,12/10/2023 8:06,8:06:00,15,0,0,I-70 & N COLORADO BLVD,1,1,0,0,1,4,0,0,55,0,0,0,0,0,1,2,13
,2023-53390,39.73713127,-105.0140006,12/10/2023 18:30,18:30:00,15,0,2,I-25 & W COLFAX AVE,1,3,0,0,1,4,0,0,55,0,0,0,0,1,1,3,13
,2023-53395,39.75355378,-104.9933016,12/10/2023 19:15,19:15:00,15,0,0,20TH ST & MARKET ST,1,3,0,0,1,4,0,0,30,0,0,0,0,0,4,2,7
,2023-53398,39.77852293,-104.9211036,12/11/2023 6:30,6:30:00,12,0,0,I-70 & N HOLLY ST,1,3,0,0,1,4,0,0,55,0,0,0,0,0,1,2,16
,2023-53400,39.75709514,-104.9907059,12/10/2023 14:25,14:25:00,3,0,2,PARK AVE W & BLAKE ST,1,1,0,0,1,1,0,0,30,0,0,0,0,1,4,2,7
,2023-53409,39.6683843,-105.0250938,12/11/2023 17:09,17:09:00,15,0,0, FEDERAL BLVD & W COLLEGE AVE,1,3,0,0,1,4,0,0,40,0,0,0,0,0,2,2,11
,2023-53411,39.63541049,-104.902344,12/9/2023 5:59,5:59:00,12,0,0,I-225 & I-25 RAMP NB,4,3,0,2,1,4,0,0,55,0,0,0,0,0,1,3,11
,2023-53412,39.74139484,-104.9988346,12/9/2023 7:45,7:45:00,15,0,0, SPEER BLVD & STOUT ST,7,1,0,2,1,1,0,0,35,0,0,0,0,0,4,2,14
,2023-53414,39.78384114,-105.0061563,12/11/2023 6:05,6:05:00,3,0,0,W 48TH AVE & N PECOS ST,1,3,0,0,1,1,0,0,25,0,0,0,0,0,1,2,11
,2023-53416,39.79838576,-104.7860058,12/11/2023 6:29,6:29:00,12,0,0,E 56TH AVE & PENA BLVD INBOUND,1,1,0,0,1,4,0,0,,0,0,0,0,0,4,3,16
,2023-53417,39.71122578,-105.0263132,12/11/2023 11:31,11:31:00,12,0,0,W ALAMEDA AVE & S GROVE ST,1,1,0,0,1,1,0,0,30,0,0,0,0,0,2,2,3
,2023-53418,39.74082661,-104.974783,12/11/2023 11:30,11:30:00,6,0,0, OGDEN ST & E COLFAX AVE,1,1,0,0,1,4,0,0,30,0,0,0,0,0,4,2,3
,2023-53423,39.77931162,-104.9036853,12/11/2023 13:26,13:26:00,1,0,1, QUEBEC ST & I-70 WB RAMPS,1,1,0,0,1,1,0,0,45,0,0,0,0,2,2,2,7
,2023-53438,39.76694867,-104.9597455,11/8/2023 9:27,9:27:00,5,0,1,YORK ST & E 36TH AVE,1,1,0,0,3,1,0,0,30,0,0,0,1,3,4,1,1
,2023-53439,39.78049561,-104.9439221,12/11/2023 11:03,11:03:00,3,0,2,E 46TH AVE  & N STEELE ST,1,1,0,0,1,1,0,0,30,0,0,0,0,1,2,2,16
,2023-53442,39.61636671,-105.0911283,12/11/2023 15:45,15:45:00,1,0,1, WADSWORTH BLVD & W CRESTLINE AVE,1,3,0,0,1,1,0,0,45,0,0,0,0,2,1,2,11
,2023-53445,39.76674806,-104.9721026,12/11/2023 5:37,5:37:00,6,0,1, MARION ST & E 36TH AVE,1,3,0,0,3,4,0,0,25,0,0,0,0,2,4,2,10
,2023-53446,39.7821999,-104.8762514,12/11/2023 17:07,17:07:00,3,0,3,E 47TH AVE & N DALLAS ST,1,3,0,0,1,1,0,0,35,0,0,0,0,3,4,2,16
,2023-53447,39.74953902,-105.0173249,12/11/2023 18:21,18:21:00,12,0,0,I-25 & W 23RD AVE,1,3,0,0,1,4,0,0,55,0,0,0,0,0,1,3,13
,2023-53452,39.78361119,-104.7904791,12/11/2023 18:17,18:17:00,12,0,0,PENA BLVD & E GREEN VALLEY RANCH BLVD,1,1,0,0,1,4,0,0,35,0,0,0,0,0,4,2,11
,2023-53454,39.61725815,-105.0913876,12/11/2023 17:12,17:12:00,12,0,0, WADSWORTH BLVD & W CRESTLINE AVE,1,3,0,0,1,4,0,0,45,0,0,0,0,0,1,3,3
,2023-53456,39.71449192,-104.9400865,12/10/2023 7:20,7:20:00,12,0,0,LEETSDALE DR & E BAYAUD AVE,1,1,0,0,1,4,0,0,30,0,0,0,0,0,2,2,16
,2023-53457,39.72533823,-104.9125914,12/11/2023 17:09,17:09:00,1,0,2,E 6TH AVE & N MONACO ST,1,3,0,0,1,1,0,0,30,0,0,0,0,2,4,2,11
,2023-53458,39.70394383,-105.0250753,12/11/2023 12:25,12:25:00,3,0,2,W EXPOSITION AVE & S FEDERAL BLVD,1,1,0,0,1,1,0,0,40,0,0,0,0,2,2,2,10
,2023-53480,39.78260471,-104.9006149,12/11/2023 19:55,19:55:00,12,0,0,I-270 & N NORTHFIELD QUEBEC ST,1,3,0,0,1,4,0,0,55,0,0,0,0,0,1,2,16
,2023-53490,39.77866045,-104.9792497,12/11/2023 12:30,12:30:00,15,0,0, WASHINGTON ST & E 45TH AVE,1,1,0,0,1,3,0,0,30,0,0,0,0,0,4,2,11
,2023-53492,39.72408093,-105.0532651,12/11/2023 8:07,8:07:00,12,0,2, SHERIDAN BLVD & W 5TH AVE,1,1,0,0,1,3,0,0,35,0,0,0,0,2,2,2,12
,2023-53516,39.77663997,-104.985875,12/11/2023 8:15,8:15:00,6,0,0, LINCOLN ST & E 44TH AVE,1,1,0,0,1,4,0,0,20,0,0,0,0,0,4,2,3
,2023-53520,39.69658518,-104.9929364,12/11/2023 6:10,6:10:00,1,0,0, PLATTE RIVER DR & W MISSISSIPPI AVE,1,3,0,0,1,1,0,0,30,0,0,0,0,0,2,2,13
,2023-53522,39.73988801,-105.0028211,12/5/2023 19:43,19:43:00,11,0,1, MARIPOSA ST & W COLFAX AVE,1,3,0,0,1,2,0,0,0,0,0,1,0,2,4,1,16
,2023-53529,39.71115786,-104.987575,12/10/2023 21:48,21:48:00,3,0,2,W ALAMEDA AVE & S BROADWAY,1,3,0,0,1,1,0,0,35,0,0,0,0,1,4,3,3
,2023-53533,39.78708554,-105.0252221,12/11/2023 7:05,7:05:00,12,0,0, FEDERAL BLVD & W 50TH AVE,1,2,0,0,1,4,0,0,35,0,0,0,0,0,2,2,3
,2023-53536,39.71607404,-104.959311,12/11/2023 10:00,10:00:00,15,0,0, UNIVERSITY BLVD & E 1ST AVE,1,1,0,0,1,4,0,0,30,0,0,0,0,0,4,2,11
,2023-53538,39.75992104,-104.9749996,12/10/2023 11:10,11:10:00,6,0,0,31ST ST & STOUT ST,1,3,0,0,3,4,0,0,,0,0,0,0,0,4,2,16
,2023-53564,39.68228019,-105.0250196,12/9/2023 13:18,13:18:00,1,0,0, FEDERAL BLVD & W JEWELL AVE,4,1,0,2,1,1,0,0,40,0,0,0,0,0,2,3,16
,2023-53566,39.75268182,-104.9874101,12/11/2023 9:30,9:30:00,15,0,0, BROADWAY & 22ND ST,1,1,0,0,1,1,0,0,30,0,0,0,0,0,4,2,3
,2023-53570,39.62422175,-105.1073678,11/16/2023 10:46,10:46:00,10,0,0,W BELLEVIEW AVE & S JELLISON WAY,1,1,0,0,1,2,0,0,40,0,0,0,0,0,4,2,11
,2023-53571,39.66523871,-105.0814346,12/12/2023 8:59,8:59:00,12,0,0, WADSWORTH BLVD & W AMHERST AVE,1,1,0,0,1,3,0,0,35,0,0,0,0,0,2,2,16
,2023-53574,39.77271807,-104.847163,12/5/2023 13:15,13:15:00,12,0,1,I-70 WB OFF RAMP SLIP & N PEORIA ST,1,1,0,0,1,8,0,0,40,0,0,0,0,1,1,2,11
,2023-53575,39.7356277,-104.8871184,12/12/2023 4:04,4:04:00,6,0,0,E 12TH AVE & N XANTHIA ST,1,3,1,0,1,4,0,0,25,0,0,0,0,0,4,3,14
,2023-53576,39.7437287,-104.9301401,12/12/2023 9:28,9:28:00,8,0,0,E 17TH AVE & N ELM ST,1,1,0,0,1,1,0,0,20,0,0,0,0,0,4,2,11
,2023-53586,39.77852139,-104.9210804,12/11/2023 8:11,8:11:00,12,0,1,I-70 & N HOLLY ST,1,1,0,0,1,4,0,0,55,0,0,0,0,1,1,2,16