id,drcog_id,latitude,longitude,crashtime,time,crashtype,numbkilled,numbinjurd,drcoglocat,rdconditin,lightngcon,roadcntgrd,weatherco,location,roaddescrp,schoolzone,constrzone,splimit,bikeinv,pedinv,sctrinv,motoinv,svrty,rdsystem,ttlvehcls,hcf
,2023-53589,39.74395018,-105.0252396,12/12/2023 11:49,11:49:00,1,0,3, FEDERAL BLVD & W 17TH AVE,1,1,0,0,1,1,0,0,35,0,0,0,0,1,2,2,13
,2023-53596,39.73811386,-104.9622462,11/20/2023 21:00,21:00:00,6,0,0,1360  VINE ST & E 14TH AVE,1,3,3,0,1,4,0,0,25,0,0,0,0,0,4,2,16
,2023-53599,39.66750574,-104.8661332,12/12/2023 11:35,11:35:00,3,0,2, HAVANA ST & E YALE AVE,1,1,0,0,1,1,0,0,40,0,0,0,0,2,2,2,14
,2023-53604,39.79081656,-104.7961309,10/21/2023 20:00,20:00:00,6,0,0, MEMPHIS ST & E 53RD AVE,1,3,0,0,1,4,0,0,30,0,0,0,0,0,4,4,16
,2023-53608,39.75190114,-105.0009112,12/11/2023 12:52,12:52:00,10,0,0,16TH ST & WYNKOOP ST,1,1,0,0,1,1,0,0,30,0,0,0,0,0,4,2,13
,2023-53609,39.73041296,-104.9787572,12/12/2023 11:15,11:15:00,3,0,2, WASHINGTON ST & E 9TH AVE,1,1,0,4,1,1,0,0,30,0,0,0,0,1,4,2,13
,2023-53610,39.62419817,-104.9087728,11/21/2023 7:54,7:54:00,12,0,0,E BELLEVIEW AVE & S NIAGARA ST,1,1,1,0,1,3,0,0,40,0,0,0,0,0,2,2,10
,2023-53611,39.70376243,-104.9920919,12/12/2023 9:35,9:35:00,12,0,1,I-25 & SB OFF RAMP EXT TO S SANTA FE DR,1,1,0,0,1,4,0,0,55,0,0,0,0,1,1,2,13
,2023-53613,39.78288681,-104.9891469,11/21/2023 18:50,18:50:00,12,0,0,I-25 & W 48TH AVE,1,3,0,0,1,4,0,0,55,0,0,0,0,0,1,2,16
,2023-53616,39.78384119,-105.006657,11/3/2023 17:55,17:55:00,12,0,0, PECOS ST & I-70 WB RAMPS,1,2,0,0,1,6,0,0,30,0,0,0,0,0,4,2,11
,2023-53618,39.76109161,-104.9837979,12/11/2023 14:20,14:20:00,3,0,1,28TH ST & WALNUT ST,1,1,0,0,1,1,0,0,25,0,0,0,0,2,4,2,14
,2023-53620,39.7475734,-105.0299379,12/12/2023 13:18,13:18:00,3,0,0, IRVING ST & W 20TH AVE,1,1,0,0,1,1,0,0,20,0,0,0,0,0,4,2,16
,2023-53624,39.71816434,-105.0252449,12/11/2023 14:14,14:14:00,15,0,0, FEDERAL BLVD & W 1ST AVE,1,1,0,0,1,1,0,0,35,0,0,0,0,0,2,2,11
,2023-53625,39.69175499,-104.9405479,12/12/2023 9:12,9:12:00,12,0,0, COLORADO BLVD & E ARKANSAS AVE,11,1,0,0,1,4,0,0,35,0,0,0,0,0,2,3,16
,2023-53628,39.71782484,-104.9485856,12/12/2023 15:18,15:18:00,3,0,1, ADAMS ST & E 1ST AVE,1,1,0,0,1,1,0,0,25,0,0,0,0,2,4,2,16
,2023-53631,39.78340243,-105.0252131,12/12/2023 8:25,8:25:00,12,0,0, FEDERAL BLVD & W 49TH AVE,1,1,1,0,1,4,0,0,35,0,0,0,0,0,2,2,1
,2023-53637,39.65682381,-105.0252021,12/4/2023 21:47,21:47:00,3,0,0, FEDERAL BLVD & W FLOYD AVE,1,3,0,0,1,3,0,0,25,0,0,0,0,0,2,2,16
,2023-53638,39.6382851,-104.8948058,12/12/2023 8:52,8:52:00,12,0,0,E QUINCY AVE & S TAMARAC ST,1,1,0,0,1,1,0,0,30,0,0,0,0,0,4,2,11
,2023-53640,39.67342036,-105.0250538,12/11/2023 12:40,12:40:00,1,0,0, FEDERAL BLVD & W WESLEY AVE,1,1,0,0,1,1,0,0,40,0,0,0,0,0,2,2,7
,2023-53641,39.66049964,-105.0171515,12/11/2023 19:36,19:36:00,6,0,0,W DARTMOUTH AVE & S ALCOTT ST,1,4,0,0,3,4,0,0,,0,0,0,0,0,4,2,16
,2023-53642,39.72542386,-105.0521495,12/11/2023 21:09,21:09:00,12,0,1,W 6TH AVE & N SHERIDAN BLVD,1,3,1,0,1,4,0,0,55,0,0,0,0,2,2,3,11
,2023-53644,39.78376992,-104.9409953,11/3/2023 21:35,21:35:00,11,0,1,E 48TH AVE & N COLORADO BLVD,1,3,0,0,1,4,0,0,0,0,1,0,0,3,4,1,16
,2023-53645,39.69544002,-104.9407292,12/1/2023 0:05,0:05:00,12,0,0, COLORADO BLVD & E ARIZONA AVE,1,3,0,0,1,4,0,0,,0,0,0,0,0,2,2,16
,2023-53649,39.73833598,-104.9449767,10/12/2023 17:57,17:57:00,6,0,0,14TH AVE & N MONROE ST,1,3,0,0,1,4,0,0,35,0,0,0,0,0,4,2,14
,2023-53650,39.75364827,-104.9934266,12/12/2023 15:05,15:05:00,15,0,0,MARKET ST & 20TH ST,1,1,0,0,1,1,0,0,30,0,0,0,0,0,4,2,10
,2023-53651,39.7210515,-104.9582517,12/11/2023 12:50,12:50:00,6,0,0, JOSEPHINE ST & E 3RD AVE,1,1,0,0,1,4,0,0,30,0,0,0,0,0,4,2,14
,2023-53655,39.73510652,-104.9450915,12/11/2023 17:52,17:52:00,6,0,0,12TH AVE & N MONROE ST,1,3,0,0,1,1,0,0,25,0,0,0,0,0,4,2,13
,2023-53656,39.61832135,-105.0911087,12/12/2023 8:23,8:23:00,1,0,2, WADSWORTH BLVD & W CRESTLINE AVE,1,1,0,0,1,1,0,0,40,0,0,0,0,2,2,3,10
,2023-53659,39.73044139,-104.9837311,12/5/2023 12:51,12:51:00,12,0,0,E 9TH AVE & N GRANT ST,1,1,0,0,1,4,0,0,25,0,0,0,0,0,4,2,16
,2023-53660,39.70022168,-104.9874756,12/11/2023 11:00,11:00:00,15,0,0, BROADWAY ST & W KENTUCKY AVE,1,1,0,0,1,1,0,0,,0,0,0,0,0,4,2,16
,2023-53661,39.73679726,-104.9562788,12/12/2023 7:57,7:57:00,3,0,0, ELIZABETH ST & E 13TH AVE,1,1,0,0,1,1,0,0,25,0,0,0,0,0,4,2,11
,2023-53662,39.74618657,-104.9827919,12/11/2023 9:55,9:55:00,6,0,1, E 19TH AVE & N LOGAN ST,1,1,0,0,1,4,0,0,20,0,0,0,0,2,4,4,16
,2023-53664,39.75275902,-104.922288,11/28/2023 16:15,16:15:00,6,0,0,HOLLY ST 2400   E 25TH AVE,1,1,0,0,1,4,0,0,,0,0,0,0,0,4,2,16
,2023-53666,39.66760558,-104.8943002,12/11/2023 15:05,15:05:00,11,0,1,E YALE AVE & S SYRACUSE WY,1,1,0,0,1,1,0,0,35,0,0,1,0,1,4,1,11
,2023-53667,39.78048437,-104.9891588,11/29/2023 18:52,18:52:00,12,0,0,I-25 & I-70 *WB*,1,3,0,0,1,4,0,0,65,0,0,0,0,0,1,3,11
,2023-53687,39.70933398,-104.9866708,12/12/2023 12:01,12:01:00,6,0,0,E DAKOTA AVE & S LINCOLN ST,1,1,0,0,1,4,0,0,25,0,0,0,0,0,4,2,11
,2023-53688,39.65010183,-104.8848535,12/12/2023 10:06,10:06:00,15,0,0, YOSEMITE ST & E HAMPDEN AVE,1,1,1,0,1,4,0,0,35,0,0,0,0,0,4,2,11
,2023-53692,39.72562285,-105.0139226,12/12/2023 0:08,0:08:00,15,0,0,W 6TH AVE & I-25,1,3,0,7,1,4,0,0,,0,0,0,0,0,2,2,16
,2023-53695,39.68931263,-104.940546,12/11/2023 14:00,14:00:00,12,0,0, COLORADO BLVD & E FLORIDA AVE,1,1,0,0,1,1,0,0,35,0,0,0,0,0,2,2,3
,2023-53696,39.78378643,-104.7979778,12/5/2023 14:51,14:51:00,1,0,1,E GREEN VALLEY RANCH BLVD & N MEMPHIS ST,1,1,0,0,1,1,0,0,35,0,0,0,0,3,4,2,16
,2023-53704,39.71701365,-104.8955903,12/12/2023 9:01,9:01:00,10,0,0,E LOWRY BLVD & E FAIRMOUNT DR,1,1,3,0,1,6,0,0,15,0,0,0,0,0,4,2,16
,2023-53705,39.72349863,-105.0250226,12/12/2023 6:30,6:30:00,12,0,0, FEDERAL BLVD & W 5TH AVE,1,3,0,0,1,3,0,0,35,0,0,0,0,0,2,3,16
,2023-53707,39.66547594,-104.9406046,12/11/2023 12:48,12:48:00,1,0,1, COLORADO BLVD & E AMHERST AVE,1,1,0,0,1,1,0,0,35,0,0,0,0,2,2,2,13
,2023-53714,39.72524987,-105.0199123,12/12/2023 6:23,6:23:00,12,0,0,W 6TH AVE & N FEDERAL BLVD,1,3,0,0,1,4,0,0,55,0,0,0,0,0,2,2,13
,2023-53715,39.77825453,-104.7721458,12/12/2023 8:20,8:20:00,5,0,1, TOWER RD & E 45TH AVE,1,1,0,4,2,4,0,0,35,0,0,0,0,2,4,1,10
,2023-53729,39.70395737,-105.0250878,11/24/2023 20:44,20:44:00,12,0,0, FEDERAL BLVD & W EXPOSITION AVE,4,3,0,0,1,3,0,0,,0,0,0,0,0,2,3,16
,2023-53742,39.78546119,-105.0532604,12/13/2023 7:45,7:45:00,12,0,0, SHERIDAN BLVD & W 49TH AVE,11,1,1,7,1,4,0,0,35,0,0,0,0,0,2,2,13
,2023-53756,39.68576977,-104.9828168,12/13/2023 8:38,8:38:00,3,0,0, LOGAN ST & E MEXICO AVE,1,1,0,0,1,1,0,0,25,0,0,0,0,0,4,2,13
,2023-53770,39.77122999,-105.0532364,12/12/2023 18:52,18:52:00,12,0,0, SHERIDAN BLVD & W 39TH AVE,1,3,0,0,1,4,0,0,35,0,0,0,0,0,2,2,13
,2023-53774,39.78193585,-104.9016337,12/12/2023 13:22,13:22:00,12,0,2, NORTHFIELD QUEBEC ST & N SAND CREEK RD,1,1,0,0,1,1,0,0,45,0,0,0,0,2,2,2,13
,2023-53779,39.80066556,-104.7863534,12/13/2023 6:47,6:47:00,15,0,0,PENA BLVD & E 56TH AVE,4,1,0,0,1,8,0,0,45,0,0,0,0,0,4,3,1
,2023-53788,39.7209307,-104.9826245,12/12/2023 13:00,13:00:00,3,0,0,E 3RD AVE & N LOGAN ST,1,1,0,0,1,1,0,0,25,0,0,0,0,0,4,2,3
,2023-53808,39.77818873,-104.9165012,12/10/2023 19:07,19:07:00,15,0,1,I-70 & N HOLLY ST,1,3,0,0,1,8,0,0,55,0,0,0,0,2,1,2,16
,2023-53813,39.75220396,-104.9034247,12/13/2023 18:45,18:45:00,12,0,0, QUEBEC ST & E 24TH AVE,11,3,0,2,1,1,0,0,35,0,0,0,0,0,4,2,13
,2023-53819,39.740152,-105.0052346,12/13/2023 18:50,18:50:00,11,0,1,W COLFAX AVE & N OSAGE ST,11,3,0,2,1,1,0,0,30,0,1,0,0,2,2,1,11
,2023-53823,39.68222338,-105.038276,12/13/2023 14:28,14:28:00,3,0,0, PATTON CT & W JEWELL AVE,1,1,0,0,1,1,0,0,25,0,0,0,0,0,4,2,3
,2023-53824,39.74863153,-104.9034482,12/13/2023 15:32,15:32:00,3,0,0,E 21ST AVE & N QUEBEC ST,1,1,0,0,1,1,0,0,25,0,0,0,0,0,4,2,10
,2023-53828,39.74006498,-104.9257927,12/13/2023 11:39,11:39:00,11,0,0,E COLFAX AVE & N GLENCOE ST,1,1,0,0,1,1,0,0,20,0,1,0,0,0,2,1,7
,2023-53835,39.78365695,-104.7613269,11/26/2023 18:14,18:14:00,15,0,0,E GREEN VALLEY RANCH BLVD & N FLANDERS WAY,1,3,0,0,1,4,0,0,35,0,0,0,0,0,4,2,16
,2023-53840,39.67844897,-104.9349729,12/13/2023 7:04,7:04:00,12,0,0,E EVANS AVE & I-25 SB RAMPS,11,1,0,0,1,4,0,0,35,0,0,0,0,0,4,3,14
,2023-53852,39.66772831,-105.025111,12/12/2023 15:04,15:04:00,14,0,0, FEDERAL BLVD & W YALE AVE,1,1,0,0,1,1,0,0,40,0,0,0,0,0,2,2,16
,2023-53859,39.6928521,-104.9128897,12/5/2023 8:23,8:23:00,6,0,0, MONACO ST & E ARIZONA AVE,1,1,0,0,1,4,0,0,35,0,0,0,0,1,4,2,16
,2023-53875,39.76840912,-104.9947537,12/13/2023 6:45,6:45:00,12,0,0,I-25 & PARK AVE,11,2,0,2,1,4,0,0,55,0,0,0,0,0,1,2,13
,2023-53877,39.65441785,-104.9231725,12/9/2023 23:11,23:11:00,10,0,1, HOLLY ST & S IVANHOE WAY,1,3,0,0,1,1,0,0,25,0,0,0,0,2,4,2,8
,2023-53894,39.68359815,-104.972242,12/10/2023 12:30,12:30:00,6,0,0, MARION ST & E COLORADO AVE,1,1,0,0,1,4,0,0,25,0,0,0,0,0,4,2,16
,2023-53895,39.72735705,-104.000199,11/30/2023 8:15,8:15:00,1,0,0,7TH AVE 900 W  N KALAMATH ST,1,1,0,0,1,3,0,0,25,0,0,0,0,0,4,2,1
,2023-53897,39.72867146,-104.986152,12/11/2023 10:30,10:30:00,5,0,0, LINCOLN ST ST & W 8TH AVE,1,1,0,0,2,2,0,0,30,0,0,0,0,0,4,1,16
,2023-53901,39.71299987,-104.9875429,12/12/2023 12:15,12:15:00,15,0,0, BROADWAY & W CEDAR AVE,1,1,0,0,1,1,0,0,30,0,0,0,0,0,4,2,3
,2023-53909,39.71101597,-104.986371,12/13/2023 12:25,12:25:00,12,0,0, LINCOLN ST & E ALAMEDA AVE,1,1,0,0,1,4,0,0,30,0,0,0,0,0,4,2,11
,2023-53917,39.74002638,-105.002994,12/13/2023 7:56,7:56:00,12,0,0,W COLFAX AVE & N MARIPOSA ST,11,1,0,0,1,3,0,0,30,0,0,0,0,0,2,2,13
,2023-53918,39.74005069,-104.9292242,12/10/2023 14:54,14:54:00,3,0,1, ELM ST & E COLFAX AVE,1,1,3,0,1,1,0,0,35,0,1,0,0,3,2,2,16
,2023-53924,39.78463,-105.0250905,12/13/2023 14:32,14:32:00,3,0,0, FEDERAL BLVD & I-70 WB RAMPS,1,1,0,0,1,1,0,0,35,0,0,0,0,0,2,2,16
,2023-53926,39.83346183,-104.6929233,12/12/2023 14:38,14:38:00,15,0,0, JACKSON GAP ST & PENA BLVD ON RAMP,1,1,0,0,1,1,0,0,30,0,0,0,0,0,4,2,7
,2023-53928,39.79683812,-104.7879999,12/11/2023 11:54,11:54:00,12,0,2, SB ON RAMP & E 56TH AVE,1,1,0,0,1,4,0,0,65,0,0,0,0,1,2,3,11
,2023-53934,39.7400087,-104.9799223,12/12/2023 17:00,17:00:00,15,0,0,E COLFAX AVE & N PEARL ST,1,1,0,0,1,1,0,0,40,0,0,0,0,0,2,2,3
,2023-53939,39.78356318,-104.7721148,11/26/2023 18:54,18:54:00,8,0,0, TOWER RD & E GREEN VALLEY RANCH BLVD,1,3,3,0,1,4,0,0,,0,0,0,0,0,4,3,14
,2023-53940,39.73390137,-104.9861299,12/10/2023 9:08,9:08:00,3,0,0, LINCOLN ST & E 11TH AVE,1,1,0,0,1,1,0,0,,0,0,0,0,0,4,2,16
,2023-53951,39.72518051,-105.0128466,12/10/2023 20:41,20:41:00,15,0,0,I-25 & W 6TH AVE,1,3,0,0,1,4,0,0,60,0,0,0,0,0,1,2,13
,2023-53958,39.7834718,-104.989144,12/12/2023 17:14,17:14:00,12,0,0,I-25 & W 48TH AVE,1,1,0,0,1,4,0,0,55,0,0,0,0,0,1,2,7
,2023-54010,39.84436909,-104.675223,10/8/2023 18:35,18:35:00,6,0,0,8145 PENA BLVD,1,3,0,0,1,4,0,0,10,0,0,0,0,0,4,2,16
,2023-54011,39.7400852,-104.8905627,12/13/2023 23:52,23:52:00,12,0,0,E COLFAX AVE & N VERBENA ST,1,3,0,0,1,2,0,0,35,0,0,0,0,0,2,2,16
,2023-54012,39.75922639,-104.9862107,12/13/2023 20:54,20:54:00,3,0,0,26TH ST & WALNUT ST,11,3,0,2,1,1,0,0,25,0,0,0,0,0,4,2,11
,2023-54013,39.74002758,-105.0028323,12/7/2023 20:00,20:00:00,3,0,1,W COLFAX AVE & N MARIPOSA ST,1,3,0,0,1,1,0,0,35,0,0,0,0,3,2,2,11
,2023-54017,39.72922751,-104.9406317,11/24/2023 1:44,1:44:00,1,0,0,E 8TH AVE & N COLORADO BLVD,9,3,0,2,1,1,0,0,,0,0,0,0,0,2,2,16
,2023-54019,39.68139218,-105.0250224,9/9/2023 22:43,22:43:00,15,0,0, FEDERAL BLVD & MM 4,1,3,0,0,1,4,0,0,35,0,0,0,0,0,2,2,7
,2023-54021,39.6967635,-105.0156786,12/8/2023 15:51,15:51:00,3,0,0,W MISSISSIPPI AVE & S ZUNI ST,1,1,0,0,1,1,1,0,30,0,0,0,0,0,4,2,14
,2023-54023,39.72782537,-105.0145328,12/13/2023 13:02,13:02:00,15,0,0,I-25 & W 8TH AVE,1,1,0,0,1,4,0,0,55,0,0,0,0,0,1,2,13
,2023-54032,39.72540908,-105.0133025,12/13/2023 17:24,17:24:00,12,0,0,I-25 & W 6TH AVE,1,2,0,0,1,4,0,0,55,0,0,0,0,0,1,2,13
,2023-54034,39.74482991,-104.9684357,12/14/2023 14:38,14:38:00,3,0,1,E 18TH AVE & N FRANKLIN ST,1,1,0,0,1,1,0,0,35,0,0,0,0,1,4,2,13
,2023-54049,39.72581566,-105.0347428,12/11/2023 8:46,8:46:00,12,0,0,W 6TH AVE & N LOWELL BLVD,1,1,0,0,1,4,0,0,55,0,0,0,0,0,2,2,13
,2023-54051,39.75131532,-105.0165617,12/8/2023 11:43,11:43:00,1,0,0,W 23RD AVE & I-25,1,1,1,0,1,1,0,0,35,0,0,0,0,0,4,2,13
,2023-54052,39.68282709,-104.9402137,12/12/2023 16:03,16:03:00,12,0,2,I-25 & S COLORADO BLVD,1,1,0,0,1,4,0,0,60,0,0,0,0,1,1,2,13
,2023-54053,39.80557935,-104.7626686,12/14/2023 7:47,7:47:00,3,0,0,E 60TH AVE & N DUNKIRK ST,4,2,0,0,1,2,0,0,30,0,0,0,0,0,4,2,11
,2023-54057,39.74007422,-104.9406227,12/14/2023 9:10,9:10:00,12,0,0,E COLFAX AVE & N COLORADO BLVD,1,1,0,0,1,1,0,0,20,0,0,0,0,0,2,2,3
,2023-54059,39.72253716,-104.9862299,12/15/2023 9:29,9:29:00,10,0,0, LINCOLN ST & E 4TH AVE,1,1,0,0,1,1,0,0,30,0,0,0,0,0,4,2,11
,2023-54060,39.71480645,-104.9985654,12/14/2023 7:27,7:27:00,3,0,0, SANTA FE DR & W BAYAUD AVE,1,1,0,0,1,1,0,0,35,0,0,0,0,0,4,2,14
,2023-54062,39.72624561,-105.052618,12/13/2023 6:45,6:45:00,12,0,0,W 6TH AVE EB ON RAMP ENT & N SHERIDAN BLVD,11,3,1,0,1,8,0,0,55,0,0,0,0,0,2,3,1
,2023-54064,39.76425195,-105.0019258,12/12/2023 17:13,17:13:00,12,0,0,I-25 & 20TH ST,1,3,1,0,1,4,0,0,55,0,0,0,0,0,1,2,10
,2023-54067,39.7289305,-104.9905653,12/14/2023 13:45,13:45:00,10,0,0,W 8TH AVE & N SPEER BLVD,1,1,0,0,1,1,0,0,30,0,0,0,0,0,4,2,3
,2023-54072,39.66925914,-104.8735137,12/14/2023 6:45,6:45:00,8,0,0, DAYTON WAY & S ELMIRA ST,4,2,1,4,6,4,0,0,,0,0,0,0,0,4,2,16
,2023-54077,39.67092588,-104.8660422,12/14/2023 12:14,12:14:00,12,0,3, HAVANA ST & S PARKER RD,1,1,0,0,1,3,0,0,45,0,0,0,0,2,2,4,16
,2023-54087,39.7564093,-105.0158338,12/6/2023 17:26,17:26:00,15,0,0, ZUNI ST & N SPEER BLVD,1,4,1,0,1,4,0,0,25,0,0,0,0,0,4,2,13
,2023-54088,39.70606521,-104.9407498,12/13/2023 18:56,18:56:00,15,0,0,E CHERRY CREEK  DR & S COLORADO BLVD,11,3,0,2,1,4,0,0,30,0,0,0,0,0,4,2,8
,2023-54089,39.72562999,-104.985108,12/15/2023 10:05,10:05:00,3,0,0,E SPEER BLVD & E 6TH AVE,1,1,0,0,1,1,0,0,30,0,0,0,0,0,4,2,11
,2023-54093,39.78096133,-104.900736,12/13/2023 2:13,2:13:00,5,0,0,I-270 EB OFF RAMP & N QUEBEC ST,11,3,1,2,2,8,0,0,35,0,0,0,0,0,1,1,14
,2023-54097,39.83376731,-104.7480239,12/15/2023 17:17,17:17:00,5,0,0,PENA BLVD FRNTG RD & E-470,1,3,0,0,3,8,0,1,55,0,0,0,0,0,4,1,1
,2023-54098,39.73801274,-105.0252737,11/26/2023 1:33,1:33:00,15,0,0, FEDERAL BLVD & W 14TH AVE,4,3,0,0,1,4,0,0,30,0,0,0,0,0,2,2,11
,2023-54099,39.73526356,-104.9835934,12/14/2023 9:15,9:15:00,3,0,0, GRANT ST & E 12TH AVE,1,1,0,0,1,1,0,0,30,0,0,0,0,0,4,2,3
,2023-54100,39.7692799,-105.0032913,12/14/2023 8:16,8:16:00,15,0,0,38TH AVE  & MARIPOSA ST,1,1,0,0,1,4,0,0,35,0,0,0,0,0,4,2,11
,2023-54101,39.721435,-105.0086115,12/11/2023 15:07,15:07:00,12,0,0,I-25 & NB OFF RAMP MERGE PT TO W 6TH AVE,1,1,1,0,1,8,0,0,55,0,0,0,0,0,1,2,13
,2023-54102,39.77623425,-104.883324,12/14/2023 8:06,8:06:00,12,0,0,I-70 EB OFF RAMP & N CENTRAL PARK BLVD,1,1,1,0,1,8,0,0,35,0,0,0,0,0,1,2,1
,2023-54104,39.7807705,-104.9498084,12/13/2023 14:51,14:51:00,15,0,0, VASQUEZ BLVD & E 46TH AVE N,1,1,1,0,1,1,0,0,55,0,0,0,0,0,2,2,13
,2023-54105,39.7805205,-104.9611685,12/13/2023 10:14,10:14:00,12,0,0,I-70 & N BRIGHTON BLVD,1,1,3,0,1,4,0,0,55,0,0,0,0,0,1,2,13
,2023-54108,39.75594481,-104.8989898,12/15/2023 14:01,14:01:00,3,0,0, SYRACUSE ST & E 28TH AVE,1,1,0,0,1,1,0,0,30,0,0,0,0,0,4,2,16
,2023-54110,39.71483394,-105.0109735,12/14/2023 19:13,19:13:00,3,0,1, TEJON ST & W BAYAUD AVE,1,3,0,0,1,1,0,0,25,0,0,0,0,2,4,2,16
,2023-54111,39.74617337,-104.9764787,12/13/2023 13:02,13:02:00,3,0,1,PARK AVE & E 19TH AVE,1,1,0,0,1,1,0,0,35,0,0,0,0,1,4,2,16
,2023-54116,39.73998313,-104.9597965,12/13/2023 21:36,21:36:00,3,0,0,E COLFAX AVE & N YORK ST,11,3,0,2,1,1,0,0,35,0,0,0,0,0,2,2,16
,2023-54119,39.6967535,-105.0133371,12/7/2023 8:52,8:52:00,16,0,0,2050 W MISSISSIPPI AVE,1,1,0,0,5,14,0,0,,0,0,0,1,0,3,2,14
,2023-54123,39.7270318,-105.0132237,12/11/2023 11:38,11:38:00,15,0,0,I-25 ON RAMP FROM EB W 6TH AVE,1,1,0,0,1,8,0,0,,0,0,0,0,0,1,2,16
,2023-54124,39.69627513,-104.8973987,12/15/2023 17:51,17:51:00,5,0,0,E MISSISSIPPI AVE & S PARKER RD,1,3,0,0,4,1,0,0,35,0,0,0,0,0,2,1,3
,2023-54127,39.74163092,-104.9721563,12/14/2023 15:15,15:15:00,3,0,0, MARION ST & E 16TH AVE,1,1,0,0,1,1,0,0,25,0,0,0,0,0,4,2,3
,2023-54128,39.68875162,-104.9687175,12/14/2023 11:06,11:06:00,12,0,0,FRANKLIN ST 1500   & E FLORIDA AVE,1,1,0,0,1,4,0,0,25,0,0,0,0,0,4,2,13
,2023-54141,39.6747523,-104.8753131,12/14/2023 18:24,18:24:00,1,0,3,E ILIFF AVE & S DAYTON WY,1,3,1,0,1,1,0,0,40,0,0,0,0,2,4,2,10
,2023-54142,39.76673893,-104.9981395,12/12/2023 16:59,16:59:00,12,0,2,I-25 & PARK AVE W,1,3,0,0,1,4,0,0,55,0,0,0,0,1,1,2,16
,2023-54144,39.75024508,-104.9873899,12/9/2023 13:17,13:17:00,12,0,0, BROADWAY & STOUT ST,1,1,0,0,1,1,0,0,30,0,0,0,0,0,4,2,3
,2023-54145,39.75282275,-104.9997748,12/8/2023 14:07,14:07:00,15,0,0,WYNKOOP ST & 17TH ST,1,1,0,0,1,4,0,0,25,0,0,0,0,0,4,2,16
,2023-54149,39.78037302,-104.9419776,12/14/2023 17:00,17:00:00,12,0,1,I-70 WB ON RAMP & N COLORADO BLVD,1,3,1,0,1,8,0,0,55,0,0,0,0,2,1,2,16
,2023-54150,39.78403985,-105.022692,12/11/2023 13:16,13:16:00,12,0,0,I-70 & WB ON RAMP FROM N FEDERAL BLVD MERGE PT,1,1,1,0,1,8,0,0,55,0,0,0,0,0,1,2,8
,2023-54151,39.72555955,-104.8988111,12/13/2023 17:05,17:05:00,3,0,0,E 6TH AVE & N SYRACUSE ST,1,1,0,0,1,1,0,0,25,0,0,0,0,0,4,2,3
,2023-54154,39.65308224,-104.8987343,12/12/2023 20:10,20:10:00,1,0,0,E HAMPDEN AVE & S TAMARAC DR,1,3,0,0,1,1,0,0,45,0,0,0,0,0,2,3,11
,2023-54158,39.78397475,-105.0283035,12/14/2023 19:57,19:57:00,15,0,0,I-70 & EB OFF RAMP TO N FEDERAL BLVD MERGE PT,1,3,0,0,1,8,0,0,65,0,0,0,0,0,1,3,16
,2023-54159,39.70387042,-104.9129416,12/13/2023 15:40,15:40:00,1,0,1, MONACO ST & E EXPOSITION AVE,1,1,0,0,1,1,0,0,30,0,0,0,0,1,4,2,3
,2023-54160,39.74196182,-104.9476909,12/14/2023 8:17,8:17:00,3,0,0,E 16TH AVE & N COOK ST,1,1,0,0,1,1,0,0,20,0,0,0,0,0,4,2,16
,2023-54163,39.63753407,-104.9091165,12/12/2023 8:17,8:17:00,12,0,0,I-25 & I-225 SB DIR CONN MERGE PT,1,1,1,0,1,8,0,0,55,0,0,0,0,0,1,3,1
,2023-54165,39.73869565,-104.8881794,12/7/2023 15:56,15:56:00,3,0,1, WILLOW ST & E 14TH AVE,1,1,3,0,1,1,0,0,,0,0,0,0,2,4,2,16
,2023-54166,39.76213901,-105.0346651,12/8/2023 18:31,18:31:00,15,0,0,W 32ND AVE & N LOWELL BLVD,1,3,0,2,1,4,0,0,25,0,0,0,0,0,4,2,13
,2023-54167,39.71656133,-104.986247,12/14/2023 18:07,18:07:00,12,0,0, LINCOLN ST & E ELLSWORTH AVE,1,3,0,0,1,3,0,0,35,0,0,0,0,0,4,3,13
,2023-54174,39.7399986,-104.9903237,12/15/2023 11:40,11:40:00,12,0,0,W COLFAX AVE & N BANNOCK ST,1,1,0,0,1,3,0,0,,0,0,0,0,0,2,2,16
,2023-54175,39.77573508,-104.864925,12/14/2023 18:44,18:44:00,15,0,0,I-70 & N HAVANA ST,1,3,3,0,1,4,0,0,55,0,0,0,0,0,1,2,11
,2023-54176,39.75072605,-104.9713966,12/12/2023 5:25,5:25:00,6,0,0,E 23RD AVE & N LAFAYETTE ST,1,3,0,0,3,4,0,0,,0,0,0,0,0,4,3,16
,2023-54186,39.74007471,-104.8905513,12/14/2023 22:45,22:45:00,3,0,0, VERBENA ST & E COLFAX AVE,1,3,0,0,1,1,0,0,,0,0,0,0,0,2,2,16
,2023-54187,39.77123418,-104.9776626,12/9/2023 6:00,6:00:00,5,0,0, BRIGHTON BLVD & 36TH ST,9,3,0,2,6,4,0,0,30,0,0,0,0,0,4,1,14