id,drcog_id,latitude,longitude,crashtime,time,crashtype,numbkilled,numbinjurd,drcoglocat,rdconditin,lightngcon,roadcntgrd,weatherco,location,roaddescrp,schoolzone,constrzone,splimit,bikeinv,pedinv,sctrinv,motoinv,svrty,rdsystem,ttlvehcls,hcf
,2023-54190,39.73525416,-104.9941406,12/14/2023 11:45,11:45:00,6,0,0, ELATI ST & W 12TH AVE,1,1,0,0,1,1,0,0,25,0,0,0,0,0,4,2,3
,2023-54191,39.67208742,-104.9734591,12/14/2023 18:33,18:33:00,8,0,1,DOWNING ST & E HARVARD AVE,1,3,1,0,6,4,0,0,35,0,0,0,0,3,4,2,10
,2023-54193,39.78523965,-104.9028612,12/15/2023 17:42,17:42:00,1,0,0,E 49TH AVE & N SAND CREEK RD,1,3,0,0,1,1,0,0,35,0,0,0,0,0,4,2,11
,2023-54194,39.70770753,-104.8803928,12/15/2023 7:48,7:48:00,12,0,0,ALAMEDA AVE & FAIRMONT DR,1,1,0,0,1,2,0,0,45,0,0,0,0,0,4,3,11
,2023-54196,39.74947719,-104.9733705,12/15/2023 10:25,10:25:00,1,0,0,E 22ND AVE & N DOWNING ST,1,1,0,0,1,1,0,0,30,0,0,0,0,0,4,2,16
,2023-54201,39.67839368,-104.934407,12/15/2023 12:10,12:10:00,15,0,1,I-25 SB RAMPS & E EVANS AVE,1,1,0,0,1,1,0,0,30,0,0,0,0,1,4,2,16
,2023-54202,39.75482287,-105.0532444,12/15/2023 17:05,17:05:00,1,0,1, SHERIDAN BLVD & W 26TH AVE,1,3,0,0,1,1,0,0,35,0,0,0,0,2,2,2,11
,2023-54203,39.63454366,-104.8952821,12/12/2023 19:00,19:00:00,5,0,0,I-225 NB OFF RAMP & S TAMARAC ST,1,3,1,0,2,8,0,0,35,0,0,0,0,0,4,1,16
,2023-54207,39.72512645,-105.0249391,12/15/2023 6:30,6:30:00,3,0,0, FEDERAL BLVD & W 6TH AVE EB RAMPS,1,4,0,0,1,1,0,0,50,0,0,0,0,0,2,2,16
,2023-54209,39.78094213,-104.8828179,12/13/2023 14:12,14:12:00,12,0,0, CENTRAL PARK BLVD & E 46TH AVE,1,1,0,0,1,1,0,0,40,0,0,0,0,0,4,2,14
,2023-54213,39.6401169,-104.8845447,12/14/2023 16:55,16:55:00,15,0,0,I-225 SB OFF RAMP & S YOSEMITE ST,1,2,0,0,1,8,0,0,55,0,0,0,0,0,1,2,1
,2023-54214,39.70571414,-104.9863031,12/14/2023 11:21,11:21:00,15,0,0, LINCOLN ST & E CENTER AVE,1,1,0,0,1,1,0,0,30,0,0,0,0,0,4,2,14
,2023-54215,39.77316521,-104.8829732,11/17/2023 16:23,16:23:00,5,0,0, CENTRAL PARK BLVD & E 40TH AVE,1,1,1,0,3,4,0,0,35,0,0,0,0,0,4,2,11
,2023-54217,39.75482788,-105.02052,12/15/2023 7:29,7:29:00,3,0,0,W 26TH AVE & N CLAY ST,1,1,0,0,1,1,0,0,20,0,0,0,0,0,4,2,7
,2023-54225,39.65302484,-104.8810711,12/14/2023 7:19,7:19:00,12,0,0,E HAMPDEN AVE & S AKRON ST,1,3,0,0,1,4,0,0,45,0,0,0,0,0,4,2,3
,2023-54226,39.65876132,-104.9129792,12/6/2023 7:35,7:35:00,9,0,1, MONACO ST & E EASTMAN AVE,4,1,0,0,1,3,0,0,35,0,0,0,1,1,4,1,13
,2023-54228,39.67887412,-105.0532677,12/14/2023 16:56,16:56:00,15,0,0, SHERIDAN BLVD & W EVANS AVE,1,3,0,0,1,4,0,0,40,0,0,0,0,0,2,2,13
,2023-54230,39.77720113,-104.8819552,12/15/2023 18:01,18:01:00,15,0,0,I-70 & N CENTRAL PARK BLVD,1,3,0,0,1,4,0,0,55,0,0,0,0,0,1,2,1
,2023-54233,39.68188071,-105.0532498,12/14/2023 21:21,21:21:00,12,0,3, SHERIDAN BLVD & W JEWELL AVE,1,3,0,0,1,2,0,0,40,0,0,0,0,2,2,2,13
,2023-54235,39.7177857,-104.9407881,12/14/2023 17:20,17:20:00,3,0,0, COLORADO BLVD & E 1ST AVE,1,3,0,0,1,1,0,0,35,0,0,0,0,0,2,2,13
,2023-54237,39.76805922,-104.9025629,12/15/2023 1:11,1:11:00,5,0,1, QUEBEC ST & E 36TH AVE,1,3,0,0,6,4,0,0,45,0,0,0,0,2,4,1,1
,2023-54238,39.76685566,-105.0097197,12/15/2023 4:00,4:00:00,6,0,0,W 36TH AVE & N SHOSHONE ST,1,4,0,0,1,4,0,0,,0,0,0,0,0,4,2,16
,2023-54241,39.65699052,-104.9010464,12/15/2023 13:50,13:50:00,3,0,1,E EASTMAN AVE & S TAMARAC ST,1,1,0,0,1,2,0,0,15,0,0,0,0,1,4,2,13
,2023-54242,39.75630609,-105.0158242,12/14/2023 18:34,18:34:00,10,0,0, SPEER BLVD & N ZUNI ST,1,3,1,0,1,1,0,0,35,0,0,0,0,0,4,2,13
,2023-54243,39.7069003,-104.8753631,12/15/2023 11:03,11:03:00,1,0,0, DAYTON ST & E CENTER AVE,1,1,0,0,1,1,0,0,30,0,0,0,0,0,4,2,11
,2023-54251,39.8871532,-105.0002471,12/13/2023 5:40,5:40:00,15,0,0, KALAMATH ST,9,3,0,2,1,4,0,0,,0,0,0,0,0,4,2,16
,2023-54257,39.69658445,-104.9613766,12/15/2023 16:47,16:47:00,15,0,0,E MISSISSIPPI AVE & S GAYLORD ST,1,3,0,0,1,4,0,0,25,0,0,0,0,0,4,2,11
,2023-54260,39.69129408,-105.0297169,12/15/2023 0:59,0:59:00,12,0,1, IRVING ST & W ARKANSAS AVE,1,3,0,0,1,1,0,0,,0,0,0,0,1,4,2,16
,2023-54261,39.77928187,-104.9033984,12/15/2023 17:17,17:17:00,3,0,0,I-70 WB OFF RAMP & N NORTHFIELD QUEBEC ST,1,3,0,0,1,1,0,0,,0,0,0,0,0,2,2,16
,2023-54262,39.73838926,-104.9597886,12/14/2023 9:40,9:40:00,3,0,1,E 14TH AVE & N YORK ST,1,1,0,0,1,1,0,0,25,0,0,0,0,1,4,2,16
,2023-54263,39.61853395,-105.0866098,12/15/2023 17:04,17:04:00,1,0,1,8100 W CRESTLINE AVE & S WADSWORTH BLVD,1,3,0,0,1,2,0,0,30,0,0,0,0,1,4,3,11
,2023-54264,39.65310776,-104.924863,12/11/2023 19:02,19:02:00,15,0,3,E HAMPDEN AVE & S HUDSON ST,1,3,1,0,1,4,0,0,40,0,0,0,0,1,2,4,16
,2023-54265,39.69311023,-105.0297219,12/15/2023 16:03,16:03:00,12,0,1, IRVING ST & W LOUISIANA AVE,1,2,0,0,1,3,0,0,35,0,0,0,0,1,4,2,13
,2023-54268,39.67623423,-104.9828604,12/8/2023 18:44,18:44:00,6,0,0, LOGAN ST & E ILIFF AVE,1,3,0,0,1,4,0,0,30,0,0,0,0,0,4,4,16
,2023-54272,39.61818624,-105.09111,11/5/2023 19:00,19:00:00,15,0,0, WADSWORTH BLVD & W CRESTLINE AVE,1,3,0,0,1,3,0,0,,0,0,0,0,0,2,2,16
,2023-54275,39.74020409,-105.0052249,12/16/2023 18:55,18:55:00,1,0,0,W COLFAX AVE & N OSAGE ST,1,3,0,0,1,1,0,0,35,0,0,0,0,0,2,2,13
,2023-54277,39.78008025,-104.9415639,12/15/2023 21:09,21:09:00,5,0,0,I-70 & N COLORADO BLVD,1,1,0,0,2,13,0,0,55,0,0,0,0,0,1,1,14
,2023-54279,39.73640039,-105.0357527,11/24/2023 10:52,10:52:00,6,0,0, MEADE ST & W 13TH AVE,7,1,1,2,1,4,0,0,,0,0,0,0,0,4,2,16
,2023-54280,39.65615248,-105.0532234,11/13/2023 13:00,13:00:00,1,0,1, SHERIDAN BLVD & W DARTMOUTH AVE,1,1,0,0,1,1,0,0,35,0,0,0,1,3,2,2,16
,2023-54281,39.72909456,-104.9873924,12/10/2023 17:30,17:30:00,10,0,0,E 8TH AVE & N BROADWAY ST,1,2,1,0,1,1,0,0,,0,0,0,0,0,4,2,16
,2023-54285,39.76805491,-105.0064374,12/15/2023 20:34,20:34:00,6,0,0,W 37TH AVE & N PECOS ST,1,3,0,0,1,1,0,0,30,0,0,0,0,0,4,3,13
,2023-54287,39.69673186,-105.0320515,11/19/2023 3:50,3:50:00,6,0,0,W MISSISSIPPI AVE & S KNOX CT,1,4,0,0,1,3,0,0,20,0,0,0,0,0,4,2,7
,2023-54288,39.66771769,-105.0250945,12/7/2023 8:11,8:11:00,11,0,1,W YALE AVE & S FEDERAL BLVD,1,1,0,0,1,1,0,0,25,0,1,0,0,3,2,1,11
,2023-54290,39.72534047,-104.9163762,12/15/2023 19:14,19:14:00,12,0,0,E 6TH AVE & N MONACO ST,1,3,0,0,1,4,0,0,35,0,0,0,0,0,4,3,5
,2023-54291,39.74742201,-104.9124432,7/30/2023 19:02,19:02:00,3,0,1, MONACO PKWY & E MONTVIEW BLVD,1,1,0,0,1,1,0,0,35,0,0,0,0,2,4,2,14
,2023-54294,39.74124553,-105.0141799,11/21/2023 16:44,16:44:00,15,0,0,I-25 & AURARIA PKWY,1,1,0,0,1,4,0,0,55,0,0,0,0,0,1,2,16
,2023-54298,39.76322692,-104.9561148,12/6/2023 14:56,14:56:00,5,0,0,E 33RD AVE & N ELIZABETH ST,1,1,0,0,2,1,0,0,25,0,0,0,0,0,4,1,1
,2023-54299,39.72035517,-105.0463997,11/20/2023 3:04,3:04:00,5,0,0,W 2ND AVE & N WINONA CT,1,3,0,0,2,4,0,0,25,0,0,0,0,0,4,1,16
,2023-54300,39.76581002,-104.9428508,12/8/2023 11:22,11:22:00,5,0,0, JACKSON & E 35TH AVE,1,1,0,0,2,9,0,0,,0,0,0,0,0,4,1,16
,2023-54301,39.70376243,-104.9920919,12/2/2023 0:46,0:46:00,12,0,1, SANTA FE DR & I-25 ON RAMP ENT,1,3,0,0,1,8,0,0,35,0,0,0,0,1,2,2,16
,2023-54303,39.6687589,-105.0250882,12/9/2023 0:34,0:34:00,5,0,0, FEDERAL BLVD & W COLLEGE AVE,4,3,0,2,3,4,0,0,40,0,0,0,0,0,2,1,1
,2023-54304,39.73203519,-104.9822679,12/7/2023 7:10,7:10:00,3,0,0,E 10TH AVE & N LOGAN ST,1,1,0,0,1,1,0,0,25,0,0,0,0,0,4,2,1
,2023-54305,39.71275111,-105.0203367,12/4/2023 11:24,11:24:00,6,0,1, CLAY ST & W CEDAR AVE,1,1,1,0,1,1,0,0,25,0,0,0,0,3,4,3,1
,2023-54306,39.75830984,-105.0092867,12/16/2023 10:55,10:55:00,5,0,0,16TH ST & CENTRAL ST,1,1,0,0,4,1,0,0,25,0,0,0,0,0,4,1,14
,2023-54308,39.74033028,-105.0095948,12/10/2023 1:42,1:42:00,12,0,0,W COLFAX AVE & I-25 ON RAMP,1,3,0,0,1,3,0,0,35,0,0,0,0,0,2,2,16
,2023-54310,39.73855641,-104.9810826,11/29/2023 18:50,18:50:00,6,0,0, PENNSYLVANIA ST & E 14TH AVE,1,3,0,0,1,4,0,0,25,0,0,0,0,0,4,3,11
,2023-54313,39.77988409,-104.9672162,12/16/2023 5:50,5:50:00,15,0,0,I-70 & N BRIGHTON BLVD,1,3,0,0,1,4,0,0,,0,0,0,0,0,1,2,16
,2023-54314,39.72563795,-104.9862612,11/29/2023 14:15,14:15:00,10,0,0, LINCOLN ST & E 6TH AVE,1,1,0,0,1,1,0,0,,0,0,0,0,0,4,2,13
,2023-54319,39.74005807,-104.9350111,12/16/2023 11:30,11:30:00,2,0,1,E COLFAX AVE & N CLERMONT ST,1,1,0,0,1,1,0,0,0,1,0,0,0,2,2,1,16
,2023-54322,39.71887747,-104.9740522,12/16/2023 1:27,1:27:00,3,0,0, CORONA ST & E SPEER BLVD,1,3,0,0,1,1,0,0,35,0,0,0,0,0,4,2,13
,2023-54323,39.67339579,-105.0227325,10/27/2023 15:36,15:36:00,3,0,1,W WESLEY AVE & S DECATUR ST,1,1,0,0,1,1,0,0,25,0,0,0,0,1,4,2,3
,2023-54324,39.78283537,-104.9993268,5/4/2023 13:31,13:31:00,15,0,0,I-70 & WB OFF RAMP EXT TO N PECOS ST,1,1,0,0,1,4,0,0,55,0,0,0,0,0,1,2,13
,2023-54325,39.74608343,-105.0252294,11/14/2023 15:46,15:46:00,15,0,0, FEDERAL BLVD & W 19TH AVE,1,1,0,0,1,4,0,0,35,0,0,0,0,0,2,2,13
,2023-54328,39.66750574,-104.8661332,12/5/2023 20:40,20:40:00,5,0,0, HAVANA ST & E YALE AVE,1,3,1,0,3,4,0,0,45,0,0,0,0,0,2,1,13
,2023-54338,39.69666189,-104.9929227,12/10/2023 11:37,11:37:00,12,0,0, PLATTE RIVER DR & W MISSISSIPPI AVE,1,1,0,0,1,4,0,0,,0,0,0,0,0,4,2,13
,2023-54339,39.73962203,-104.9551255,12/6/2023 10:00,10:00:00,6,0,0, CLAYTON ST & E COLFAX AVE,1,1,0,0,1,4,0,0,25,0,0,0,0,0,4,2,16
,2023-54343,39.76075056,-104.9707578,12/2/2023 8:00,8:00:00,6,0,0,E 31ST AVE & E LAFAYETTE ST,1,3,0,0,1,4,0,0,,0,0,0,0,0,4,2,16
,2023-54344,39.72932424,-105.0158776,12/3/2023 17:01,17:01:00,1,0,0,W 8TH AVE & N ZUNI ST,1,3,0,0,1,1,0,0,30,0,0,0,0,0,4,2,16
,2023-54347,39.68338415,-105.0532062,12/16/2023 14:13,14:13:00,1,0,1, SHERIDAN BLVD & W COLORADO AVE,1,1,0,0,1,1,0,0,40,0,0,0,0,2,2,2,11
,2023-54350,39.68129821,-104.9508178,12/12/2023 11:00,11:00:00,11,0,1,E BUCHTEL BLVD & S ST PAUL ST,1,1,0,0,1,1,0,0,0,1,0,0,0,1,4,1,16
,2023-54352,39.70429375,-104.9937687,11/16/2023 17:17,17:17:00,12,0,0,I-25 & S SANTA FE DR,1,3,0,0,1,4,0,0,55,0,0,0,0,0,1,2,16
,2023-54353,39.73299502,-105.0251692,11/30/2023 11:59,11:59:00,11,1,0, FEDERAL BLVD & W 10TH AVE,1,1,0,0,1,1,0,0,0,0,1,0,0,4,2,1,16
,2023-54355,39.69466001,-105.0343937,12/6/2023 2:03,2:03:00,5,0,0, LOWELL BLVD & W ARIZONA AVE,1,4,0,0,3,4,0,0,25,0,0,0,0,0,4,1,1
,2023-54356,39.70845711,-105.0061271,12/13/2023 8:22,8:22:00,5,0,0,W ALASKA PL & S PECOS ST,4,1,1,0,3,4,0,0,25,0,0,0,0,0,4,1,7
,2023-54360,39.77584087,-104.8682643,12/9/2023 12:20,12:20:00,15,0,4,I-70 & N HAVANA ST,1,1,1,0,1,4,0,0,,0,0,0,0,2,1,2,1
,2023-54361,39.72528627,-105.0529957,12/10/2023 0:56,0:56:00,5,0,1,W 6TH AVE & N SHERIDAN BLVD,1,3,0,2,3,4,0,0,65,0,0,0,0,1,2,1,3
,2023-54363,39.77851932,-104.9047072,12/15/2023 6:35,6:35:00,15,0,0,I-70 & N QUEBEC ST,1,2,0,0,1,4,0,0,55,0,0,0,0,0,2,2,16
,2023-54367,39.72182744,-104.9975432,12/15/2023 5:19,5:19:00,5,0,0,347  INCA ST & W 3RD AVE,1,3,0,0,2,4,0,0,,0,0,0,0,0,4,1,16
,2023-54369,39.66694196,-105.0222381,12/13/2023 7:22,7:22:00,5,0,0,W YALE AVE & S DECATUR ST,4,1,0,0,3,4,0,0,20,0,0,0,0,0,4,1,16
,2023-54371,39.72544062,-104.9038959,11/24/2023 1:08,1:08:00,3,0,0, QUEBEC ST & E 6TH AVE,4,3,0,2,1,1,0,0,,0,0,0,0,0,4,2,16
,2023-54375,39.6655134,-105.0532449,12/3/2023 21:21,21:21:00,12,0,0, SHERIDAN BLVD & W AMHERST AVE,1,3,1,0,1,3,0,0,,0,0,0,0,0,2,2,16
,2023-54376,39.66588951,-104.9030004,11/24/2023 0:51,0:51:00,5,0,0, QUEBEC ST & E AMHERST AVE,11,4,0,2,3,1,0,0,30,0,0,0,0,0,4,1,16
,2023-54377,39.74003562,-104.9684954,12/3/2023 18:50,18:50:00,12,0,0,PARK AVE & E COLFAX AVE,1,3,0,0,1,1,0,0,35,0,0,0,0,0,2,2,16
,2023-54381,39.83061177,-104.7788991,12/15/2023 9:52,9:52:00,12,0,0,6200,1,1,0,0,1,4,0,0,65,0,0,0,0,0,4,2,1
,2023-54383,39.7494634,-104.9702659,12/6/2023 13:00,13:00:00,6,0,0, LAFAYETTE-HUMBOLDT ALY & E 22ND AVE,1,1,0,0,1,4,0,0,35,0,0,0,0,0,4,3,1
,2023-54384,39.78363299,-104.7817103,12/15/2023 22:34,22:34:00,12,0,1,E GREEN VALLEY RANCH BLVD & N TELLURIDE ST,1,3,0,0,1,1,0,0,35,0,0,0,0,2,4,2,1
,2023-54386,39.66759241,-104.9147297,12/15/2023 18:22,18:22:00,10,0,0,E YALE AVE & S LINDEN CT,1,3,0,0,1,2,0,0,30,0,0,0,0,0,4,2,7
,2023-54387,39.71786745,-105.0349116,12/16/2023 12:15,12:15:00,10,0,0, LOWELL BLVD & W 1ST AVE,1,1,0,0,1,4,0,0,20,0,0,0,0,0,4,2,14
,2023-54388,39.72349863,-105.0250226,12/16/2023 12:48,12:48:00,15,0,0, FEDERAL BLVD & W 5TH AVE,1,1,0,0,1,4,0,0,40,0,0,0,0,0,2,2,11
,2023-54389,39.72905999,-104.9775761,12/15/2023 23:17,23:17:00,3,0,4,E 8TH AVE & N CLARKSON ST,1,3,0,0,1,1,0,0,30,0,0,0,0,2,4,3,1
,2023-54392,39.68954487,-105.0526635,12/16/2023 12:18,12:18:00,12,0,0,5100 W  FLORIDA AVE,1,1,0,0,1,4,0,0,35,0,0,0,0,0,4,2,3
,2023-54393,39.72505207,-105.0186694,11/27/2023 23:20,23:20:00,5,0,0,W 6TH AVE EB OFF RAMP TO -25 & N BRYANT ST,1,3,3,0,2,8,0,0,35,0,0,0,0,0,2,1,16
,2023-54395,39.75106138,-104.9828948,11/13/2023 15:13,15:13:00,12,0,0,WELTON ST & PARK AVE,1,1,0,0,1,1,0,0,,0,0,0,0,0,4,2,16
,2023-54397,39.67868382,-105.0156956,12/4/2023 18:33,18:33:00,11,0,2,W EVANS AVE & S ZUNI ST,1,3,0,0,1,1,0,0,35,0,1,0,0,3,4,1,11
,2023-54398,39.7272824,-104.9742671,12/10/2023 3:00,3:00:00,6,0,0,E 7TH AVE & N CORONA ST,1,4,0,0,1,4,0,0,30,0,0,0,0,0,4,3,16
,2023-54401,39.78031752,-104.9654982,12/16/2023 14:36,14:36:00,12,0,0,I-70 & N BRIGHTON BLVD,1,1,0,0,1,4,0,0,55,0,0,0,0,0,2,2,14
,2023-54412,39.70766809,-105.0250817,11/24/2023 11:24,11:24:00,14,0,0, FEDERAL BLVD & W VIRGINIA AVE,11,1,0,0,6,3,0,0,30,0,0,0,0,0,2,2,16
,2023-54417,39.76185282,-104.9223032,10/27/2023 22:24,22:24:00,11,0,1,E MLK BLVD & N HOLLY ST,1,3,0,0,1,1,0,0,35,0,0,1,0,2,4,1,16
,2023-54418,39.78769532,-104.9688431,11/26/2023 2:38,2:38:00,5,0,0,NATIONAL WESTERN DR & E BETTIE CRAM DR,4,3,0,0,4,1,0,0,25,0,0,0,0,0,4,1,16
,2023-54420,39.78052429,-104.9497545,12/6/2023 11:00,11:00:00,11,0,0, STEELE ST & E 46TH AVE N,1,1,0,0,1,1,0,0,35,0,0,1,0,0,2,1,16
,2023-54430,39.76925974,-105.0252227,12/13/2023 19:05,19:05:00,11,0,0,W 38TH AVE & N FEDERAL BLVD,11,3,0,2,1,1,0,0,0,0,1,0,0,0,2,1,16
,2023-54436,39.74015121,-104.9495406,12/13/2023 10:24,10:24:00,6,0,0,E COLFAX AVE & N STEELE ST,1,1,0,0,1,4,0,0,35,0,0,0,0,0,2,2,16
,2023-54557,39.70707403,-104.8854043,11/21/2023 22:18,22:18:00,8,0,1,E ALAMEDA AVE & S XENIA ST,1,3,0,0,6,1,0,0,40,0,0,0,0,2,4,2,3
,2023-54562,39.74013083,-104.9874002,10/26/2023 21:13,21:13:00,11,0,1,E COLFAX AVE & N BROADWAY ST,1,3,0,0,1,1,0,0,,0,1,0,0,3,2,1,16
,2023-54563,39.75321071,-105.053252,11/21/2023 14:02,14:02:00,15,0,0, SHERIDAN BLVD & W BYRON PL,1,1,0,0,1,4,0,0,35,0,0,0,0,0,2,2,16
,2023-54566,39.69668002,-104.9929103,12/16/2023 23:47,23:47:00,10,0,0, PLATTE RIVER DR & W MISSISSIPPI AVE,1,3,0,0,1,1,0,0,45,0,0,0,0,0,2,2,7
,2023-54568,39.80181108,-104.7647851,12/5/2023 0:50,0:50:00,3,0,0, CEYLON ST & E 58TH AVE,1,3,0,0,1,1,0,0,25,0,0,0,0,0,4,2,16
,2023-54569,39.62414801,-105.09105,12/17/2023 11:45,11:45:00,1,0,1, WADSWORTH BLVD & W BELLEVIEW AVE,1,1,0,0,1,1,0,0,45,0,0,0,0,1,2,2,3
,2023-54570,39.7392408,-105.0138632,12/5/2023 16:07,16:07:00,12,0,0,I-25 & W COLFAX AVE,1,1,0,0,1,4,0,0,,0,0,0,0,0,1,2,16
,2023-54573,39.7400334,-104.9826746,12/14/2023 16:27,16:27:00,15,0,0,E COLFAX AVE & N LOGAN ST,1,1,0,0,1,4,0,0,30,0,0,0,0,0,2,2,8
,2023-54574,39.74000588,-104.974073,12/5/2023 18:35,18:35:00,6,0,0,E COLFAX AVE & N DOWNING ST,1,3,0,0,1,4,0,0,,0,0,0,0,0,2,2,16
,2023-54575,39.7249078,-105.0158386,12/17/2023 15:09,15:09:00,15,0,0,W 6TH AVE EB OFF RAMP & I-25 NB,1,1,0,0,1,8,0,0,,0,0,0,0,0,2,2,13
,2023-54576,39.72374082,-105.0112797,12/17/2023 12:34,12:34:00,12,0,3,I-25 NB OFF RAMP & W 6TH AVE,1,1,0,0,1,8,0,0,60,0,0,0,0,1,1,3,3
,2023-54578,39.7523856,-104.9967893,12/11/2023 1:50,1:50:00,6,0,0,BLAKE ST & 18TH ST,1,3,3,0,1,4,0,0,,0,0,0,0,0,4,2,16
,2023-54581,39.67664832,-104.9314748,12/3/2023 20:55,20:55:00,6,0,0,E WARREN AVE & E DAHLIA ST,1,3,0,0,1,4,0,0,30,0,0,0,0,0,4,2,16
,2023-54586,39.77411178,-104.8827885,11/21/2023 16:00,16:00:00,12,0,0, CENTRAL PARK BLVD & E 40TH AVE,1,1,0,0,1,1,0,0,35,0,0,0,0,0,4,2,1
,2023-54587,39.74031629,-105.0532099,11/26/2023 21:20,21:20:00,15,0,4, SHERIDAN BLVD & W COLFAX AVE,1,3,0,0,1,3,0,0,,0,0,0,0,2,2,3,16
,2023-54591,39.78026233,-104.945941,12/15/2023 21:20,21:20:00,12,0,0,I-70 & MONROE ST,1,3,0,0,1,4,0,0,55,0,0,0,0,0,1,2,16
,2023-54594,39.77411178,-104.8827885,12/16/2023 18:41,18:41:00,3,0,0,CENTRAL PARK BLVD & 40TH AVE,1,3,0,0,1,1,0,0,40,0,0,0,0,0,4,2,13
,2023-54596,39.83332443,-104.6714109,11/28/2023 16:05,16:05:00,3,0,0,E 75TH AVE & HARRY B COMB PKWY,1,1,0,0,1,1,0,0,35,0,0,0,0,0,4,2,16
,2023-54603,39.723295,-105.0110272,12/17/2023 17:09,17:09:00,12,0,2,I-25 & W 6TH AVE,1,1,0,0,1,4,0,0,60,0,0,0,0,1,1,3,13
,2023-54609,39.76580777,-104.9948596,12/17/2023 10:45,10:45:00,3,0,0,PARK AVE W & GLOBEVILLE RD,1,1,0,0,1,1,0,0,35,0,0,0,0,0,4,2,8
,2023-54610,39.62411961,-104.8897792,12/16/2023 20:21,20:21:00,1,0,1,E BELLEVIEW AVE & S DTC BLVD,1,3,0,0,1,1,0,0,35,0,0,0,0,2,4,2,16
,2023-54612,39.68215993,-104.9817422,11/29/2023 17:45,17:45:00,6,0,0,E JEWELL AVE & S PENNSYLVANIA ST,1,3,0,0,1,4,0,0,,0,0,0,0,0,4,2,16
,2023-54615,39.67077264,-104.8660364,12/17/2023 16:46,16:46:00,1,0,3, PARKER RD & S HAVANA ST,1,3,1,0,1,1,0,0,45,0,0,0,0,2,2,2,13
,2023-54618,39.7403164,-105.0141601,12/17/2023 0:41,0:41:00,12,0,0,I-25 & W COLFAX AVE,1,3,0,0,1,4,0,0,60,0,0,0,0,0,1,2,16
,2023-54639,39.74657878,-105.0046797,12/6/2023 10:31,10:31:00,5,0,0,11TH ST & WALNUT ST,1,1,0,0,3,1,0,0,25,0,0,0,0,0,4,1,13
,2023-54640,39.78583235,-104.8449146,12/3/2023 13:00,13:00:00,3,0,0, QUENTIN ST & E ANDREWS DR,1,1,0,0,1,1,0,0,,0,0,0,0,0,4,3,16
,2023-54651,39.75753982,-105.0276082,12/6/2023 13:47,13:47:00,6,0,0, HAZEL CT & W 28TH AVE,1,1,0,0,1,4,0,0,25,0,0,0,0,0,4,2,16
,2023-54656,39.77291861,-104.8343882,11/19/2023 2:33,2:33:00,11,1,0,I-70 & I-225 SB ON RAMP EXT,1,3,0,0,1,4,0,0,65,0,1,0,0,4,1,1,1
,2023-54663,39.77852814,-104.9112979,12/14/2023 17:52,17:52:00,12,0,0,I-70 & N MONACO ST,1,3,0,0,1,4,0,0,55,0,0,0,0,0,1,2,8
,2023-54687,39.75669349,-105.0169061,12/16/2023 23:38,23:38:00,1,0,0, SPEER BLVD & N FIRTH CT,1,3,0,0,1,1,0,0,35,0,0,0,0,0,4,2,7
,2023-54688,39.7289055,-104.9984399,12/17/2023 2:11,2:11:00,12,0,0,W 8TH AVE & N SANTA FE DR,1,3,0,0,1,1,0,0,35,0,0,0,0,0,4,3,2
,2023-54703,39.72932975,-105.0250762,12/15/2023 8:11,8:11:00,11,0,1, FEDERAL BLVD & W 8TH AVE,1,1,0,0,1,1,0,0,30,0,1,0,0,1,2,1,16
,2023-54712,39.73833327,-104.9161679,11/18/2023 16:51,16:51:00,8,0,0,E 14TH AVE & N KRAMERIA ST,1,2,0,0,1,1,0,0,30,0,0,0,0,0,4,2,16
,2023-54714,39.7181569,-105.0299251,12/17/2023 2:27,2:27:00,6,0,0,W 1ST AVE & N IRVING ST,1,3,0,0,1,4,0,0,35,0,0,0,0,0,4,2,3
,2023-54715,39.6347372,-105.1058889,11/28/2023 18:22,18:22:00,6,0,0,W STANFORD AVE & S IRIS ST,1,3,0,0,1,4,0,0,25,0,0,0,0,0,4,2,13
,2023-54725,39.77118491,-104.8990553,11/28/2023 15:09,15:09:00,2,0,1,E SMITH RD & ROSEMARY ST,1,1,0,0,1,2,0,0,0,1,0,0,0,2,4,1,16
,2023-54744,39.69646617,-104.9340266,12/17/2023 4:10,4:10:00,6,0,0,CHERRY ST 1100   E MISSISSIPPI AVE,1,3,0,0,1,4,0,0,,0,0,0,0,0,4,2,16
,2023-54747,39.74085242,-105.014315,12/14/2023 14:22,14:22:00,12,0,2,I-25 & W COLFAX AVE,1,1,0,0,1,4,0,0,55,0,0,0,0,1,1,2,16
,2023-54748,39.62422346,-105.098528,12/2/2023 10:20,10:20:00,3,0,1,W BELLEVIEW AVE & S FIELD WY,1,1,0,0,1,1,0,0,40,0,0,0,0,1,4,3,16
,2023-54749,39.75170695,-104.983736,12/15/2023 18:30,18:30:00,10,0,0,PARK AVE W & CALIFORNIA ST,1,3,0,0,1,1,0,0,30,0,0,0,0,0,4,2,8
,2023-54750,39.72563795,-104.9862612,12/16/2023 16:35,16:35:00,15,0,0, LINCOLN ST & E 6TH AVE,1,2,0,0,1,1,0,0,30,0,0,0,0,0,4,2,13