id,drcog_id,latitude,longitude,crashtime,time,crashtype,numbkilled,numbinjurd,drcoglocat,rdconditin,lightngcon,roadcntgrd,weatherco,location,roaddescrp,schoolzone,constrzone,splimit,bikeinv,pedinv,sctrinv,motoinv,svrty,rdsystem,ttlvehcls,hcf
,2023-54753,39.78502443,-104.8097889,5/26/2023 21:26,21:26:00,1,0,1,CHAMBERS RD & E GREEN VALLEY RANCH BLVD,1,3,0,0,1,2,0,0,40,0,0,0,1,3,4,2,14
,2023-54778,39.66828928,-104.9406165,12/16/2023 11:55,11:55:00,12,0,0, COLORADO BLVD & E YALE AVE,1,1,0,0,1,3,0,0,35,0,0,0,0,0,2,2,13
,2023-54781,39.71386018,-105.0004943,12/12/2023 5:58,5:58:00,12,0,1,I-25 & W ALAMEDA AVE,1,3,0,0,1,4,0,0,55,0,0,0,0,1,1,8,1
,2023-54784,39.74575051,-104.9187872,12/16/2023 18:00,18:00:00,6,0,0,JASMINE ST 1915   & E 19TH AVE,1,2,0,0,1,4,0,0,,0,0,0,0,0,4,2,16
,2023-54787,39.77799978,-104.9130782,12/13/2023 11:26,11:26:00,15,0,0,E 44TH AVE & N MONACO ST,1,1,0,0,1,4,0,0,35,0,0,0,0,0,4,2,3
,2023-54788,39.74008662,-105.0052349,12/17/2023 2:33,2:33:00,1,0,0,W COLFAX AVE & N OSAGE ST,1,3,0,0,1,1,0,0,35,0,0,0,0,0,2,2,7
,2023-54790,39.77214241,-104.8232896,12/14/2023 6:58,6:58:00,12,0,0,I-70 & MM 282.8,11,1,0,0,1,4,0,0,55,0,0,0,0,0,1,3,7
,2023-54792,39.72292653,-105.0105441,12/15/2023 10:56,10:56:00,12,0,0,I-25 & W 6TH AVE FWY,1,1,0,0,1,4,0,0,,0,0,0,0,0,1,4,16
,2023-54793,39.71799159,-104.9511911,12/18/2023 10:16,10:16:00,12,0,0, ST PAUL ST & E 1ST AVE,1,1,0,0,1,3,0,0,25,0,0,0,0,0,4,2,11
,2023-54799,39.75782525,-104.9793201,12/18/2023 8:02,8:02:00,12,0,0,CHAMPA ST & 28TH ST,1,1,0,0,1,4,0,0,20,0,0,0,0,0,4,2,16
,2023-54800,39.69566461,-104.9046086,12/15/2023 8:18,8:18:00,3,0,0,E MISSISSIPPI AVE & S QUEBEC ST,14,1,0,0,1,2,0,0,30,0,0,0,0,0,4,2,11
,2023-54805,39.77631233,-104.9895675,12/15/2023 12:00,12:00:00,12,0,0,I-25 & SB OFF RAMP EXT TO PARK AVE W,1,1,0,0,1,4,0,0,55,0,0,0,0,0,1,3,13
,2023-54806,39.68950083,-105.0250605,12/17/2023 12:48,12:48:00,12,0,0, FEDERAL BLVD & W FLORIDA AVE,1,1,0,0,1,1,0,0,40,0,0,0,0,0,2,2,16
,2023-54807,39.75628587,-105.0158354,12/18/2023 17:46,17:46:00,12,0,0, SPEER BLVD & N ZUNI ST,1,3,0,0,1,4,0,0,35,0,0,0,0,0,4,2,1
,2023-54808,39.73727213,-104.8975674,12/18/2023 0:54,0:54:00,6,0,0,E 13TH AVE & N SPRUCE ST,1,4,0,0,1,4,0,0,25,0,0,0,0,0,4,2,16
,2023-54809,39.69757651,-105.0476291,12/17/2023 21:24,21:24:00,6,0,1,TENNESSEE AVE & 4711 W ,1,3,0,0,1,4,0,0,25,0,0,0,0,2,4,2,16
,2023-54810,39.78330573,-105.0057422,12/14/2023 16:32,16:32:00,12,0,0,I-70 & N PECOS ST,1,1,0,0,1,4,0,0,55,0,0,0,0,0,1,3,3
,2023-54811,39.7762051,-104.8830114,12/18/2023 6:08,6:08:00,10,0,0,I-70 EB OFF RAMP & N CENTRAL PARK BLVD,1,2,1,0,1,1,0,0,55,0,0,0,0,0,1,2,11
,2023-54812,39.72330779,-105.0110434,12/15/2023 10:05,10:05:00,15,0,0,I-25 & W 6TH AVE FWY,1,1,0,0,1,8,0,0,55,0,0,0,0,0,1,2,16
,2023-54813,39.75583746,-104.9987502,12/18/2023 12:34,12:34:00,1,0,0,19TH ST & WEWATTA ST,1,1,0,0,1,1,0,0,30,0,0,0,0,0,4,2,11
,2023-54817,39.77946341,-104.9891639,12/12/2023 8:00,8:00:00,15,0,1,I-25 & I-70,1,1,0,0,1,4,0,0,55,0,0,0,0,1,1,3,7
,2023-54818,39.69312301,-105.0250363,12/17/2023 14:59,14:59:00,12,0,0, FEDERAL BLVD & W LOUISIANA AVE,1,1,0,0,1,3,0,0,30,0,0,0,0,0,2,2,3
,2023-54823,39.68950083,-105.0250605,11/10/2023 16:45,16:45:00,1,0,1, FEDERAL BLVD & W FLORIDA AVE,1,1,0,0,1,1,0,0,,0,0,0,0,3,2,2,1
,2023-54824,39.77555468,-104.9890224,12/18/2023 7:19,7:19:00,15,0,0,I-25 NB OFF RAMP & I-70,1,2,1,0,1,8,0,0,55,0,0,0,0,0,1,3,1
,2023-54828,39.73727353,-104.8987591,12/18/2023 17:00,17:00:00,10,0,0,E 13TH AVE & N SYRACUSE ST,1,3,0,0,1,1,0,0,30,0,0,0,0,0,4,2,2
,2023-54829,39.73677255,-104.9461884,12/16/2023 14:30,14:30:00,10,0,0,E 13TH AVE & N MADISON ST,1,1,0,0,1,1,0,0,30,0,0,0,0,0,4,2,13
,2023-54839,39.71976154,-105.0252772,12/14/2023 19:52,19:52:00,12,0,2, FEDERAL BLVD & W 2ND AVE,1,3,0,0,1,4,0,0,,0,0,0,0,2,2,4,16
,2023-54844,39.75774292,-104.9985829,12/15/2023 12:15,12:15:00,11,0,0,CHESTNUT PL & 20TH ST,1,1,2,0,1,1,0,0,25,0,1,0,0,0,4,1,13
,2023-54851,39.79831949,-104.8096436,12/18/2023 17:58,17:58:00,3,0,1,E 56TH AVE & N CHAMBERS RD,1,3,0,0,1,1,0,0,40,0,0,0,0,1,4,2,7
,2023-54852,39.77568101,-104.8664133,12/18/2023 19:31,19:31:00,15,0,0,I-70 & N HAVANA ST,1,3,0,0,1,4,0,0,55,0,0,0,0,0,1,2,14
,2023-54853,39.78049909,-104.9593286,12/18/2023 8:14,8:14:00,15,0,0,I-70 & N BRIGHTON BLVD,1,1,0,0,1,4,0,0,55,0,0,0,0,0,1,2,13
,2023-54854,39.79838313,-104.7721172,12/18/2023 8:17,8:17:00,12,0,0, TOWER RD & E 56TH AVE,1,1,0,0,1,1,0,0,45,0,0,0,0,0,4,2,16
,2023-54856,39.75766425,-104.880064,12/17/2023 15:30,15:30:00,5,0,0, BEELER ST & E 29TH AVE,1,1,0,0,1,3,0,0,25,0,0,0,0,0,4,1,11
,2023-54857,39.79838711,-104.8660525,11/2/2023 16:20,16:20:00,15,0,0,E 56TH AVE & N HAVANA  ST,1,1,0,0,1,1,0,0,,0,0,0,0,0,4,2,16
,2023-54897,39.72092703,-105.0055363,12/18/2023 17:20,17:20:00,12,0,0,W 3RD AVE & N OSAGE ST,1,2,0,0,1,1,0,0,25,0,0,0,0,0,4,2,3
,2023-54898,39.72561228,-104.9546394,12/18/2023 12:30,12:30:00,3,0,0,E 6TH AVE & N DETROIT ST,1,1,0,0,1,1,0,0,25,0,0,0,0,0,4,2,11
,2023-54927,39.69285779,-104.9687165,12/18/2023 15:25,15:25:00,14,0,0, FRANKLIN ST & E LOUISIANA AVE,1,1,0,0,1,3,1,0,25,0,0,0,0,0,4,2,16
,2023-54929,39.6681866,-105.025099,12/19/2023 12:43,12:43:00,3,0,0, FEDERAL BLVD & W COLLEGE AVE,1,1,1,0,1,2,0,0,35,0,0,0,0,0,2,2,16
,2023-54931,39.73703505,-104.912561,12/19/2023 7:41,7:41:00,15,0,0,E 13TH AVE & N MONACO ST PKWY,1,1,0,0,1,4,0,0,30,0,0,0,0,0,4,2,11
,2023-54932,39.78430444,-104.8097937,12/19/2023 17:49,17:49:00,1,0,0, CHAMBERS RD & E GREEN VALLEY RANCH BLVD,1,3,0,0,1,2,0,0,40,0,0,0,0,0,4,3,13
,2023-54934,39.78746435,-105.0252213,12/18/2023 22:45,22:45:00,8,0,0, FEDERAL BLVD & W 50TH AVE,1,3,0,0,1,1,0,0,35,0,0,0,0,0,2,2,16
,2023-54935,39.74374735,-104.9407835,12/19/2023 9:48,9:48:00,12,0,1, COLORADO BLVD & E 17TH AVE,1,1,0,0,1,3,0,0,35,0,0,0,0,1,2,2,16
,2023-54937,39.74006767,-104.9406123,12/19/2023 15:08,15:08:00,12,0,0, COLORADO BLVD & E COLFAX AVE,1,1,0,0,1,1,0,0,30,0,0,0,0,0,2,2,13
,2023-54940,39.7534852,-104.9884299,12/18/2023 14:00,14:00:00,12,0,0,22ND ST & ARAPAHOE ST,1,1,0,0,1,1,0,0,25,0,0,0,0,0,4,3,3
,2023-54942,39.75285692,-104.9927116,12/17/2023 1:00,1:00:00,6,0,0,LARIMER & 20TH ST,1,3,0,0,3,9,0,0,,0,0,0,0,0,3,2,16
,2023-54944,39.69312301,-105.0250363,12/19/2023 13:06,13:06:00,3,0,4, FEDERAL BLVD & W LOUISIANA AVE,1,1,0,0,1,1,0,0,25,0,0,0,0,2,2,2,13
,2023-54945,39.72439725,-105.0252206,12/19/2023 11:10,11:10:00,12,0,0, FEDERAL BLVD & W 6TH AVE EB RAMPS,1,1,0,0,1,3,0,0,35,0,0,0,0,0,2,2,11
,2023-54946,39.62556812,-104.9054997,12/19/2023 7:27,7:27:00,6,0,0, OLIVE ST & E LAYTON AVE,1,1,0,0,2,4,0,1,25,0,0,0,0,0,4,2,2
,2023-54947,39.73386704,-104.9929231,12/9/2023 22:06,22:06:00,3,0,1,W 11TH AVE & DELAWARE ST,4,3,0,0,1,1,0,0,30,0,0,0,0,1,4,2,16
,2023-54949,39.72907202,-104.9835874,12/18/2023 16:40,16:40:00,3,0,0,E 8TH AVE & N GRANT ST,1,2,1,0,1,1,0,0,30,0,0,0,0,0,4,2,13
,2023-54950,39.76074894,-104.968437,12/16/2023 4:17,4:17:00,3,0,0,E 31ST AVE & N FRANKLIN ST,1,2,0,0,1,3,0,0,30,0,0,0,0,0,4,2,16
,2023-54965,39.67845454,-104.940635,12/18/2023 16:00,16:00:00,15,0,0,E EVANS AVE & S COLORADO BLVD,1,1,0,0,1,1,0,0,30,0,0,0,0,0,2,2,3
,2023-54974,39.74953051,-105.0173285,12/18/2023 16:31,16:31:00,12,0,1,I-25 & W 23RD AVE,1,1,0,0,1,4,0,0,55,0,0,0,0,1,1,3,3
,2023-54975,39.83345293,-104.6929352,12/15/2023 3:14,3:14:00,12,0,1,JACKSON GAP ST & PENA BLVD,1,3,0,0,1,1,0,0,35,0,0,0,0,2,4,2,2
,2023-54979,39.78015285,-105.006435,12/19/2023 6:55,6:55:00,11,0,1,W 46TH AVE & N PECOS ST,1,2,0,0,1,1,0,0,30,0,1,0,0,2,4,1,3
,2023-55000,39.74011553,-104.9861474,12/18/2023 21:40,21:40:00,3,0,0,E COLFAX AVE & N LINCOLN ST,1,3,1,0,1,1,0,0,35,0,0,0,0,0,2,2,14
,2023-55007,39.74457862,-104.9938288,12/18/2023 17:18,17:18:00,3,0,1,705 15TH ST & CALIFORNIA ST,1,3,0,0,1,9,0,0,30,0,0,0,0,2,4,2,8
,2023-55010,39.7540293,-104.9894487,12/19/2023 13:05,13:05:00,15,0,0,LAWRENCE ST & 22ND AVE,1,1,0,0,1,4,0,0,30,0,0,0,0,0,4,2,13
,2023-55021,39.76323098,-105.0066871,12/18/2023 22:33,22:33:00,6,0,0,W 33RD AVE & N PECOS ST,1,3,1,0,1,4,0,0,25,0,0,0,0,0,4,2,12
,2023-55027,39.74294502,-105.015833,12/19/2023 15:57,15:57:00,12,0,4,I-25 & SB OFF RAMP EXT TO W COLFAX AVE,1,1,0,0,1,4,0,0,65,0,0,0,0,2,1,3,3
,2023-55030,39.74599561,-104.9980391,12/18/2023 13:00,13:00:00,1,0,0,ARAPAHOE ST & 14TH ST,1,1,0,0,1,1,0,0,25,0,0,0,0,0,4,2,8
,2023-55032,39.72557587,-104.8753303,12/17/2023 0:29,0:29:00,1,0,2,E 6TH AVE & N DAYTON ST,1,3,0,0,1,1,0,0,35,0,0,0,0,2,4,2,16
,2023-55042,39.7165714,-105.0257101,12/16/2023 22:40,22:40:00,11,0,1, FEDERAL BLVD ALLEY & W ELLSWORTH AVE,1,3,0,0,1,9,0,0,,0,1,0,0,1,4,1,16
,2023-55062,39.74009894,-105.0183862,12/20/2023 16:11,16:11:00,15,0,0,W COLFAX AVE  & MILE HIGH STADIUM CIR,1,1,0,0,1,1,0,0,30,0,0,0,0,0,2,2,13
,2023-55063,39.73801452,-105.0251002,12/19/2023 22:46,22:46:00,3,0,0, FEDERAL BLVD & W HOWARD PL,1,3,0,0,1,1,0,0,35,0,0,0,0,0,2,2,16
,2023-55066,39.76736052,-104.8989541,10/19/2023 13:00,13:00:00,2,0,1,E 36TH AVE & N QUEBEC ST,1,1,0,0,3,2,0,0,10,1,0,0,0,1,4,1,3
,2023-55068,39.68129821,-104.9508178,12/20/2023 17:01,17:01:00,12,0,0,E BUCHTEL BLVD & S ST PAUL ST,1,1,0,0,1,1,0,0,35,0,0,0,0,1,4,2,13
,2023-55069,39.7165315,-104.9826454,12/19/2023 16:57,16:57:00,6,0,0,E ELLSWORTH AVE & N LOGAN ST,1,3,0,0,1,3,0,0,25,0,0,0,0,0,4,2,3
,2023-55071,39.73870342,-104.884657,12/20/2023 8:45,8:45:00,3,0,0,E 14TH AVE & N YOSEMITE ST,1,1,0,0,1,1,0,0,30,0,0,0,0,0,4,2,1
,2023-55074,39.78065121,-104.9410799,12/20/2023 10:00,10:00:00,15,0,0, COLORADO BLVD & E 46TH AVE N,1,1,0,0,1,1,0,0,35,0,0,0,0,0,2,2,3
,2023-55075,39.74752928,-104.8846828,12/19/2023 10:10,10:10:00,12,0,0, CENTRAL PARK BLVD & E MONTVIEW BLVD,1,1,0,0,1,3,0,0,25,0,0,0,0,0,4,2,6
,2023-55076,39.77366599,-104.8430047,12/18/2023 17:59,17:59:00,15,0,0,I-70 & WB ON RAMP MERGE PT FROM N PEORIA ST,1,3,0,0,1,4,0,0,55,0,0,0,0,0,2,2,14
,2023-55077,39.7565646,-104.9779282,12/12/2023 16:20,16:20:00,6,0,0,28TH ST & CALIFORNIA ST,1,4,0,0,1,4,0,0,,0,0,0,0,0,4,2,16
,2023-55080,39.63226274,-104.8890567,12/20/2023 12:45,12:45:00,3,0,0, WABASH ST & E TEMPLE DR,1,1,0,0,1,1,0,0,25,0,0,0,0,0,4,2,3
,2023-55082,39.67844163,-104.9406289,12/19/2023 8:30,8:30:00,1,0,1, COLORADO BLVD & E EVANS AVE,1,1,0,0,1,1,0,0,30,0,0,0,0,1,2,2,3
,2023-55083,39.66747329,-104.9299366,12/20/2023 13:39,13:39:00,1,0,0,E YALE AVE & S HOLLY ST,1,1,1,0,1,2,0,0,35,0,0,0,0,0,4,2,13
,2023-55084,39.75599326,-104.9407016,12/20/2023 8:36,8:36:00,15,0,0, COLORADO BLVD & HADDON RD,1,1,0,0,1,3,0,0,35,0,0,0,0,0,2,2,16
,2023-55085,39.76697536,-104.9733486,12/19/2023 13:45,13:45:00,3,0,0,E 36TH AVE & N DOWNING ST,1,1,0,0,1,1,0,0,25,0,0,0,0,0,4,2,11
,2023-55086,39.77484195,-104.8470865,12/20/2023 10:50,10:50:00,10,0,0, PEORIA ST & I-70 WB RAMPS,1,1,0,0,1,1,0,0,25,0,0,0,0,0,4,2,16
,2023-55087,39.77938396,-104.9795763,12/19/2023 6:39,6:39:00,12,0,1,I-70 EB ON RAMP FROM -25 & N WASHINGTON ST,1,3,0,0,1,8,0,0,55,0,0,0,0,1,1,3,13
,2023-55092,39.71119398,-104.9971292,12/19/2023 14:30,14:30:00,12,0,0,W ALAMEDA AVE & S SANTA FE DR,1,1,0,0,1,1,0,0,35,0,0,0,0,0,2,2,3
,2023-55094,39.66762513,-104.9035209,12/19/2023 13:00,13:00:00,12,0,0,E YALE AVE & S QUEBEC ST,1,1,0,0,1,1,0,0,30,0,0,0,0,0,4,2,3
,2023-55095,39.75098906,-105.025138,12/19/2023 15:47,15:47:00,12,0,0, FEDERAL BLVD & W 23RD AVE,1,1,0,0,1,4,0,0,35,0,0,0,0,0,2,2,13
,2023-55098,39.7835666,-105.0037678,12/19/2023 15:42,15:42:00,15,0,0,I-70 & N PECOS ST,1,2,2,0,1,4,0,0,55,0,0,0,0,0,1,2,16
,2023-55099,39.72144862,-105.0086265,12/20/2023 12:13,12:13:00,12,0,0,I-25 & OFF RAMP TO W 6TH AVE FWY MERGE PT,1,1,1,0,1,8,0,0,55,0,0,0,0,0,1,2,3
,2023-55100,39.79105688,-104.8356531,12/19/2023 17:48,17:48:00,6,0,1,E 51ST AVE & N UVALDA ST,1,3,0,0,1,4,0,0,25,0,0,0,0,2,4,3,3
,2023-55101,39.7297555,-104.9912378,12/20/2023 8:50,8:50:00,3,0,3, SPEER BLVD & N BANNOCK ST,1,1,0,0,1,1,0,0,35,0,0,0,0,1,4,2,13
,2023-55102,39.7256271,-104.9811312,12/19/2023 17:00,17:00:00,3,0,0, PENNSYLVANIA ST & E 6TH AVE,1,1,0,5,1,1,0,0,25,0,0,0,0,0,4,2,3
,2023-55103,39.73288607,-104.9034588,12/19/2023 19:04,19:04:00,3,0,1, QUEBEC ST & E 11TH AVE,1,3,3,0,1,1,0,0,35,0,0,0,0,1,4,2,16
,2023-55104,39.75573161,-104.9597707,12/19/2023 20:44,20:44:00,10,0,1,E 27TH AVE & N YORK ST,1,3,0,0,1,1,0,0,30,0,0,0,0,3,4,2,1
,2023-55105,39.72497618,-105.0161253,12/19/2023 19:48,19:48:00,12,0,0,W 6TH AVE EB OFF RAMP & I-25 NB,1,3,0,0,1,8,0,0,30,0,0,0,0,0,2,3,13
,2023-55110,39.7193965,-104.9485839,12/19/2023 16:15,16:15:00,3,0,0, ADAMS ST & E 2ND AVE,1,1,0,0,1,1,0,0,25,0,0,0,0,0,4,2,3
,2023-55111,39.78866251,-105.0064153,12/20/2023 6:05,6:05:00,8,0,0, PECOS ST & W 51ST AVE,1,4,0,0,1,4,0,0,30,0,0,0,0,0,4,2,2
,2023-55114,39.75248249,-104.9034244,12/20/2023 8:02,8:02:00,15,0,0, QUEBEC ST & E 24TH AVE,1,1,0,0,1,4,0,0,35,0,0,0,0,0,4,2,11
,2023-55117,39.77405771,-104.8476359,12/20/2023 14:03,14:03:00,15,0,0,I-70 & N PEORIA ST,1,1,1,0,1,4,0,0,,0,0,0,0,0,1,3,16
,2023-55118,39.77260894,-104.9405094,12/19/2023 19:48,19:48:00,15,0,1, COLORADO BLVD & E 40TH AVE,1,3,0,0,1,3,0,0,35,0,0,0,1,3,2,3,1
,2023-55133,39.65716349,-105.0532245,12/19/2023 15:27,15:27:00,1,0,0, SHERIDAN BLVD & W COLGATE PL,1,2,1,0,1,1,0,0,30,0,0,0,0,0,2,2,8
,2023-55134,39.68498685,-105.0250115,12/20/2023 12:45,12:45:00,10,0,0, FEDERAL BLVD & W COLORADO AVE,1,1,1,0,1,1,0,0,40,0,0,0,0,0,2,2,16
,2023-55135,39.72496523,-105.0129418,12/19/2023 10:11,10:11:00,12,0,0,I-25 & W 6TH AVE,1,1,0,0,1,4,0,0,55,0,0,0,0,0,1,2,13
,2023-55137,39.79098857,-104.9398868,12/19/2023 15:55,15:55:00,14,0,1, COLORADO BLVD & E 52ND AVE,1,1,0,0,1,3,0,0,45,0,0,0,0,1,2,2,8
,2023-55141,39.78355295,-105.0038823,12/19/2023 15:42,15:42:00,12,0,2,I-70 & N PECOS ST,1,2,2,0,1,4,0,0,55,0,0,0,0,1,1,3,16
,2023-55142,39.74482614,-104.9733903,12/19/2023 10:30,10:30:00,15,0,0, DOWNING ST & E 18TH AVE,1,1,0,0,1,1,0,0,25,0,0,0,0,0,4,2,13
,2023-55155,39.75035217,-105.0046147,12/20/2023 11:47,11:47:00,10,0,0,WEWATTA ST & N SPEER BLVD,1,1,0,0,1,1,0,0,30,0,0,0,0,0,4,2,11
,2023-55162,39.77282654,-104.792225,12/19/2023 18:53,18:53:00,1,0,0,E 40TH AVE & AIRPORT BLVD,1,3,0,0,1,1,0,0,40,0,0,0,0,1,4,2,13
,2023-55171,39.75119794,-105.0205265,12/18/2023 13:08,13:08:00,14,0,0, CLAY ST & W 23RD AVE,1,1,0,0,1,3,0,0,30,0,0,0,0,0,4,2,16
,2023-55187,39.74639282,-105.0339895,11/15/2023 14:37,14:37:00,6,0,0,W 19TH AVE & N LOWELL BLVD,1,1,0,0,6,4,0,0,25,0,0,0,0,0,4,2,16
,2023-55191,39.73656502,-105.0322269,12/21/2023 15:59,15:59:00,1,0,0, KNOX CT & W 13TH AVE,1,2,1,0,1,1,0,0,30,0,0,0,0,0,4,2,11
,2023-55194,39.67973089,-104.9593899,12/21/2023 12:00,12:00:00,12,0,0, UNIVERSITY BLVD & E ASBURY AVE,1,1,0,0,1,4,0,0,35,0,0,0,0,0,4,2,13
,2023-55198,39.77815083,-104.9128798,12/10/2023 19:27,19:27:00,12,0,0,I-70 & N MONACO ST,1,3,0,0,1,4,0,0,65,0,0,0,0,0,1,2,3
,2023-55200,39.701329,-105.0238589,12/20/2023 18:30,18:30:00,15,0,0, ELIOT ST & W TENNESSEE AVE,1,3,0,0,1,4,0,0,25,0,0,0,0,0,4,2,10
,2023-55201,39.69662572,-104.9798016,12/21/2023 13:35,13:35:00,12,0,0,E MISSISSIPPI AVE & S PEARL ST,1,1,0,0,1,4,0,0,25,0,0,0,0,0,4,2,10
,2023-55202,39.75106132,-104.9828787,12/20/2023 23:37,23:37:00,3,0,0,PARK AVE W & WELTON ST,1,3,0,0,1,1,0,0,35,0,0,0,0,0,4,2,16
,2023-55203,39.72454249,-105.0148792,12/21/2023 12:08,12:08:00,12,0,0,I-25 ON RAMP FROM WB W 6TH AVE,1,1,2,0,1,8,0,0,55,0,0,0,0,0,1,2,16
,2023-55204,39.76918064,-104.9439937,12/20/2023 16:30,16:30:00,6,0,0,E 38TH AVE & N HOLLY ST,1,1,0,0,1,4,0,0,25,0,0,0,0,0,4,2,12
,2023-55212,39.74007422,-104.9406227,12/20/2023 5:45,5:45:00,1,0,0,E COLFAX AVE & N COLORADO BLVD,1,3,0,0,1,1,0,0,35,0,0,0,0,0,2,2,13
,2023-55214,39.783639,-104.7858025,12/21/2023 14:24,14:24:00,12,0,0,E GREEN VALLEY RANCH BLVD & N SALIDA ST,1,1,0,0,1,4,0,0,40,0,0,0,0,0,4,2,16
,2023-55216,39.74328034,-104.9861268,12/21/2023 3:39,3:39:00,12,0,0,E 17TH AVE & N LINCOLN ST,1,3,0,0,1,1,0,0,25,0,0,0,0,0,4,2,16
,2023-55217,39.75596442,-104.8980373,12/20/2023 18:31,18:31:00,3,0,0,E 28TH AVE & N SYRACUSE,1,3,0,0,1,1,0,0,25,0,0,0,0,0,4,2,11
,2023-55218,39.76737075,-104.9025334,12/20/2023 16:27,16:27:00,12,0,0, QUEBEC ST & E 36TH AVE,1,3,0,0,1,1,0,0,30,0,0,0,0,0,4,2,10
,2023-55223,39.68229606,-105.0203549,12/21/2023 13:47,13:47:00,3,0,0,W JEWELL AVE & S CLAY ST,1,1,0,0,1,1,0,0,25,0,0,0,0,0,4,3,3
,2023-55229,39.77622022,-104.8831735,12/21/2023 15:30,15:30:00,12,0,1,I-70 & N CENTRAL PARK BLVD,1,1,1,0,1,8,0,0,55,0,0,0,0,2,1,3,13
,2023-55231,39.77578192,-104.9892159,12/21/2023 16:00,16:00:00,12,0,1,I-25 & I-70,1,1,0,0,1,4,0,0,55,0,0,0,0,1,1,3,3
,2023-55234,39.77769234,-104.9034014,12/22/2023 18:19,18:19:00,1,0,0, NORTHFIELD QUEBEC ST & I-70 EB RAMPS,1,3,0,0,1,1,0,0,40,0,0,0,0,0,2,2,14
,2023-55244,39.74032486,-105.0451788,12/22/2023 10:33,10:33:00,3,0,1, UTICA ST & W COLFAX AVE,1,1,0,0,1,1,0,0,25,0,0,0,0,1,2,2,13
,2023-55248,39.77573705,-104.8649478,12/21/2023 12:33,12:33:00,12,0,3,I-70 & N HAVANA ST,1,1,1,0,1,4,0,0,55,0,0,0,0,1,1,3,10
,2023-55250,39.79827205,-104.7955439,12/23/2023 16:50,16:50:00,12,0,0,E 56TH AVE & N MEMPHIS ST,1,3,0,0,1,4,0,0,35,0,0,0,0,0,4,2,14
,2023-55253,39.75130129,-105.0167915,12/22/2023 18:44,18:44:00,12,0,0,I-25 & W 23RD AVE,1,3,0,0,1,4,0,0,55,0,0,0,0,0,1,2,11
,2023-55254,39.72110374,-104.9546276,12/13/2023 11:00,11:00:00,6,0,0, DETROIT ST & E 3RD AVE,1,1,0,0,1,4,0,0,,0,0,0,0,0,4,2,16
,2023-55257,39.74016588,-104.9560585,12/22/2023 4:17,4:17:00,15,0,1,E COLFAX AVE & N ELIZABETH ST,1,3,0,7,1,4,0,0,35,0,0,0,0,2,2,2,2
,2023-55262,39.74013842,-104.9439854,12/21/2023 18:46,18:46:00,1,0,0,E COLFAX AVE & N GARFIELD ST,1,3,0,0,1,1,0,0,35,0,0,0,0,0,2,2,14
,2023-55265,39.83345293,-104.6929352,12/21/2023 19:20,19:20:00,1,0,1,JACKSON GAP & PENA BLVD,1,3,0,0,1,1,0,0,35,0,0,0,0,2,4,2,16
,2023-55266,39.7805503,-104.9488533,12/20/2023 17:11,17:11:00,12,0,0,I-70 & N STEELE ST,1,3,0,0,1,4,0,0,55,0,0,0,0,0,1,3,16
,2023-55267,39.68432401,-104.9594455,12/21/2023 7:17,7:17:00,12,0,2, UNIVERSITY BLVD & I-25,1,1,0,0,1,4,0,0,30,0,0,0,0,1,4,2,3
,2023-55268,39.76120072,-104.9027632,12/19/2023 13:00,13:00:00,3,0,0,E MLK BLVD & N QUEBEC ST,1,1,0,0,1,1,0,0,35,0,0,0,0,1,4,2,16
,2023-55270,39.76538809,-104.902606,12/20/2023 13:49,13:49:00,3,0,0, QUEBEC ST & E 35TH AVE,1,1,0,0,1,1,0,0,40,0,0,0,0,0,4,2,13
,2023-55277,39.78593114,-104.7902353,12/17/2023 13:23,13:23:00,12,0,0,5000,1,1,0,0,1,4,0,0,65,0,0,0,0,0,4,2,3
,2023-55283,39.7571412,-105.0158353,12/21/2023 19:57,19:57:00,12,0,0, ZUNI ST & W 28TH AVE,1,3,0,0,1,3,0,0,25,0,0,0,0,0,4,2,10
,2023-55284,39.70298327,-104.9129002,12/12/2023 14:00,14:00:00,12,0,0, MONACO ST PKWY & LEETSDALE DR,1,1,0,0,1,3,0,0,,0,0,0,0,0,2,2,16
,2023-55288,39.75948284,-104.9589181,12/22/2023 15:43,15:43:00,6,0,0,2955 N JOSEPHINE ST,1,1,0,0,1,4,0,0,20,0,0,0,0,0,4,2,14
,2023-55307,39.74000872,-104.9684733,12/22/2023 10:36,10:36:00,1,0,1,E COLFAX AVE & N FRANKLIN ST,1,1,0,0,1,1,0,0,30,0,0,0,0,2,2,2,16
,2023-55308,39.71113615,-104.9825051,12/21/2023 13:06,13:06:00,12,0,0,E ALAMEDA AVE & S LOGAN ST,1,1,0,0,1,4,0,0,35,0,0,0,0,0,4,2,14
,2023-55314,39.75253584,-105.0157905,12/21/2023 8:47,8:47:00,12,0,0,I-25 & NB ON RAMP ENT FROM W 23RD AVE,1,1,0,0,1,4,0,0,,0,0,0,0,0,1,2,16