id,drcog_id,latitude,longitude,crashtime,time,crashtype,numbkilled,numbinjurd,drcoglocat,rdconditin,lightngcon,roadcntgrd,weatherco,location,roaddescrp,schoolzone,constrzone,splimit,bikeinv,pedinv,sctrinv,motoinv,svrty,rdsystem,ttlvehcls,hcf
,2023-55315,39.68701744,-104.9875193,12/22/2023 3:08,3:08:00,5,0,0, BROADWAY ST & W IOWA AVE,1,3,0,0,3,4,0,0,35,0,0,0,0,0,4,3,3
,2023-55318,39.70814735,-104.9958999,12/21/2023 18:11,18:11:00,8,0,0, SANTA FE DR & W ALAMEDA AVE,1,3,0,0,6,4,0,0,35,0,0,0,0,0,2,2,3
,2023-55320,39.78889201,-105.0252062,12/21/2023 15:55,15:55:00,6,0,0, FEDERAL BLVD & W 51ST AVE,1,1,0,0,1,4,0,0,35,0,0,0,0,0,2,2,16
,2023-55321,39.74139484,-104.9988346,12/21/2023 11:24,11:24:00,15,0,0, SPEER BLVD & STOUT ST,1,1,0,0,1,1,0,0,30,0,0,0,0,0,4,2,13
,2023-55323,39.77030097,-104.9719157,12/21/2023 10:55,10:55:00,12,0,0,38TH ST & WALNUT ST,1,1,0,0,1,1,0,0,30,0,0,0,0,0,4,2,1
,2023-55325,39.67846151,-104.9122412,12/21/2023 9:53,9:53:00,1,0,0,E EVANS AVE & S MONACO ST,1,1,0,0,1,2,0,0,35,0,0,0,0,0,4,2,11
,2023-55326,39.72563186,-104.9803868,12/21/2023 17:05,17:05:00,15,0,0,E 6TH AVE & PENNSYLVANIA ST,1,3,0,0,1,4,0,0,30,0,0,0,0,0,4,2,13
,2023-55327,39.7432215,-104.9622247,12/20/2023 17:18,17:18:00,3,0,0,E 17TH AVE & N VINE ST,1,4,0,0,1,1,0,0,,0,0,0,0,0,4,2,16
,2023-55328,39.76198665,-105.034609,12/18/2023 15:41,15:41:00,6,0,0, LOWELL BLVD & W 32ND AVE,1,3,0,0,1,4,0,0,25,0,0,0,0,0,4,2,11
,2023-55329,39.66757777,-104.9236734,12/21/2023 12:03,12:03:00,15,0,0,E YALE AVE & S HUDSON ST,1,1,1,0,1,4,0,0,30,0,0,0,0,0,4,2,11
,2023-55342,39.70607151,-104.9407949,12/21/2023 20:27,20:27:00,6,0,0,E CHERRY CREEK  DR & S COLORADO BLVD,1,3,0,0,1,1,0,0,40,0,0,0,0,0,4,2,13
,2023-55347,39.74345682,-104.9709054,12/6/2023 18:00,18:00:00,6,0,0,1707 N LAFAYETTE ST,1,3,0,0,1,4,0,0,25,0,0,0,0,0,4,2,13
,2023-55350,39.75746419,-104.9405286,12/22/2023 14:16,14:16:00,12,0,0, COLORADO BLVD & E 29TH AVE,1,1,0,0,1,4,0,0,35,0,0,0,0,0,2,2,14
,2023-55352,39.76120072,-104.9027632,12/21/2023 12:07,12:07:00,3,0,0,E MLK BLVD & N QUEBEC ST,1,1,0,0,1,1,0,0,40,0,0,0,0,1,4,2,13
,2023-55356,39.74020293,-104.9989117,12/9/2023 21:13,21:13:00,12,0,0,W COLFAX AVE & N SPEER BLVD,1,3,0,0,1,1,0,0,40,0,0,0,0,0,2,2,16
,2023-55357,39.70735814,-104.9408023,12/21/2023 18:57,18:57:00,3,0,0,E CHERRY CREEK  DR & S COLORADO BLVD,1,3,0,0,1,1,0,0,35,0,0,0,0,0,4,2,13
,2023-55363,39.72567236,-104.9928347,12/22/2023 11:38,11:38:00,3,0,0,W 6TH AVE & N DELAWARE ST,1,1,0,0,1,1,0,0,30,0,0,0,0,0,4,2,13
,2023-55365,39.69250425,-104.977146,12/21/2023 18:53,18:53:00,12,0,1,I-25 & E LOUISIANA AVE,1,3,0,0,1,4,0,0,55,0,0,0,0,1,1,3,14
,2023-55366,39.78554856,-104.8932098,12/21/2023 15:51,15:51:00,14,0,0,E NORTHFIELD BLVD & N UINTA ST,1,1,0,0,1,1,0,0,35,0,0,0,0,0,4,2,7
,2023-55368,39.67844163,-104.9406289,12/23/2023 2:25,2:25:00,5,0,1, COLORADO BLVD & E EVANS AVE,1,3,0,0,3,1,0,0,35,0,0,0,0,1,2,1,14
,2023-55374,39.74022491,-104.8842997,12/23/2023 17:17,17:17:00,12,0,0,E COLFAX AVE & N YOSEMITE ST,1,1,0,0,1,3,0,0,30,0,0,0,0,0,2,2,16
,2023-55384,39.68469243,-104.9580308,12/21/2023 13:58,13:58:00,12,0,2,I-25 & S UNIVERSITY BLVD,1,1,0,0,1,4,0,0,60,0,0,0,0,1,1,3,16
,2023-55392,39.71390425,-104.9888886,12/21/2023 0:00,0:00:00,6,0,0,49 W MAPLE AVE & S BANNOCK ST,14,4,3,7,1,4,0,0,,0,0,0,0,0,4,2,16
,2023-55394,39.68228019,-105.0250196,12/20/2023 14:30,14:30:00,12,0,2, FEDERAL BLVD & W JEWELL AVE,1,1,0,0,1,1,0,0,40,0,0,0,0,2,2,3,3
,2023-55400,39.7792524,-104.989165,12/23/2023 0:05,0:05:00,5,0,0,I-25 & I-70 EB,1,3,0,0,2,4,0,0,55,0,0,0,0,0,1,1,7
,2023-55401,39.75103111,-104.9405996,12/23/2023 14:23,14:23:00,1,0,0, COLORADO BLVD & E 23RD AVE,1,1,0,0,1,1,0,0,45,0,0,0,0,0,2,2,14
,2023-55402,39.7162251,-104.9408445,12/22/2023 14:51,14:51:00,12,0,0,E ELLSWORTH AVE & S COLORADO BLVD,1,1,0,0,1,1,0,0,20,0,0,0,0,0,2,2,3
,2023-55403,39.8334622,-104.693296,12/23/2023 5:00,5:00:00,15,0,0,PENA BLVD & JACKSON GAP ST,1,3,0,0,1,4,0,0,,0,0,0,0,0,4,2,16
,2023-55408,39.84928942,-104.6726895,12/23/2023 10:32,10:32:00,6,0,1,PENA BLVD & JACKSON GAP RD,1,1,0,0,1,4,0,0,,0,0,0,0,2,4,2,16
,2023-55409,39.71625095,-104.949939,12/22/2023 18:15,18:15:00,1,0,1, STEELE ST & E ELLSWORTH AVE,1,3,0,0,1,1,0,0,30,0,0,0,0,1,4,2,16
,2023-55412,39.79835615,-104.7789494,12/11/2023 13:00,13:00:00,12,0,0,E 56TH AVE & N PENA BLVD,1,1,0,0,1,4,0,0,35,0,0,0,0,0,4,2,16
,2023-55416,39.70990898,-104.9965312,12/21/2023 16:05,16:05:00,12,0,0, SANTA FE DR & W ALAMEDA AVE,1,2,1,0,1,4,0,0,,0,0,0,0,0,4,2,16
,2023-55417,39.74846118,-105.0033455,12/12/2023 14:54,14:54:00,10,0,0,AURARIA PKWY & N SPEER BLVD,1,3,0,0,1,1,0,0,35,0,0,0,0,0,4,2,16
,2023-55418,39.84521718,-104.6674044,12/23/2023 10:59,10:59:00,12,0,0,8000 PENA BLVD,1,1,3,7,1,4,0,0,35,0,0,0,0,0,4,3,1
,2023-55420,39.79252739,-104.7721476,12/23/2023 2:00,2:00:00,3,0,0, TOWER RD & E ELMENDORF DR,1,3,0,0,1,1,0,0,25,0,0,0,0,0,4,2,16
,2023-55421,39.82977314,-104.6929859,12/22/2023 12:08,12:08:00,15,0,0,JACKSON GAP,1,1,0,0,1,1,0,0,15,0,0,0,0,0,4,2,13
,2023-55422,39.78926881,-104.8470873,12/22/2023 18:35,18:35:00,14,0,0, PEORIA ST & E 51ST AVE,1,3,0,0,1,3,0,0,25,0,0,0,0,0,4,2,14
,2023-55423,39.70914949,-104.9315006,12/21/2023 15:31,15:31:00,1,0,1, DAHLIA ST & S LEETSDALE DR,1,1,0,0,1,1,0,0,35,0,0,0,0,2,2,3,13
,2023-55424,39.66617219,-104.9129628,12/23/2023 15:55,15:55:00,10,0,0, MONACO ST & E AMHERST AVE,1,1,0,0,1,1,0,0,,0,0,0,0,0,4,2,13
,2023-55426,39.74054316,-105.0177484,12/21/2023 16:22,16:22:00,15,0,0,AURARIA PKWY & W COLFAX AVE,1,2,1,0,1,3,0,0,,0,0,0,0,0,4,2,16
,2023-55427,39.7855643,-104.8962739,12/22/2023 20:06,20:06:00,16,0,0,7930 E NORTHFIELD BLVD & N TRENTON ST,1,3,0,0,5,7,0,0,10,0,0,0,0,0,3,2,16
,2023-55429,39.68769437,-105.0250411,12/22/2023 16:05,16:05:00,12,0,0, FEDERAL BLVD & W IOWA AVE,1,2,0,0,1,3,0,0,35,0,0,0,0,0,2,3,16
,2023-55431,39.79115572,-104.8330605,12/19/2023 4:20,4:20:00,6,0,0, VICTOR WAY & E 51ST AVE,1,3,0,0,1,4,0,0,25,0,0,0,0,0,4,3,14
,2023-55436,39.74377742,-104.9512622,12/22/2023 15:36,15:36:00,3,0,0, ST PAUL ST & E 17TH AVE,1,1,0,0,1,1,0,0,25,0,0,0,0,0,4,2,13
,2023-55448,39.72570812,-105.0001485,12/23/2023 21:59,21:59:00,12,0,0,W 6TH AVE & N KALAMATH ST,11,3,0,1,1,1,0,0,45,0,0,0,0,0,4,2,3
,2023-55458,39.78374645,-104.8097975,12/23/2023 22:23,22:23:00,12,0,0, CHAMBERS RD & E GREEN VALLEY RANCH BLVD,11,3,0,2,1,1,0,0,35,0,0,0,0,0,4,2,11
,2023-55459,39.68469241,-104.9579417,12/23/2023 22:12,22:12:00,12,0,0,I-25 & MM 205,11,3,0,1,1,4,0,0,55,0,0,0,0,0,1,2,3
,2023-55469,39.78026577,-104.9593086,12/24/2023 3:32,3:32:00,12,0,0,I-70 & N YORK ST,11,3,0,2,1,4,0,0,55,0,0,0,0,0,1,2,16
,2023-55470,39.775392,-104.8609439,12/23/2023 21:31,21:31:00,9,0,1,I-70 WB OFF RAMP TO  HAVANA ST & OFF RAMP MERGE PT,11,3,0,2,3,8,0,0,35,0,0,0,0,2,1,1,7
,2023-55473,39.83328865,-104.7286881,12/23/2023 5:09,5:09:00,12,0,0, PENA BLVD & N JACKSON GAP,1,3,0,0,1,4,0,0,,0,0,0,0,0,4,2,16
,2023-55474,39.67865344,-105.0250484,12/23/2023 22:31,22:31:00,12,0,0, FEDERAL BLVD & W EVANS AVE,11,3,0,1,1,4,0,0,40,0,0,0,0,0,2,2,16
,2023-55475,39.74043541,-105.020704,12/24/2023 2:35,2:35:00,15,0,0,W COLFAX AVE & I-25 SB OFF RAMP,11,3,0,0,1,4,0,0,35,0,0,0,0,0,2,2,16
,2023-55486,39.67843479,-104.9593933,12/24/2023 1:55,1:55:00,3,0,0, UNIVERSITY BLVD & E EVANS AVE,4,3,0,3,1,1,0,0,30,0,0,0,0,0,4,2,3
,2023-55488,39.77820799,-104.9101063,12/22/2023 15:57,15:57:00,12,0,0,I-70 & EB RAMP EXT TO N QUEBEC ST,1,1,0,0,1,4,0,0,55,0,0,0,0,0,1,2,3
,2023-55490,39.78377354,-104.9406113,12/23/2023 15:11,15:11:00,3,0,0,E 48TH AVE & N COLORADO BLVD,1,1,0,0,1,1,0,0,35,0,0,0,0,0,2,2,13
,2023-55503,39.72097522,-104.9522172,12/20/2023 12:03,12:03:00,11,0,1,E 3RD AVE & N MILWAUKEE ST,1,1,0,0,1,1,0,0,20,0,1,0,0,2,4,1,10
,2023-55512,39.71653246,-104.9814678,12/22/2023 0:44,0:44:00,5,0,0,10  PENNSYLVANIA ST & ELLSWORTH AVE,1,3,0,0,1,4,0,0,25,0,0,0,0,0,4,1,3
,2023-55514,39.75999166,-105.0268432,12/22/2023 18:56,18:56:00,6,0,0,2983 N GROVE ST,1,3,0,0,1,4,0,0,25,0,0,0,0,0,4,2,16
,2023-55517,39.78343911,-105.0337945,12/19/2023 13:26,13:26:00,15,0,0,I-70 & N LOWELL BLVD,1,1,0,0,1,4,0,0,55,0,0,0,0,0,1,2,16
,2023-55522,39.78374645,-104.8097975,12/21/2023 12:34,12:34:00,16,0,0,5125  CHAMBERS RD & E GATEWAY AVE,1,1,0,0,5,7,0,0,15,0,0,0,0,0,3,2,11
,2023-55523,39.7400337,-104.9988092,12/23/2023 17:31,17:31:00,12,0,0,W COLFAX AVE & N SPEER BLVD,11,3,0,1,1,1,0,0,30,0,0,0,0,0,2,2,13
,2023-55533,39.71187764,-104.9995595,12/23/2023 23:49,23:49:00,6,0,1,I-25 & W ALAMEDA AVE,11,3,0,3,3,4,0,0,55,0,1,0,0,2,1,3,16
,2023-55560,39.74392384,-105.0086782,12/7/2023 19:08,19:08:00,15,0,0,WALNUT ST & 7TH ST,1,3,0,0,1,1,0,0,30,0,0,0,0,0,4,2,13
,2023-55579,39.76907612,-104.993731,11/22/2023 21:00,21:00:00,12,0,0,I-25 SB ON RAMP & N FOX ST,1,3,0,0,1,8,0,0,,0,0,0,0,0,1,2,16
,2023-55580,39.72582092,-105.0212766,12/8/2023 14:10,14:10:00,15,0,0,WB 6TH AVE RAMP FROM  BRYANT ST & RAMP ENT GORE,1,1,0,0,1,8,0,0,45,0,0,0,0,0,2,2,16
,2023-55582,39.72911036,-104.942898,12/25/2023 16:36,16:36:00,6,0,0,E 8TH AVE & N JACKSON ST,1,1,0,0,1,3,0,0,30,0,0,0,0,0,4,2,3
,2023-55590,39.72731537,-104.9983491,12/25/2023 14:25,14:25:00,6,0,0,W 7TH AVE & N SANTA FE DR,1,1,0,0,1,4,0,0,20,0,0,0,0,0,4,2,16
,2023-55597,39.76005506,-104.865867,12/24/2023 16:37,16:37:00,3,0,0,E MLK JR BLVD & N HAVANA ST,1,3,0,0,1,1,0,0,30,0,0,0,0,0,4,2,3
,2023-55598,39.73719017,-104.904641,12/2/2023 11:35,11:35:00,6,0,0, POPLAR ST & E 13TH AVE,1,1,0,0,1,4,0,0,25,0,0,0,0,0,4,2,13
,2023-55601,39.77834322,-104.8844079,12/21/2023 14:50,14:50:00,12,0,0,I-70 WB ON RAMP & N CENTRAL PARK BLVD,1,1,0,0,1,8,0,0,55,0,0,0,0,0,1,2,16
,2023-55603,39.79349877,-104.881504,12/4/2023 15:45,15:45:00,6,0,0,E 52ND DR & N BEELER ST,1,1,0,0,1,4,0,0,,0,0,0,0,0,4,2,16
,2023-55607,39.72556866,-104.974078,12/15/2023 5:55,5:55:00,3,0,2, CORONA ST & E 6TH AVE,1,3,0,0,1,1,0,0,30,0,0,0,0,2,4,2,16
,2023-55608,39.67865638,-105.021138,12/25/2023 12:33,12:33:00,3,0,0,2770 W EVANS AVE & S CLAY ST,4,1,0,0,1,2,0,0,35,0,0,0,0,0,4,2,11
,2023-55617,39.74323368,-104.9726802,12/16/2023 14:52,14:52:00,15,0,0,PARK AVE & E 17TH AVE,1,1,0,0,1,1,0,0,,0,0,0,0,0,4,2,16
,2023-55618,39.65306979,-104.8987688,12/14/2023 19:15,19:15:00,12,0,0,E HAMPDEN AVE & S TAMARAC DR,1,3,0,0,1,3,0,0,35,0,0,0,0,0,2,2,16
,2023-55621,39.76713076,-105.0080215,12/11/2023 15:14,15:14:00,6,0,0, QUIVAS ST & W 36TH AVE,1,1,0,0,1,4,0,0,30,0,0,0,0,0,4,2,16
,2023-55622,39.7373714,-104.8917016,12/21/2023 15:49,15:49:00,6,0,0, VALENTIA ST & E 13TH AVE,1,1,0,0,1,4,0,0,25,0,0,0,0,0,4,2,16
,2023-55624,39.73675556,-104.9420781,12/25/2023 14:33,14:33:00,6,0,0,3850 E 13TH AVE,1,1,0,0,1,4,0,0,30,0,0,0,0,0,4,3,3
,2023-55626,39.79839239,-104.7721287,8/6/2023 17:10,17:10:00,3,0,1,E 56TH AVE & N TOWER RD,1,1,0,0,1,1,0,0,45,0,0,0,0,2,4,3,10
,2023-55632,39.70029088,-104.9082182,12/23/2023 22:55,22:55:00,11,0,0, ONEIDA ST & LEETSDALE DR,11,3,0,2,1,1,0,0,,0,1,0,0,0,2,1,16
,2023-55653,39.7073298,-104.9222001,11/16/2023 15:10,15:10:00,12,0,0,LEETSDALE DR & S HOLLY ST,1,1,0,0,1,4,0,0,35,0,0,0,0,0,2,2,13
,2023-55655,39.71051517,-105.0432282,12/15/2023 21:31,21:31:00,6,0,0,NEVADA PL 4300 W  S STUART ST,1,3,0,0,1,4,0,0,25,0,0,0,0,0,4,3,16
,2023-55658,39.74002003,-104.9811834,11/2/2023 18:35,18:35:00,6,0,0,E COLFAX AVE & N PENNSYLVANIA ST,1,3,0,0,1,4,0,0,30,0,0,0,0,0,2,2,16
,2023-55659,39.74033548,-105.0416834,11/18/2023 23:56,23:56:00,12,0,0,W COLFAX AVE & N RALEIGH ST,1,3,0,0,1,4,0,0,,0,0,0,0,0,2,2,16
,2023-55660,39.73674711,-105.0143478,12/17/2023 0:20,0:20:00,15,0,1,I-25 & W COLFAX AVE,1,3,0,0,1,4,0,0,55,0,0,0,0,1,1,3,14
,2023-55661,39.65683625,-105.0167512,12/16/2023 5:30,5:30:00,6,0,0,W FLOYD & 3400 W,1,3,0,0,1,4,0,0,,0,0,0,0,0,4,3,16
,2023-55676,39.65412787,-105.0531136,12/18/2023 16:17,16:17:00,12,0,0, SHERIDAN BLVD & W HAMPDEN AVE WB RAMP SPLIT,1,1,0,0,1,4,0,0,40,0,0,0,0,0,2,2,16
,2023-55677,39.7782201,-104.9047651,11/28/2023 17:30,17:30:00,12,0,0,I-70 & N QUEBEC ST,1,3,0,0,1,4,0,0,55,0,0,0,0,0,1,2,11
,2023-55688,39.79463036,-104.8143234,11/24/2023 4:05,4:05:00,6,0,0,E MAXWELL PL & N ELKHART ST,4,3,1,2,1,4,0,0,25,0,0,0,0,0,4,3,7
,2023-55694,39.78022745,-104.9487722,8/31/2023 13:13,13:13:00,15,0,0,I-70 & N STEELE ST,1,1,0,0,1,4,0,0,55,0,0,0,0,0,1,2,11
,2023-55695,39.73210361,-104.9974167,12/14/2023 20:15,20:15:00,6,0,0, 10TH AVE 700 W N INCA ST,1,3,0,0,1,4,0,0,,0,0,0,0,0,4,2,16
,2023-55698,39.76179625,-104.9405114,12/25/2023 15:56,15:56:00,1,0,3, COLORADO BLVD & E MLK JR BLVD,1,1,0,0,1,1,0,0,35,0,0,0,0,2,2,2,8
,2023-55699,39.7541496,-104.989308,12/14/2023 13:45,13:45:00,12,0,0,22ND ST & LAWRENCE ST,1,1,0,0,1,1,0,0,35,0,0,0,0,0,4,2,16
,2023-55702,39.73839829,-104.9706926,11/27/2023 17:30,17:30:00,12,0,0, LAFAYETTE ST & E 14TH AVE,1,3,0,0,1,3,0,0,,0,0,0,0,0,4,2,16
,2023-55705,39.65744556,-105.0274712,12/3/2023 6:02,6:02:00,6,0,0,W FLOYD AVE & S FEDERAL BLVD,11,1,0,0,1,4,0,0,25,0,0,0,0,0,4,3,1
,2023-55707,39.73986154,-104.9902515,12/20/2023 21:45,21:45:00,5,0,0, BANNOCK ST & W COLFAX AVE,1,3,0,0,1,2,0,0,25,0,0,0,0,0,4,1,16
,2023-55709,39.67865344,-105.0250484,12/23/2023 19:10,19:10:00,1,0,0, FEDERAL BLVD & W EVANS AVE,11,3,0,0,1,1,0,0,35,0,0,0,0,0,2,2,16
,2023-55711,39.76693669,-104.9947392,11/30/2023 19:32,19:32:00,12,0,0,I-25 NB ON RAMP SLIP & PARK AVE W,1,3,0,0,1,8,0,0,35,0,0,0,0,0,4,3,3
,2023-55712,39.67077553,-104.8660462,11/15/2023 21:00,21:00:00,12,0,0, HAVANA ST & S PARKER RD,1,3,0,0,1,3,0,0,,0,0,0,0,0,4,2,16
,2023-55713,39.71815457,-105.0324599,11/21/2023 20:54,20:54:00,3,0,0,W 1ST AVE & N KNOX CT,1,3,0,0,1,1,0,0,25,0,0,0,0,0,4,2,16
,2023-55714,39.78049482,-104.9581742,11/17/2023 12:15,12:15:00,15,0,0,I-70 & N JOSEPHINE ST,1,1,0,0,1,4,0,0,55,0,0,0,0,0,1,2,16
,2023-55715,39.78004938,-104.9410995,12/25/2023 1:36,1:36:00,3,0,3, COLORADO BLVD & E 46TH AVE S,1,3,1,0,1,1,0,0,,0,0,0,0,2,2,2,16
,2023-55716,39.74013817,-104.9438809,12/22/2023 16:38,16:38:00,15,0,0,E COLFAX AVE & N GARFIELD ST,1,3,0,0,1,4,0,0,35,0,0,0,0,0,2,2,14
,2023-55717,39.72734339,-104.9986022,11/24/2023 14:13,14:13:00,15,0,0, SANTA FE DR & W 7TH AVE,11,1,0,2,1,4,0,0,20,0,0,0,0,0,4,2,14
,2023-55718,39.77705042,-104.9801619,12/9/2023 13:40,13:40:00,6,0,0, PEARL ST & E 44TH AVE,1,1,0,0,1,4,0,0,25,0,0,0,0,0,4,2,1
,2023-55729,39.66026687,-104.8912312,12/16/2023 10:04,10:04:00,11,0,2, WILLOW ST & E DARTMOUTH AVE,1,1,1,0,1,3,0,0,25,0,1,0,0,1,4,1,11
,2023-55740,39.62414231,-105.0912913,12/25/2023 10:10,10:10:00,15,0,0, WADSWORTH BLVD & W BELLEVIEW AVE,1,1,0,0,1,1,0,0,40,0,0,0,0,0,2,2,11
,2023-55741,39.7463537,-105.0252282,12/24/2023 17:11,17:11:00,10,0,0, FEDERAL BLVD & W 19TH AVE,1,3,0,0,1,1,0,0,35,0,0,0,0,0,2,2,13
,2023-55746,39.83237871,-104.66849,12/21/2023 13:00,13:00:00,3,0,0,E 75TH AVE & N UNDERGROVE ST,1,1,0,0,1,2,0,0,,0,0,0,0,0,4,2,16
,2023-55764,39.76120072,-104.9027632,12/22/2023 8:15,8:15:00,3,0,0,E MLK BLVD & N QUEBEC ST,1,1,0,0,1,1,0,0,30,0,0,0,0,1,4,2,16
,2023-55769,39.71109334,-105.0251685,12/26/2023 3:03,3:03:00,9,0,0, FEDERAL BLVD & W ALAMEDA AVE,1,3,0,0,6,4,0,0,40,0,0,0,0,0,2,1,3
,2023-55772,39.73888903,-104.8846559,12/23/2023 7:02,7:02:00,3,0,0, YOSEMITE ST & E 14TH AVE,1,2,0,0,1,2,0,0,25,0,0,0,0,0,4,2,11
,2023-55809,39.68940007,-104.987523,12/22/2023 13:20,13:20:00,12,0,0,50 W FLORIDA AVE,1,1,0,0,1,1,0,0,20,0,0,0,0,0,4,2,13
,2023-55812,39.63557696,-104.8937527,11/26/2023 18:14,18:14:00,8,0,1,I-225 & E QUINCY AVE,1,1,0,0,1,4,0,0,,0,0,0,0,1,4,2,16
,2023-55813,39.7569148,-104.9927848,12/26/2023 7:50,7:50:00,12,0,0,22ND ST & WAZEE ST,4,1,0,2,1,4,0,0,25,0,0,0,0,0,4,2,13
,2023-55814,39.70709075,-104.9407891,12/22/2023 7:53,7:53:00,15,0,0,CHERRY CREEK  DR & S COLORADO BLVD,1,1,0,0,1,3,0,0,30,0,0,0,0,0,2,2,14
,2023-55815,39.72533829,-104.9125691,12/22/2023 8:36,8:36:00,3,0,1, MONACO ST & E 6TH AVE,1,1,0,0,1,1,0,0,30,0,0,0,0,1,4,2,11
,2023-55817,39.71371336,-105.0006685,12/21/2023 14:55,14:55:00,12,0,8,I-25 & W ALAMEDA AVE,1,1,0,0,1,4,0,0,55,0,0,0,0,1,1,6,16
,2023-55820,39.7234303,-104.9838018,12/26/2023 8:29,8:29:00,3,0,0,E SPEER BLVD & N GRANT ST,5,1,0,2,1,1,0,0,30,0,0,0,0,0,4,2,1
,2023-55830,39.688762,-104.9717995,12/22/2023 7:49,7:49:00,12,0,1,I-25 SB ON RAMP & S DOWNING ST,1,1,1,0,1,8,0,0,35,0,0,0,0,1,1,2,13
,2023-55831,39.65315024,-105.0533019,12/26/2023 8:15,8:15:00,15,0,0,W HAMPDEN AVE & S SHERIDAN BLVD,5,1,1,0,1,4,0,0,65,0,0,0,0,0,2,2,14
,2023-55832,39.77656473,-105.0158431,12/26/2023 12:02,12:02:00,3,0,0,W 44TH AVE & N ZUNI ST,4,1,0,2,1,1,0,0,30,0,0,0,0,0,4,2,13
,2023-55838,39.6529158,-104.91766,12/26/2023 4:49,4:49:00,12,0,0,I-25 OFF RAMP & E HAMPDEN AVE,4,3,1,2,1,8,0,0,25,0,0,0,0,0,4,2,16
,2023-55839,39.77854138,-104.9213817,12/26/2023 9:26,9:26:00,5,0,1,I-70 & N HOLLY ST,10,1,1,2,2,4,0,0,55,0,0,0,0,1,1,1,13
,2023-55841,39.7789656,-104.780661,12/26/2023 12:15,12:15:00,14,0,0,E 45TH AVE & N TRUCKEE ST,9,1,0,0,1,4,0,0,20,0,0,0,0,0,4,2,16
,2023-55843,39.76118838,-104.9027527,12/26/2023 9:00,9:00:00,3,0,0, QUEBEC ST & E MLK BLVD,7,1,0,2,1,1,0,0,,0,0,0,0,0,4,2,16
,2023-55850,39.77085821,-104.7708598,12/15/2023 10:44,10:44:00,6,0,0, ANDES ST & E 45TH AVE,1,3,0,0,1,4,0,0,20,0,0,0,0,0,4,2,16
,2023-55851,39.73622092,-105.0159636,12/24/2023 20:39,20:39:00,10,0,0, ZUNI ST & W 13TH AVE,1,3,0,0,1,4,0,0,30,0,0,0,0,0,4,2,16
,2023-55852,39.83375393,-104.7471361,12/26/2023 9:24,9:24:00,5,0,3,E-470 & PENA BLVD,4,1,1,2,2,4,0,0,75,0,0,0,0,1,2,1,16
,2023-55883,39.67122287,-104.9036053,12/23/2023 3:09,3:09:00,3,0,0, QUEBEC ST & E HARVARD AVE,1,3,0,0,1,3,0,0,25,0,0,0,0,0,4,2,3
,2023-55884,39.72910382,-104.987404,12/23/2023 11:00,11:00:00,3,0,1,BROADWAY & E 8TH AVE,1,1,0,0,1,1,0,0,35,0,0,0,0,2,4,2,13
,2023-55917,39.71803017,-104.9522055,12/22/2023 11:54,11:54:00,10,0,0, MILWAUKEE ST & E 1ST AVE,1,1,0,0,1,1,0,0,30,0,0,0,0,0,4,2,16
,2023-55918,39.7504829,-104.997519,12/26/2023 8:13,8:13:00,6,0,0,MARKET ST & 17TH ST,9,1,0,2,1,4,0,0,25,0,0,0,0,0,4,2,13
,2023-55924,39.75734059,-105.0100274,12/22/2023 11:08,11:08:00,12,0,0,I-25 & N SPEER BLVD,1,1,0,0,1,4,0,0,55,0,0,0,0,0,1,2,16
,2023-55928,39.69674513,-105.0297284,12/26/2023 16:47,16:47:00,3,0,0,W MISSISSIPPI AVE & S IRVING ST,11,1,0,2,1,1,0,0,20,0,0,0,0,0,4,2,8
,2023-55929,39.79097631,-104.9428698,11/28/2023 19:19,19:19:00,15,0,0, JACKSON ST & E 52ND AVE,1,3,0,0,1,3,0,0,,0,0,0,0,0,4,2,16
,2023-55930,39.74748645,-104.9769615,12/22/2023 9:35,9:35:00,3,0,0, CLARKSON ST & E 20TH AVE,1,1,0,0,1,1,0,0,25,0,0,0,0,1,4,2,11
,2023-55933,39.74424315,-104.9934042,12/23/2023 6:51,6:51:00,3,0,0,15TH ST & CALIFORNIA ST,1,3,0,0,1,1,0,0,20,0,0,0,0,0,4,2,16
,2023-55953,39.76509071,-104.8778978,12/23/2023 10:03,10:03:00,6,0,0,E 35TH AVE & N BOSTON ST,1,4,0,0,1,12,0,0,,0,0,0,0,0,4,2,16
,2023-55955,39.71123486,-105.0460891,12/26/2023 10:58,10:58:00,3,0,0, UTICA ST & W ALAMEDA AVE,5,1,1,0,1,1,0,0,25,0,0,0,0,0,2,2,10
,2023-55962,39.65315024,-105.0533019,12/26/2023 8:15,8:15:00,15,0,0,W HAMPDEN AVE & S SHERIDAN BLVD,9,1,0,2,1,4,0,0,65,0,0,0,0,0,2,2,16
,2023-55964,39.66750574,-104.8661332,12/26/2023 2:10,2:10:00,3,0,2, HAVANA ST & E YALE AVE,9,3,0,2,1,1,0,0,35,0,0,0,0,2,2,2,11
,2023-55967,39.61832865,-105.0913762,12/23/2023 15:27,15:27:00,15,0,0, WADSWORTH BLVD & W CRESTLINE AVE,1,1,0,0,1,3,0,0,,0,0,0,0,0,2,2,16