id,drcog_id,latitude,longitude,crashtime,time,crashtype,numbkilled,numbinjurd,drcoglocat,rdconditin,lightngcon,roadcntgrd,weatherco,location,roaddescrp,schoolzone,constrzone,splimit,bikeinv,pedinv,sctrinv,motoinv,svrty,rdsystem,ttlvehcls,hcf
,2023-55969,39.73202612,-104.9822562,12/23/2023 16:45,16:45:00,2,0,0, LOGAN ST & E 10TH AVE,11,3,0,1,1,1,0,0,25,1,0,0,0,0,4,1,13
,2023-55973,39.73318869,-105.053221,12/23/2023 12:37,12:37:00,3,0,0, SHERIDAN BLVD & W 10TH AVE,1,1,0,0,1,2,0,0,35,0,0,0,0,0,2,2,1
,2023-55994,39.71115945,-104.9863808,12/27/2023 8:20,8:20:00,3,0,0,E ALAMEDA AVE & S LINCOLN ST,1,1,0,0,1,1,0,0,35,0,0,0,0,0,4,3,3
,2023-56000,39.72026492,-105.0207463,12/22/2023 16:26,16:26:00,10,0,0,W 2ND AVE & N CLAY ST,1,1,1,0,1,3,0,0,,0,0,0,0,0,4,2,16
,2023-56002,39.74137605,-104.9389473,12/27/2023 12:00,12:00:00,3,0,0, ALBION ST & E 16TH AVE,1,1,0,0,1,1,0,0,25,0,0,0,0,0,4,2,3
,2023-56003,39.66583636,-105.0532465,12/20/2023 15:00,15:00:00,12,0,0, SHERIDAN BLVD & W AMHERST AVE,14,5,1,7,1,4,0,0,,0,0,0,0,0,2,2,16
,2023-56004,39.64545723,-104.9128178,12/26/2023 20:22,20:22:00,6,0,0,3935  MONACO ST & E MANSFIELD AVE,9,3,0,2,1,4,0,0,25,0,0,0,0,0,4,2,16
,2023-56005,39.61440568,-105.0914735,12/26/2023 13:38,13:38:00,12,0,0,W CROSS DR & S WADSWORTH BLVD,1,1,0,0,1,3,0,0,30,0,0,0,0,0,4,2,13
,2023-56010,39.69671641,-105.0043015,12/26/2023 12:20,12:20:00,3,0,0,W MISSISSIPPI AVE & S NAVAJO ST,1,1,0,0,1,2,0,0,,0,0,0,0,0,4,3,3
,2023-56011,39.77282663,-104.7914832,12/27/2023 15:15,15:15:00,12,0,0,E 40TH AVE,1,1,0,0,1,4,0,0,65,0,0,0,0,0,2,2,11
,2023-56013,39.77791212,-104.8506835,12/27/2023 1:00,1:00:00,5,0,0,E 45TH AVE & N PARIS ST,4,3,0,2,2,1,0,0,25,0,0,0,0,0,4,1,7
,2023-56016,39.71702315,-104.8955712,12/26/2023 14:00,14:00:00,12,0,0,E FAIRMOUNT DR & E LOWRY BLVD,9,1,0,2,1,1,0,0,25,0,0,0,0,0,4,2,3
,2023-56023,39.62842945,-104.9041392,12/27/2023 9:51,9:51:00,12,0,2,I-25 & I-225 COLLECTOR RAMP ENT,12,1,0,0,1,8,0,0,65,0,0,0,0,1,1,2,16
,2023-56025,39.72533829,-104.9125691,12/27/2023 9:00,9:00:00,3,0,0,E 6TH AVE & N MONACO ST,11,1,0,0,1,1,0,0,,0,0,0,0,0,4,2,16
,2023-56026,39.77454809,-104.8511581,12/26/2023 19:42,19:42:00,15,0,0,I-70 WB ON RAMP FROM  PEORIA ST & ON RAMP MERGE PT,10,3,0,2,1,8,0,0,65,0,0,0,0,0,1,2,13
,2023-56027,39.6857316,-104.9128872,12/26/2023 12:45,12:45:00,10,0,0, MONACO ST & E MEXICO AVE,8,1,0,0,1,1,0,0,35,0,0,0,0,0,4,2,14
,2023-56030,39.7346899,-104.9395185,11/29/2023 16:23,16:23:00,2,0,1,E 12TH AVE & N ALBION ST,1,1,0,0,1,1,0,0,30,1,0,0,0,2,4,1,1
,2023-56032,39.68572242,-105.0421895,12/22/2023 17:26,17:26:00,6,0,0, RALEIGH ST & W MEXICO AVE,1,4,1,0,1,4,0,0,25,0,0,0,0,1,4,2,1
,2023-56033,39.70199771,-104.9850992,12/26/2023 18:31,18:31:00,3,0,0, SHERMAN ST & E OHIO AVE,9,3,0,2,1,1,0,0,25,0,0,0,0,1,4,3,7
,2023-56034,39.77067931,-104.8657982,12/27/2023 17:54,17:54:00,12,0,0,HAVANA ST & 40TH ST,1,3,0,0,1,4,0,0,,0,0,0,0,0,4,2,16
,2023-56035,39.74325834,-104.978739,12/26/2023 15:30,15:30:00,10,0,0, WASHINGTON ST & E 17TH AVE,9,1,0,2,1,1,0,0,25,0,0,0,0,0,4,2,3
,2023-56036,39.70853286,-105.0298145,12/27/2023 13:52,13:52:00,3,0,0, IRVING ST & W ALASKA PL,1,1,0,0,1,1,0,0,25,0,0,0,0,0,4,2,11
,2023-56037,39.6985903,-104.9035445,12/26/2023 12:30,12:30:00,3,0,1,LEETSDALE DR & S QUEBEC ST,9,1,0,2,1,1,0,0,35,0,0,0,0,1,2,2,1
,2023-56038,39.65615248,-105.0532234,12/26/2023 21:58,21:58:00,1,0,0, SHERIDAN BLVD & W DARTMOUTH AVE,11,3,0,0,1,1,0,0,40,0,0,0,0,0,2,2,7
,2023-56042,39.78380041,-105.0008495,12/26/2023 14:57,14:57:00,12,0,0,W 48TH AVE & N KALAMATH ST,4,1,0,2,1,4,0,0,35,0,0,0,0,1,4,2,13
,2023-56043,39.65315376,-105.0530885,12/27/2023 6:31,6:31:00,1,0,0,W HAMPDEN AVE & S SHERIDAN BLVD,1,1,0,0,1,1,0,0,30,0,0,0,0,0,2,2,11
,2023-56045,39.77822775,-104.9222929,12/26/2023 16:35,16:35:00,5,0,1,I-70 & N HOLLY ST,10,3,0,2,2,4,0,0,55,0,0,0,0,2,1,1,10
,2023-56056,39.73841483,-104.9752965,12/10/2023 22:27,22:27:00,3,0,0, OGDEN ST & E 14TH AVE,1,3,0,0,1,1,0,0,30,0,0,0,0,0,4,2,16
,2023-56057,39.74030424,-105.0139353,12/27/2023 12:35,12:35:00,12,0,0,I-25 & W COLFAX AVE,1,1,0,0,1,4,0,0,55,0,0,0,0,0,1,2,16
,2023-56060,39.71112678,-104.9698597,12/27/2023 13:03,13:03:00,8,0,0, HUMBOLDT ST & E ALAMEDA AVE,1,1,0,0,1,1,0,0,30,0,0,0,0,0,4,2,11
,2023-56062,39.69293304,-104.9405488,12/26/2023 8:30,8:30:00,12,0,0, COLORADO BLVD & E LOUISIANA AVE,10,1,0,2,1,1,0,0,30,0,0,0,0,0,2,2,3
,2023-56063,39.75462818,-104.9769615,12/27/2023 11:00,11:00:00,15,0,0,E 26TH AVE & N CLARKSON ST,1,1,0,0,1,1,0,0,25,0,0,0,0,0,4,2,3
,2023-56064,39.75709514,-104.9907059,12/26/2023 8:29,8:29:00,3,0,1,PARK AVE W & BLAKE ST,9,1,0,2,1,1,0,0,30,0,0,0,0,3,4,2,16
,2023-56066,39.70397469,-104.9940885,12/2/2023 21:56,21:56:00,12,0,0,I-25 SB ON RAMP FROM  SANTA FE DR & RAMP METER TRAFFIC LIGHT,1,3,1,0,1,8,0,0,,0,0,0,0,0,1,2,16
,2023-56069,39.75103111,-104.9405996,12/4/2023 16:35,16:35:00,12,0,0, COLORADO BLVD & E 23RD AVE,1,3,0,0,1,3,0,0,35,0,0,0,0,0,2,2,13
,2023-56083,39.77317136,-104.847028,12/27/2023 12:15,12:15:00,15,0,0, PEORIA ST & I-70 EB RAMPS,1,1,0,0,1,4,0,0,35,0,0,0,0,0,4,2,16
,2023-56084,39.75800641,-104.9033938,12/27/2023 10:15,10:15:00,1,0,0, QUEBEC ST & E 29TH AVE,1,1,0,0,1,1,0,0,35,0,0,0,0,0,4,2,14
,2023-56085,39.77483213,-104.8469725,11/27/2023 0:24,0:24:00,3,0,1,I-70 WB OFF RAMP & PEORIA ST,1,3,0,0,1,1,0,0,35,0,0,0,0,2,4,2,16
,2023-56086,39.64867756,-104.9157569,12/27/2023 12:10,12:10:00,12,0,0,I-25 & E HAMPDEN AVE,1,1,0,0,1,4,0,0,65,0,0,0,0,0,1,2,16
,2023-56099,39.69293304,-104.9405488,12/27/2023 15:00,15:00:00,15,0,0, COLORADO BLVD & E LOUISIANA AVE,1,1,0,0,1,1,0,0,35,0,0,0,0,0,2,2,3
,2023-56109,39.68512027,-104.9405428,12/27/2023 10:19,10:19:00,15,0,0, COLORADO BLVD & E MEXICO AVE,1,1,0,0,1,4,0,0,45,0,0,0,0,0,2,2,7
,2023-56126,39.72573924,-105.025213,12/27/2023 10:49,10:49:00,1,0,1, FEDERAL BLVD & W 6TH AVE WB RAMPS,1,1,0,0,1,1,0,0,35,0,0,0,0,2,2,2,1
,2023-56134,39.80273726,-104.7706412,12/27/2023 13:52,13:52:00,12,0,0, OFF RAMP & N TOWER RD,1,1,0,0,1,8,0,0,25,0,0,0,0,0,2,2,11
,2023-56141,39.66049974,-105.0169319,12/26/2023 13:50,13:50:00,12,0,0,W DARTMOUTH AVE & S ALCOTT ST,11,1,0,0,1,1,0,0,20,0,0,0,0,0,4,2,16
,2023-56143,39.69666624,-104.9936756,12/27/2023 12:07,12:07:00,15,0,0,W MISSISSIPPI AVE & S PLATTE RIVER DR,1,1,0,0,1,4,0,0,30,0,0,0,0,0,4,2,8
,2023-56153,39.8244499,-104.7848702,12/26/2023 3:27,3:27:00,5,0,1,PENA BLVD & TOWER RD,1,3,0,0,2,4,0,0,65,0,0,0,0,3,4,1,16
,2023-56165,39.75932528,-104.993589,12/22/2023 13:58,13:58:00,11,0,1,PARK AVE W & DELGANY ST,1,1,0,0,1,1,0,0,0,0,0,1,0,3,4,1,16
,2023-56195,39.69762425,-105.0343336,12/1/2023 4:37,4:37:00,11,0,1,W HOYE PL & S LOWELL BLVD,1,3,0,0,1,4,0,0,,0,1,0,0,3,4,2,3
,2023-56196,39.72292061,-105.0105357,12/27/2023 14:25,14:25:00,12,0,2,I-25 & W 6TH AVE,1,1,0,0,1,4,0,0,55,0,0,0,0,1,1,2,16
,2023-56216,39.72253488,-104.9473781,12/28/2023 5:52,5:52:00,3,0,0, COOK ST & E 4TH AVE,1,3,1,0,1,1,0,0,25,0,0,0,0,0,4,2,11
,2023-56217,39.71119398,-104.9971292,12/28/2023 9:15,9:15:00,12,0,0,W ALAMEDA AVE & S SANTA FE DR,1,1,0,0,1,1,0,0,30,0,0,0,0,0,4,2,3
,2023-56219,39.65303635,-104.9085889,12/28/2023 8:51,8:51:00,15,0,0,E HAMPDEN AVE & S ONEIDA WY,1,1,0,0,1,4,0,0,35,0,0,0,0,0,2,2,8
,2023-56224,39.78021045,-104.809851,12/27/2023 13:25,13:25:00,3,0,0, CHAMBERS RD & E BOLLING DR,1,1,0,0,1,2,0,0,,0,0,0,0,0,4,2,16
,2023-56225,39.66768135,-105.0349504,12/28/2023 13:54,13:54:00,3,0,3,W YALE AVE & S LOWELL BLVD,1,1,0,0,1,1,0,0,30,0,0,0,0,2,4,2,13
,2023-56226,39.78383162,-105.0064365,12/27/2023 8:04,8:04:00,3,0,0, PECOS ST & W 48TH AVE,11,1,0,0,1,6,0,0,25,0,0,0,0,0,1,2,8
,2023-56229,39.74024151,-104.9512384,12/28/2023 13:10,13:10:00,6,0,0,E COLFAX AVE & ST PAUL ST,1,1,0,0,1,4,0,0,30,0,0,0,0,0,2,2,13
,2023-56230,39.74020591,-105.005283,12/28/2023 14:03,14:03:00,1,0,0,W COLFAX AVE & N OSAGE ST,1,1,0,0,1,1,0,0,30,0,0,0,0,0,2,2,11
,2023-56238,39.7529259,-104.980462,12/29/2023 14:14,14:14:00,3,0,0,25TH ST & WELTON ST,1,1,0,0,1,1,0,0,25,0,0,0,0,0,4,2,16
,2023-56241,39.71122179,-104.9129192,12/28/2023 12:30,12:30:00,12,0,0, MONACO ST & E ALAMEDA AVE,1,1,0,0,1,1,0,0,30,0,0,0,0,0,4,2,3
,2023-56248,39.68226756,-105.0086782,12/27/2023 17:22,17:22:00,10,0,0,W JEWELL AVE & S RARITAN ST,1,2,1,0,1,1,0,0,25,0,0,0,0,0,4,2,1
,2023-56253,39.73838971,-104.9647686,12/28/2023 14:00,14:00:00,12,0,0, HIGH ST & E 14TH AVE,1,1,0,0,1,1,0,0,25,0,0,0,0,0,4,2,14
,2023-56254,39.73293463,-105.0275071,12/28/2023 15:50,15:50:00,3,0,0,W 10TH AVE & N HAZEL CT,1,3,0,0,1,1,0,0,25,0,0,0,0,0,4,2,8
,2023-56258,39.74027859,-105.014215,12/27/2023 17:07,17:07:00,12,0,0,I-25 & W COLFAX AVE,1,3,1,0,1,4,0,0,55,0,0,0,0,0,1,2,10
,2023-56259,39.74853517,-105.0029004,12/28/2023 9:38,9:38:00,12,0,0,BLAKE ST & N SPEER BLVD,1,1,0,0,1,4,0,0,30,0,0,0,0,0,4,2,8
,2023-56260,39.72560512,-104.9440085,12/28/2023 17:05,17:05:00,12,0,0,E 6TH AVE & N GARFIELD ST,1,3,0,0,1,1,0,0,35,0,0,0,0,0,4,2,3
,2023-56261,39.687377,-104.9035386,12/23/2023 13:50,13:50:00,3,0,2,E IOWA AVE & S QUEBEC ST,1,1,0,0,1,1,0,0,25,0,0,0,0,1,4,2,13
,2023-56262,39.67864581,-105.0245034,12/28/2023 12:34,12:34:00,15,0,0,W EVANS AVE & S FEDERAL BLVD,1,1,0,0,1,4,0,0,,0,0,0,0,0,4,2,16
,2023-56265,39.74014215,-104.957428,12/28/2023 17:55,17:55:00,12,0,0, COLUMBINE ST & E COLFAX AVE,1,3,0,0,1,1,0,0,25,0,0,0,0,0,2,2,13
,2023-56266,39.7546234,-104.9745725,12/28/2023 13:32,13:32:00,3,0,1,E 26TH AVE & N OGDEN ST,1,1,0,0,1,1,0,0,25,0,0,0,0,2,4,2,13
,2023-56268,39.77904079,-104.8657516,12/29/2023 6:52,6:52:00,15,0,0, HAVANA ST & E 45TH AVE,1,1,0,0,1,4,0,0,45,0,0,0,0,0,4,2,16
,2023-56271,39.72711541,-104.9601859,12/29/2023 15:50,15:50:00,8,0,0,E 7TH AVE PKWY & N YORK ST,1,1,0,0,1,1,0,0,30,0,0,0,0,0,4,2,8
,2023-56272,39.72553999,-105.0479278,12/29/2023 15:49,15:49:00,12,0,0,W 6TH AVE & N SHERIDAN BLVD,1,1,1,0,1,4,0,0,55,0,0,0,0,0,2,2,16
,2023-56276,39.79371928,-104.8097295,12/29/2023 9:27,9:27:00,12,0,0, CHAMBERS RD & E MAXWELL PL,1,1,0,0,1,4,0,0,35,0,0,0,0,0,4,2,16
,2023-56281,39.69301688,-104.9827769,12/24/2023 17:41,17:41:00,3,0,1, LOGAN ST & E LOUISIANA AVE,1,3,0,0,1,1,0,0,35,0,0,0,0,1,4,2,13
,2023-56286,39.72328221,-105.011011,12/28/2023 12:47,12:47:00,12,0,1,I-25 & W 6TH AVE FWY,1,1,0,0,1,4,0,0,55,0,0,0,0,1,1,4,16
,2023-56292,39.7509866,-104.9948919,12/29/2023 17:45,17:45:00,15,0,0,18TH ST & LARIMER ST,1,3,0,0,1,4,0,0,25,0,0,0,0,0,4,2,13
,2023-56293,39.76738114,-104.9025448,12/28/2023 12:53,12:53:00,15,0,0,E 36TH AVE & N QUEBEC ST,1,1,0,0,1,1,0,0,35,0,0,0,0,0,4,2,16
,2023-56294,39.7111994,-104.9988936,12/28/2023 12:34,12:34:00,15,0,0,I-25 & W ALAMEDA AVE,1,1,0,0,1,4,0,0,55,0,0,0,0,0,1,2,16
,2023-56295,39.75536813,-105.0127769,12/29/2023 12:13,12:13:00,12,0,0,I-25 & N SPEER BLVD,1,1,0,0,1,4,0,0,55,0,0,0,0,0,1,2,10
,2023-56296,39.76705782,-104.9842992,12/26/2023 9:00,9:00:00,6,0,0,ARKINS CT & 31ST ST,9,1,0,2,1,3,0,0,,0,0,0,0,0,4,2,16
,2023-56303,39.77315808,-105.0345984,12/28/2023 15:18,15:18:00,8,0,0,W 41ST AVE & N LOWELL BLVD,1,1,0,0,1,1,0,0,20,0,0,0,0,1,4,2,11
,2023-56305,39.76180012,-104.9405894,12/28/2023 9:45,9:45:00,12,0,0,E MLK JR BLVD & N COLORADO BLVD,1,1,0,0,1,1,0,0,30,0,0,0,0,0,2,2,1
,2023-56306,39.77295507,-104.8348136,12/27/2023 20:20,20:20:00,15,0,0,I-70 & I-225 ON RAMP ENT,1,3,1,0,1,8,0,0,55,0,0,0,0,0,1,2,13
,2023-56307,39.6683231,-104.9406271,12/28/2023 16:15,16:15:00,11,0,1,4100 E YALE AVE & COLORADO BLVD,1,1,0,0,1,2,0,0,,0,0,1,0,2,4,1,16
,2023-56313,39.71120246,-104.9971447,12/27/2023 14:45,14:45:00,12,0,0, SANTA FE DR & W ALAMEDA AVE,1,1,0,0,1,1,0,0,35,0,0,0,0,0,4,2,3
,2023-56319,39.75932586,-104.9936049,12/28/2023 17:00,17:00:00,3,0,0,DELGANY ST & PARK AVE W,1,2,0,0,1,1,0,0,25,0,0,0,0,0,4,2,3
,2023-56325,39.84747745,-104.6739501,12/30/2023 15:22,15:22:00,15,0,0,PENA BLVD & E 84TH AVE,1,1,1,0,1,4,0,0,35,0,0,0,0,0,4,2,8
,2023-56334,39.77000621,-104.8098794,12/28/2023 20:40,20:40:00,6,0,0, CHAMBERS RD & I-70 EB RAMPS,1,3,0,0,1,3,0,0,35,0,0,0,0,0,4,2,11
,2023-56337,39.74013458,-105.0052347,12/30/2023 10:57,10:57:00,12,0,0, OSAGE ST & W COLFAX AVE,1,1,0,0,1,1,0,0,30,0,0,0,0,0,2,2,13
,2023-56339,39.77932717,-104.839805,12/29/2023 16:49,16:49:00,15,0,0,E ALBROOK DR & N CROWN BLVD,1,1,0,0,1,1,0,0,25,0,0,0,1,0,4,2,1
,2023-56343,39.78735126,-104.9890929,12/28/2023 1:07,1:07:00,5,0,0,I-25 NB ON RAMP FROM -70 & ON RAMP ENT,1,3,0,0,3,8,0,0,35,0,0,0,0,0,1,1,10
,2023-56344,39.67341666,-105.0156923,12/29/2023 12:34,12:34:00,1,0,0, ZUNI ST & W WESLEY AVE,1,1,0,0,1,1,0,0,30,0,0,0,0,0,4,2,13
,2023-56345,39.6241917,-105.0948168,12/24/2023 18:03,18:03:00,5,0,0,W BELLEVIEW AVE & S DUDLEY ST,9,3,0,0,3,2,0,0,40,0,0,0,0,0,4,1,11
,2023-56346,39.75016415,-104.9961837,12/28/2023 10:06,10:06:00,15,0,0,LARIMER ST & 17TH ST,1,1,0,0,1,1,0,0,25,0,0,0,0,0,4,2,13
,2023-56347,39.71217018,-104.9994702,12/29/2023 11:16,11:16:00,15,0,3,I-25 & W ALAMEDA AVE,1,1,0,0,1,4,0,0,55,0,0,0,0,1,1,4,16
,2023-56349,39.74001267,-104.9693291,12/29/2023 12:50,12:50:00,12,0,1,E COLFAX AVE & HUMBOLDT ST,1,1,0,0,1,3,0,0,30,0,0,0,0,2,2,4,13
,2023-56353,39.75104228,-104.9407761,12/30/2023 12:10,12:10:00,12,0,0,E 23RD AVE & N COLORADO BLVD,1,1,0,0,1,4,0,0,35,0,0,0,0,0,4,2,16
,2023-56358,39.67845676,-104.9190593,12/29/2023 12:19,12:19:00,11,0,1,E EVANS AVE & S JASMINE ST,1,1,0,0,1,2,0,0,35,0,1,0,0,3,4,1,11
,2023-56359,39.77833006,-104.8174076,12/29/2023 15:32,15:32:00,3,0,0,E 46TH AVE & N EUGENE WAY,1,1,0,0,1,1,0,0,25,0,0,0,0,0,4,2,16
,2023-56364,39.73682653,-104.9684938,12/29/2023 11:56,11:56:00,12,0,0,E 13TH AVE & N FRANKLIN ST,1,1,0,0,1,1,0,0,35,0,0,0,0,0,4,2,16
,2023-56367,39.6966599,-104.9918701,12/30/2023 8:18,8:18:00,3,0,2,W MISSISSIPPI AVE & S SANTA FE DR,1,1,0,0,1,1,0,0,40,0,0,0,0,2,2,2,16
,2023-56369,39.72563057,-104.9836306,12/30/2023 5:58,5:58:00,3,0,0,E 6TH AVE & N GRANT ST,1,1,0,0,1,1,0,0,30,0,0,0,0,1,4,2,14
,2023-56370,39.74750077,-104.9781777,8/27/2023 17:15,17:15:00,3,0,1,PARK AVE & E 20TH AVE,11,1,0,1,1,1,0,0,40,0,0,0,0,2,4,2,16
,2023-56374,39.74021143,-104.9124455,12/30/2023 15:01,15:01:00,3,0,0,E COLFAX AVE & N MONACO ST PKWY,1,1,0,0,1,1,0,0,35,0,0,0,0,0,2,2,14
,2023-56387,39.78359786,-105.0113114,12/29/2023 14:11,14:11:00,5,0,0,I-70 & N PECOS ST,1,1,0,0,2,4,0,0,55,0,0,0,0,0,1,3,10
,2023-56390,39.66773319,-105.0813636,12/5/2023 16:40,16:40:00,12,0,0,W YALE AVE & S WADSWORTH BLVD,1,1,0,0,1,3,0,0,,0,0,0,0,0,2,3,16
,2023-56391,39.74004789,-105.0000727,12/30/2023 12:39,12:39:00,1,0,0, KALAMATH ST & W COLFAX AVE,1,1,0,0,1,1,0,0,30,0,0,0,0,0,2,2,13
,2023-56396,39.79109,-105.0239532,12/29/2023 15:14,15:14:00,3,0,0, ELIOT ST & W 52ND AVE,1,1,0,0,1,1,0,0,30,0,0,0,0,0,4,2,11
,2023-56397,39.71109979,-105.0169146,12/30/2023 13:08,13:08:00,3,0,0, ALCOTT ST & W ALAMEDA AVE,1,1,0,0,1,1,0,0,35,0,0,0,0,0,2,2,13
,2023-56398,39.77952114,-104.9823433,12/30/2023 11:27,11:27:00,15,0,0,I-70 EB ON RAMP & N WASHINGTON ST,1,1,0,0,1,8,0,0,55,0,0,0,0,0,1,2,11
,2023-56401,39.83412078,-104.7471336,12/30/2023 5:56,5:56:00,15,0,0,E-470,11,3,0,0,1,4,0,0,50,0,0,0,0,1,4,2,1
,2023-56404,39.77893544,-104.9582476,12/30/2023 0:28,0:28:00,8,0,0,E 45TH AVE & N JOSEPHINE ST,1,3,0,0,1,1,0,0,25,0,0,0,0,0,4,2,1
,2023-56406,39.72570812,-105.0001485,12/8/2023 1:07,1:07:00,12,0,0,W 6TH AVE & N KALAMATH ST,1,3,0,0,1,3,0,0,45,0,0,0,0,0,4,2,16
,2023-56407,39.71121283,-104.9129298,12/25/2023 14:48,14:48:00,3,0,0,E ALAMEDA AVE & S MONACO ST,1,1,0,0,1,1,0,0,35,0,0,0,0,0,4,2,13
,2023-56408,39.78367989,-104.9895249,12/30/2023 19:06,19:06:00,12,0,2,I-25 & I-70,1,3,0,0,1,4,0,0,,0,0,0,0,2,1,2,16
,2023-56410,39.72136679,-104.9874596,12/30/2023 2:32,2:32:00,12,0,0,BROADWAY & W 3RD AVE,1,3,0,0,1,3,0,0,30,0,0,0,0,0,4,2,14
,2023-56411,39.71478899,-104.9875253,12/27/2023 15:33,15:33:00,3,0,0, BROADWAY & E BAYAUD AVE,1,1,0,0,1,9,0,0,,0,0,0,0,0,4,2,1
,2023-56413,39.75492733,-105.0021719,12/1/2023 21:45,21:45:00,6,0,0,17TH ST & CHESTNUT PL,1,3,0,0,1,4,0,0,,0,0,0,0,0,4,2,16
,2023-56417,39.77221828,-104.9744445,11/16/2023 22:30,22:30:00,12,0,0,38TH ST & WYNKOOP ST,1,3,0,0,1,3,0,0,35,0,0,0,0,0,4,2,16
,2023-56418,39.73767106,-104.8905612,12/29/2023 22:00,22:00:00,6,0,0, VERBENA ST & E 13TH AVE,1,4,0,0,1,4,0,0,,0,0,0,0,0,4,3,16
,2023-56419,39.6752345,-104.9308656,7/22/2023 18:53,18:53:00,15,0,0,I-25 & E EVANS AVE,1,1,0,0,1,4,0,0,65,0,0,0,0,0,1,2,13
,2023-56420,39.7728302,-104.7960386,12/30/2023 12:34,12:34:00,15,0,0,E 40TH AVE & N AIRPORT WAY,1,1,0,0,1,4,0,0,40,0,0,0,0,0,4,2,14
,2023-56421,39.74383685,-105.0532219,12/19/2023 13:30,13:30:00,15,0,0, SHERIDAN BLVD & W 17TH AVE,1,1,0,0,1,4,0,0,,0,0,0,0,0,2,2,16
,2023-56431,39.73691407,-105.0159104,12/31/2023 17:55,17:55:00,15,0,0,W 13TH AVE & N ZUNI ST,1,1,0,0,1,3,0,0,25,0,0,0,0,0,4,2,16
,2023-56438,39.74006977,-105.0049984,12/31/2023 12:43,12:43:00,12,0,0,W COLFAX AVE & N OSAGE ST,1,1,0,0,1,4,0,0,35,0,0,0,0,0,2,2,13
,2023-56440,39.78272609,-104.9889303,12/31/2023 1:49,1:49:00,6,0,0,I-70 WB OFF RAMP TO NB -25 & I-70 RAMP WB,1,4,1,0,1,8,0,0,55,0,0,0,0,0,1,2,13
,2023-56441,39.73475794,-105.0286726,12/31/2023 14:57,14:57:00,1,0,0,W 12TH AVE & N HOOKER ST,1,1,0,0,1,3,0,0,25,0,0,0,0,0,4,2,11
,2023-56445,39.72414038,-104.9862633,12/31/2023 14:23,14:23:00,10,0,0,E 5TH AVE & N LINCOLN ST,1,3,0,0,1,1,0,0,40,0,0,0,0,0,4,2,13
,2023-56447,39.76893527,-104.9246133,12/30/2023 0:00,0:00:00,6,0,0,3672  GRAPE ST & E 38TH AVE,1,3,0,0,1,4,0,0,,0,0,0,0,0,4,2,16
,2023-56448,39.63913411,-104.8854048,12/30/2023 21:30,21:30:00,12,0,0,I-225 & S YOSEMITE ST,1,3,0,0,1,4,0,0,65,0,0,0,0,0,1,2,3
,2023-56450,39.78661618,-104.8162672,12/31/2023 1:13,1:13:00,5,0,0,5130 N DURHAM CT,1,3,0,0,2,4,0,0,35,0,0,0,0,0,4,1,3
,2023-56452,39.71705946,-104.9037056,12/31/2023 12:46,12:46:00,15,0,0,E LOWRY BLVD & N QUEBEC ST,1,1,0,0,1,3,0,0,35,0,0,0,0,0,4,2,13
,2023-56457,39.70214313,-104.9875274,12/30/2023 15:18,15:18:00,3,0,1, BROADWAY & E OHIO AVE,1,1,0,0,1,1,0,0,25,0,0,0,0,2,4,2,13
,2023-56467,39.73202718,-104.9786927,12/30/2023 18:15,18:15:00,3,0,1,E 10TH AVE & N WASHINGTON ST,1,4,0,0,1,1,0,0,30,0,0,0,0,1,4,3,11
,2023-56468,39.69826418,-105.0093666,12/31/2023 17:40,17:40:00,6,0,1, RARITAN ST & W TENNESSEE AVE,1,3,0,0,1,4,0,0,25,0,0,0,0,2,4,2,3
,2023-56469,39.69675458,-105.017666,12/31/2023 18:44,18:44:00,8,0,1,W MISSISSIPPI AVE & S ALCOTT ST,1,3,0,0,6,4,0,0,35,0,0,0,0,2,4,2,14
,2023-56594,39.76004424,-104.8964112,12/28/2023 9:27,9:27:00,3,0,0,E MLK BLVD & N TRENTON ST,1,1,0,0,1,1,0,0,30,0,0,0,0,0,4,2,1
,2023-56599,39.66758005,-104.9222267,12/28/2023 15:45,15:45:00,11,0,1, HOLLY ST & E YALE AVE,1,1,0,0,1,1,0,0,25,0,0,1,0,1,4,1,3
,2023-56606,39.77292649,-104.8344802,11/19/2023 2:34,2:34:00,12,0,3,I-70 & EB EXIT TO SB I-225,1,3,0,0,1,4,0,0,65,0,0,0,0,1,1,3,16
,2023-56607,39.74019065,-104.9411529,12/31/2023 21:16,21:16:00,6,0,0,E COLFAX AVE & N COLORADO BLVD,1,3,0,0,1,4,0,0,35,0,0,0,0,0,2,2,16
,2023-56609,39.75423932,-104.9961249,12/30/2023 22:57,22:57:00,6,0,0,1900 WAZEE ST,14,5,3,7,1,4,0,0,,0,0,0,0,0,4,2,16
,2023-56611,39.76201791,-105.002624,12/31/2023 19:18,19:18:00,12,0,0,I-25 NB ON RAMP & 20TH ST,1,3,0,0,1,8,0,0,45,0,0,0,0,0,1,2,13
,2023-56612,39.74483423,-104.9874196,12/31/2023 21:03,21:03:00,12,0,0, BROADWAY ST & E 18TH AVE,1,3,0,0,1,3,0,0,35,0,0,0,0,0,4,2,13