id,drcog_id,latitude,longitude,crashtime,time,crashtype,numbkilled,numbinjurd,drcoglocat,rdconditin,lightngcon,roadcntgrd,weatherco,location,roaddescrp,schoolzone,constrzone,splimit,bikeinv,pedinv,sctrinv,motoinv,svrty,rdsystem,ttlvehcls,hcf
,2023-56635,39.73907641,-104.998098,11/29/2023 16:30,16:30:00,15,0,0, SPEER BLVD & W 14TH AVE,1,3,0,2,1,4,0,0,,0,0,0,0,0,4,2,16
,2023-56639,39.74020588,-104.9211503,11/12/2023 1:52,1:52:00,15,0,0,E COLFAX AVE & N IVANHOE ST,1,3,0,0,1,1,0,0,35,0,0,0,0,0,2,2,14
,2023-56644,39.6144055,-105.0914623,12/30/2023 15:59,15:59:00,11,0,1,W CROSS DR & S WADSWORTH BLVD,1,1,0,0,1,4,0,0,0,0,1,0,0,3,2,1,16
,2023-56686,39.70394383,-105.0250753,12/17/2023 16:47,16:47:00,12,0,1,W EXPOSITION AVE & S FEDERAL BLVD,1,2,0,0,1,3,0,0,,0,0,0,0,1,2,3,16
,2023-56687,39.72918318,-105.0150158,12/15/2023 22:29,22:29:00,15,0,0,I-25 & W 8TH AVE,1,3,3,0,1,4,0,0,55,0,0,0,0,0,1,2,16
,2023-56690,39.71832296,-104.9745908,12/16/2023 17:20,17:20:00,6,0,0,E 1ST AVE,1,3,0,0,1,4,0,0,20,0,0,0,0,0,4,2,1
,2023-56692,39.76209269,-104.9659548,11/20/2023 14:24,14:24:00,6,0,0,3217  WILLIAMS ST & E MLK BLVD,1,1,0,0,1,2,0,0,25,0,0,0,0,0,4,2,10
,2023-56693,39.7368936,-105.0077804,11/21/2023 12:00,12:00:00,10,0,2, QUIVAS ST & W 13TH AVE,1,1,0,0,1,1,0,0,30,0,0,0,0,1,4,2,16
,2023-56694,39.6892159,-105.0002384,12/19/2023 19:59,19:59:00,1,0,1, PLATTE RIVER DR & W FLORIDA AVE,1,3,0,0,1,1,0,0,30,0,0,0,0,2,4,2,16
,2023-56695,39.70387355,-104.9216424,12/30/2023 12:50,12:50:00,3,0,0, HOLLY ST & E EXPOSITION AVE,1,1,0,0,1,1,0,0,30,0,0,0,0,0,4,2,13
,2023-56696,39.6545948,-104.8718991,12/16/2023 2:28,2:28:00,16,0,0,10010 E GIRARD AVE & S FLORENCE ST,1,3,0,0,5,7,0,0,,0,0,0,0,0,3,2,11
,2023-56697,39.63191463,-105.0371181,12/11/2023 2:30,2:30:00,6,0,0,W UNION AVE & S NEWTON ST,1,4,1,0,1,4,0,0,25,0,0,0,0,0,4,2,16
,2023-56698,39.71788273,-104.9802831,12/31/2023 7:21,7:21:00,6,0,0, PEARL ST & E 1ST AVE,1,1,0,0,1,4,0,0,20,0,0,0,0,0,4,3,16
,2023-56701,39.75630609,-105.0158242,12/9/2023 17:30,17:30:00,10,0,1, SPEER BLVD & N ZUNI ST,11,3,1,0,1,1,0,0,35,0,0,0,0,1,4,2,16
,2023-56702,39.7069241,-104.9733737,12/24/2023 21:54,21:54:00,6,0,0, DOWNING ST & E VIRGINIA AVE,1,3,0,0,1,4,0,0,,0,0,0,0,0,4,2,16
,2023-56703,39.69653092,-104.8980168,12/5/2023 15:40,15:40:00,12,0,0, PARKER RD & E MISSISSIPPI AVE,1,2,0,0,1,3,0,0,35,0,0,0,0,0,2,2,13
,2023-56704,39.721685,-104.9740637,12/24/2023 5:45,5:45:00,6,0,0, CORONA ST & N 4TH AVE,1,2,0,0,1,4,0,0,,0,0,0,0,0,4,2,16
,2023-56709,39.69566818,-104.9035147,12/30/2023 14:35,14:35:00,3,0,0, QUEBEC ST & E MISSISSIPPI AVE,1,1,0,0,1,1,0,0,35,0,0,0,0,1,4,2,13
,2023-56722,39.69858148,-105.0433928,12/24/2023 20:19,20:19:00,6,0,0,982 S TENNYSON ST,1,3,0,0,1,4,0,0,,0,0,0,0,0,4,2,16
,2023-56727,39.78361942,-104.7744739,12/10/2023 9:57,9:57:00,1,0,1, YAMPA ST & E GREEN VALLEY RANCH BLVD,1,1,0,0,1,1,0,0,35,0,0,0,0,1,4,2,16
,2023-56729,39.68935533,-104.9035122,12/11/2023 11:18,11:18:00,12,0,0, QUEBEC ST & E FLORIDA AVE,1,1,0,0,1,3,0,0,30,0,0,0,0,0,4,3,16
,2023-56732,39.77289597,-104.834124,12/18/2023 15:00,15:00:00,15,0,1,I-70 & EB RAMP EXT TO I-225,1,1,0,0,1,4,0,0,,0,0,0,0,2,1,2,16
,2023-56742,39.68040317,-104.9288313,12/26/2023 13:15,13:15:00,3,0,1,E ASBURY AVE & S FAIRFAX ST,4,1,1,0,1,2,0,0,10,0,0,0,0,1,4,2,1
,2023-56744,39.76946748,-105.0520793,12/27/2023 9:50,9:50:00,3,0,0, ZENOBIA ST & W 38TH AVE,1,1,0,0,1,9,0,0,,0,0,0,0,0,4,2,16
,2023-56746,39.73515186,-104.9788967,12/15/2023 0:10,0:10:00,15,0,0,E 12TH AVE & N WASHINGTON ST,1,3,0,0,1,4,0,0,30,0,0,0,0,0,4,2,16
,2023-56748,39.72591664,-104.9874339,12/6/2023 23:00,23:00:00,15,0,0, BROADWAY ST & W 6TH AVE,14,3,3,0,1,4,0,0,,0,0,0,0,0,4,2,16
,2023-56749,39.7765193,-104.9876113,12/20/2023 18:49,18:49:00,8,0,1,W 44TH AVE & BROADWAY,1,3,1,0,6,4,0,0,,0,0,0,0,2,4,2,16
,2023-56751,39.72564192,-104.9034076,12/9/2023 14:26,14:26:00,15,0,0, QUEBEC ST & E 6TH AVE,1,1,0,0,1,4,0,0,,0,0,0,0,0,4,2,16
,2023-56756,39.70021285,-104.9874755,12/27/2023 17:20,17:20:00,3,0,1,E KENTUCKY AVE & S BROADWAY ST,1,3,0,0,1,1,0,0,35,0,0,0,0,2,4,2,16
,2023-56771,39.65370175,-104.868589,12/31/2023 2:38,2:38:00,6,0,0,3400  GALENA ST & E HAMPDEN AVE,1,4,0,0,1,4,0,0,,0,0,0,0,0,4,2,16
,2023-56774,39.74165773,-104.977557,12/31/2023 12:45,12:45:00,10,0,0, CLARKSON ST & E 16TH AVE,1,1,0,0,1,1,0,0,30,0,0,0,0,0,4,2,13
,2023-56775,39.72858643,-105.0148035,12/29/2023 17:08,17:08:00,12,0,0,I-25 & W 8TH AVE,1,3,0,0,1,4,0,0,65,0,0,0,0,0,1,2,16
,2023-56776,39.74393758,-105.0252086,12/31/2023 18:30,18:30:00,12,0,0,W 17TH AVE & N FEDERAL BLVD,1,1,0,5,1,1,0,0,25,0,0,0,0,0,2,2,1
,2023-56780,39.73205611,-104.9892942,12/30/2023 16:00,16:00:00,6,0,0,W 10TH AVE & N ACOMA ST,1,1,0,0,1,4,0,0,,0,0,0,0,0,4,2,16
,2023-56783,39.65334363,-105.0621918,12/8/2023 21:44,21:44:00,6,0,0,5877 W HAMPDEN AVE FRTG RD,4,3,1,2,3,4,0,0,30,0,0,0,0,0,2,3,10
,2023-56784,39.74939815,-104.9989154,12/15/2023 23:48,23:48:00,12,0,0,1500 MARKET ST,1,3,3,0,1,4,0,0,,0,0,0,0,0,4,2,16
,2023-56792,39.71172246,-105.014519,12/30/2023 20:44,20:44:00,11,0,0,W BYERS DR & 239 S YUMA ST,1,3,0,0,1,1,0,0,,0,1,0,0,0,4,1,16
,2023-56837,39.73594679,-104.9957994,12/31/2023 18:50,18:50:00,12,0,0, SPEER BLVD & LAWRENCE ST,1,3,0,0,1,1,0,0,35,0,0,0,0,0,4,2,11
,2023-56853,39.75141197,-104.9997805,12/21/2023 16:59,16:59:00,6,0,0,WAZEE ST & 16TH ST,1,3,0,0,1,4,0,0,25,0,0,0,0,0,4,2,13
,2023-56860,39.75498109,-104.9951314,10/17/2023 16:52,16:52:00,16,0,0,1600 20TH ST,14,5,3,7,5,14,0,0,,0,0,0,0,0,3,2,16
,2023-56865,39.6486531,-104.9157426,12/12/2023 7:30,7:30:00,12,0,0,I-25 & E HAMPDEN AVE,1,1,0,0,1,4,0,0,65,0,0,0,0,0,1,2,16
,2023-56866,39.6533561,-105.0532997,12/12/2023 17:18,17:18:00,12,0,0,W HAMPDEN AVE & S SHERIDAN BLVD,1,3,0,0,1,4,0,0,55,0,0,0,0,0,2,2,13
,2023-56869,39.73669869,-104.976449,12/25/2023 1:00,1:00:00,6,0,0, EMERSON ST & E 13TH AVE,1,4,0,0,1,4,0,0,,0,0,0,0,0,4,2,16
,2023-56874,39.76912372,-105.0029666,9/27/2023 17:15,17:15:00,6,0,0, MARIPOSA ST & W 38TH AVE,1,1,0,0,1,2,0,0,20,0,0,0,0,0,4,2,16
,2023-56876,39.73386652,-104.9935034,12/13/2023 5:14,5:14:00,15,0,0,W 11TH AVE & SPEER BLVD,2,3,3,2,1,1,0,0,,0,0,0,0,0,4,2,16
,2023-56893,39.69077951,-104.9593459,12/15/2023 13:24,13:24:00,12,0,0,1400  UNIVERSITY BLVD & E ARKANSAS AVE,1,1,0,0,1,4,0,0,30,0,0,0,0,1,4,3,3
,2023-56903,39.74811571,-104.9984172,12/27/2023 23:15,23:15:00,6,0,0,15TH ST & LARIMER ST,1,3,0,0,1,4,0,0,30,0,0,0,0,0,4,2,13
,2023-56904,39.69497619,-105.0532232,12/12/2023 17:42,17:42:00,8,0,0,W ARIZONA AVE & S SHERIDAN BLVD,1,4,0,0,1,4,0,0,25,0,0,0,0,0,4,3,1
,2023-56906,39.69298222,-104.9223244,12/19/2023 7:00,7:00:00,5,0,0, HOLLY ST & E LOUISIANA AVE,1,2,0,0,2,1,0,0,30,0,0,0,0,0,4,1,16
,2023-56915,39.75697235,-105.0117828,11/3/2023 1:45,1:45:00,8,0,0,2745 N UMATILLA ST,1,3,0,0,1,1,0,0,,0,0,0,0,0,4,3,16
,2023-56916,39.7093333,-104.9864039,12/14/2023 10:45,10:45:00,3,0,0,E DAKOTA AVE & S LINCOLN ST,1,1,0,0,1,1,0,0,20,0,0,0,0,0,4,2,16
,2023-56920,39.73528837,-105.0147148,12/12/2023 8:25,8:25:00,12,0,0,I-25 & W 8TH AVE,1,1,0,0,1,4,0,0,55,0,0,0,0,0,1,2,1
,2023-56923,39.74001464,-104.9999793,12/30/2023 16:00,16:00:00,3,0,0,W COLFAX AVE & N SANTA FE DR,1,1,0,0,1,1,0,0,25,0,0,0,0,0,2,2,11
,2023-56925,39.75773674,-104.9464707,12/31/2023 11:17,11:17:00,6,0,0, MADISON ST & E 28TH AVE,1,1,0,0,1,4,0,0,20,0,0,0,0,0,4,2,16
,2023-56932,39.6759567,-104.9222796,12/11/2023 14:40,14:40:00,12,0,1,E ILIFF AVE & S HOLLY ST,1,1,0,0,1,3,0,0,30,0,0,0,0,2,4,2,16
,2023-56934,39.7332156,-105.053221,12/27/2023 23:50,23:50:00,14,0,0, SHERIDAN BLVD & W 10TH AVE,1,3,0,0,6,4,0,0,35,0,0,0,0,0,2,2,16
,2023-56935,39.794475,-104.8322091,12/24/2023 5:30,5:30:00,5,0,0, WHEELING ST & E MAXWELL PL,11,3,0,2,6,1,0,0,35,0,0,0,0,0,4,1,16
,2023-56951,39.78267605,-104.7594604,10/3/2023 0:16,0:16:00,6,0,0,E 47TH PL & N GENOA ST,1,4,0,0,1,4,0,0,25,0,0,0,0,0,4,2,16
,2023-56953,39.73958319,-104.9799094,10/12/2023 2:24,2:24:00,6,0,0,PEARL ST & E COLFAX AVE,1,4,0,0,1,4,0,0,35,0,0,0,0,0,4,2,1
,2023-56957,39.7338476,-104.9861417,12/10/2023 9:08,9:08:00,3,0,0,E 11TH AVE & N LINCOLN ST,1,1,0,0,1,1,0,0,25,0,0,0,0,0,4,2,16
,2023-56964,39.78013273,-104.9530017,12/17/2023 2:25,2:25:00,6,0,0, FILLMORE ST & E 46TH AVE,1,3,0,0,1,3,0,0,25,0,0,0,0,0,4,3,16
,2023-56968,39.69323271,-105.0117404,12/27/2023 12:50,12:50:00,6,0,0, TEJON ST & W LOUISIANA AVE,1,1,1,1,1,3,0,0,25,0,0,0,0,0,4,2,10
,2023-56972,39.73998245,-104.9628033,12/27/2023 5:56,5:56:00,6,0,0,E COLFAX AVE & N VINE ST,4,3,0,0,1,4,0,0,35,0,0,0,0,0,2,2,12
,2023-56974,39.73829929,-104.9246204,11/18/2023 18:57,18:57:00,10,0,0,E 14TH AVE & N GRAPE ST,1,3,0,0,1,1,0,0,30,0,0,0,0,0,4,2,16
,2023-56981,39.68386169,-104.9407009,9/9/2023 12:45,12:45:00,12,0,0, COLORADO BLVD & I-25 NB RAMPS,1,1,3,0,1,3,0,0,,0,0,0,0,0,2,2,16
,2023-56982,39.73712668,-104.9953066,12/15/2023 8:42,8:42:00,6,0,0,1300  FOX ST & W 14TH AVE,1,1,0,0,1,4,0,0,25,0,0,0,0,0,4,2,11
,2023-56983,39.70255249,-105.0129444,12/16/2023 23:41,23:41:00,6,0,0,800  VALLEJO ST & W OHIO AVE,1,3,0,0,1,4,0,0,20,0,0,0,0,0,4,2,6
,2023-56984,39.7410685,-104.9512626,12/16/2023 15:02,15:02:00,6,0,0,1500  ST PAUL ST E COLFAX AVE,1,4,0,0,1,4,0,0,,0,0,0,0,0,4,2,16
,2023-56986,39.78410977,-104.9005073,12/14/2023 15:58,15:58:00,12,0,0,I-270 NB ON RAMP SLIP & N QUEBEC ST,1,2,3,0,1,8,0,0,45,0,0,0,0,0,4,2,8
,2023-56995,39.7429067,-104.9916448,12/23/2023 18:15,18:15:00,10,0,0,15TH ST & GLENARM PL,1,3,0,0,1,1,0,0,25,0,0,0,0,0,4,2,16
,2023-57002,39.76216029,-105.0428354,12/25/2023 23:58,23:58:00,6,0,0, STUART ST & W 32ND AVE,11,3,0,0,1,4,0,0,25,0,0,0,0,0,4,4,16
,2023-57032,39.77655796,-104.8314261,12/16/2023 2:26,2:26:00,6,0,0,14400 E ALBROOK DR & N DAVENPORT WAY ,1,3,0,0,1,4,0,0,35,0,0,0,0,0,4,2,16
,2023-57033,39.77582161,-104.8653296,12/19/2023 6:00,6:00:00,15,0,0,I-70 & WB ON RAMP MERGE PT FROM N HAVANA ST,1,2,0,0,1,8,0,0,55,0,0,0,0,0,1,4,1
,2023-57034,39.74399088,-104.9139893,12/2/2023 17:47,17:47:00,6,0,0, LOCUST ST & E 17TH AVE,1,3,0,0,1,4,0,0,20,0,0,0,0,0,4,3,16
,2023-57039,39.69309897,-104.9991837,12/16/2023 0:33,0:33:00,6,0,0,1350  JASON ST & W LOUSIANA AVE,1,3,0,0,1,4,0,0,25,0,0,0,0,0,4,2,13
,2023-57040,39.77318599,-104.8241256,12/22/2023 22:30,22:30:00,6,0,0, DURHAM CT & E 43RD AVE,1,4,0,0,1,4,0,0,,0,0,0,0,0,4,2,16
,2023-57047,39.7459928,-105.0172417,12/26/2023 9:54,9:54:00,8,0,1,W 17TH AVE & I-25 NB RAMPS,4,1,0,2,1,4,0,0,30,0,0,0,0,1,4,2,16
,2023-57048,39.78381128,-104.948042,12/21/2023 0:22,0:22:00,5,0,0,E 48TH AVE & N VASQUEZ BLVD,1,3,0,0,3,1,0,0,35,0,0,0,0,0,2,1,16
,2023-57049,39.78021922,-104.9670923,12/17/2023 9:52,9:52:00,3,0,0, BRIGHTON BLVD & E 46TH AVE N,1,1,0,0,1,1,0,0,,0,0,0,0,0,2,2,16
,2023-57050,39.78177899,-104.7728757,12/22/2023 17:45,17:45:00,3,0,0,E 47TH AVE & N TOWER RD,1,3,0,0,1,3,0,0,25,0,0,0,0,0,4,2,11
,2023-57053,39.68229606,-105.0203549,12/21/2023 15:45,15:45:00,3,0,0,W JEWELL AVE & S CLAY ST,1,1,0,0,1,1,0,0,,0,0,0,0,0,4,2,16
,2023-57056,39.71121172,-104.9127919,12/25/2023 9:00,9:00:00,15,0,0,E ALAMEDA AVE & S MONACO PKWY,1,1,0,0,1,4,0,0,,0,0,0,0,0,4,2,16
,2023-57057,39.74932534,-105.0176627,12/22/2023 15:22,15:22:00,12,0,0,I-25 & N SPEER BLVD,1,1,0,0,1,4,0,0,55,0,0,0,0,0,1,2,16
,2023-57060,39.68234991,-105.0203667,12/24/2023 22:09,22:09:00,6,0,0, CLAY ST & W JEWELL AVE,1,3,0,0,3,4,0,0,,0,0,0,0,0,4,3,16
,2023-57061,39.71044663,-104.891102,12/24/2023 7:54,7:54:00,15,0,0,E ALAMEDA AVE & S FAIRMOUNT DR,4,2,0,2,1,4,0,0,40,0,0,0,0,0,4,2,14
,2023-57062,39.73556756,-104.9706675,12/26/2023 18:29,18:29:00,15,0,0, LAFAYETTE ST & E 12TH AVE,1,3,0,0,1,4,0,0,20,0,0,0,0,0,4,2,16
,2023-57063,39.66550896,-104.9417793,12/11/2023 20:00,20:00:00,2,0,1, HARRISON ST & E AMHERST AVE,1,4,0,0,1,1,0,0,0,1,0,0,0,2,4,1,16
,2023-57069,39.75108088,-104.9950166,12/16/2023 0:46,0:46:00,5,0,0,1332 18TH ST & LARIMER ST,1,4,1,0,5,7,0,0,,0,0,0,0,0,3,1,16
,2023-57070,39.72728434,-104.9706076,12/17/2023 21:55,21:55:00,3,0,0, LAFAYETTE ST & E 7TH AVE,1,3,0,0,1,1,0,0,20,0,0,0,0,0,4,2,16
,2023-57071,39.70584234,-105.0336128,12/25/2023 4:00,4:00:00,6,0,0,W CENTER AVE & S LOWELL BLVD,1,4,0,1,1,4,0,0,,0,0,0,0,0,4,2,16
,2023-57073,39.78670051,-104.9894943,12/24/2023 5:13,5:13:00,6,0,0,I-25 & SB OFF RAMP EXT TO W 48TH AVE,11,3,0,2,3,4,0,0,55,0,0,0,0,0,1,2,16
,2023-57077,39.71109365,-105.0299394,12/30/2023 23:30,23:30:00,12,0,0,W ALAMEDA AVE & S IRVING ST,1,3,0,0,1,3,0,0,30,0,0,0,0,0,2,2,16
,2023-57078,39.72570812,-105.0001485,12/22/2023 14:05,14:05:00,3,0,0,W 6TH AVE & N KALAMATH ST,1,1,0,0,1,1,0,0,35,0,0,0,0,1,4,2,16
,2023-57080,39.75426105,-104.9597602,12/20/2023 6:42,6:42:00,12,0,0, YORK ST & E 26TH AVE,1,3,0,0,1,4,0,0,,0,0,0,0,0,4,2,16
,2023-57081,39.74164503,-104.9733922,12/18/2023 22:10,22:10:00,2,0,0, DOWNING ST & E 16TH AVE,14,5,3,7,1,1,0,0,,1,0,0,0,0,4,1,16
,2023-57115,39.69808763,-105.051424,12/21/2023 11:56,11:56:00,11,0,1,MORRISON RD & W TENNESSEE AVE,1,1,0,0,1,4,0,0,0,0,0,1,0,2,4,1,16
,2023-57133,39.79087393,-104.9875491,12/21/2023 19:30,19:30:00,16,0,0,5190  BROADWAY ST & N BROADWAY ST ,1,3,0,0,5,7,0,0,35,0,0,0,0,0,3,2,1
,2023-57146,39.74358668,-105.0315,12/20/2023 16:30,16:30:00,6,0,0, JULIAN ST & W 17TH AVE,1,1,0,0,1,4,0,0,,0,0,0,0,0,4,2,16
,2023-57149,39.74944874,-104.9684203,12/20/2023 3:40,3:40:00,6,0,0,2210  FRANKLIN ST & E 22ND AVE,1,3,0,0,1,3,0,0,,0,0,0,0,0,4,2,16
,2023-57161,39.77050854,-105.0143444,12/15/2023 21:00,21:00:00,6,0,0,3900  WYANDOT ST & W 39TH AVE,1,3,0,0,1,4,0,0,20,0,0,0,0,0,4,2,16
,2023-57178,39.68954535,-105.0528147,11/23/2023 1:26,1:26:00,16,0,0,1500  SHERIDAN BLVD & S SHERIDAN BLVD ,1,3,0,0,5,7,0,0,,0,0,0,0,0,3,1,16
,2023-57179,39.67846956,-104.9220228,12/26/2023 9:04,9:04:00,12,0,0,E EVANS AVE & S HOLLY ST,10,1,0,2,1,4,0,0,35,0,0,0,0,0,4,3,16
,2023-57180,39.78564868,-104.883068,12/4/2023 12:20,12:20:00,12,0,0, CENTRAL PARK BLVD & E NORTHFIELD BLVD,1,1,0,0,1,3,0,0,35,0,0,0,0,0,4,3,10
,2023-57185,39.75572576,-104.9614101,12/21/2023 8:36,8:36:00,6,0,0,E 27TH AVE & N GAYLORD ST,1,1,0,0,1,4,0,0,25,0,0,0,0,0,4,2,1
,2023-57190,39.68469238,-104.957723,12/23/2023 22:08,22:08:00,15,0,0,I-25 & S UNIVERSITY BLVD,11,3,0,1,1,4,0,0,55,0,0,0,0,0,1,2,11
,2023-57193,39.68123781,-104.9214119,12/26/2023 23:00,23:00:00,6,0,0,E ATLANTIC PL & S HOLLY ST,1,4,0,0,1,4,0,0,25,0,0,0,0,0,4,2,13
,2023-57198,39.75629055,-104.9900318,1/19/2023 19:45,19:45:00,6,0,0,MARKET ST & PARK AVE W,1,3,0,7,3,4,0,0,35,0,0,0,0,0,4,2,16
,2023-57204,39.74793379,-104.986106,12/28/2023 13:27,13:27:00,15,0,0,LINCOLN ST & 20TH ST,1,1,0,0,1,3,0,0,,0,0,0,0,0,4,2,16
,2023-57219,39.77411178,-104.8827885,12/19/2023 22:00,22:00:00,15,0,0, CENTRAL PARK BLVD & E 40TH AVE,1,3,0,0,1,1,0,0,35,0,0,0,0,0,4,2,10
,2023-57220,39.71111608,-104.9596542,12/28/2023 2:30,2:30:00,14,0,0,E ALAMEDA AVE & S UNIVERSITY BLVD,1,3,1,0,6,4,0,0,35,0,0,0,0,0,4,2,2
,2023-57226,39.7196452,-104.9583782,12/19/2023 19:45,19:45:00,6,0,0, JOSEPHINE ST & E 3RD AVE,1,3,0,0,1,4,0,0,,0,0,0,0,0,4,2,13
,2023-57229,39.73569469,-105.0251473,10/15/2023 16:47,16:47:00,12,0,0, FEDERAL BLVD & W HOLDEN PL,1,1,0,0,1,4,0,0,35,0,0,0,0,0,2,2,13
,2023-57262,39.66763906,-104.9128803,12/26/2023 11:20,11:20:00,15,0,0, MONACO ST & E YALE AVE,4,1,0,7,1,4,0,0,35,0,0,0,0,0,4,2,16
,2023-57264,39.73680281,-104.9861293,8/24/2023 18:16,18:16:00,15,0,0,LINCOLN ST & E 13TH AVE,1,1,0,0,1,3,0,0,35,0,0,0,0,0,4,2,8
,2023-57266,39.70220254,-105.0250808,12/20/2023 17:16,17:16:00,6,0,0,W OHIO AVE & S FEDERAL BLVD,1,3,0,0,1,4,0,0,25,0,0,0,0,0,2,2,16
,2023-57267,39.73843095,-104.9810925,12/25/2023 21:35,21:35:00,6,0,0,14TH AVE & N PENNSYLVANIA ST,1,3,0,0,1,1,0,0,25,0,0,0,0,0,4,2,16
,2023-57270,39.71084253,-104.9875773,10/21/2023 23:50,23:50:00,11,0,1, BROADWAY ST & E ALAMEDA AVE,1,3,0,0,1,4,0,1,0,0,1,0,0,3,4,1,16
,2023-57274,39.70862151,-104.9295162,12/5/2023 13:10,13:10:00,12,0,0,LEETSDALE DR & S ELM ST,1,1,0,0,1,3,0,0,35,0,0,0,0,0,2,2,11
,2023-57277,39.69077867,-104.9862756,12/27/2023 12:50,12:50:00,6,0,0, LINCOLN ST & E ARKANSAS ST,1,1,0,0,1,4,0,0,35,0,0,0,0,0,4,2,16
,2023-57278,39.70281807,-104.9141024,12/14/2023 16:40,16:40:00,6,0,0,700  LOCUST ST & E EXPOSITION AVE,1,2,0,0,1,4,0,0,25,0,0,0,0,0,4,2,13
,2023-57280,39.77293034,-105.0532347,11/14/2023 14:00,14:00:00,15,0,0, SHERIDAN BLVD & W 41ST AVE,1,1,3,0,1,3,0,0,35,0,0,0,0,0,2,2,16
,2023-57281,39.78432682,-105.0238195,8/31/2023 8:45,8:45:00,15,0,0,I-70 & N FEDERAL BLVD,1,1,0,0,1,4,0,0,55,0,0,0,0,0,1,2,16
,2023-57323,39.73386182,-104.9912694,12/16/2023 13:30,13:30:00,12,0,0,1100  CHEROKEE ST & W 11TH AVE,1,1,0,0,1,4,0,0,,0,0,0,0,1,4,2,16
,2023-57331,39.67077264,-104.8660364,12/1/2023 22:34,22:34:00,3,0,0, PARKER RD & S HAVANA ST,1,3,0,0,1,1,0,0,,0,0,0,0,0,2,3,16
,2023-57332,39.72562166,-104.982373,12/11/2023 19:04,19:04:00,10,0,0,E 6TH AVE & LOGAN ST,1,3,0,7,1,1,0,0,15,0,0,0,0,0,4,2,16
,2023-57354,39.67667259,-104.9036139,12/27/2023 16:45,16:45:00,15,0,0,E EVANS AVE & S QUEBEC ST,10,2,0,7,1,4,0,0,35,0,0,0,0,0,4,2,16
,2023-57356,39.78376517,-104.9404554,11/21/2023 18:48,18:48:00,11,0,1, COLORADO BLVD & E 48TH AVE,1,3,0,0,1,1,0,0,0,0,1,0,0,3,2,1,16
,2023-57360,39.7548619,-105.0387503,12/9/2023 21:18,21:18:00,6,0,0,W 26TH AVE & N PERRY ST,1,3,0,0,1,4,0,0,30,0,0,0,0,0,4,3,14
,2023-57361,39.77872123,-104.9223045,10/21/2023 14:32,14:32:00,3,0,1,E 45TH AVE & N HOLLY ST,1,1,0,0,1,1,0,0,35,0,0,0,0,2,2,2,3
,2023-57373,39.69294221,-104.9408035,10/24/2023 14:52,14:52:00,11,0,2,E LOUISIANA AVE & S COLORADO BLVD,1,1,1,0,1,1,0,0,25,0,1,0,0,3,2,1,3
,2023-57386,39.74006767,-104.9406123,10/19/2023 22:04,22:04:00,1,0,1, COLORADO BLVD & E COLFAX AVE,1,3,0,0,1,1,0,0,35,0,0,0,0,2,2,2,14
,2023-57388,39.6827966,-104.9594255,12/15/2023 23:28,23:28:00,15,0,0, UNIVERSITY BLVD & E BUCHTEL BLVD,1,3,0,0,1,1,0,0,35,0,0,0,0,0,4,2,1
,2023-57389,39.74000776,-104.9682642,12/21/2023 10:15,10:15:00,12,0,1,E COLFAX AVE & PARK AVE,1,1,0,0,1,4,0,0,,0,0,0,0,1,2,2,16
,2023-57390,39.73681721,-104.9619284,10/30/2023 22:48,22:48:00,3,0,0,E 13TH AVE & N VINE ST,1,4,0,0,1,9,0,0,,0,0,0,0,0,4,3,1
,2023-57392,39.72883537,-104.9897148,12/28/2023 13:00,13:00:00,15,0,0, SPEER BLVD & W 8TH AVE,1,1,0,0,1,4,0,0,35,0,0,0,0,0,4,2,16
,2023-57394,39.73843809,-104.987413,11/5/2023 15:10,15:10:00,10,0,0, BROADWAY ST & E 14TH AVE,1,1,0,0,1,1,0,0,,0,0,0,0,0,4,2,16
,2023-57397,39.6784888,-104.9593932,2/12/2023 15:58,15:58:00,12,0,0, UNIVERSITY BLVD & E EVANS AVE,1,1,0,0,1,1,0,0,30,0,0,0,0,0,4,2,16
,2023-57398,39.75569192,-105.0140408,12/4/2023 9:14,9:14:00,15,0,0,I-25 SB OFF RAMP & N SPEER BLVD,1,1,0,0,1,1,0,0,,0,0,0,0,0,4,2,16
,2023-57399,39.7401427,-104.9458324,12/18/2023 16:30,16:30:00,15,0,0,E COLFAX AVE & MADISON ST,1,1,0,0,1,4,0,0,30,0,0,0,0,0,2,2,16
,2023-57401,39.69888174,-104.9043295,12/12/2023 8:27,8:27:00,12,0,0,LEETSDALE DR & S QUEBEC ST,11,1,0,0,1,4,0,0,40,0,0,0,0,0,2,2,16
,2023-57404,39.71701365,-104.8955903,12/16/2023 13:23,13:23:00,3,0,0,E LOWRY BLVD  & E FAIRMOUNT DR,1,1,0,0,1,6,0,0,35,0,0,0,0,0,4,2,16
,2023-57405,39.69653529,-104.9874318,12/29/2023 22:32,22:32:00,12,0,0, BROADWAY & E MISSISSIPPI AVE,1,3,0,0,1,3,0,0,35,0,0,0,0,0,4,2,6