id,drcog_id,latitude,longitude,crashtime,time,crashtype,numbkilled,numbinjurd,drcoglocat,rdconditin,lightngcon,roadcntgrd,weatherco,location,roaddescrp,schoolzone,constrzone,splimit,bikeinv,pedinv,sctrinv,motoinv,svrty,rdsystem,ttlvehcls,hcf
,2023-57406,39.73385867,-104.9935094,11/27/2023 8:54,8:54:00,3,0,0, SPEER BLVD & W 11TH AVE,1,1,0,0,1,1,0,0,35,0,0,0,0,0,4,2,16
,2023-57408,39.77426405,-104.847035,10/26/2023 6:40,6:40:00,12,0,0,I-70 & N PEORIA ST,1,2,0,4,1,4,0,0,55,0,0,0,0,0,1,2,13
,2023-57409,39.74006967,-104.9215858,12/21/2023 1:40,1:40:00,6,0,0,E COLFAX AVE & N IVANHOE ST,1,3,0,0,1,4,0,0,35,0,0,0,0,0,2,4,16
,2023-57410,39.68227317,-105.0572766,12/21/2023 12:35,12:35:00,3,0,1,W JEWELL AVE & S DEPEW ST,1,1,0,0,1,1,0,0,35,0,0,0,0,3,4,3,16
,2023-57418,39.65302316,-104.9132465,11/10/2023 23:17,23:17:00,11,0,0,E HAMPDEN AVE & S MONACO ST PKWY,1,3,0,0,1,4,0,0,,0,1,0,0,0,2,1,16
,2023-57426,39.7940054,-104.8229519,12/17/2023 18:18,18:18:00,11,0,1, CROWN BLVD & E MAXWELL PL,1,4,0,0,1,4,0,0,25,0,1,0,0,2,4,1,13
,2023-57442,39.76286665,-104.9315037,10/25/2023 19:18,19:18:00,6,0,0,E THRILL PL & N DAHLIA ST,1,4,0,0,1,4,0,0,25,0,0,0,0,0,4,2,16
,2023-57458,39.71126212,-104.9984208,12/12/2023 13:25,13:25:00,12,0,0,W ALAMEDA AVE & N KALAMATH ST,1,1,0,0,1,1,0,0,,0,0,0,0,0,4,2,16
,2023-57463,39.78026901,-104.9002933,12/31/2023 18:52,18:52:00,5,0,0,I-270 EB OFF RAMP & N NORTHFIELD QUEBEC ST,1,3,1,0,2,8,0,0,30,0,0,0,0,0,1,1,16
,2023-57464,39.63930489,-104.8851165,12/29/2023 20:03,20:03:00,5,1,0,I-225 & S YOSEMITE ST,1,3,0,0,3,4,0,0,55,0,0,0,0,4,1,1,10
,2023-57467,39.79105136,-105.053248,11/27/2023 15:33,15:33:00,12,0,5, SHERIDAN BLVD & W 52ND AVE,1,1,1,0,1,4,0,0,35,0,0,0,0,3,2,4,16
,2023-57468,39.78760638,-105.0252209,12/30/2023 20:04,20:04:00,11,0,1, FEDERAL BLVD & W REGIS BLVD,1,3,0,0,1,4,0,0,35,0,1,0,0,3,2,1,16
,2023-57469,39.7443302,-105.0252113,10/29/2023 18:00,18:00:00,15,0,0, FEDERAL BLVD & W 17TH AVE,14,2,0,7,1,4,0,0,35,0,0,0,0,0,2,2,16
,2023-57472,39.78132272,-104.8268166,12/25/2023 19:07,19:07:00,3,0,0,E ANDREWS DR & N DILLON ST,1,3,0,0,1,1,0,0,30,0,0,0,0,0,4,2,16
,2023-57486,39.74803538,-104.9919737,12/15/2023 20:51,20:51:00,11,0,1,CHAMPA ST & 18TH ST,1,3,0,0,1,2,0,0,30,0,0,1,0,2,4,1,1
,2023-57487,39.67846175,-104.9366939,12/26/2023 13:30,13:30:00,11,1,0, BIRCH ST & E EVANS AVE,11,1,0,0,1,3,0,0,0,0,1,0,0,4,4,1,16
,2023-57488,39.68008809,-104.9408883,12/14/2023 20:30,20:30:00,3,0,0, COLORADO BLVD & BUCHTEL BLVD,1,3,0,0,1,1,0,0,45,0,0,0,0,0,2,2,11
,2023-57491,39.68947061,-104.9722581,12/19/2023 19:25,19:25:00,5,0,0,I-25 & S DOWNING ST,1,3,0,0,2,4,0,0,60,0,0,0,0,0,1,1,1
,2023-57492,39.72571271,-105.0248324,12/22/2023 23:54,23:54:00,12,0,0,W 6TH AVE WB OFF RAMP & N FEDERAL BLVD,1,3,0,0,1,8,0,0,35,0,0,0,0,0,2,2,16
,2023-57508,39.7775547,-104.8875461,7/30/2023 0:01,0:01:00,6,1,1,I-70 & N CENTRAL PARK BLVD,1,3,0,0,3,4,0,0,55,0,0,0,0,4,1,2,16
,2023-57511,39.71269374,-105.0250058,12/21/2023 19:30,19:30:00,16,0,0,214  FEDERAL BLVD,1,3,0,0,5,7,0,0,,0,0,0,0,0,3,2,16
,2023-57512,39.70041901,-105.0250845,12/22/2023 11:55,11:55:00,1,0,0, FEDERAL BLVD & W KENTUCKY AVE,1,1,0,0,1,1,0,0,30,0,0,0,0,0,2,2,16
,2023-57513,39.73514462,-104.9822998,11/25/2023 18:47,18:47:00,6,0,0, LOGAN ST & E 12TH AVE,8,3,0,0,1,3,0,0,25,0,0,0,0,0,4,2,9
,2023-57516,39.75106775,-104.9828866,12/19/2023 17:05,17:05:00,11,0,1,WELTON ST & PARK AVE W,1,1,0,0,1,1,0,0,0,0,0,1,0,1,4,1,16
,2023-57531,39.67864401,-105.0250391,12/31/2023 21:00,21:00:00,12,0,1,W EVANS AVE & S FEDERAL BLVD,1,3,0,0,1,1,0,0,,0,0,0,0,2,2,2,16
,2023-57551,39.69293432,-104.9407538,12/12/2023 19:36,19:36:00,1,0,0, COLORADO BLVD & E LOUISIANA AVE,1,3,0,0,1,1,0,0,35,0,0,0,0,0,2,2,13
,2023-57552,39.79613527,-104.7644289,12/27/2023 18:52,18:52:00,12,0,0, CEYLON ST & E ROBBINS DR,1,3,0,0,1,2,0,0,25,0,0,0,0,0,4,2,10
,2023-57553,39.78609239,-104.9875839,11/4/2023 3:30,3:30:00,6,0,0,BROADWAY & E 49TH AVE,1,4,0,0,1,4,0,0,25,0,0,0,0,0,4,3,16
,2023-57554,39.77173027,-104.9982096,8/22/2023 18:13,18:13:00,6,0,0,W 40TH AVE & N INCA ST,1,1,0,0,1,4,0,0,,0,0,0,0,0,4,2,16
,2023-57555,39.74225924,-104.892859,4/19/2023 21:55,21:55:00,14,0,0, UINTA ST & E 16TH AVE,1,3,0,0,1,1,0,0,35,0,0,0,0,0,4,2,3
,2023-57556,39.69860335,-104.9035548,11/27/2023 14:00,14:00:00,12,0,0, QUEBEC ST & LEETSDALE DR,1,1,0,0,1,1,0,0,,0,0,0,0,0,2,2,16
,2023-57558,39.70571331,-104.9827918,11/15/2023 17:15,17:15:00,11,0,2, LOGAN ST & E CENTER AVE,1,4,0,0,1,1,0,0,0,0,1,0,0,3,4,1,16
,2023-57559,39.76021713,-105.0252442,12/7/2023 10:57,10:57:00,12,0,0, FEDERAL BLVD & N SPEER BLVD,1,1,0,0,1,3,0,0,35,0,0,0,0,0,2,2,13
,2023-57560,39.68490557,-104.9609548,12/22/2023 18:40,18:40:00,15,0,1,I-25 & S UNIVERSITY BLVD,1,3,0,0,1,4,0,0,65,0,0,0,0,2,1,2,11
,2023-57561,39.66955684,-104.9875843,12/6/2023 14:30,14:30:00,6,0,0, BROADWAY ST & E VASSAR AVE,1,1,0,0,1,4,0,0,,0,0,0,0,0,4,2,16
,2023-57562,39.63191244,-105.047426,11/4/2023 10:33,10:33:00,6,0,0,W UNION AVE & S UTICA STT,1,1,0,0,1,4,0,0,25,0,0,0,0,0,4,3,13
,2023-57563,39.76840564,-104.994823,6/28/2023 8:35,8:35:00,15,0,0, FOX ST & PARK AVE W,1,1,0,0,1,3,0,0,35,0,0,0,0,0,4,2,1
,2023-57564,39.72570812,-105.0001485,12/22/2023 21:05,21:05:00,12,0,0,W 6TH AVE & N KALAMATH ST,1,3,0,0,1,1,0,0,30,0,0,0,0,0,4,2,16
,2023-57565,39.74706482,-104.9914791,11/2/2023 16:00,16:00:00,15,0,0,STOUT ST & 17TH ST,1,1,0,0,1,4,0,0,35,0,0,0,0,0,4,2,1
,2023-57566,39.75949264,-104.9695639,10/23/2023 21:38,21:38:00,6,0,0,E 30TH AVE & N HUMBOLDT ST,1,3,0,0,1,4,0,0,,0,0,0,0,0,4,2,16
,2023-57567,39.75232102,-104.99165,12/12/2023 13:47,13:47:00,12,0,0,LAWRENCE ST & 20TH ST,1,1,0,0,1,4,0,0,30,0,0,0,0,1,4,2,16
,2023-57568,39.75079364,-104.9849279,12/5/2023 8:16,8:16:00,3,0,1,22ND ST & CALIFORNIA ST,1,1,0,0,1,1,0,0,25,0,0,0,0,3,4,2,1
,2023-57571,39.75022379,-105.0047785,10/2/2023 8:04,8:04:00,12,0,0,WEWATTA ST & N SPEER BLVD,1,1,0,0,1,4,0,0,20,0,0,0,0,0,4,2,16
,2023-57572,39.66764268,-104.9066475,10/6/2023 20:43,20:43:00,16,1,0,6800 E YALE AVE & S NEWPORT ST,1,4,3,0,5,7,0,0,25,0,1,0,0,4,3,1,14
,2023-57573,39.75838372,-104.9141074,10/19/2023 7:57,7:57:00,6,0,0,E 29TH AVE & N LOCUST ST,1,1,0,0,1,4,0,0,30,0,0,0,0,0,4,2,1
,2023-57575,39.75103689,-105.0022248,9/28/2023 13:30,13:30:00,11,0,1,15TH ST & WYNKOOP ST,1,1,3,7,1,1,0,0,25,0,1,0,0,1,4,1,16
,2023-57579,39.65301957,-104.8756712,12/14/2023 18:56,18:56:00,1,0,2,E HAMPDEN AVE & S DAYTON ST,1,2,0,0,1,3,0,0,30,0,0,0,0,3,2,2,14
,2023-57580,39.67851948,-104.9875672,12/21/2023 17:53,17:53:00,12,0,0,W EVANS AVE & S BROADWAY ST,1,3,0,0,1,3,0,0,30,0,0,0,0,0,4,2,16
,2023-57581,39.74391881,-105.0201097,12/24/2023 21:00,21:00:00,6,0,0,1701 N BRYANT ST,1,3,0,0,5,7,0,0,,0,0,0,0,0,3,2,16
,2023-57592,39.72423817,-105.0147078,12/24/2023 22:00,22:00:00,12,0,1,W 6TH AVE EB OFF RAMP & I-25,1,3,0,0,1,8,0,0,55,0,0,0,0,1,2,2,16
,2023-57601,39.77110451,-104.8470349,12/19/2023 20:25,20:25:00,12,0,0, PEORIA ST & E 39TH AVE,1,3,0,0,1,3,0,0,40,0,0,0,0,0,4,2,16
,2023-57605,39.78368065,-104.9602784,12/16/2023 11:33,11:33:00,15,0,0,4790  CLAUDE CT & E 48TH AVE,1,1,0,0,1,4,0,0,,0,0,0,0,0,4,2,16
,2023-57624,39.77868612,-104.8657544,4/27/2023 20:07,20:07:00,3,0,3,E 45TH AVE & N HAVANA ST,11,3,0,1,1,1,0,0,40,0,0,0,0,3,4,3,1
,2023-57629,39.77832303,-104.8948026,10/22/2023 22:48,22:48:00,12,1,0,I70 HWYWB & N CENTRAL PARK BLVD,1,3,0,0,1,13,0,0,55,0,1,0,0,4,1,2,11
,2023-57630,39.77387568,-104.9028654,11/25/2023 20:45,20:45:00,6,0,1,4100  QUEBEC ST & E SMITH RD,1,3,1,0,1,4,0,0,45,0,0,0,0,2,4,2,14
,2023-57632,39.73685918,-104.9873937,9/17/2023 1:06,1:06:00,2,0,1, BROADWAY ST & E 13TH AVE,1,3,0,0,1,1,0,0,0,1,0,0,0,3,4,1,16
,2023-57633,39.79843453,-104.7627065,12/30/2023 19:48,19:48:00,11,1,0,E 56TH AVE & N DUNKIRK ST,1,3,0,0,1,1,0,0,0,0,1,0,0,4,4,1,16
,2023-57635,39.78231623,-104.8657291,12/5/2023 18:15,18:15:00,11,1,0, HAVANA ST & E 47TH AVE,1,3,0,0,1,1,0,0,0,0,1,0,0,4,4,1,16
,2023-57636,39.70206628,-104.9733835,12/8/2023 9:33,9:33:00,12,0,1, DOWNING ST & E OHIO AVE,1,1,0,0,1,1,0,0,30,0,0,0,0,2,4,2,16
,2023-57638,39.68953006,-105.0500222,12/30/2023 17:11,17:11:00,11,0,1,W FLORIDA AVE & S XAVIER ST,1,4,0,0,1,3,0,0,,0,1,0,0,3,4,1,16
,2023-57641,39.74064071,-104.8858222,12/17/2023 13:19,13:19:00,12,0,0,E COLFAX 16TH ALY & E COLFAX AVE,1,1,0,0,1,4,0,0,,0,0,0,0,0,4,2,16
,2023-57645,39.72489406,-105.0158473,12/24/2023 22:00,22:00:00,12,0,1,EB W 6TH AVE OFF RAMP & I-25 NB-SB ON RAMP SPLIT,1,3,0,0,1,8,0,0,55,0,0,0,0,1,2,2,16
,2023-57669,39.74167098,-104.9799076,12/12/2023 9:50,9:50:00,11,0,1,E 16TH AVE & N PEARL ST,1,1,0,4,1,1,0,0,20,0,0,1,0,2,4,1,16
,2023-57671,39.6966599,-104.9918701,11/5/2023 1:40,1:40:00,1,0,3,W MISSISSIPPI AVE & S SANTA FE DR,1,3,0,0,1,1,0,0,30,0,0,0,0,3,2,2,11
,2023-57676,39.75196427,-104.9733633,9/1/2023 16:23,16:23:00,11,0,1,E 24TH AVE & N. DOWNING ST.,1,1,0,0,1,3,0,0,0,0,0,1,0,2,4,1,16
,2023-57677,39.72093605,-104.9977862,11/28/2023 23:58,23:58:00,6,0,0,800 W 3RD AVE & N SANTA FE DR,1,3,0,0,1,4,0,0,30,0,0,0,0,0,4,2,16
,2023-57679,39.66730984,-105.0532539,12/21/2023 20:29,20:29:00,12,0,1, SHERIDAN BLVD & W YALE AVE,1,3,1,0,1,4,0,0,40,0,0,0,0,2,2,3,16
,2023-57681,39.70041901,-105.0250845,12/22/2023 18:04,18:04:00,12,0,0, FEDERAL BLVD & W KENTUCKY AVE,1,3,0,0,1,4,0,0,,0,0,0,0,0,2,2,16
,2023-57683,39.73838708,-104.9574471,12/30/2023 15:18,15:18:00,3,0,0,E 14TH AVE & N COLUMBINE ST,1,1,0,0,1,2,0,0,,0,0,0,0,0,4,2,16
,2023-57685,39.78237909,-104.8470104,10/27/2023 19:10,19:10:00,3,0,0, PEORIA ST & E ALBROOK DR,1,3,0,0,1,1,0,0,35,0,0,0,0,0,4,2,3
,2023-57690,39.73691037,-105.0142398,12/31/2023 17:35,17:35:00,15,0,0,I-25 SB ON COLLECTOR RAMP MERGE PT & COLFAX AVE W,1,3,0,0,1,8,0,0,55,0,0,0,0,0,1,2,16
,2023-57699,39.66935249,-105.0175381,12/25/2023 11:00,11:00:00,6,0,0,2600 W WATER AVE & S ZUNI ST,1,1,0,0,1,4,0,0,25,0,0,0,0,0,4,3,16
,2023-57701,39.70393969,-105.0250667,9/24/2023 2:15,2:15:00,12,0,0, FEDERAL BLVD,1,3,0,0,1,1,0,0,25,0,0,0,0,0,4,2,13
,2023-57706,39.71118296,-105.0110095,12/11/2023 2:00,2:00:00,12,0,0,W ALAMEDA AVE & S TEJON ST,1,3,0,0,1,3,0,0,35,0,0,0,0,0,4,2,16
,2023-57707,39.82923717,-104.771866,12/11/2023 6:30,6:30:00,12,0,1,7300  TOWER RD & N PENA BLVD,1,1,0,0,1,4,0,0,35,0,0,0,0,2,4,2,16
,2023-57709,39.68951081,-104.9920884,11/19/2023 22:00,22:00:00,12,0,0, SANTA FE DR & W FLORIDA AVE,11,3,0,1,1,4,0,0,45,0,0,0,0,0,2,2,16
,2023-57711,39.72726923,-104.9799845,2/18/2023 15:48,15:48:00,5,1,0,500 E 7TH AVE N PEARL ST,1,1,1,0,2,1,0,0,25,0,0,0,0,4,4,1,14
,2023-57712,39.77313614,-104.9127097,11/17/2023 19:16,19:16:00,3,0,2,E SMTIH RD & N MONACO ST,1,3,3,0,1,1,0,0,35,0,0,0,0,2,4,3,13
,2023-57718,39.74007772,-104.9011548,12/23/2023 16:17,16:17:00,3,0,7,E COLFAX AVE & N ROSLYN ST,1,2,0,0,1,1,0,0,25,0,0,0,0,2,2,4,1
,2023-57719,39.71482393,-105.0250014,6/25/2023 16:00,16:00:00,3,0,0,W BAYAUD AVE & S FEDERAL BLVD,1,1,1,0,1,1,0,0,25,0,0,0,0,0,4,2,13
,2023-57725,39.72731375,-105.0532502,9/24/2023 4:00,4:00:00,15,0,0,W 6TH AVE EB ON RAMP MERGE PT & N SHERIDAN BLVD,1,3,0,0,1,4,0,0,60,0,0,0,0,0,2,2,16
,2023-57727,39.72743083,-104.9799373,8/26/2023 17:54,17:54:00,6,0,0,700  PEARL ST & E 8TH AVE ,1,1,1,0,1,4,0,0,30,0,0,0,0,0,4,2,1
,2023-57728,39.74321258,-104.9622363,12/20/2023 17:18,17:18:00,3,0,0, VINE ST & E 17TH AVE,1,4,0,0,1,1,0,0,20,0,0,0,1,1,4,2,11
,2023-57731,39.79349877,-104.881504,12/4/2023 15:45,15:45:00,6,0,0,9211 E 52ND DR & N BEELER ST,1,1,0,0,1,4,0,0,25,0,0,0,0,0,4,2,7
,2023-57735,39.68949125,-105.0250526,5/28/2023 20:38,20:38:00,12,0,0,W FLORIDA AVE & S FEDERAL BLVD,1,3,1,0,1,1,0,0,30,0,0,0,0,0,2,2,13
,2023-57741,39.73603648,-104.9610211,12/20/2023 10:14,10:14:00,3,0,0,1243  GAYLORD ST,1,1,0,0,1,9,0,0,,0,0,0,0,0,4,2,16
,2023-57744,39.769403,-105.0299694,12/21/2023 18:10,18:10:00,12,0,0,W 38TH AVE & N IRVING ST,1,3,0,0,1,3,0,0,35,0,0,0,0,0,4,2,16
,2023-57748,39.78227383,-104.8657409,12/19/2023 19:30,19:30:00,1,0,0,E 47TH AVE & N HAVANA ST,1,3,0,0,1,1,0,0,40,0,0,0,0,0,4,2,16
,2023-57773,39.6529959,-104.9239654,4/29/2023 11:36,11:36:00,15,0,1,E HAMPDEN AVE & S HUDSON ST,1,1,0,0,6,4,0,0,40,0,0,0,1,3,2,2,1
,2023-57774,39.72932999,-105.0251344,3/23/2023 8:56,8:56:00,10,0,0,W 6TH AVE & N FEDERAL BLVD,1,1,0,0,1,1,0,0,,0,0,0,0,0,2,2,16
,2023-57775,39.67077264,-104.8660364,8/18/2023 15:00,15:00:00,3,0,0, PARKER RD & S HAVANA ST,1,1,0,0,1,1,0,0,45,0,0,0,0,0,2,2,16
,2023-57798,39.68932802,-104.9430262,7/30/2023 16:51,16:51:00,3,0,2, JACKSON ST & E FLORIDA AVE,1,1,0,0,1,1,0,0,25,0,0,0,0,2,4,2,1
,2023-57805,39.67865344,-105.0250484,6/23/2023 19:10,19:10:00,2,0,2, FEDERAL BLVD & W EVANS AVE,1,1,0,0,1,1,0,0,,1,1,0,0,2,2,1,16
,2023-57806,39.74028846,-104.9982054,12/21/2023 23:05,23:05:00,15,0,0, SPEER BLVD & W COLFAX AVE,1,3,0,0,1,4,0,0,35,0,0,0,0,0,4,2,16
,2023-57807,39.73299502,-105.0251692,12/16/2023 3:15,3:15:00,15,0,0,FEDERAL BLVD & W 10TH AVE,1,3,0,0,1,4,0,0,35,0,0,0,0,0,2,2,16
,2023-57813,39.77483037,-104.8469263,12/9/2023 18:36,18:36:00,3,0,0, PEORIA ST & I-70 WB RAMPS,1,3,0,0,1,1,0,0,35,0,0,0,0,0,4,2,14
,2023-57814,39.77664293,-105.023924,11/27/2023 17:37,17:37:00,11,0,1,W 44TH AVE & N ELIOT ST,1,3,0,0,1,4,0,0,0,0,1,0,0,1,4,1,16
,2023-57816,39.74000585,-104.9861475,12/29/2023 7:20,7:20:00,12,0,1,E COLFAX AVE & N LINCOLN ST,1,1,3,0,1,3,0,0,,0,0,0,0,2,2,2,16
,2023-57817,39.69659749,-104.9317358,12/5/2023 7:43,7:43:00,11,0,1, DAHLIA ST & E MISSISSIPPI AVE,1,1,0,7,1,1,0,0,,0,1,0,0,2,4,1,16
,2023-57818,39.76108011,-105.0268422,11/18/2023 0:07,0:07:00,1,1,0, SPEER BLVD & N GROVE ST,1,3,1,0,1,1,0,0,35,0,0,0,0,4,4,2,16
,2023-57823,39.71123814,-105.0251819,12/17/2023 14:12,14:12:00,2,0,1,W ALAMEDA AVE & FEDERAL BLVD,1,1,0,0,3,9,0,0,,1,0,0,0,1,2,1,16
,2023-57825,39.73569469,-105.0251473,12/23/2023 20:15,20:15:00,3,0,1, FEDERAL BLVD & W HOLDEN PL,11,3,0,1,1,1,0,0,35,0,0,0,0,1,2,2,16
,2023-57831,39.72509121,-105.032475,11/10/2023 19:37,19:37:00,12,0,0,W 6TH AVE & N KNOX CT,1,4,0,0,1,4,0,0,65,0,0,0,0,0,2,2,13
,2023-57832,39.78270903,-104.9889233,10/27/2023 15:59,15:59:00,15,0,0,I-70 WB OFF RAMP TO NB -25 & I-70 EB,1,1,0,0,1,8,0,0,40,0,0,0,0,0,1,5,1
,2023-57834,39.7256473,-104.9874354,12/18/2023 12:54,12:54:00,3,0,0, BROADWAY ST & E 6TH AVE,1,1,0,0,1,1,0,0,30,0,0,0,0,0,4,2,3
,2023-57855,39.72910021,-104.9613507,11/30/2023 18:22,18:22:00,6,0,1,GAYLORD ST & E 8TH AVE,1,4,1,0,1,4,0,0,20,0,0,0,0,1,4,2,10
,2023-57870,39.67915912,-105.0535551,11/24/2023 11:22,11:22:00,12,0,0,W EVANS AVE & S SHERIDAN BLVD,1,1,0,0,1,3,0,0,25,0,0,0,0,0,2,2,16
,2023-57906,39.65864855,-104.8515299,10/18/2023 3:43,3:43:00,16,0,0,3247  PARKER RD,1,5,0,0,5,7,0,0,10,0,0,0,0,0,3,4,16
,2023-57907,39.65615248,-105.0532234,4/14/2023 17:14,17:14:00,1,0,2, SHERIDAN BLVD & W DARTMOUTH AVE,11,1,0,1,1,1,0,0,35,0,0,0,0,1,2,2,8
,2023-57926,39.83505351,-104.6678841,4/23/2023 3:24,3:24:00,5,0,0,UNDERGROVE ST & 7644,1,4,2,0,2,4,0,0,35,0,0,0,0,0,4,1,16
,2023-57957,39.71095805,-104.9828143,12/31/2023 23:26,23:26:00,6,0,1, LOGAN ST & E ALAMEDA AVE,1,4,0,0,1,4,0,0,30,0,0,0,0,2,4,2,3
,2023-57963,39.77294815,-104.8347329,11/19/2023 2:34,2:34:00,5,0,3,I-70 & I-225 SB ON RAMP EXT,1,3,0,0,1,4,0,0,65,0,0,0,0,1,1,3,16
,2023-57971,39.69566167,-104.90352,12/29/2023 17:54,17:54:00,3,0,1,E MISSISSIPPI AVE & S QUEBEC ST,1,3,0,0,1,1,0,0,35,0,0,0,0,1,4,2,14
,2023-57974,39.76956039,-105.0252319,12/31/2023 22:25,22:25:00,12,0,0, FEDERAL BLVD & 3810,1,3,0,0,5,7,0,0,,0,0,0,0,0,3,2,7
,2023-57976,39.75058025,-104.999153,12/29/2023 1:19,1:19:00,12,0,0,BLAKE ST & 16TH ST,1,3,0,0,1,3,0,0,,0,0,0,0,0,4,2,16
,2023-57977,39.76690611,-104.9948288,12/31/2023 22:40,22:40:00,12,0,2,PARK AVE W & I-25 NB RAMPS,1,3,0,0,1,1,0,0,30,0,0,0,0,2,4,2,16
,2023-57979,39.71831798,-104.9790322,12/31/2023 3:02,3:02:00,6,0,1,E 1ST AVE & N WASHINGTON ST,1,3,0,0,3,4,0,0,25,0,0,0,0,1,4,5,14
,2023-57992,39.75401116,-104.9964205,12/30/2023 22:57,22:57:00,6,0,0,WAZEE ST & 19TH ST,14,5,3,7,1,4,0,0,,0,0,0,0,0,4,2,16
,2023-58001,39.74616043,-104.9747745,12/27/2023 16:30,16:30:00,2,0,1,E 19TH AVE & N OGDEN ST,1,1,0,0,1,1,0,0,,1,0,0,0,1,4,1,16
,2023-58005,39.71824713,-104.9837617,12/28/2023 16:07,16:07:00,6,0,0, GRANT ST & E 1ST AVE,1,1,0,0,3,4,0,0,,0,0,0,0,0,4,2,16
,2023-58010,39.73333727,-104.8858678,12/30/2023 22:48,22:48:00,5,0,0,1116  XENIA ST ALLEY & E 11TH AVE,5,3,0,0,2,9,0,0,15,0,0,0,0,0,4,1,13
,2023-58020,39.76003523,-104.8963995,12/28/2023 9:27,9:27:00,14,0,0, TRENTON ST & E MLK BLVD,1,1,0,0,1,3,0,0,30,0,0,0,0,0,4,2,1
,2023-58025,39.7461848,-104.983671,12/28/2023 20:37,20:37:00,11,0,1,E 19TH AVE & N GRANT ST,1,3,0,0,1,4,0,0,30,0,0,1,0,1,4,1,3
,2023-58027,39.77531771,-105.0064601,12/30/2023 14:00,14:00:00,6,0,0,W 43RD AVE & N PECOS ST,1,1,0,0,1,4,0,0,25,0,0,0,0,0,4,2,16
,2023-58041,39.6632598,-105.0814345,12/7/2023 13:30,13:30:00,3,0,0, WADSWORTH BLVD & W DARTMOUTH AVE,1,1,0,0,1,2,0,0,,0,0,0,0,0,2,3,16
,2023-58069,39.7254661,-105.0324805,11/10/2023 19:37,19:37:00,12,0,0,W 6TH AVE FWY & N KNOX CT,1,4,0,0,1,4,0,0,65,0,0,0,0,0,2,2,13
,2023-58074,39.70092217,-104.9871636,7/10/2023 11:14,11:14:00,3,0,0,I-25 SB OFF RAMP & S BROADWAY,1,1,0,0,1,1,0,0,30,0,0,0,0,0,4,2,16
,2023-58075,39.78376517,-104.9404554,11/19/2023 18:36,18:36:00,11,1,0, COLORADO BLVD & E 48TH AVE,1,3,0,0,1,1,0,0,0,0,1,0,0,4,2,1,16
,2023-58076,39.76538809,-104.902606,12/24/2023 18:45,18:45:00,3,0,3, QUEBEC ST & E 35TH AVE,1,3,0,0,1,1,0,0,45,0,0,0,0,3,4,3,14
,2023-58084,39.70943912,-105.0324281,10/9/2023 19:44,19:44:00,3,0,0,W DAKOTA AVE & S KNOX CT,1,4,0,0,1,1,0,0,25,0,0,0,0,0,4,2,11
,2023-58090,39.66740966,-104.9249912,9/28/2023 4:31,4:31:00,5,0,0,I-25 OFF RAMP & E YALE AVE,1,3,1,7,6,8,0,0,35,0,0,0,0,0,1,1,16
,2023-58096,39.74821822,-104.9864404,9/20/2023 0:48,0:48:00,5,0,3,20TH ST & WELTON ST,1,3,0,0,3,4,0,0,25,0,0,0,0,3,4,1,1
,2023-58097,39.75122182,-105.0166085,9/27/2023 11:54,11:54:00,5,0,1,I-25 & W 23RD AVE,1,1,0,0,2,4,0,0,55,0,0,0,0,2,1,1,16
,2023-58101,39.75663284,-105.0090605,9/27/2023 11:10,11:10:00,5,0,0,PLATTE ST & 15TH ST,1,1,0,0,3,9,0,0,25,0,0,0,0,0,4,1,1
,2023-58104,39.77816273,-104.8951753,9/10/2023 4:50,4:50:00,5,0,0,I-70 & EB OFF RAMP GORE PT TO N CENTRAL PARK BLVD,1,3,0,0,3,8,0,0,55,0,0,0,0,0,1,1,16
,2023-58105,39.75486022,-105.0383203,7/23/2023 19:21,19:21:00,5,0,0,W 26TH AVE & N OSCEOLA ST,1,1,0,0,3,4,0,0,30,0,0,0,0,0,4,1,3
,2023-58108,39.70771886,-105.0532505,9/3/2023 2:08,2:08:00,3,0,2,W VIRGINIA AVE & S SHERIDAN BLVD,1,1,1,0,1,1,0,0,40,0,0,0,0,1,2,2,13
,2023-58112,39.71486531,-105.0138331,9/20/2023 20:10,20:10:00,5,0,0, YUMA ST & W BAYAUD AVE,1,3,0,0,4,1,0,0,,0,0,0,0,0,4,1,16
,2023-58114,39.73669401,-104.9406249,9/29/2023 13:10,13:10:00,5,0,0,E 13TH AVE & N COLORADO BLVD,1,1,0,0,1,1,0,0,30,0,0,0,0,0,2,1,13
,2023-58116,39.75571021,-104.9768765,9/11/2023 2:11,2:11:00,5,0,0,WELTON ST & 28TH ST,11,3,0,1,3,4,0,0,30,0,0,0,0,0,4,1,13
,2023-58119,39.73036868,-104.9418349,9/26/2023 19:59,19:59:00,6,0,0, HARRISON ST & E 9TH AVE,1,4,0,0,1,4,0,0,25,0,0,0,0,0,4,2,1
,2023-58120,39.7490463,-105.0252847,9/14/2023 4:35,4:35:00,5,0,0, FEDERAL BLVD & W 21ST AVE,1,3,0,0,3,4,0,0,35,0,0,0,0,0,2,1,16
,2023-58133,39.71933283,-104.9281195,10/10/2023 20:14,20:14:00,5,0,0,E 2ND AVE & 175 N FAIRFAX ST,1,4,0,0,3,1,0,0,,0,0,0,0,0,4,1,16