id,drcog_id,latitude,longitude,crashtime,time,crashtype,numbkilled,numbinjurd,drcoglocat,rdconditin,lightngcon,roadcntgrd,weatherco,location,roaddescrp,schoolzone,constrzone,splimit,bikeinv,pedinv,sctrinv,motoinv,svrty,rdsystem,ttlvehcls,hcf
,2023-58145,39.74775792,-105.0045157,10/10/2023 20:29,20:29:00,15,0,2,AURARIA PKWY & 12TH ST,1,3,0,0,1,4,0,0,45,0,0,0,0,2,4,2,14
,2023-58146,39.78375855,-105.0345717,10/3/2023 15:01,15:01:00,5,0,0,I-70 WB OFF RAMP & N LOWELL BLVD,1,1,0,0,3,1,0,0,30,0,0,0,0,0,4,1,13
,2023-58147,39.74434782,-104.9915264,10/5/2023 14:16,14:16:00,15,0,0,WELTON ST & 16TH ST,1,1,0,0,1,4,0,0,25,0,0,0,0,0,4,2,8
,2023-58165,39.72908632,-104.9694502,10/12/2023 7:45,7:45:00,10,0,2,E 8TH AVE & N HUMBOLDT ST,1,1,0,0,1,1,0,0,35,0,0,0,0,2,4,3,8
,2023-58193,39.71133498,-104.9364948,10/11/2023 15:15,15:15:00,3,0,0,E ALAMEDA AVE & LEETSDALE DR,1,1,0,0,1,1,0,0,,0,0,0,0,0,4,2,16
,2023-58197,39.77486812,-104.8016327,10/11/2023 2:24,2:24:00,5,0,1, LEWISTON ST & E ANDREWS WY,1,3,0,0,2,1,0,0,25,0,0,0,0,2,4,1,14
,2023-58200,39.70373859,-104.9216423,9/29/2023 4:00,4:00:00,5,0,0, HOLLY ST & E EXPOSITION AVE,1,3,0,0,2,4,0,0,30,0,0,0,0,0,4,1,16
,2023-58202,39.68225496,-105.0470562,6/28/2023 1:40,1:40:00,5,0,2,W JEWELL AVE & S WINONA CT,1,4,0,0,3,1,0,0,25,0,0,0,0,2,4,1,16
,2023-58210,39.68933259,-104.8956689,9/17/2023 10:53,10:53:00,2,0,1,E FLORIDA AVE & S QUEBEC WY,1,1,1,0,1,12,0,0,30,1,0,0,0,1,4,1,7
,2023-58211,39.66751649,-104.8653662,10/16/2023 5:30,5:30:00,5,0,0,10700 E YALE AVE & S HAVANA ST,14,5,3,7,4,2,0,0,,0,0,0,0,0,4,1,16
,2023-58216,39.83345786,-104.6865051,10/14/2023 3:00,3:00:00,5,0,0,PENA BLVD & WB OFF RAMP EXT TO N JACKSON GAP,1,3,0,0,2,8,0,0,45,0,0,0,0,0,4,1,13
,2023-58217,39.74805006,-104.9124128,10/13/2023 12:45,12:45:00,5,0,0, MONACO ST PKWY & E 21ST AVE,1,1,0,0,6,4,0,0,30,0,0,0,0,0,4,1,10
,2023-58219,39.83346968,-104.7545229,10/13/2023 11:45,11:45:00,15,0,0,EB OFF RAMP GORE PT TO E-470,1,1,0,0,1,8,0,1,,0,0,0,0,0,2,2,16
,2023-58222,39.75154847,-104.9956117,10/14/2023 9:35,9:35:00,11,0,1,18TH ST & MARKET ST,1,1,0,0,1,9,0,0,0,0,0,1,0,2,4,1,16
,2023-58229,39.69845323,-105.0125416,10/14/2023 23:33,23:33:00,6,0,0, TEJON ST & W TENNESSEE AVE,1,3,0,0,1,4,0,0,25,0,0,0,0,0,4,2,16
,2023-58238,39.78316726,-104.8366389,10/16/2023 16:13,16:13:00,3,0,0,E ELK PL & N TITAN CT,1,1,0,0,1,1,0,0,25,0,0,0,0,0,4,2,16
,2023-58243,39.83965643,-104.6718613,10/19/2023 16:12,16:12:00,15,0,0,PENA BLVD E,1,1,0,0,1,4,0,0,45,0,0,0,0,0,4,2,11
,2023-58253,39.74890739,-104.9873883,10/19/2023 12:40,12:40:00,10,0,0,20TH ST & CALIFORNIA ST,1,1,0,0,1,1,0,0,35,0,0,0,0,0,4,2,8
,2023-58263,39.71121283,-104.9129298,10/18/2023 23:40,23:40:00,1,0,1,E ALAMEDA AVE & S MONACO ST PKWY,1,3,0,0,1,1,0,0,35,0,0,0,0,2,4,2,13
,2023-58269,39.74562219,-104.8999166,10/19/2023 2:23,2:23:00,3,0,0,E 19TH AVE & N ROSEMARY ST,1,3,0,0,1,1,0,0,20,0,0,0,0,0,4,2,16
,2023-58289,39.69258593,-104.9078381,10/19/2023 7:36,7:36:00,6,0,0,E LOUISIANA AVE & S ONEIDA ST,1,1,0,0,1,4,0,0,,0,0,0,0,0,4,3,16
,2023-58291,39.6784496,-104.937426,10/18/2023 18:30,18:30:00,1,0,0,E EVANS AVE & S BELLAIRE ST,1,3,3,0,1,1,0,0,,0,0,0,0,0,4,2,16
,2023-58293,39.6966599,-104.9918701,10/19/2023 6:47,6:47:00,1,0,0,W MISSISSIPPI AVE & S SANTA FE DR,1,1,0,0,1,1,0,0,35,0,0,0,0,0,2,2,16
,2023-58299,39.77040815,-104.9787378,10/19/2023 8:26,8:26:00,12,0,0, BRIGHTON BLVD & 35TH ST,1,1,0,0,1,4,0,0,30,0,0,0,0,0,4,2,13
,2023-58300,39.75617128,-104.9919192,10/19/2023 12:25,12:25:00,15,0,0,22ND ST & BLAKE ST,1,1,0,0,1,1,0,0,35,0,0,0,0,0,4,2,11
,2023-58303,39.72913765,-104.9407786,9/10/2023 10:37,10:37:00,12,0,0, COLORADO BLVD & E 8TH AVE,1,1,0,0,1,1,0,0,35,0,0,0,0,0,4,2,13
,2023-58306,39.72423364,-105.0324796,9/17/2023 11:56,11:56:00,6,0,3, KNOX CT & W 5TH AVE,1,1,0,0,1,4,0,0,30,0,0,0,0,1,4,3,7
,2023-58315,39.80556972,-104.7721297,10/18/2023 13:59,13:59:00,3,0,1,E 60TH AVE & N TOWER RD,1,1,0,0,1,1,0,0,25,0,0,0,0,2,4,2,7
,2023-58318,39.72932999,-105.0251344,10/19/2023 10:44,10:44:00,15,0,0,W 6TH AVE & N FEDERAL BLVD,1,1,1,0,1,1,0,0,55,0,0,0,0,0,2,2,11
,2023-58319,39.79843453,-104.7627065,10/19/2023 13:00,13:00:00,12,0,0,E 56TH AVE & N DUNKIRK ST,1,1,3,0,1,3,0,0,40,0,0,0,0,0,4,2,10
,2023-58321,39.68592623,-105.0153095,10/14/2023 23:13,23:13:00,6,0,0,W MEXICO AVE & S ZUNI ST,1,4,0,0,1,4,0,0,,0,0,0,0,0,4,2,16
,2023-58323,39.69435321,-104.9792524,10/19/2023 15:37,15:37:00,12,0,1,I-25 & S WASHINGTON ST,1,1,0,0,1,4,0,0,55,0,0,0,0,1,1,2,3
,2023-58324,39.83807308,-104.7097479,10/19/2023 18:30,18:30:00,3,0,1,CALAWBA ST & E 78TH AVE,1,3,0,0,1,1,0,0,45,0,0,0,0,1,4,2,8
,2023-58325,39.71134232,-104.9992726,10/19/2023 6:39,6:39:00,15,0,0,I-25 & W ALAMEDA AVE,1,1,0,0,1,4,0,0,55,0,0,0,0,0,1,2,16
,2023-58329,39.77568101,-104.8664133,10/19/2023 14:36,14:36:00,15,0,0,I-70 & N HAVANA ST,1,1,3,0,1,4,0,0,55,0,0,0,0,0,1,2,11
,2023-58330,39.75106138,-104.9828948,10/15/2023 21:45,21:45:00,15,0,0,WELTON ST & PARK AVE W,1,3,0,0,1,1,0,0,,0,0,0,0,0,4,2,16
,2023-58331,39.77984403,-104.9680627,7/3/2023 21:17,21:17:00,12,0,2,I-70 & N BRIGHTON BLVD,1,3,0,0,1,4,0,0,55,0,1,0,0,3,1,2,14
,2023-58339,39.76426685,-105.0019129,10/13/2023 19:42,19:42:00,12,0,0,I-25 & SB OFF RAMP EXT TO 20TH ST,1,3,0,0,1,4,0,0,,0,0,0,0,0,2,3,16
,2023-58348,39.71796708,-104.9514848,10/15/2023 2:07,2:07:00,12,0,1,E 1ST AVE & N ST PAUL ST,1,4,0,0,1,4,0,0,30,0,0,0,0,2,4,4,14
,2023-58356,39.78589573,-105.0532555,8/10/2023 10:35,10:35:00,3,0,0, SHERIDAN BLVD & INSPIRATION PT DR,1,1,0,0,1,1,0,0,,0,0,0,0,0,2,3,13
,2023-58363,39.77497838,-104.7391502,10/19/2023 8:34,8:34:00,6,0,0,E 42ND AVE & N PICADILLY RD,1,1,0,0,1,4,0,0,30,0,0,0,0,0,4,2,11
,2023-58365,39.74010673,-104.9854271,9/19/2023 21:45,21:45:00,12,0,0,E COLFAX AVE & N LINCOLN ST,1,3,0,0,1,3,0,0,35,0,0,0,0,0,4,2,1
,2023-58367,39.74007935,-104.9124455,10/17/2023 9:05,9:05:00,3,0,0,E COLFAX AVE & N MONACO ST PKWY,1,1,0,0,1,1,0,0,30,0,0,0,0,0,2,2,16
,2023-58368,39.73468161,-104.9406185,10/19/2023 6:42,6:42:00,1,0,1, COLORADO BLVD & E 12TH AVE,1,1,0,0,1,1,0,0,35,0,0,0,0,1,2,2,13
,2023-58374,39.65473912,-104.8946812,10/18/2023 23:36,23:36:00,6,0,1,3375  TULARE CT & E GIRARD AVE,1,3,0,0,1,4,0,0,25,0,0,0,0,2,4,4,14
,2023-58376,39.67848611,-104.9988365,10/19/2023 10:25,10:25:00,15,0,0,W EVANS AVE & S PLATTE RIVER DR,1,1,0,0,1,3,0,0,30,0,0,0,0,0,4,2,16
,2023-58377,39.72914652,-104.9406249,10/19/2023 12:35,12:35:00,12,0,0, COLORADO BLVD & E 8TH AVE,1,1,0,0,1,3,0,0,35,0,0,0,0,0,2,2,13
,2023-58378,39.65303562,-104.9317144,10/18/2023 15:30,15:30:00,12,0,1,E HAMPDEN AVE & S DAHLIA ST,1,1,0,0,1,3,0,0,40,0,0,0,0,1,2,2,16
,2023-58381,39.72192355,-105.0090532,10/20/2023 8:56,8:56:00,12,0,0,I-25 & NB OFF RAMP GORE PT TO W 6TH AVE,1,1,0,0,1,8,0,0,55,0,0,0,0,0,1,2,14
,2023-58385,39.74327188,-104.9823503,10/20/2023 12:40,12:40:00,3,0,0,E 17TH AVE & N LOGAN ST,1,1,0,0,1,1,0,0,35,0,0,0,0,0,4,2,8
,2023-58391,39.73687374,-105.0052577,10/20/2023 12:59,12:59:00,3,0,0, OSAGE ST & W 13TH AVE,1,1,0,0,1,1,0,0,20,0,0,0,0,0,4,2,11
,2023-58401,39.78056462,-104.9407517,10/18/2023 11:37,11:37:00,15,0,0,I-70 WB OFF RAMP & N COLORADO BLVD,1,1,0,1,1,8,0,0,45,0,0,0,0,0,1,2,16
,2023-58402,39.75089921,-105.0251384,10/20/2023 12:02,12:02:00,12,0,0, FEDERAL BLVD & E 23RD AVE,1,1,0,0,1,3,0,0,35,0,0,0,0,0,2,3,11
,2023-58404,39.68491044,-104.9594473,10/20/2023 1:07,1:07:00,15,0,1,I-25 & S UNIVERSITY BLVD,1,3,1,0,1,4,0,0,60,0,0,0,0,2,1,2,14
,2023-58410,39.76322409,-105.017407,10/19/2023 16:56,16:56:00,5,0,0,ALCOTT ST & W 33RD AVE,1,1,3,0,2,9,0,0,,0,0,0,0,0,4,1,16
,2023-58412,39.75791651,-104.9917583,10/20/2023 10:07,10:07:00,12,0,0,PARK AVE W & WAZEE ST,1,1,0,0,1,4,0,0,35,0,0,0,0,0,4,2,16
,2023-58416,39.68472503,-104.9504675,10/20/2023 8:19,8:19:00,15,0,0,I-25 & S STEELE ST,1,1,0,0,1,4,0,0,,0,0,0,0,0,1,4,16
,2023-58420,39.78008882,-104.9304954,10/20/2023 15:06,15:06:00,12,0,0,I-70 & N HOLLY ST,1,1,0,0,1,4,0,0,55,0,0,0,0,0,1,3,14
,2023-58422,39.77944719,-104.9895679,10/20/2023 19:34,19:34:00,12,0,0,I-25 & I-70,1,3,0,0,1,4,0,0,50,0,0,0,0,0,1,2,13
,2023-58423,39.74015036,-104.9491691,10/20/2023 7:20,7:20:00,10,0,0,E COLFAX AVE & N STEELE ST,1,1,0,0,1,4,0,0,35,0,0,0,0,0,2,2,11
,2023-58426,39.75451343,-104.9818614,10/16/2023 13:25,13:25:00,12,0,0,STOUT ST & 25TH ST,1,1,0,0,1,4,0,0,,0,0,0,0,0,4,2,16
,2023-58427,39.7336764,-104.9764422,10/20/2023 16:22,16:22:00,1,0,0,E 11TH AVE & N EMERSON ST,1,1,0,0,1,1,0,0,30,0,0,0,0,0,4,2,11
,2023-58428,39.76540043,-104.9026146,10/16/2023 15:22,15:22:00,10,0,0,E 35TH AVE & N QUEBEC ST,1,1,0,0,1,1,0,0,30,0,0,0,0,0,4,2,2
,2023-58430,39.70756738,-105.053264,10/13/2023 6:42,6:42:00,14,0,0, SHERIDAN BLVD & W VIRGINIA AVE,1,1,0,0,1,4,0,0,35,0,0,0,0,0,2,3,16
,2023-58431,39.71121089,-104.9031852,10/20/2023 13:16,13:16:00,12,0,0,E ALAMEDA AVE & S QUEBEC ST,1,1,0,0,1,4,0,0,35,0,0,0,0,0,4,2,3
,2023-58434,39.74008269,-105.0183601,10/20/2023 11:34,11:34:00,5,0,0,OLD W COLFAX AVE & MILE HIGH STADIUM CIR,1,1,0,0,3,1,0,0,25,0,0,0,0,0,1,1,8
,2023-58435,39.68951089,-105.0203788,10/20/2023 13:05,13:05:00,3,0,0, CLAY ST & W FLORIDA AVE,1,1,0,0,1,1,0,0,25,0,0,0,0,0,4,2,11
,2023-58438,39.75668742,-104.8535421,10/20/2023 0:11,0:11:00,6,0,0,E MLK BLVD & N MOLINE ST,1,3,0,0,1,4,0,0,30,0,0,0,0,0,4,2,16
,2023-58439,39.71397925,-105.0471969,10/20/2023 10:44,10:44:00,3,0,0,179  WINDSOR DR & S WOLFF ST,1,1,0,0,1,2,0,0,25,0,0,0,0,0,4,2,11
,2023-58440,39.77523,-104.8590646,10/20/2023 7:40,7:40:00,12,0,2,I-70 & WB OFF RAMP EXT TO N HAVANA ST,1,1,0,0,1,4,0,0,55,0,0,0,0,3,1,3,13
,2023-58441,39.78102669,-104.8827718,10/20/2023 12:09,12:09:00,12,0,0, CENTRAL PARK BLVD & E 46TH PL,1,1,1,0,1,3,0,0,35,0,0,0,0,0,4,3,16
,2023-58445,39.75630609,-105.0158242,10/20/2023 6:49,6:49:00,1,0,1, SPEER BLVD & N ZUNI ST,1,1,0,0,1,1,0,0,35,0,0,0,0,3,4,2,13
,2023-58448,39.7261159,-105.0324928,10/20/2023 17:08,17:08:00,3,0,0, KNOX CT & W 6TH AVE,1,1,0,0,1,1,0,0,35,0,0,0,0,0,4,2,11
,2023-58453,39.65308146,-104.887735,10/20/2023 14:32,14:32:00,11,0,1,E HAMPDEN AVE & S WILLOW ST,1,1,0,0,1,4,0,0,0,0,1,0,0,3,2,1,16
,2023-58454,39.72917505,-105.0015899,10/20/2023 15:03,15:03:00,6,0,0, LIPAN ST & W 8TH AVE,1,1,0,0,1,4,0,1,25,0,0,0,0,0,4,2,3
,2023-58456,39.78950435,-104.772154,10/20/2023 7:45,7:45:00,3,0,1,E 51ST AVE & N TOWER RD,1,1,0,0,1,1,0,0,30,0,0,0,0,1,4,2,11
,2023-58457,39.74044244,-105.0152479,10/19/2023 23:34,23:34:00,12,0,0,W COLFAX AVE & I-25 SB OFF RAMP,1,3,0,0,1,3,0,0,25,0,0,0,0,0,1,3,13
,2023-58458,39.63117238,-104.8924225,10/20/2023 12:27,12:27:00,3,0,1,E UNION AVE & S DTC BLVD,1,1,0,0,1,1,0,0,35,0,0,0,0,1,4,2,8
,2023-58459,39.71784181,-104.9496746,10/20/2023 13:45,13:45:00,12,0,0,E 1ST AVE & N STEELE ST,1,1,0,0,1,3,0,0,35,0,0,0,0,0,4,2,13
,2023-58460,39.65298174,-105.0665803,10/20/2023 12:38,12:38:00,10,0,0,W HAMPDEN  FRTG RD & S KENDALL ST,1,1,0,0,1,4,0,0,30,0,0,0,0,0,4,2,14
,2023-58462,39.75360878,-105.0236057,10/20/2023 15:16,15:16:00,11,0,1,W 25TH AVE & N ELIOT ST,1,1,0,0,1,1,0,0,25,0,1,0,0,2,4,1,13
,2023-58464,39.78028127,-104.966166,10/21/2023 10:40,10:40:00,15,0,1,I-70 & N BRIGHTON BLVD,1,1,0,0,1,13,0,0,55,0,0,0,0,1,1,2,14
,2023-58472,39.69312301,-105.0250363,10/20/2023 18:50,18:50:00,12,0,1, FEDERAL BLVD & W LOUISIANA AVE,1,2,0,0,1,4,0,0,35,0,0,0,0,2,4,2,13
,2023-58474,39.7279183,-104.9787698,10/20/2023 23:00,23:00:00,6,0,0, WASHINGTON ST & E 8TH AVE,1,3,0,0,3,4,0,0,25,0,0,0,0,0,4,4,13
,2023-58475,39.75228244,-104.9916828,10/21/2023 0:13,0:13:00,1,0,0,20TH ST & LAWRENCE ST,1,3,0,0,1,1,0,0,35,0,0,0,0,0,4,2,8
,2023-58482,39.76115306,-105.004746,10/21/2023 14:16,14:16:00,15,0,0,I-25 & 20TH ST,1,1,0,0,1,4,0,0,55,0,0,0,0,0,1,2,13
,2023-58484,39.77399892,-104.847034,10/21/2023 11:15,11:15:00,15,0,4,I-70 & PEORIA ST,1,1,1,0,1,4,0,0,55,0,0,0,0,1,1,3,16
,2023-58487,39.79437318,-104.8146945,10/21/2023 14:46,14:46:00,3,0,1, ELKHART ST & E MAXWELL PL,1,1,0,0,1,1,0,0,25,0,0,0,0,2,4,2,11
,2023-58492,39.74982274,-104.9034345,10/21/2023 10:47,10:47:00,3,0,0,E 22ND AVE & N QUEBEC ST,1,1,0,0,1,1,0,0,25,0,0,0,0,0,4,2,7
,2023-58494,39.71109334,-105.0251685,10/21/2023 2:29,2:29:00,1,0,0, FEDERAL BLVD & W ALAMEDA AVE,1,3,0,0,1,1,0,0,40,0,0,0,0,0,2,2,16
,2023-58501,39.69475266,-104.940736,10/21/2023 4:34,4:34:00,5,0,0, COLORADO BLVD & E ARIZONA AVE,1,3,0,0,3,1,0,0,35,0,0,0,0,0,4,1,3
,2023-58502,39.65316931,-104.9118756,10/21/2023 9:46,9:46:00,12,0,0,E HAMPDEN AVE & S MONACO ST PKWY,1,1,0,0,1,4,0,0,40,0,0,0,0,0,2,2,3
,2023-58504,39.78157435,-104.8177791,10/21/2023 4:23,4:23:00,6,0,0,E  BOLLING DR & N ALTURA ST,1,3,0,0,1,4,0,0,20,0,0,0,0,0,4,2,11
,2023-58507,39.77163005,-105.0005891,10/20/2023 18:18,18:18:00,6,0,0,3922  KALAMATH ST & W 40TH AVE,1,1,0,0,1,4,0,0,,0,0,0,0,0,4,2,16
,2023-58508,39.78026632,-104.8164985,10/19/2023 0:00,0:00:00,6,0,0,4745  EUGENE WY & E ELK PL,1,1,0,0,1,4,0,0,,0,0,0,0,0,4,2,16
,2023-58510,39.78837648,-104.9634892,10/21/2023 2:27,2:27:00,5,0,1,4903  BRIGHTON BLVD & N RACE CT,1,3,1,0,3,4,0,0,35,0,0,0,0,2,4,1,16
,2023-58512,39.78060666,-104.8336136,10/18/2023 4:00,4:00:00,6,0,0,4652  ANAHEIM CT & N BLACKHAWK WY,1,4,0,0,1,4,0,0,,0,0,0,0,0,4,2,16
,2023-58515,39.76028625,-105.0252773,10/21/2023 15:03,15:03:00,1,0,0, SPEER BLVD & N FEDERAL BLVD,1,3,0,0,1,2,0,0,35,0,0,0,0,0,4,2,13
,2023-58516,39.74006767,-104.9406123,10/21/2023 14:38,14:38:00,12,0,1, COLORADO BLVD & E COLFAX AVE,1,3,0,0,1,4,0,0,40,0,0,0,0,2,4,2,13
,2023-58521,39.72559117,-105.0415188,10/21/2023 17:26,17:26:00,12,0,1,4200 W 6TH AVE,1,1,0,0,1,4,0,0,55,0,0,0,0,2,2,3,16
,2023-58529,39.79824745,-104.8473787,10/20/2023 16:37,16:37:00,15,0,0,E 56TH AVE & N PEORIA ST,1,1,3,1,1,4,0,0,35,0,0,0,0,0,4,2,7
,2023-58534,39.69293304,-104.9405488,10/20/2023 21:48,21:48:00,12,0,0, COLORADO BLVD & E LOUISIANA AVE,1,3,0,0,1,1,0,0,35,0,0,0,0,0,2,3,3
,2023-58537,39.79588815,-104.8963581,10/21/2023 1:37,1:37:00,6,0,0,5470  TRENTON ST & E 54TH PL,1,3,0,0,1,4,0,0,25,0,0,0,0,0,4,2,2
,2023-58545,39.72888682,-105.002843,10/20/2023 8:55,8:55:00,3,0,1, MARIPOSA ST & W 8TH AVE,1,1,0,0,1,1,0,0,30,0,0,0,0,2,4,2,13
,2023-58547,39.77291879,-104.9753676,10/14/2023 19:16,19:16:00,15,0,0,38TH ST & WYNKOOP ST,1,3,0,0,1,4,0,0,30,0,0,0,0,0,4,2,8
,2023-58554,39.83333337,-104.7291254,10/16/2023 22:59,22:59:00,6,0,1,PENA BLVD & EB OFF RAMP EXT TO N GUN CLUB RD,1,3,1,0,3,4,0,0,65,0,0,0,0,1,4,2,16
,2023-58581,39.72577885,-104.998574,10/17/2023 13:22,13:22:00,11,0,1, SANTA FE DR & W 6TH AVE,1,1,0,0,1,2,0,0,,0,1,0,0,1,4,1,13
,2023-58583,39.68199313,-105.0250205,10/17/2023 16:22,16:22:00,2,0,1,1990  FEDERAL BLVD & W JEWELL AVE,1,1,0,0,1,2,0,0,0,1,0,0,0,1,2,1,16
,2023-58615,39.74743097,-104.9124547,11/12/2023 12:51,12:51:00,3,0,2,E MONTVIEW BLVD & N MONACO ST PKWY,1,1,0,0,1,1,0,0,30,0,0,0,0,2,4,2,8
,2023-58628,39.6595432,-105.0330667,9/1/2023 17:43,17:43:00,5,0,3, JULIAN WY & S KING WY,1,1,1,0,3,3,0,0,25,0,0,0,0,3,4,1,10
,2023-58631,39.71119286,-104.9923982,11/14/2023 10:28,10:28:00,10,0,1, CHEROKEE ST & W ALAMEDA AVE,1,1,0,0,1,1,0,0,30,0,0,0,0,1,4,2,16
,2023-58634,39.78034555,-104.8098607,11/10/2023 15:49,15:49:00,3,0,0,E BOLLING DR & N CHAMBERS RD,1,1,0,0,1,1,0,0,35,0,0,0,0,0,4,2,14
,2023-58636,39.74653886,-104.9939371,11/3/2023 16:45,16:45:00,5,0,0,CHAMPA ST & 16TH ST,1,1,0,0,3,1,0,1,35,0,1,0,0,0,4,2,3
,2023-58647,39.72094186,-104.9895141,11/12/2023 5:00,5:00:00,5,0,1,W 3RD AVE & N ACOMA ST,1,3,0,0,2,4,0,0,25,0,0,0,0,2,4,1,14
,2023-58657,39.66116913,-104.9026699,11/18/2023 21:49,21:49:00,9,0,0, QUEBEC ST & E DARTMOUTH AVE,1,3,0,0,3,4,0,0,35,0,0,0,0,0,4,1,13
,2023-58674,39.76326616,-104.9597546,10/3/2023 22:25,22:25:00,5,0,0, YORK ST & E 33RD AVE,1,3,0,0,2,4,0,0,25,0,0,0,0,0,4,1,13
,2023-58675,39.71747069,-105.0109512,11/9/2023 4:22,4:22:00,5,0,0, TEJON ST & W IRVINGTON PL,11,3,3,0,3,3,0,0,30,0,0,0,0,0,4,1,2
,2023-58678,39.74033646,-105.0404995,11/18/2023 2:00,2:00:00,5,0,0,W COLFAX AVE & N QUITMAN ST,1,3,0,0,3,1,0,0,,0,0,0,0,0,2,1,16
,2023-58679,39.74322156,-104.9623287,11/5/2023 19:46,19:46:00,15,0,0,E 17TH AVE & N VINE ST,1,3,0,0,1,4,0,0,,0,0,0,0,0,4,3,16
,2023-58680,39.74691272,-104.9920349,11/8/2023 13:56,13:56:00,10,0,0,17TH ST & STOUT ST,1,1,0,1,1,9,0,0,,0,0,0,0,0,4,2,16
,2023-58681,39.73294129,-104.8858681,11/14/2023 6:00,6:00:00,6,0,0, XENIA ST & E 11TH AVE,1,1,0,0,3,4,0,0,20,0,0,0,0,0,4,2,16
,2023-58682,39.83348438,-104.6977757,11/19/2023 20:15,20:15:00,5,0,0,JACKSON GAP ST,1,3,0,0,3,4,0,0,65,0,0,0,0,0,4,1,16
,2023-58684,39.78237748,-104.832924,11/19/2023 2:33,2:33:00,5,0,0, CROWN BLVD & BLACKHAWK WY,1,3,0,0,2,3,0,0,,0,0,0,0,0,4,2,16
,2023-58685,39.85192743,-104.6740401,11/13/2023 7:39,7:39:00,16,0,0,8500 PENA BLVD,1,1,0,0,5,7,0,0,15,0,0,0,0,0,3,1,13
,2023-58686,39.73195475,-104.9921285,11/20/2023 4:15,4:15:00,5,0,2, SPEER BLVD & N CHEROKEE ST,1,3,3,0,2,4,0,0,45,0,0,0,0,2,4,1,1
,2023-58688,39.74739312,-104.9384054,10/29/2023 1:54,1:54:00,5,0,0,E MONTVIEW BLVD & N ASH ST,9,3,0,2,3,4,0,0,,0,0,0,0,0,4,1,16
,2023-58690,39.69294209,-104.9405601,10/7/2023 4:45,4:45:00,3,0,3,E LOUISIANA AVE & S COLORADO BLVD,1,3,0,0,1,1,0,0,35,0,0,0,0,3,4,2,16
,2023-58694,39.71623025,-104.9414433,11/4/2023 4:37,4:37:00,5,0,0,E ELLSWORTH AVE & N HARRISON ST,1,4,1,0,3,4,0,0,25,0,0,0,0,0,4,1,2
,2023-58709,39.78229973,-104.9316281,11/22/2023 6:10,6:10:00,5,0,1, DAHLIA ST & E 48TH AVE,1,4,0,0,3,4,0,0,35,0,0,0,0,1,4,1,2
,2023-58725,39.73325414,-104.9861292,11/8/2023 15:16,15:16:00,5,0,0, LINCOLN ST & E 11TH AVE,11,1,1,1,2,4,0,0,,0,0,0,0,0,4,1,16
,2023-58726,39.79103549,-104.9782743,11/23/2023 3:58,3:58:00,5,0,1, WASHINGTON ST & E 52ND AVE,1,3,0,0,1,1,0,0,35,0,0,0,0,2,4,1,14
,2023-58729,39.70664332,-104.8809593,11/24/2023 9:34,9:34:00,14,0,0,E CENTER AVE & S CLINTON ST,4,1,0,2,1,4,0,0,25,0,0,0,0,0,4,2,16
,2023-58757,39.72585685,-104.9951934,11/14/2023 10:35,10:35:00,5,0,0, FOX ST & W 6TH AVE,1,1,0,0,1,9,0,0,15,0,0,0,0,0,4,1,14
,2023-58763,39.78235648,-104.8463323,11/27/2023 15:20,15:20:00,5,0,1,E ALBROOK DR & N PEORIA ST,1,1,0,0,3,4,0,0,25,0,0,0,0,1,4,1,14
,2023-58768,39.72530822,-105.0531507,11/24/2023 3:11,3:11:00,5,0,4, SHERIDAN BLVD & W 6TH AVE EB RAMPS,9,3,0,2,6,3,0,0,40,0,0,0,0,2,2,1,13
,2023-58774,39.71339641,-105.0252414,11/14/2023 7:47,7:47:00,15,0,0, FEDERAL BLVD & W CEDAR AVE,1,1,1,0,1,4,0,0,35,0,0,0,0,0,2,2,16
,2023-58780,39.72726843,-104.9764073,10/7/2023 0:02,0:02:00,5,0,2, EMERSON ST & E 7TH AVE,1,3,1,0,6,6,0,0,20,0,0,0,0,3,4,1,1
,2023-58783,39.74001336,-104.9696945,11/28/2023 20:40,20:40:00,3,0,0,E COLFAX AVE & N HUMBOLDT ST,14,5,3,7,1,1,0,0,35,0,0,0,0,0,4,2,14
,2023-58796,39.74482884,-104.9686879,11/30/2023 11:15,11:15:00,15,0,0,E 18TH AVE & N FRANKLIN ST,1,1,0,0,1,3,0,0,30,0,0,0,0,0,4,2,11
,2023-58797,39.77483302,-104.8469956,9/24/2023 20:27,20:27:00,3,0,0, PEORIA ST & I-70 WB OFF RAMP,1,3,0,0,1,1,0,0,45,0,0,0,0,0,4,2,16
,2023-58803,39.79090168,-104.941674,11/30/2023 6:44,6:44:00,5,0,1, VASQUEZ BLVD & E 52ND AVE,1,2,0,0,3,1,0,0,45,0,0,0,0,1,2,1,1
,2023-58813,39.74167583,-104.9823433,11/30/2023 11:00,11:00:00,3,0,0,E 16TH AVE & N LOGAN ST,1,1,0,0,1,1,0,0,25,0,0,0,0,0,4,2,16
,2023-58814,39.79253647,-104.7721592,11/30/2023 18:56,18:56:00,3,0,2,E ELMENDORF DR & N TOWER RD,1,3,3,0,1,1,0,0,35,0,0,0,0,3,4,2,1