id,drcog_id,latitude,longitude,crashtime,time,crashtype,numbkilled,numbinjurd,drcoglocat,rdconditin,lightngcon,roadcntgrd,weatherco,location,roaddescrp,schoolzone,constrzone,splimit,bikeinv,pedinv,sctrinv,motoinv,svrty,rdsystem,ttlvehcls,hcf
,2023-58821,39.74879097,-105.0299484,12/2/2023 14:03,14:03:00,3,0,1,W 21ST AVE & N IRVING ST,1,1,0,0,1,1,0,0,25,0,0,0,0,1,4,3,7
,2023-58826,39.75446751,-104.9597698,11/16/2023 15:09,15:09:00,2,0,1,E 26TH AVE & N YORK ST,1,1,0,0,1,1,0,0,30,1,0,0,0,3,4,1,11
,2023-58833,39.69313825,-105.0155818,11/21/2023 1:30,1:30:00,9,0,0,W LOUISIANA AVE & S ZUNI ST,1,3,0,0,1,3,0,0,25,0,0,0,0,0,4,1,16
,2023-58835,39.73632127,-105.0381028,12/7/2023 19:40,19:40:00,5,0,0, OSCEOLA & W 13TH AVE,1,3,1,0,2,9,0,0,25,0,0,0,0,0,4,2,16
,2023-58838,39.73843095,-104.9810925,12/7/2023 9:38,9:38:00,2,0,1,E 14TH AVE & N PENNSYLVANIA ST,1,1,0,0,1,1,0,0,0,1,0,0,0,2,4,1,16
,2023-58839,39.77286248,-104.8337334,12/9/2023 19:44,19:44:00,5,0,0,I-70 & MM 282.3,1,3,0,0,3,4,0,0,55,0,0,0,0,0,2,1,10
,2023-58858,39.74744078,-104.8991917,12/9/2023 6:30,6:30:00,5,0,0, MONTVIEW BLVD & N ROSEMARY ST,4,3,2,0,2,4,0,0,,0,0,0,0,0,4,1,16
,2023-58860,39.76447581,-104.9568911,12/11/2023 7:57,7:57:00,6,0,2,E BRUCE RANDOLPH AVE & N ELIZABETH ST,1,1,0,0,1,4,0,0,30,0,0,0,0,1,4,2,16
,2023-58876,39.82586987,-104.746621,12/13/2023 7:00,7:00:00,5,0,0,E-470 & NB OFF RAMP MERGE PT TO PENA BLVD INBOUND,1,1,0,0,1,8,0,0,25,0,0,0,0,0,2,1,13
,2023-58881,39.70072589,-104.9859175,12/12/2023 22:01,22:01:00,5,0,1,I-25 OFF RAMP & E OHIO AVE,1,3,0,0,2,8,0,0,30,0,0,0,0,1,1,1,1
,2023-58886,39.79091662,-105.0532484,12/11/2023 11:00,11:00:00,5,0,2, SHERIDAN BLVD & W 52ND AVE,1,1,1,0,3,4,0,0,35,0,0,0,0,2,2,1,16
,2023-58892,39.67687437,-104.9363287,12/13/2023 8:00,8:00:00,5,0,0, BIRCH ST & E WARREN AVE,11,1,0,0,3,4,0,0,30,0,0,0,0,0,4,1,14
,2023-58896,39.7177857,-104.9407881,12/2/2023 3:37,3:37:00,1,0,1, COLORADO BLVD & E 1ST AVE,1,3,0,0,1,1,0,0,35,0,0,0,0,3,4,2,16
,2023-58897,39.73903867,-104.9835891,12/2/2023 17:10,17:10:00,6,0,2, GRANT ST & E 13TH AVE,1,3,0,0,1,4,0,0,30,0,0,0,0,1,4,2,16
,2023-58907,39.72409923,-104.9787677,12/18/2023 20:28,20:28:00,3,0,0,E 5TH AVE & N WASHINGTON ST,1,3,0,0,1,1,0,0,25,0,0,0,0,0,4,2,13
,2023-58914,39.68899213,-105.0532683,12/17/2023 2:45,2:45:00,8,0,1, SHERIDAN BLVD & W FLORIDA AVE,1,3,0,0,6,4,0,0,35,0,0,0,0,2,2,3,14
,2023-58916,39.79836668,-104.8613319,7/7/2023 23:52,23:52:00,1,1,2, JOLIET ST & E 56TH AVE,11,4,0,1,1,1,0,0,40,0,0,0,0,4,4,3,16
,2023-58925,39.73954999,-105.0209327,12/7/2023 23:02,23:02:00,5,0,0,MORRISON RD & W COLFAX AVE,1,3,0,0,1,4,0,0,25,0,0,0,0,0,4,1,16
,2023-58929,39.75035403,-104.9820057,12/17/2023 3:49,3:49:00,5,0,0,PARK AVE W & GLENARM PL,1,3,0,0,3,1,0,0,35,0,0,0,0,0,4,1,16
,2023-58956,39.65689339,-105.0329435,12/22/2023 2:42,2:42:00,16,0,0,3400  LOWELL BLVD,1,3,0,0,5,7,0,0,,0,0,0,0,0,3,1,14
,2023-58966,39.72454532,-105.039444,12/23/2023 9:57,9:57:00,3,0,0,W 5TH AVE & N PERRY ST,1,1,0,0,1,1,0,0,25,0,0,0,0,0,4,3,13
,2023-58968,39.78049241,-104.8994709,12/22/2023 15:54,15:54:00,5,0,0,I-270 SB OFF RAMP & N NORTHFIELD QUEBEC ST,1,1,0,0,2,8,0,0,25,0,0,0,0,0,1,1,2
,2023-58971,39.64469304,-105.0639625,12/23/2023 8:03,8:03:00,5,0,0,6075 W MANSFIELD AVE & S PINEHURST CIR,1,1,0,0,3,4,0,0,25,0,0,0,0,0,4,1,2
,2023-58972,39.71111457,-104.9605293,12/24/2023 8:30,8:30:00,5,0,0,E ALAMEDA AVE & S YORK ST,4,1,1,0,3,4,0,0,30,0,0,0,0,0,4,1,7
,2023-58973,39.7781894,-104.9162911,12/23/2023 2:31,2:31:00,5,0,0,I-70 & EB ON RAMP MERGE PT FROM HOLLY ST,1,3,0,0,3,4,0,0,65,0,0,0,0,0,1,1,11
,2023-58981,39.70072885,-105.0297988,12/21/2023 11:44,11:44:00,5,0,0, IRVING ST & W KENTUCKY AVE,1,1,0,0,3,3,0,0,30,0,0,0,0,0,4,1,16
,2023-58982,39.78554623,-104.8927568,12/1/2023 2:17,2:17:00,5,0,0,E NORTHFIELD BLVD & N UINTA ST,1,3,0,0,3,4,0,0,45,0,0,0,0,0,4,1,1
,2023-58986,39.76100989,-105.0044546,12/19/2023 0:54,0:54:00,5,0,1,I-25 & 20TH ST,1,3,0,0,3,13,0,0,55,0,0,0,0,1,1,1,16
,2023-58988,39.74745432,-104.8952025,12/22/2023 19:40,19:40:00,5,0,0,1955  ULSTER ST,1,3,0,0,5,4,0,0,10,0,0,0,0,0,3,1,13
,2023-58990,39.72890568,-105.0016244,12/12/2023 10:00,10:00:00,5,0,0,W 8TH AVE & LIPAN ST,1,1,0,0,3,4,0,0,35,0,0,0,0,0,4,3,16
,2023-59009,39.76851041,-104.993358,12/23/2023 3:18,3:18:00,5,0,1,I-25 OFF RAMP TO -70 & NB OFF RAMP GORE PT,1,3,0,0,2,8,0,0,55,0,0,0,0,2,1,1,13
,2023-59011,39.72926595,-104.91946,12/26/2023 10:58,10:58:00,3,0,0, JERSEY ST & E 8TH AVE,5,1,1,0,1,1,0,0,25,0,0,0,0,0,4,2,14
,2023-59024,39.82714743,-104.783026,12/27/2023 20:20,20:20:00,15,0,0,PENA BLVD & N TOWER RD,1,3,0,0,1,4,0,0,65,0,0,0,0,0,4,2,11
,2023-59033,39.65997597,-104.8847592,12/25/2023 18:32,18:32:00,5,0,0, SYRACUSE WY & S YOSEMITE ST,1,3,0,0,3,4,0,0,35,0,0,0,0,0,4,1,16
,2023-59036,39.6892747,-105.0002195,12/30/2023 8:31,8:31:00,5,0,0, PLATTE RIVER DR & W FLORIDA AVE,1,1,0,0,3,4,0,0,35,0,0,0,0,0,4,1,16
,2023-59042,39.76769714,-104.9246111,12/30/2023 0:39,0:39:00,5,0,0,3662  GRAPE ST & E 36TH AVE,1,3,0,0,3,4,0,0,20,0,0,0,0,0,4,1,16
,2023-59047,39.70221015,-105.02506,12/29/2023 19:01,19:01:00,15,0,1, FEDERAL BLVD & W OHIO AVE,1,3,0,0,1,4,0,0,35,0,0,0,0,1,2,3,14
,2023-59049,39.74183009,-104.9500612,12/27/2023 16:30,16:30:00,5,0,0, STEELE ST & E 16TH AVE,14,1,3,0,3,4,0,0,20,0,0,0,0,0,4,1,16
,2023-59072,39.74072164,-105.0126083,12/31/2023 10:04,10:04:00,5,0,1,I-25 SB ON RAMP & W COLFAX AVE,1,1,1,0,2,8,0,0,30,0,0,0,0,2,1,1,1
,2023-59079,39.64874215,-104.9130998,12/10/2023 20:41,20:41:00,3,0,0, MAGNOLIA WY & N MONACO ST PKWY,1,3,0,0,1,1,0,0,30,0,0,0,0,0,4,2,16
,2023-59083,39.75483764,-105.0299435,12/27/2023 23:25,23:25:00,5,0,0, IRVING ST & W 26TH AVE,1,3,0,0,2,4,0,0,25,0,0,0,0,0,4,1,16
,2023-59084,39.68404966,-105.0089186,12/22/2023 15:09,15:09:00,5,0,0,1780  RARITAN ST & W COLORADO AVE,1,1,0,0,2,4,0,0,40,0,0,0,0,0,4,1,16
,2023-59086,39.7850884,-105.0482498,12/11/2023 15:20,15:20:00,5,0,0,I-70 & N SHERIDAN BLVD,1,1,0,0,2,4,0,0,55,0,0,0,0,0,1,1,13
,2023-59096,39.70580799,-105.0529398,12/10/2023 22:30,22:30:00,6,0,1,W CUSTER PL & S SHERIDAN BLVD,1,3,1,0,1,4,0,0,30,0,0,0,0,1,4,2,1
,2023-59100,39.72932022,-105.0350568,12/9/2023 14:58,14:58:00,12,0,0,W 8TH AVE & N LOWELL BLVD,4,1,1,0,1,1,0,0,20,0,0,0,0,0,4,2,16
,2023-59102,39.72560443,-104.948435,12/24/2023 3:31,3:31:00,5,0,0,E 6TH AVE & N ADAMS ST,11,3,3,3,2,4,0,0,,0,0,0,0,0,4,1,16
,2023-59104,39.72235643,-104.9874817,12/24/2023 1:48,1:48:00,5,0,0, BROADWAY ST & E 4TH AVE,11,3,0,1,2,4,0,0,30,0,0,0,0,0,4,1,16
,2023-59117,39.66804264,-104.9380436,12/26/2023 7:03,7:03:00,5,1,0,YALE AVE (4400 E) S COLORADO BLVD,9,3,0,2,3,4,0,0,30,0,0,0,0,4,4,1,16
,2023-59140,39.76184388,-104.9294021,12/24/2023 1:54,1:54:00,5,0,0,E MLK BLVD & N ELM ST,11,3,0,2,6,1,0,0,35,0,0,0,0,0,4,1,16
,2023-59141,39.79479453,-104.8112962,12/30/2023 15:20,15:20:00,5,0,0,E MAXWELL PL & N ELKHART ST,1,1,0,0,3,4,0,0,25,0,0,0,0,0,4,1,16
,2023-59153,39.70584711,-105.0347402,12/25/2023 3:30,3:30:00,6,0,0,W CENTER AVE & S LOWELL BLVD,1,4,0,1,2,4,0,0,,0,0,0,0,0,4,2,16
,2023-59161,39.65531559,-105.0415647,12/29/2023 7:58,7:58:00,16,0,0,3400  RALEIGH ST,1,1,0,0,5,7,0,0,10,0,0,0,0,0,3,1,16
,2023-59162,39.69661745,-104.9827715,12/18/2023 1:59,1:59:00,5,0,0, BUCHTEL BLVD & WASHINGTON ST,1,3,0,0,3,3,0,0,55,0,0,0,0,0,1,1,13
,2023-59164,39.6340856,-104.9039287,12/20/2023 18:41,18:41:00,5,0,0,I-225 NB ON RAMP & I-25,1,3,0,0,3,8,0,0,55,0,0,0,0,0,1,1,16
,2023-59178,39.73683044,-104.9585964,12/13/2023 21:57,21:57:00,5,0,0, JOSEPHINE ST & E 13TH AVE,7,3,0,1,1,1,0,0,35,0,0,0,0,0,4,2,2
,2023-59194,39.64966404,-105.0445216,11/5/2023 6:30,6:30:00,5,0,0,W KENYON AVE & S SHERIDAN BLVD,1,1,0,0,3,4,0,0,35,0,0,0,0,0,4,1,16
,2023-59195,39.72726888,-104.9861501,12/28/2023 4:02,4:02:00,5,0,0, LINCOLN ST & E 7TH AVE,1,3,0,0,2,4,0,0,35,0,0,0,0,0,4,1,16
,2023-59196,39.75468335,-104.9257826,12/28/2023 18:27,18:27:00,3,0,0, GLENCOE  ST & E 26TH AVE,1,3,0,0,1,1,0,0,,0,0,0,0,0,4,2,16
,2023-59197,39.65712775,-104.9203648,12/28/2023 3:43,3:43:00,5,0,1,I-25 & SB OFF RAMP TO E HAMPDEN AVE GORE PT,1,3,0,0,3,8,0,0,55,0,0,0,0,2,1,1,16
,2023-59218,39.62415317,-104.9055016,11/2/2023 0:54,0:54:00,11,0,1,E BELLEVIEW AVE & S OLIVE ST,1,4,1,0,1,3,0,0,0,0,1,0,0,3,2,1,16
,2023-59227,39.65313017,-104.9217363,10/22/2023 22:00,22:00:00,5,0,0,3484  IVANHOE WY & E HAMDPDEN AVE,1,3,1,0,5,4,0,0,40,0,0,0,0,0,3,1,10
,2023-59232,39.74017132,-104.9981225,12/22/2023 19:26,19:26:00,10,0,0, SPEER BLVD & W COLFAX AVE,1,3,0,0,1,1,0,0,,0,0,0,0,0,2,2,16
,2023-59279,39.79405546,-104.9563875,12/16/2023 16:00,16:00:00,5,0,0,BRIGHTON BLVD & YORK ST,1,1,0,0,3,1,0,0,,0,0,0,0,0,2,1,13
,2023-59325,39.71835038,-105.0532809,12/30/2023 1:50,1:50:00,15,0,0, SHERIDAN BLVD & W 1ST AVE,1,3,0,0,1,3,0,0,,0,0,0,0,0,2,2,16
,2023-59338,39.74880568,-105.0013938,12/22/2023 23:20,23:20:00,3,0,1,14TH ST & BLAKE ST,1,3,0,0,1,1,0,0,25,0,0,0,0,3,4,2,14
,2023-59390,39.73711734,-104.9034577,11/25/2023 22:00,22:00:00,5,1,0,QUEBEC ST (1200 ) E 13TH AVE,5,3,0,0,3,5,0,0,25,0,0,0,0,4,4,1,1
,2023-59393,39.76194711,-104.9597528,11/29/2023 8:53,8:53:00,12,0,1, YORK ST & E MLK JR BLVD,1,1,0,0,1,3,0,0,,0,0,0,0,1,4,2,16
,2023-59397,39.63117238,-104.8924225,11/27/2023 17:03,17:03:00,1,0,1,E UNION AVE & S DTC BLVD,1,3,0,0,1,1,0,0,35,0,0,0,0,2,4,2,11
,2023-59406,39.74893259,-104.9994812,1/6/2023 19:15,19:15:00,15,0,0,15TH ST & MARKET ST,1,3,0,0,1,1,0,0,,0,0,0,0,0,4,2,16
,2023-59408,39.77664072,-105.0252828,12/22/2023 18:00,18:00:00,1,0,0, FEDERAL BLVD & W 44TH AVE,1,3,0,0,1,1,0,0,40,0,0,0,0,0,2,2,16
,2023-59409,39.7162386,-104.9473921,12/29/2023 10:09,10:09:00,5,0,0,E ELLSWORTH AVE & N COOK ST,1,1,0,0,3,1,0,0,25,0,0,0,0,0,4,2,16
,2023-59410,39.72907273,-104.9864076,12/28/2023 7:50,7:50:00,15,0,0,E 8TH AVE & N LINCOLN ST,1,1,1,0,1,3,0,0,35,0,0,0,0,0,4,2,16
,2023-59411,39.75017646,-104.9962482,11/30/2023 16:45,16:45:00,10,0,0,17TH ST & LARIMER ST,1,3,0,0,1,1,0,0,30,0,0,0,0,0,4,2,16
,2023-59413,39.75126247,-104.998246,12/29/2023 14:00,14:00:00,16,0,0,1655 BLAKE ST,1,1,0,0,5,7,0,0,,0,0,0,0,0,3,2,7
,2023-59414,39.73929836,-105.0052301,12/11/2023 19:00,19:00:00,6,0,0, OSAGE ST & W COLFAX AVE,1,4,0,0,1,4,0,0,25,0,0,0,0,0,4,2,1
,2023-59416,39.75754048,-104.9792022,12/21/2023 19:54,19:54:00,11,0,1,28TH ST & CHAMPA ST,1,3,0,0,1,4,0,0,0,0,1,0,0,2,4,1,16
,2023-59419,39.65319107,-104.9190626,12/22/2023 1:06,1:06:00,5,0,0,E HAMPDEN AVE & I-25 SB RAMPS,1,3,0,0,6,1,0,0,35,0,0,0,0,0,2,1,1
,2023-59420,39.74870415,-104.9339436,12/29/2023 14:10,14:10:00,6,0,0, CHERRY ST & E 22ND AVE,2,1,0,0,1,4,0,0,,0,0,0,0,0,4,2,16
,2023-59421,39.75228244,-104.9916828,12/28/2023 15:00,15:00:00,6,0,0,1272 20TH ST & LAWRENCE ST,11,1,0,0,1,9,0,0,30,0,0,0,0,0,4,2,11
,2023-59423,39.78511433,-105.0492495,12/21/2023 14:37,14:37:00,15,0,1,I-70 & WB OFF RAMP EXT TO N SHERIDAN BLVD,1,1,0,0,1,4,0,0,55,0,0,0,1,3,1,2,11
,2023-59424,39.73383852,-104.9861301,11/6/2023 5:30,5:30:00,3,0,1, LINCOLN ST & E 11TH AVE,1,3,0,0,1,1,0,0,35,0,0,0,1,3,4,2,1
,2023-59425,39.67475815,-104.870816,12/5/2023 23:38,23:38:00,1,0,3,E ILIFF AVE & S PARKER RD,1,3,0,0,1,1,0,0,45,0,0,0,0,3,4,2,16
,2023-59426,39.72349863,-105.0250226,10/20/2023 21:50,21:50:00,11,0,1, FEDERAL BLVD & W 5TH AVE,1,3,0,0,1,1,0,0,0,0,1,0,0,3,2,1,16
,2023-59427,39.78946689,-105.025199,12/27/2023 21:15,21:15:00,12,0,0, FEDERAL BLVD & W 51ST AVE,1,3,0,0,1,3,0,0,35,0,0,0,0,0,2,2,7
,2023-59463,39.71934529,-104.995291,12/23/2023 22:30,22:30:00,6,0,0,604 W 2ND AVE & N FOX ST,11,4,0,0,1,4,0,0,25,0,0,0,0,0,4,4,16
,2023-59464,39.75967152,-105.0017782,12/1/2023 17:40,17:40:00,12,0,0,20TH ST & LITTLE RAVEN ST,1,3,1,0,1,1,0,0,25,0,0,0,0,0,4,2,16
,2023-59467,39.76924667,-105.0252313,12/6/2023 17:05,17:05:00,1,0,1, FEDERAL BLVD & W 38TH AVE,1,3,0,0,1,1,0,0,35,0,0,0,1,3,2,2,11
,2023-59468,39.78237909,-104.8470104,12/19/2023 18:30,18:30:00,12,0,0, PEORIA ST & E 47TH AVE,1,3,0,0,1,1,0,0,35,0,0,0,0,0,4,2,16
,2023-59470,39.70027192,-104.9082099,12/25/2023 5:12,5:12:00,5,0,0,LEETSDALE DR & S ONEIDA ST,1,4,0,0,3,1,0,0,35,0,0,0,0,0,2,1,16
,2023-59471,39.77751025,-104.9812989,12/22/2023 19:41,19:41:00,6,0,0, PENNSYLVANIA ST & 4455,1,3,0,0,1,4,0,0,20,0,0,0,0,0,4,2,16
,2023-59502,39.74014583,-104.9471899,12/29/2023 16:10,16:10:00,6,0,0,E COLFAX AVE & N COOK ST,1,3,0,0,1,4,0,0,30,0,0,0,0,0,2,2,13
,2023-59503,39.74542462,-104.9320713,12/22/2023 19:44,19:44:00,6,0,0, DAHLIA ST & E 19TH AVE,1,3,0,0,1,4,0,0,,0,0,0,0,0,4,2,16
,2023-59504,39.74033755,-105.0391557,12/16/2023 8:08,8:08:00,12,0,0,W COLFAX AVE & N PERRY ST,1,1,0,0,1,4,0,0,35,0,0,0,0,0,2,2,16
,2023-59505,39.73959436,-104.9707326,12/22/2023 16:00,16:00:00,6,0,0, LAFAYETTE ST & E COLFAX AVE,1,1,0,0,1,4,0,0,25,0,0,0,0,0,4,2,16
,2023-59506,39.72529073,-104.9985738,11/21/2023 16:04,16:04:00,15,0,0, SANTA FE DR & W 6TH AVE,1,1,0,0,1,4,0,0,,0,0,0,0,0,4,2,16
,2023-59507,39.72008555,-104.890753,11/28/2023 7:45,7:45:00,15,0,0,E LOWRY BLVD & UNITA WAY,1,1,0,0,1,6,0,0,30,0,0,0,0,0,4,2,16
,2023-59508,39.74339633,-104.9234511,12/28/2023 12:54,12:54:00,3,0,2,E 17TH AVE & N HUDSON ST,1,1,0,0,1,1,0,0,35,0,0,0,0,1,4,2,16
,2023-59509,39.73839023,-104.9604947,9/28/2023 9:00,9:00:00,3,0,0,E 14TH AVE & N GAYLORD ST,1,1,0,0,1,9,0,0,35,0,0,0,0,0,4,2,16
,2023-59510,39.76739725,-104.9026334,11/10/2023 11:51,11:51:00,12,0,0,E 36TH AVE & N QUEBEC ST,1,1,0,0,1,3,0,0,,0,0,0,0,0,4,2,16
,2023-59511,39.75817516,-105.008879,12/22/2023 8:40,8:40:00,15,0,0,I-25 & N SPEER BLVD,1,1,0,0,1,4,0,0,55,0,0,0,0,0,1,2,16
,2023-59512,39.74391881,-105.0201097,12/24/2023 21:00,21:00:00,6,0,0,1701  BRYANT ST,1,3,0,0,5,7,0,0,,0,0,0,0,0,3,2,16
,2023-59515,39.65985759,-104.9215286,12/12/2023 21:15,21:15:00,15,0,0,I-25 & E HAMPDEN AVE,11,4,0,4,1,4,0,0,65,0,0,0,0,0,2,2,16
,2023-59522,39.77341809,-104.8443487,12/22/2023 21:17,21:17:00,9,0,0,I-70 EB ON RAMP & N PEORIA ST,1,3,1,0,3,8,0,0,35,0,0,0,0,0,1,1,16
,2023-59524,39.73862091,-104.9124491,11/21/2023 15:15,15:15:00,12,0,0,E 14TH AVE & N MONACO ST PKWY,1,1,0,0,1,3,0,0,,0,0,0,0,0,4,2,16
,2023-59526,39.68726096,-104.894814,12/13/2023 18:15,18:15:00,6,0,0, QUEBEC WAY & E IOWA AVE,11,3,0,0,1,4,0,0,25,0,0,0,0,0,4,2,16
,2023-59527,39.74007935,-104.9124455,11/25/2023 2:10,2:10:00,15,0,1,E COLFAX AVE & N MONACO ST PKWY,9,3,0,2,1,3,0,0,35,0,0,0,0,1,2,2,16
,2023-59528,39.76735314,-104.8978241,12/22/2023 18:21,18:21:00,3,0,2,7797 E 36TH AVE & TAMARAC ST,1,3,0,0,1,2,0,0,30,0,0,0,0,3,4,2,16
,2023-59529,39.72927489,-104.9139609,12/19/2023 17:53,17:53:00,3,0,0,E 8TH AVE & LOCUS ST,1,2,0,0,1,1,0,0,20,0,0,0,0,0,4,2,16
,2023-59531,39.67095809,-104.9140195,12/7/2023 13:00,13:00:00,5,0,0,2473  KIRKWOOD CT & E HARVARD AVE,1,1,0,0,3,4,0,0,25,0,0,0,0,0,4,1,16
,2023-59532,39.70119794,-104.9875261,12/15/2023 23:26,23:26:00,15,0,0,I-25 & MM 207,1,3,0,0,1,4,0,0,60,0,0,0,0,0,1,6,6
,2023-59533,39.73730614,-105.0139578,12/24/2023 17:33,17:33:00,15,0,0,I-25 & W COLFAX AVE,1,3,1,0,1,4,0,0,55,0,0,0,0,0,1,2,13
,2023-59534,39.67852192,-104.9734306,11/15/2023 12:55,12:55:00,12,0,0, DOWNING ST & E EVANS AVE,1,1,0,0,1,1,0,0,,0,0,0,0,0,4,2,16
,2023-59535,39.68218655,-105.0018287,12/29/2023 20:58,20:58:00,15,0,0, PLATTE RIVER DR & W JEWELL AVE,1,3,0,0,1,1,0,0,35,0,0,0,0,0,2,2,1
,2023-59536,39.67846035,-104.9209917,12/12/2023 19:09,19:09:00,14,0,0,E EVANS AVE & S IVANHOE ST,1,3,0,0,6,1,0,0,30,0,0,0,0,0,4,2,16
,2023-59538,39.75586074,-104.9818463,12/12/2023 21:32,21:32:00,3,0,0,26TH ST & CHAMPA ST,1,3,0,0,1,1,0,0,25,0,0,0,0,0,4,2,16
,2023-59539,39.74189984,-104.989486,12/19/2023 9:11,9:11:00,12,0,0,COURT PL & 1550,1,1,0,0,1,4,0,0,25,0,0,0,0,0,4,2,13
,2023-59540,39.71102649,-104.9991083,12/10/2023 11:08,11:08:00,15,0,0,I-25 & W ALAMEDA AVE,1,1,0,0,1,4,0,0,65,0,0,0,0,0,1,2,16
,2023-59541,39.77264059,-104.9706138,12/13/2023 2:37,2:37:00,9,0,0,BLAKE ST & 40TH ST,11,3,0,2,1,4,0,0,,0,0,0,0,0,4,1,16
,2023-59544,39.70498204,-105.046782,12/16/2023 2:52,2:52:00,6,0,0,W GILL PL & S UTICA ST,1,4,0,0,1,4,0,0,25,0,0,0,0,0,4,2,16
,2023-59552,39.68305221,-105.0532015,12/17/2023 19:11,19:11:00,1,2,0,1800 S  SHERIDAN BLVD,1,3,0,0,1,2,0,0,40,0,0,0,0,4,2,2,16
,2023-59556,39.63912148,-105.0586595,12/22/2023 3:25,3:25:00,5,0,0,W QUINCY AVE & S SHERIDAN BLVD,1,3,1,0,3,2,0,0,30,0,0,0,0,0,4,1,1
,2023-59558,39.66481196,-104.8924942,12/17/2023 21:33,21:33:00,6,0,0, VALENTIA ST & S VERBENA WAY,1,3,0,0,1,4,0,0,25,0,0,0,0,0,4,2,3
,2023-59559,39.68943385,-105.0325589,10/29/2023 2:00,2:00:00,14,0,0,W FLORIDA AVE & S KNOX CT,10,3,0,2,6,4,0,0,,0,0,0,0,0,4,2,16
,2023-59572,39.66770772,-105.0296835,12/27/2023 6:07,6:07:00,5,0,0,W YALE AVE & S IRVING ST,4,3,0,0,3,4,0,0,25,0,0,0,0,0,4,1,16
,2023-59593,39.63863956,-105.0453621,11/8/2023 21:44,21:44:00,5,0,3,W QUINCY AVE 4500 S UTICA ST,11,3,0,1,2,4,0,0,35,0,0,0,0,3,4,1,14
,2023-59601,39.79103011,-104.832048,12/31/2023 23:13,23:13:00,5,0,0,5174  WHEELING ST & E 51ST AVE,1,3,0,0,2,4,0,0,20,0,0,0,0,0,4,1,14
,2023-59604,39.71536248,-104.9099197,12/31/2023 23:41,23:41:00,6,0,0,E ARCHER DR & E LOWRY BLVD,4,3,0,0,1,4,0,0,20,0,0,0,0,0,4,7,16
,2023-59614,39.69657271,-104.9407254,12/28/2023 23:55,23:55:00,3,0,0, COLORADO BLVD & E MISSISSIPPI AVE,1,3,1,0,1,1,0,0,35,0,0,0,0,0,2,2,16
,2023-59617,39.7289039,-104.9963934,12/13/2023 14:00,14:00:00,10,0,0,W 8TH AVE & N GALAPAGO ST,1,1,0,0,1,1,0,0,30,0,0,0,0,0,4,2,13
,2023-59623,39.74357617,-104.9925121,9/12/2023 21:42,21:42:00,11,0,0,15TH ST & WELTON ST,1,3,0,0,1,1,0,0,25,0,0,1,0,0,4,1,13
,2023-59626,39.73541889,-104.9730004,11/10/2023 21:00,21:00:00,6,0,0,1150  DOWNING ST & E 12TH AVE,1,4,0,0,1,4,0,0,,0,0,0,0,0,4,2,16
,2023-59676,39.69114254,-104.9734263,9/7/2023 17:00,17:00:00,15,0,0, DOWNING ST & ARKANSAS AVE,1,1,0,0,1,3,0,0,30,0,0,0,0,0,4,2,16
,2023-59725,39.75595314,-104.8903919,3/24/2023 0:12,0:12:00,15,0,0, CENTRAL PARK BLVD & E 28TH AVE,1,3,0,0,1,4,0,0,35,0,0,0,0,0,4,3,3
,2023-59726,39.77365399,-104.8348327,4/23/2023 1:55,1:55:00,5,0,0,I-70 WB OFF RAMP COLLECTOR & PEORIA ST,1,3,0,0,3,8,0,0,55,0,0,0,0,0,1,1,16
,2023-59727,39.72532544,-105.0130808,3/9/2023 14:30,14:30:00,12,0,0,I-25 ON RAMP FROM WB W 6TH AVE,1,1,0,0,1,8,0,0,,0,0,0,0,0,1,2,16
,2023-59728,39.75563016,-104.9873923,2/20/2023 20:05,20:05:00,12,0,1, BROADWAY ST & LAWRENCE ST,1,3,0,0,1,3,0,0,30,0,0,0,0,1,4,2,13
,2023-59731,39.77291825,-104.9754833,8/11/2023 16:44,16:44:00,15,0,0, BRIGHTON BLVD & 38TH ST,1,1,0,0,1,4,0,0,30,0,0,0,0,0,4,2,1
,2023-59732,39.76208859,-105.0532418,10/17/2023 17:42,17:42:00,9,0,1, SHERIDAN BLVD & W 32ND AVE,1,1,2,0,1,4,0,0,35,0,0,0,1,3,2,2,1
,2023-59733,39.71818634,-104.9609424,12/9/2023 5:47,5:47:00,5,0,0,E 1ST AVE & N GAYLORD ST,4,3,0,0,2,4,0,0,30,0,0,0,0,0,4,1,7
,2023-59736,39.70749989,-104.9733739,9/24/2023 12:01,12:01:00,2,0,1, DOWNING ST & E VIRGINIA AVE,1,1,0,0,1,1,0,0,25,1,0,0,0,3,4,1,16
,2023-59737,39.79005748,-104.8097553,1/31/2023 18:45,18:45:00,12,0,2, CHAMBERS RD & E 53RD AVE,2,3,0,0,1,4,0,0,40,0,0,0,0,1,4,3,16
,2023-59742,39.78057347,-104.9495331,9/15/2023 17:15,17:15:00,12,0,0,I-70 & N VASQUEZ BLVD,1,1,3,7,1,4,0,0,,0,0,0,0,0,1,2,16
,2023-59888,39.74617261,-104.9758488,7/30/2023 16:45,16:45:00,12,0,0,EMERSON ST & 1900 N,1,1,3,0,1,4,0,0,,0,0,0,0,0,4,2,16